,"CD4-positive, alpha-beta T cell","CD8-positive, alpha-beta T cell",classical monocyte,non-classical monocyte,B cell,natural killer cell,conventional dendritic cell
REACTOME_2_LTR_CIRCLE_FORMATION,0.9908789396286011,1.0,0.5151967406272888,0.8898141384124756,0.9823456406593323,0.9261133670806885,0.9976283311843872
REACTOME_ABC_FAMILY_PROTEINS_MEDIATED_TRANSPORT,0.0,0.06728886067867279,0.03066626749932766,0.6554396748542786,0.2579300105571747,0.24329040944576263,0.18242710828781128
REACTOME_ABC_TRANSPORTERS_IN_LIPID_HOMEOSTASIS,0.5168232321739197,0.9110985398292542,,,,,
REACTOME_ABC_TRANSPORTER_DISORDERS,0.0,0.05037088319659233,0.03066626749932766,0.6966359615325928,0.49070098996162415,0.2539481520652771,0.20465490221977234
REACTOME_ABERRANT_REGULATION_OF_MITOTIC_EXIT_IN_CANCER_DUE_TO_RB1_DEFECTS,0.9908789396286011,0.9890122413635254,0.992439329624176,0.9747802019119263,0.8169905543327332,0.5510239601135254,0.8950746655464172
REACTOME_ABERRANT_REGULATION_OF_MITOTIC_G1_S_TRANSITION_IN_CANCER_DUE_TO_RB1_DEFECTS,0.614224910736084,0.9021430611610413,0.9357807040214539,0.8983415365219116,0.45374777913093567,0.37127429246902466,0.9993751049041748
REACTOME_ABORTIVE_ELONGATION_OF_HIV_1_TRANSCRIPT_IN_THE_ABSENCE_OF_TAT,1.0,0.9277990460395813,0.9779761433601379,0.38285043835639954,1.0,0.8813114166259766,0.9993751049041748
REACTOME_ACTIVATED_NOTCH1_TRANSMITS_SIGNAL_TO_THE_NUCLEUS,0.7940947413444519,0.6711942553520203,0.43042412400245667,0.5473852753639221,0.6529940962791443,0.465871125459671,0.08683894574642181
REACTOME_ACTIVATED_NTRK2_SIGNALS_THROUGH_FRS2_AND_FRS3,0.9217405915260315,0.46599432826042175,0.8259748816490173,,1.0,,
REACTOME_ACTIVATED_NTRK2_SIGNALS_THROUGH_RAS,0.7940947413444519,0.3980425000190735,0.6763604283332825,,,,
REACTOME_ACTIVATED_NTRK3_SIGNALS_THROUGH_RAS,0.7940947413444519,0.3980425000190735,0.6763604283332825,,,,
REACTOME_ACTIVATED_PKN1_STIMULATES_TRANSCRIPTION_OF_AR_ANDROGEN_RECEPTOR_REGULATED_GENES_KLK2_AND_KLK3,0.8932645916938782,1.0,1.0,0.9945700168609619,0.4050874412059784,0.7659267783164978,0.9744569659233093
REACTOME_ACTIVATED_TAK1_MEDIATES_P38_MAPK_ACTIVATION,0.8323878049850464,0.9217092990875244,0.6626818180084229,0.4010888934135437,0.6167832016944885,0.4722557067871094,0.8524479866027832
REACTOME_ACTIVATION_OF_AMPK_DOWNSTREAM_OF_NMDARS,1.0,0.9598356485366821,0.7231284379959106,0.6554396748542786,1.0,0.8774517178535461,0.9993751049041748
REACTOME_ACTIVATION_OF_APC_C_AND_APC_C_CDC20_MEDIATED_DEGRADATION_OF_MITOTIC_PROTEINS,0.09469346702098846,0.10845442861318588,0.1169096976518631,0.5116299390792847,0.4872216284275055,0.3668014705181122,0.17371584475040436
REACTOME_ACTIVATION_OF_ATR_IN_RESPONSE_TO_REPLICATION_STRESS,0.8841654062271118,0.919731080532074,0.9021459817886353,,0.8287307620048523,0.8739042282104492,
REACTOME_ACTIVATION_OF_BAD_AND_TRANSLOCATION_TO_MITOCHONDRIA,0.0467536523938179,0.15509416162967682,0.8259748816490173,0.996343195438385,0.8045742511749268,0.36036521196365356,0.641743540763855
REACTOME_ACTIVATION_OF_BH3_ONLY_PROTEINS,0.10610096156597137,0.22089505195617676,0.6977825164794922,0.9877426028251648,0.9571365118026733,0.3668014705181122,0.8893263339996338
REACTOME_ACTIVATION_OF_CASPASES_THROUGH_APOPTOSOME_MEDIATED_CLEAVAGE,0.506230354309082,0.5113658308982849,0.3216445744037628,,,,
REACTOME_ACTIVATION_OF_GENE_EXPRESSION_BY_SREBF_SREBP,0.6376922130584717,0.7701098918914795,0.9015001654624939,0.9849832057952881,0.6124094128608704,0.9642326831817627,0.7887466549873352
REACTOME_ACTIVATION_OF_IRF3_IRF7_MEDIATED_BY_TBK1_IKK_IKBKE,0.41293829679489136,0.5185673832893372,0.8259748816490173,0.7175980806350708,0.7294737100601196,0.8146061301231384,0.7887466549873352
REACTOME_ACTIVATION_OF_KAINATE_RECEPTORS_UPON_GLUTAMATE_BINDING,0.5168232321739197,0.46599432826042175,0.7405285835266113,0.996343195438385,0.724195659160614,0.6419636607170105,0.9709221720695496
REACTOME_ACTIVATION_OF_NF_KAPPAB_IN_B_CELLS,0.0,0.17129190266132355,0.05006523057818413,0.5473852753639221,0.724195659160614,0.20198257267475128,0.20475156605243683
REACTOME_ACTIVATION_OF_NMDA_RECEPTORS_AND_POSTSYNAPTIC_EVENTS,0.8822247385978699,1.0,0.38604971766471863,0.9603306651115417,0.9507521986961365,0.9659019112586975,0.9314712882041931
REACTOME_ACTIVATION_OF_PPARGC1A_PGC_1ALPHA_BY_PHOSPHORYLATION,0.8901145458221436,,,,,,
REACTOME_ACTIVATION_OF_PUMA_AND_TRANSLOCATION_TO_MITOCHONDRIA,0.8104304075241089,0.7615705728530884,0.846161425113678,,,,
REACTOME_ACTIVATION_OF_RAC1,0.7306557297706604,0.8496020436286926,0.2809722423553467,,1.0,,
REACTOME_ACTIVATION_OF_SMO,,,0.9764825105667114,,,,
REACTOME_ACTIVATION_OF_THE_AP_1_FAMILY_OF_TRANSCRIPTION_FACTORS,0.6376922130584717,0.721627414226532,0.8259748816490173,,0.6333011388778687,,
REACTOME_ACTIVATION_OF_THE_MRNA_UPON_BINDING_OF_THE_CAP_BINDING_COMPLEX_AND_EIFS_AND_SUBSEQUENT_BINDING_TO_43S,0.0,0.0,0.0,0.0,0.0,0.0,0.0
REACTOME_ACTIVATION_OF_THE_PRE_REPLICATIVE_COMPLEX,0.9908789396286011,0.9328081011772156,0.9674989581108093,0.9984065294265747,1.0,0.8369752764701843,
REACTOME_ACTIVATION_OF_THE_TFAP2_AP_2_FAMILY_OF_TRANSCRIPTION_FACTORS,0.3806338608264923,0.14679637551307678,0.995812177658081,,,,
REACTOME_ACYL_CHAIN_REMODELLING_OF_PC,0.4764752686023712,0.9113534688949585,0.5840561389923096,,,,
REACTOME_ACYL_CHAIN_REMODELLING_OF_PE,0.5168232321739197,0.7779985666275024,0.3218872845172882,,,,
REACTOME_ACYL_CHAIN_REMODELLING_OF_PG,0.43252652883529663,0.731257975101471,,,,,
REACTOME_ACYL_CHAIN_REMODELLING_OF_PS,0.9323719143867493,0.7779985666275024,0.7654805183410645,,,,
REACTOME_ADHERENS_JUNCTIONS_INTERACTIONS,0.9867027997970581,0.9545243382453918,0.9390336871147156,0.906403660774231,0.838945746421814,0.7793848514556885,0.9482812285423279
REACTOME_ADIPOGENESIS,0.9323719143867493,1.0,0.613521158695221,0.9984065294265747,1.0,0.9702923893928528,0.7887466549873352
REACTOME_ADORA2B_MEDIATED_ANTI_INFLAMMATORY_CYTOKINES_PRODUCTION,0.6840397119522095,0.3813346028327942,0.8259748816490173,0.9847996830940247,0.5902093648910522,0.17213404178619385,0.8120120167732239
REACTOME_ADP_SIGNALLING_THROUGH_P2Y_PURINOCEPTOR_1,0.7021511793136597,0.4000921845436096,0.8937638998031616,0.996343195438385,0.6333011388778687,0.3519265353679657,0.8949531316757202
REACTOME_ADP_SIGNALLING_THROUGH_P2Y_PURINOCEPTOR_12,0.5738113522529602,0.3809100389480591,0.9189674854278564,0.9915596842765808,0.6333011388778687,0.3668014705181122,0.9867690801620483
REACTOME_ADRENALINE_NORADRENALINE_INHIBITS_INSULIN_SECRETION,0.6716501712799072,0.4119110405445099,0.9015001654624939,0.9877426028251648,0.6333011388778687,0.3668014705181122,0.9764505624771118
REACTOME_ADVANCED_GLYCOSYLATION_ENDPRODUCT_RECEPTOR_SIGNALING,0.8932645916938782,0.801875114440918,0.9499901533126831,0.7531894445419312,0.94460529088974,0.6901349425315857,0.8011881113052368
REACTOME_AFLATOXIN_ACTIVATION_AND_DETOXIFICATION,0.3006850481033325,,0.9965494871139526,,,,
REACTOME_AGGREPHAGY,0.5222597718238831,0.6398464441299438,0.17429564893245697,0.31032508611679077,0.94460529088974,0.43693599104881287,0.8483483791351318
REACTOME_AKT_PHOSPHORYLATES_TARGETS_IN_THE_CYTOSOL,1.0,0.8097785711288452,0.41346028447151184,0.3930613100528717,0.974090039730072,0.8809199929237366,
REACTOME_AKT_PHOSPHORYLATES_TARGETS_IN_THE_NUCLEUS,0.811363160610199,0.8209280967712402,0.7405285835266113,,0.8172543048858643,,
REACTOME_ALK_MUTANTS_BIND_TKIS,0.5891870856285095,0.8771710991859436,0.8259748816490173,0.353426456451416,0.6124094128608704,0.9830304384231567,0.4851088225841522
REACTOME_ALPHA_LINOLENIC_OMEGA3_AND_LINOLEIC_OMEGA6_ACID_METABOLISM,0.6046532392501831,0.2331508845090866,0.8259748816490173,0.9915596842765808,0.9773268103599548,0.9529982805252075,
REACTOME_ALPHA_PROTEIN_KINASE_1_SIGNALING_PATHWAY,0.6046532392501831,0.4963485300540924,0.846161425113678,0.4010888934135437,0.5410967469215393,,0.24729600548744202
REACTOME_AMINO_ACIDS_REGULATE_MTORC1,0.5514304637908936,0.6043359041213989,0.315162718296051,0.8573557138442993,0.8169905543327332,0.7805729508399963,0.20475156605243683
REACTOME_AMINO_ACID_TRANSPORT_ACROSS_THE_PLASMA_MEMBRANE,0.9344443678855896,0.8444575667381287,0.613521158695221,0.9747802019119263,0.9852430820465088,,0.9830947518348694
REACTOME_ANCHORING_OF_THE_BASAL_BODY_TO_THE_PLASMA_MEMBRANE,0.9667505621910095,0.8369728326797485,1.0,0.9915596842765808,1.0,0.4636337459087372,0.5893462896347046
REACTOME_ANTIGEN_ACTIVATES_B_CELL_RECEPTOR_BCR_LEADING_TO_GENERATION_OF_SECOND_MESSENGERS,0.35113781690597534,0.513961136341095,0.12357646971940994,0.6554396748542786,0.4050874412059784,0.6326019167900085,0.7736777663230896
REACTOME_ANTIGEN_PRESENTATION_FOLDING_ASSEMBLY_AND_PEPTIDE_LOADING_OF_CLASS_I_MHC,0.0,0.0,0.0,0.04111001268029213,0.0,0.19094917178153992,0.0
REACTOME_ANTIGEN_PROCESSING_CROSS_PRESENTATION,0.0,0.0,0.0,0.0,0.0,0.0,0.0
REACTOME_ANTIGEN_PROCESSING_UB_ATP_INDEPENDENT_PROTEASOMAL_DEGRADATION,0.0,0.0,0.0,0.0,0.0,0.0,0.0
REACTOME_ANTIMICROBIAL_PEPTIDES,0.7944392561912537,0.9110985398292542,0.0,0.0,0.8756651878356934,0.9956247210502625,0.6522429585456848
REACTOME_ANTIVIRAL_MECHANISM_BY_IFN_STIMULATED_GENES,0.0,0.0,0.0,0.0,0.0,0.0,0.0
REACTOME_ANTI_INFLAMMATORY_RESPONSE_FAVOURING_LEISHMANIA_PARASITE_INFECTION,0.9423359036445618,0.29197078943252563,0.3216445744037628,0.996343195438385,0.6333011388778687,0.48847368359565735,0.9934186935424805
REACTOME_APC_CDC20_MEDIATED_DEGRADATION_OF_NEK2A,0.7311181426048279,0.7720340490341187,0.8619648814201355,0.43662410974502563,0.8045742511749268,0.2379327118396759,0.8023216128349304
REACTOME_APC_C_CDC20_MEDIATED_DEGRADATION_OF_CYCLIN_B,0.6840397119522095,0.7652499675750732,0.8111721873283386,0.4570527672767639,0.80427485704422,0.20198257267475128,0.717979371547699
REACTOME_APC_C_CDH1_MEDIATED_DEGRADATION_OF_CDC20_AND_OTHER_APC_C_CDH1_TARGETED_PROTEINS_IN_LATE_MITOSIS_EARLY_G1,0.10106685012578964,0.10845442861318588,0.1735934466123581,0.5465570092201233,0.5348216891288757,0.3545299172401428,0.20475156605243683
REACTOME_APC_C_MEDIATED_DEGRADATION_OF_CELL_CYCLE_PROTEINS,0.10008375346660614,0.13729868829250336,0.09670205414295197,0.5473852753639221,0.4872216284275055,0.3668014705181122,0.16653861105442047
REACTOME_APEX1_INDEPENDENT_RESOLUTION_OF_AP_SITES_VIA_THE_SINGLE_NUCLEOTIDE_REPLACEMENT_PATHWAY,0.7813944220542908,0.9117162823677063,,,,,
REACTOME_APOPTOSIS,0.0,0.0,0.06487057358026505,0.19653065502643585,0.5675139427185059,0.039463043212890625,0.20475156605243683
REACTOME_APOPTOSIS_INDUCED_DNA_FRAGMENTATION,0.9908789396286011,0.721627414226532,0.9354467391967773,0.996343195438385,0.9773268103599548,0.8130102753639221,0.6283210515975952
REACTOME_APOPTOTIC_CLEAVAGE_OF_CELLULAR_PROTEINS,0.5095294117927551,0.9729868769645691,0.9674989581108093,0.996343195438385,1.0,0.9345226287841797,0.9105703234672546
REACTOME_APOPTOTIC_EXECUTION_PHASE,0.5168232321739197,0.7734128832817078,0.9495419263839722,0.9963535070419312,0.8927114009857178,0.9118086695671082,0.7606554627418518
REACTOME_APOPTOTIC_FACTOR_MEDIATED_RESPONSE,0.2681545913219452,0.20171891152858734,0.3174110949039459,0.996343195438385,0.6200823187828064,0.7013219594955444,0.787933886051178
REACTOME_AQUAPORIN_MEDIATED_TRANSPORT,0.7735612392425537,0.4075004458427429,0.7933148741722107,0.996343195438385,0.5675139427185059,0.17213404178619385,0.874772310256958
REACTOME_ARACHIDONATE_METABOLISM,0.6376922130584717,0.5776651501655579,0.26347219944000244,0.996343195438385,0.9823456406593323,0.9863114356994629,0.9976283311843872
REACTOME_ASSEMBLY_AND_CELL_SURFACE_PRESENTATION_OF_NMDA_RECEPTORS,0.8341284394264221,0.8691386580467224,0.36647048592567444,,1.0,0.5692176222801208,
REACTOME_ASSEMBLY_OF_ACTIVE_LPL_AND_LIPC_LIPASE_COMPLEXES,0.9423359036445618,,,,,,
REACTOME_ASSEMBLY_OF_COLLAGEN_FIBRILS_AND_OTHER_MULTIMERIC_STRUCTURES,0.8420256972312927,0.9032190442085266,0.7761406302452087,0.3566516935825348,,,
REACTOME_ASSEMBLY_OF_THE_HIV_VIRION,0.5439292788505554,0.4353867471218109,0.7327673435211182,0.25478580594062805,0.7432565689086914,0.3351448178291321,0.34852734208106995
REACTOME_ASSEMBLY_OF_THE_ORC_COMPLEX_AT_THE_ORIGIN_OF_REPLICATION,1.0,0.9846060276031494,0.992439329624176,0.9953617453575134,0.6333011388778687,0.9194821119308472,0.9922369122505188
REACTOME_ASSOCIATION_OF_TRIC_CCT_WITH_TARGET_PROTEINS_DURING_BIOSYNTHESIS,0.8749558925628662,0.3284001648426056,0.9858276844024658,0.9877426028251648,0.6771063208580017,0.19094917178153992,0.21858611702919006
REACTOME_ASYMMETRIC_LOCALIZATION_OF_PCP_PROTEINS,0.02706068754196167,0.06728886067867279,0.06780534237623215,0.3930613100528717,0.6012093424797058,0.18601427972316742,0.213640958070755
REACTOME_ATF4_ACTIVATES_GENES_IN_RESPONSE_TO_ENDOPLASMIC_RETICULUM_STRESS,0.9323719143867493,1.0,0.9073454141616821,0.5564671158790588,0.8927114009857178,0.7435305118560791,0.955534815788269
REACTOME_ATF6_ATF6_ALPHA_ACTIVATES_CHAPERONES,0.9867027997970581,0.9739411473274231,0.7264212965965271,0.7603155374526978,0.9976895451545715,0.9160608649253845,0.8144254684448242
REACTOME_ATF6_ATF6_ALPHA_ACTIVATES_CHAPERONE_GENES,0.932553231716156,0.940829873085022,0.8321361541748047,0.7603155374526978,1.0,0.8146061301231384,0.8144254684448242
REACTOME_ATP_DEPENDENT_CHROMATIN_REMODELERS,0.9842177629470825,0.87920081615448,0.8386061191558838,0.996343195438385,0.9507521986961365,0.9481388926506042,0.7176492214202881
REACTOME_ATTENUATION_PHASE,0.8687971830368042,0.8708204627037048,0.5164934396743774,0.4618455767631531,0.6069497466087341,0.8772354125976562,0.5144528150558472
REACTOME_AUF1_HNRNP_D0_BINDS_AND_DESTABILIZES_MRNA,0.15622664988040924,0.14679637551307678,0.18364904820919037,0.31030189990997314,0.6124094128608704,0.20111271739006042,0.22305119037628174
REACTOME_AURKA_ACTIVATION_BY_TPX2,0.9952270984649658,0.8223726749420166,1.0,0.996343195438385,1.0,0.35247382521629333,0.7154109477996826
REACTOME_AUTOPHAGY,0.620794951915741,0.9171118140220642,0.6763604283332825,0.4618455767631531,0.9976895451545715,0.8585542440414429,0.8705447316169739
REACTOME_AZATHIOPRINE_ADME,0.7896727323532104,0.7697972655296326,0.46945884823799133,0.8238402605056763,0.7921550869941711,0.8912649750709534,0.7887466549873352
REACTOME_A_TETRASACCHARIDE_LINKER_SEQUENCE_IS_REQUIRED_FOR_GAG_SYNTHESIS,0.8084771037101746,0.7407562136650085,0.846161425113678,,,,
REACTOME_BACTERIAL_INFECTION_PATHWAYS,0.918877363204956,0.8068149089813232,0.8321361541748047,0.7225654125213623,0.7473664283752441,0.8397431969642639,0.6095606684684753
REACTOME_BASE_EXCISION_REPAIR,0.9824475049972534,0.9158896803855896,0.9670528173446655,0.906403660774231,0.45374777913093567,0.8397431969642639,0.8705447316169739
REACTOME_BASE_EXCISION_REPAIR_AP_SITE_FORMATION,0.8553636074066162,0.9119519591331482,0.982494592666626,0.4233107268810272,0.5675139427185059,0.7659267783164978,0.7887466549873352
REACTOME_BASIGIN_INTERACTIONS,0.4520508944988251,0.6179894208908081,0.902022659778595,0.9984065294265747,0.9686118364334106,0.7013219594955444,0.8705447316169739
REACTOME_BBSOME_MEDIATED_CARGO_TARGETING_TO_CILIUM,0.9651923179626465,0.6732680797576904,0.858848512172699,0.9007572531700134,0.8927114009857178,0.2663581073284149,0.8273653984069824
REACTOME_BETA_CATENIN_INDEPENDENT_WNT_SIGNALING,0.26771125197410583,0.028414342552423477,0.12364786863327026,0.7603155374526978,0.6333011388778687,0.11548928916454315,0.17371584475040436
REACTOME_BETA_CATENIN_PHOSPHORYLATION_CASCADE,0.5765573978424072,0.7713643908500671,0.9965494871139526,0.9915596842765808,1.0,0.8580538630485535,0.5715670585632324
REACTOME_BETA_OXIDATION_OF_VERY_LONG_CHAIN_FATTY_ACIDS,0.6447385549545288,,0.6688770055770874,,,,
REACTOME_BH3_ONLY_PROTEINS_ASSOCIATE_WITH_AND_INACTIVATE_ANTI_APOPTOTIC_BCL_2_MEMBERS,0.4894052743911743,0.20148786902427673,0.5289015769958496,0.9915596842765808,0.8287307620048523,0.9866999983787537,
REACTOME_BILE_ACID_AND_BILE_SALT_METABOLISM,0.7021511793136597,0.8873933553695679,0.6977825164794922,0.9877426028251648,0.9823456406593323,,
REACTOME_BINDING_AND_UPTAKE_OF_LIGANDS_BY_SCAVENGER_RECEPTORS,0.41251349449157715,0.9511553645133972,0.6977825164794922,0.19638636708259583,0.9507521986961365,0.7249478101730347,0.21896396577358246
REACTOME_BIOLOGICAL_OXIDATIONS,0.6539767384529114,0.99601149559021,0.846161425113678,0.9887670278549194,0.8564246892929077,0.9894938468933105,0.6468470096588135
REACTOME_BIOSYNTHESIS_OF_SPECIALIZED_PRORESOLVING_MEDIATORS_SPMS,0.7021511793136597,0.5911375284194946,0.3065902292728424,,,,
REACTOME_BIOSYNTHESIS_OF_THE_N_GLYCAN_PRECURSOR_DOLICHOL_LIPID_LINKED_OLIGOSACCHARIDE_LLO_AND_TRANSFER_TO_A_NASCENT_PROTEIN,0.9691448211669922,0.7228875160217285,0.5098962187767029,0.8695093393325806,0.5902093648910522,0.9967319965362549,0.8949531316757202
REACTOME_BIOTIN_TRANSPORT_AND_METABOLISM,0.7369451522827148,0.7407562136650085,0.8781524300575256,,,,
REACTOME_BLOOD_GROUP_SYSTEMS_BIOSYNTHESIS,,,0.9353811144828796,,,,
REACTOME_BMAL1_CLOCK_NPAS2_ACTIVATES_CIRCADIAN_EXPRESSION,0.22496235370635986,0.6796469688415527,0.6380649209022522,0.9984065294265747,0.8927114009857178,0.8183823227882385,
REACTOME_BRANCHED_CHAIN_AMINO_ACID_CATABOLISM,0.9908789396286011,1.0,0.8308568596839905,0.9983676075935364,0.6078108549118042,0.36215972900390625,
REACTOME_BUDDING_AND_MATURATION_OF_HIV_VIRION,0.6399338245391846,0.8784310817718506,0.43042412400245667,0.9915596842765808,0.926018238067627,0.7457066178321838,0.8747486472129822
REACTOME_BUTYRATE_RESPONSE_FACTOR_1_BRF1_BINDS_AND_DESTABILIZES_MRNA,0.5095294117927551,0.6185348629951477,0.9353811144828796,0.996343195438385,0.9312730431556702,0.8130102753639221,0.874772310256958
REACTOME_BUTYROPHILIN_BTN_FAMILY_INTERACTIONS,,,0.5151967406272888,,,,
REACTOME_CA2_PATHWAY,0.731022834777832,0.6732680797576904,0.9354467391967773,0.8988328576087952,0.9507521986961365,0.5171308517456055,0.9830947518348694
REACTOME_CALCINEURIN_ACTIVATES_NFAT,0.9252806901931763,0.42239680886268616,0.846161425113678,0.4464845359325409,0.9204440116882324,0.6759960651397705,
REACTOME_CALNEXIN_CALRETICULIN_CYCLE,0.5767797231674194,0.5773603320121765,0.3216445744037628,0.5804269909858704,0.6771063208580017,0.4136609435081482,0.5987569093704224
REACTOME_CAMK_IV_MEDIATED_PHOSPHORYLATION_OF_CREB,0.9663284420967102,0.9322248101234436,0.9606719613075256,,0.7884185314178467,,
REACTOME_CARBOXYTERMINAL_POST_TRANSLATIONAL_MODIFICATIONS_OF_TUBULIN,1.0,0.985016942024231,0.06315410882234573,0.4022069275379181,0.9976895451545715,0.7388551831245422,0.9987285137176514
REACTOME_CARDIAC_CONDUCTION,0.24681107699871063,0.48129764199256897,0.8321361541748047,0.8284521698951721,0.6760851740837097,0.8130102753639221,0.9867690801620483
REACTOME_CARDIOGENESIS,0.620794951915741,0.46647408604621887,0.6571550965309143,,,,
REACTOME_CARGO_CONCENTRATION_IN_THE_ER,0.0,0.6886606812477112,0.0,0.4032355844974518,1.0,0.7301762104034424,0.7396591901779175
REACTOME_CARGO_RECOGNITION_FOR_CLATHRIN_MEDIATED_ENDOCYTOSIS,0.39207109808921814,0.2765648365020752,0.613521158695221,0.9915596842765808,0.9678637981414795,0.9848272800445557,0.8949531316757202
REACTOME_CARGO_TRAFFICKING_TO_THE_PERICILIARY_MEMBRANE,0.6139394640922546,0.9475551247596741,0.8659653663635254,0.8753292560577393,0.5902093648910522,0.38425198197364807,0.5902236700057983
REACTOME_CARNITINE_SHUTTLE,0.26484930515289307,,0.4625520408153534,,,,
REACTOME_CASPASE_ACTIVATION_VIA_DEATH_RECEPTORS_IN_THE_PRESENCE_OF_LIGAND,0.0277855284512043,0.1619223654270172,0.34111112356185913,0.4032355844974518,0.7727959156036377,,0.457328736782074
REACTOME_CASPASE_ACTIVATION_VIA_DEPENDENCE_RECEPTORS_IN_THE_ABSENCE_OF_LIGAND,,,0.5098962187767029,,,,
REACTOME_CASPASE_ACTIVATION_VIA_EXTRINSIC_APOPTOTIC_SIGNALLING_PATHWAY,0.0994708389043808,0.5369086265563965,0.5164934396743774,0.4098956286907196,0.8308097124099731,0.7519633173942566,0.38181599974632263
REACTOME_CASPASE_MEDIATED_CLEAVAGE_OF_CYTOSKELETAL_PROTEINS,0.5611067414283752,0.7116081714630127,1.0,0.6485843658447266,0.9684160947799683,0.9481388926506042,
REACTOME_CA_DEPENDENT_EVENTS,1.0,0.99601149559021,0.9934903383255005,0.982296884059906,0.9976895451545715,0.8186046481132507,0.9987285137176514
REACTOME_CD163_MEDIATING_AN_ANTI_INFLAMMATORY_RESPONSE,0.812756359577179,,0.4469448924064636,,0.6476635336875916,0.90484619140625,
REACTOME_CD209_DC_SIGN_SIGNALING,0.5919469594955444,1.0,0.9390336871147156,0.8325663208961487,0.7713958621025085,0.6956813335418701,0.8293415307998657
REACTOME_CD22_MEDIATED_BCR_REGULATION,,,0.6068283915519714,,0.6480869054794312,,
REACTOME_CD28_DEPENDENT_PI3K_AKT_SIGNALING,0.9663284420967102,0.42298778891563416,0.6763604283332825,0.996343195438385,0.833499014377594,0.6901349425315857,0.8295984268188477
REACTOME_CD28_DEPENDENT_VAV1_PATHWAY,1.0,1.0,0.8489769697189331,0.5975321531295776,1.0,0.9481388926506042,0.8162654638290405
REACTOME_CDC42_GTPASE_CYCLE,0.4831184446811676,0.5369086265563965,0.9015001654624939,0.9984065294265747,0.9759123921394348,0.3351448178291321,0.7887466549873352
REACTOME_CDK_MEDIATED_PHOSPHORYLATION_AND_REMOVAL_OF_CDC6,0.09469346702098846,0.12584511935710907,0.14427539706230164,0.5116299390792847,0.4872216284275055,0.3519265353679657,0.2023809552192688
REACTOME_CELLULAR_HEXOSE_TRANSPORT,,,,,0.8799999952316284,,
REACTOME_CELLULAR_RESPONSES_TO_MECHANICAL_STIMULI,0.0,0.1619223654270172,0.4066225290298462,0.6485843658447266,0.8044232726097107,0.0,0.5893462896347046
REACTOME_CELLULAR_RESPONSE_TO_CHEMICAL_STRESS,0.0,0.0,0.43059515953063965,0.2471683770418167,0.7846860885620117,0.18837502598762512,0.24621355533599854
REACTOME_CELLULAR_RESPONSE_TO_HEAT_STRESS,0.9423359036445618,0.99601149559021,0.8781524300575256,0.9915596842765808,0.9823456406593323,0.7301762104034424,0.8151376247406006
REACTOME_CELLULAR_RESPONSE_TO_HYPOXIA,0.04556894302368164,0.10845442861318588,0.08203894644975662,0.08705902844667435,0.6071584224700928,0.27064448595046997,0.20475156605243683
REACTOME_CELLULAR_RESPONSE_TO_STARVATION,0.0,0.0,0.0,0.0,0.0,0.0,0.0
REACTOME_CELL_CELL_COMMUNICATION,0.22174115478992462,0.5451942086219788,0.613521158695221,0.982296884059906,1.0,0.5986225605010986,0.8295984268188477
REACTOME_CELL_CELL_JUNCTION_ORGANIZATION,0.9663284420967102,0.99601149559021,0.9555743932723999,0.906403660774231,0.838945746421814,0.7793848514556885,0.9482812285423279
REACTOME_CELL_DEATH_SIGNALLING_VIA_NRAGE_NRIF_AND_NADE,0.8950610160827637,0.8889214396476746,0.8781524300575256,0.9811288118362427,0.6289308071136475,0.8772354125976562,0.3793930113315582
REACTOME_CELL_EXTRACELLULAR_MATRIX_INTERACTIONS,0.23644638061523438,0.1191142201423645,0.846161425113678,0.8834198117256165,1.0,0.6111317276954651,0.8733429312705994
REACTOME_CELL_JUNCTION_ORGANIZATION,0.5119374394416809,0.48129764199256897,0.9595507383346558,0.8714088201522827,1.0,0.41287147998809814,0.9631319046020508
REACTOME_CELL_SURFACE_INTERACTIONS_AT_THE_VASCULAR_WALL,0.16601112484931946,0.1511298269033432,0.9205297827720642,0.982296884059906,1.0,0.6044521927833557,0.9987285137176514
REACTOME_CHAPERONE_MEDIATED_AUTOPHAGY,0.5919469594955444,0.737009584903717,0.6445614099502563,0.906403660774231,0.7035520076751709,0.8912649750709534,0.5046985149383545
REACTOME_CHEMOKINE_RECEPTORS_BIND_CHEMOKINES,0.8105112910270691,0.9158896803855896,0.7453010678291321,0.9953617453575134,0.833499014377594,0.8325800895690918,0.8225865364074707
REACTOME_CHK1_CHK2_CDS1_MEDIATED_INACTIVATION_OF_CYCLIN_B_CDK1_COMPLEX,0.1697523593902588,0.3813346028327942,0.2087779939174652,0.9915596842765808,0.926018238067627,0.17213404178619385,0.8631828427314758
REACTOME_CHOLESTEROL_BIOSYNTHESIS,0.5864167213439941,0.4000921845436096,0.3532027304172516,0.9877426028251648,0.7759605646133423,0.951640248298645,0.7396591901779175
REACTOME_CHONDROITIN_SULFATE_BIOSYNTHESIS,0.7021511793136597,0.7306193709373474,0.9585539698600769,0.967186689376831,0.8308097124099731,,
REACTOME_CHONDROITIN_SULFATE_DERMATAN_SULFATE_METABOLISM,0.9663284420967102,0.9729868769645691,0.9353811144828796,0.8284521698951721,0.8958497643470764,0.9967319965362549,0.8685428500175476
REACTOME_CHROMATIN_MODIFICATIONS_DURING_THE_MATERNAL_TO_ZYGOTIC_TRANSITION_MZT,0.9873360395431519,1.0,1.0,0.982296884059906,0.4872216284275055,0.8809511065483093,0.8631828427314758
REACTOME_CILIUM_ASSEMBLY,0.9423359036445618,0.873367190361023,0.995812177658081,0.996343195438385,0.9507521986961365,0.1726730763912201,0.5162116885185242
REACTOME_CIRCADIAN_CLOCK,0.0708557516336441,0.3283737003803253,0.34147244691848755,0.36067432165145874,0.6333011388778687,0.2625773549079895,0.16653861105442047
REACTOME_CITRIC_ACID_CYCLE_TCA_CYCLE,0.8287181258201599,0.7407562136650085,0.6977825164794922,0.967186689376831,0.9684160947799683,0.7333802580833435,0.5715670585632324
REACTOME_CLASS_A_1_RHODOPSIN_LIKE_RECEPTORS,0.41868218779563904,0.7756552696228027,0.8880866169929504,0.5384213328361511,0.9823456406593323,0.5615054965019226,0.9925827980041504
REACTOME_CLASS_B_2_SECRETIN_FAMILY_RECEPTORS,0.9423359036445618,0.42162060737609863,0.846161425113678,0.996343195438385,0.5675139427185059,0.16030660271644592,0.874772310256958
REACTOME_CLASS_I_PEROXISOMAL_MEMBRANE_PROTEIN_IMPORT,0.7677503824234009,0.919731080532074,0.613521158695221,,,,
REACTOME_CLATHRIN_MEDIATED_ENDOCYTOSIS,0.24951975047588348,0.0,0.4167470335960388,0.996343195438385,0.8540571928024292,0.8146061301231384,0.8408264517784119
REACTOME_CLEC7A_DECTIN_1_INDUCES_NFAT_ACTIVATION,0.9423359036445618,0.5879284143447876,0.8259748816490173,0.7241934537887573,0.7937642335891724,0.7504273653030396,
REACTOME_CLEC7A_DECTIN_1_SIGNALING,0.09469346702098846,0.12519092857837677,0.17180505394935608,0.35769733786582947,0.62641441822052,0.19094917178153992,0.06047290191054344
REACTOME_COBALAMIN_CBL_VITAMIN_B12_TRANSPORT_AND_METABOLISM,0.9908789396286011,0.8873933553695679,0.902022659778595,,1.0,0.7301762104034424,
REACTOME_COHESIN_LOADING_ONTO_CHROMATIN,0.9908789396286011,0.9322248101234436,0.25361111760139465,0.9953617453575134,0.6333011388778687,0.9830304384231567,0.9993751049041748
REACTOME_COLLAGEN_BIOSYNTHESIS_AND_MODIFYING_ENZYMES,0.9703342318534851,0.7300000190734863,0.8259748816490173,0.9747802019119263,1.0,,
REACTOME_COLLAGEN_DEGRADATION,0.41358011960983276,0.9322248101234436,0.31936147809028625,0.36067432165145874,0.94460529088974,0.8809511065483093,
REACTOME_COLLAGEN_FORMATION,0.9574060440063477,0.8496020436286926,0.902022659778595,0.7046522498130798,1.0,0.9118086695671082,0.5917924642562866
REACTOME_COMPLEMENT_CASCADE,0.6139394640922546,0.873367190361023,0.0,0.0,1.0,0.9576436877250671,0.9993751049041748
REACTOME_COMPLEX_III_ASSEMBLY,0.9374643564224243,0.7720340490341187,0.5493010878562927,0.46255823969841003,0.9976895451545715,0.9802600741386414,0.874772310256958
REACTOME_COMPLEX_IV_ASSEMBLY,0.13027647137641907,0.4528791010379791,0.38421571254730225,0.4464845359325409,0.9035430550575256,0.8381666541099548,0.5290490388870239
REACTOME_COMPLEX_I_BIOGENESIS,0.3468076288700104,0.7697972655296326,0.9353811144828796,0.996343195438385,0.7463268041610718,0.5685179829597473,0.9993751049041748
REACTOME_CONDENSATION_OF_PROMETAPHASE_CHROMOSOMES,0.5059775710105896,0.4457070231437683,1.0,,,,
REACTOME_CONSTITUTIVE_SIGNALING_BY_ABERRANT_PI3K_IN_CANCER,1.0,0.99601149559021,0.9353811144828796,0.9915596842765808,0.9507521986961365,0.6956813335418701,0.8949531316757202
REACTOME_CONSTITUTIVE_SIGNALING_BY_AKT1_E17K_IN_CANCER,1.0,0.708943784236908,0.34111112356185913,0.5680673122406006,1.0,0.9533454179763794,0.9031952023506165
REACTOME_CONSTITUTIVE_SIGNALING_BY_EGFRVIII,0.5671475529670715,0.6436478495597839,0.9106080532073975,0.9014466404914856,1.0,0.7514244914054871,0.9629151821136475
REACTOME_CONSTITUTIVE_SIGNALING_BY_LIGAND_RESPONSIVE_EGFR_CANCER_VARIANTS,0.9323719143867493,0.919731080532074,0.846161425113678,0.9217811226844788,0.779959499835968,0.6513904333114624,0.5532289743423462
REACTOME_CONSTITUTIVE_SIGNALING_BY_OVEREXPRESSED_ERBB2,0.5514304637908936,0.12319375574588776,0.4994190037250519,0.5477474927902222,1.0,0.45318543910980225,0.9096410274505615
REACTOME_CONVERSION_FROM_APC_C_CDC20_TO_APC_C_CDH1_IN_LATE_ANAPHASE,0.9283662438392639,1.0,0.996701180934906,0.9259812831878662,0.7921550869941711,0.5598823428153992,0.8631828427314758
REACTOME_COOPERATION_OF_PDCL_PHLP1_AND_TRIC_CCT_IN_G_PROTEIN_BETA_FOLDING,0.6012760400772095,0.4165572226047516,0.943005383014679,0.9400148987770081,0.44204482436180115,0.0,0.8225865364074707
REACTOME_COOPERATION_OF_PREFOLDIN_AND_TRIC_CCT_IN_ACTIN_AND_TUBULIN_FOLDING,0.5647448301315308,0.9121852517127991,0.4310348629951477,0.8238402605056763,0.7473664283752441,0.5293110013008118,0.717979371547699
REACTOME_COPII_MEDIATED_VESICLE_TRANSPORT,0.02721661701798439,0.4528791010379791,0.0,0.6554396748542786,0.9686118364334106,0.7999768257141113,0.8705447316169739
REACTOME_COPI_DEPENDENT_GOLGI_TO_ER_RETROGRADE_TRAFFIC,0.5226595997810364,0.9315793514251709,0.8011990785598755,0.9887670278549194,0.8927114009857178,0.629263162612915,0.9863010048866272
REACTOME_COPI_INDEPENDENT_GOLGI_TO_ER_RETROGRADE_TRAFFIC,0.44193536043167114,0.6886606812477112,0.61539626121521,0.7728555798530579,1.0,0.7707481384277344,0.16653861105442047
REACTOME_COPI_MEDIATED_ANTEROGRADE_TRANSPORT,0.21162213385105133,0.5779439806938171,0.25361111760139465,0.996343195438385,0.9203542470932007,0.8912649750709534,0.5357792377471924
REACTOME_CO_INHIBITION_BY_CTLA4,0.7390229105949402,0.9110985398292542,0.995812177658081,0.996343195438385,1.0,0.8585542440414429,0.7759835720062256
REACTOME_CO_INHIBITION_BY_PD_1,0.5226595997810364,0.0,0.9764825105667114,0.39497408270835876,0.7432565689086914,0.41149604320526123,0.5946220755577087
REACTOME_CO_STIMULATION_BY_CD28,1.0,0.9158896803855896,1.0,0.9915596842765808,1.0,0.8541215062141418,0.6891891956329346
REACTOME_CO_STIMULATION_BY_ICOS,0.5095294117927551,0.8370225429534912,0.6380649209022522,,,,
REACTOME_CREB1_PHOSPHORYLATION_THROUGH_NMDA_RECEPTOR_MEDIATED_ACTIVATION_OF_RAS_SIGNALING,0.7887007594108582,0.6236479878425598,1.0,0.7480870485305786,0.7432565689086914,0.9118086695671082,0.5917924642562866
REACTOME_CREB1_PHOSPHORYLATION_THROUGH_THE_ACTIVATION_OF_ADENYLATE_CYCLASE,0.9765540361404419,0.9598356485366821,0.9965494871139526,0.7241934537887573,0.8717138767242432,0.5227962136268616,
REACTOME_CRISTAE_FORMATION,0.9565172791481018,0.8889214396476746,0.3381131887435913,0.0,0.9976895451545715,0.6902272701263428,0.5575768947601318
REACTOME_CRMPS_IN_SEMA3A_SIGNALING,,,0.9595507383346558,,,,
REACTOME_CROSS_PRESENTATION_OF_PARTICULATE_EXOGENOUS_ANTIGENS_PHAGOSOMES,0.6362506747245789,,0.209870383143425,0.1464625746011734,0.8947914242744446,,0.3002255856990814
REACTOME_CROSS_PRESENTATION_OF_SOLUBLE_EXOGENOUS_ANTIGENS_ENDOSOMES,0.0,0.0,0.0,0.0,0.0,0.0,0.0
REACTOME_CS_DS_DEGRADATION,,,0.9416427612304688,,,,
REACTOME_CYCLIN_A_B1_B2_ASSOCIATED_EVENTS_DURING_G2_M_TRANSITION,0.9663284420967102,1.0,0.5946388244628906,0.8238402605056763,1.0,0.465871125459671,0.7355223894119263
REACTOME_CYCLIN_A_CDK2_ASSOCIATED_EVENTS_AT_S_PHASE_ENTRY,0.20938196778297424,0.3284001648426056,0.2179832011461258,0.4233107268810272,0.45374777913093567,0.3351929187774658,0.2731891870498657
REACTOME_CYCLIN_D_ASSOCIATED_EVENTS_IN_G1,1.0,0.976466178894043,0.9073454141616821,0.9915596842765808,0.8045742511749268,0.7786011099815369,0.7213960886001587
REACTOME_CYTOCHROME_C_MEDIATED_APOPTOTIC_RESPONSE,0.5391342639923096,0.6398464441299438,0.3532027304172516,0.982296884059906,0.6476635336875916,,0.8802056908607483
REACTOME_CYTOCHROME_P450_ARRANGED_BY_SUBSTRATE_TYPE,0.92060786485672,0.873367190361023,0.6244645118713379,0.9920032620429993,,,
REACTOME_CYTOPROTECTION_BY_HMOX1,0.26484930515289307,0.35866087675094604,0.49313512444496155,0.9210739731788635,1.0,0.8146061301231384,0.5902236700057983
REACTOME_CYTOSOLIC_IRON_SULFUR_CLUSTER_ASSEMBLY,0.5808886289596558,0.6504960060119629,0.846161425113678,,0.7937642335891724,,
REACTOME_CYTOSOLIC_SENSORS_OF_PATHOGEN_ASSOCIATED_DNA,0.04567606374621391,0.0981578603386879,0.6120872497558594,0.7762850522994995,0.6078108549118042,0.5510239601135254,0.4690386950969696
REACTOME_CYTOSOLIC_SULFONATION_OF_SMALL_MOLECULES,0.899612307548523,0.6886606812477112,0.8011990785598755,,,,
REACTOME_CYTOSOLIC_TRNA_AMINOACYLATION,0.2783036530017853,0.7276936173439026,0.7732130289077759,0.9811288118362427,0.9823456406593323,0.7514244914054871,0.6511725187301636
REACTOME_C_TYPE_LECTIN_RECEPTORS_CLRS,0.0708557516336441,0.2085714340209961,0.04912196472287178,0.18768824636936188,0.6805649399757385,0.14805825054645538,0.14863388240337372
REACTOME_DAG_AND_IP3_SIGNALING,1.0,1.0,0.9353811144828796,0.9561854004859924,1.0,0.5510239601135254,0.9976283311843872
REACTOME_DAP12_INTERACTIONS,0.8105112910270691,0.5933820009231567,0.43042412400245667,0.0,0.5902093648910522,0.7301762104034424,0.0
REACTOME_DAP12_SIGNALING,0.8084771037101746,0.7135388255119324,0.3174110949039459,0.04111001268029213,0.7035520076751709,0.6754325032234192,0.12598814070224762
REACTOME_DARPP_32_EVENTS,0.24307145178318024,0.39030909538269043,0.9761176109313965,0.7704879641532898,0.7927765846252441,0.9866999983787537,0.7892551422119141
REACTOME_DCC_MEDIATED_ATTRACTIVE_SIGNALING,0.6840397119522095,0.9545243382453918,0.9523634314537048,,1.0,0.8907331228256226,
REACTOME_DDX58_IFIH1_MEDIATED_INDUCTION_OF_INTERFERON_ALPHA_BETA,0.02706068754196167,0.23565663397312164,0.14951299130916595,0.17997834086418152,0.6167832016944885,0.42402520775794983,0.5893462896347046
REACTOME_DEACTIVATION_OF_THE_BETA_CATENIN_TRANSACTIVATING_COMPLEX,0.44890445470809937,0.48129764199256897,0.7676222324371338,0.08705902844667435,0.7189240455627441,0.7137691378593445,0.25776082277297974
REACTOME_DEADENYLATION_DEPENDENT_MRNA_DECAY,0.9697566032409668,1.0,0.9289683103561401,0.719336211681366,0.9204440116882324,0.9866999983787537,0.8705447316169739
REACTOME_DEADENYLATION_OF_MRNA,0.620794951915741,0.42298778891563416,0.6942748427391052,0.5680673122406006,0.7310439944267273,0.7321319580078125,0.6600095629692078
REACTOME_DEATH_RECEPTOR_SIGNALING,0.24895833432674408,0.29143762588500977,0.613521158695221,0.8325663208961487,0.8045742511749268,0.8774517178535461,0.8144254684448242
REACTOME_DECTIN_1_MEDIATED_NONCANONICAL_NF_KB_SIGNALING,0.02706068754196167,0.11862685531377792,0.03066626749932766,0.31032508611679077,0.4912969470024109,0.2379327118396759,0.20475156605243683
REACTOME_DECTIN_2_FAMILY,,,0.2405337542295456,0.7775140404701233,0.7310439944267273,,0.47748863697052
REACTOME_DEFECTIVE_CFTR_CAUSES_CYSTIC_FIBROSIS,0.0,0.0,0.0,0.6911627054214478,0.45374777913093567,0.28045976161956787,0.21664167940616608
REACTOME_DEFECTIVE_INTRINSIC_PATHWAY_FOR_APOPTOSIS,0.09799901396036148,0.491563081741333,0.960515558719635,0.9963535070419312,1.0,0.36036521196365356,0.9925827980041504
REACTOME_DEFECTIVE_RIPK1_MEDIATED_REGULATED_NECROSIS,0.8074324131011963,0.5222760438919067,0.90699702501297,,,,
REACTOME_DEFECTS_IN_COBALAMIN_B12_METABOLISM,0.8256494402885437,0.8265964388847351,0.8259748816490173,,1.0,0.7301762104034424,
REACTOME_DEFECTS_IN_VITAMIN_AND_COFACTOR_METABOLISM,0.9668325781822205,0.7891146540641785,0.8775593638420105,,1.0,0.7301762104034424,
REACTOME_DEGRADATION_OF_AXIN,0.11942701786756516,0.10845442861318588,0.05006523057818413,0.4032355844974518,0.5902093648910522,0.1726730763912201,0.213640958070755
REACTOME_DEGRADATION_OF_BETA_CATENIN_BY_THE_DESTRUCTION_COMPLEX,0.4922102689743042,0.17129190266132355,0.05006523057818413,0.5804269909858704,0.8045742511749268,0.37127429246902466,0.1480388343334198
REACTOME_DEGRADATION_OF_CRY_AND_PER_PROTEINS,0.10661313682794571,0.11891152709722519,0.0,0.15602503716945648,0.6012093424797058,0.18947777152061462,0.14820513129234314
REACTOME_DEGRADATION_OF_CYSTEINE_AND_HOMOCYSTEINE,0.8105112910270691,0.4457070231437683,0.9761176109313965,,0.8287307620048523,0.8774517178535461,0.8705447316169739
REACTOME_DEGRADATION_OF_DVL,0.0,0.028414342552423477,0.0,0.19638636708259583,0.6266375780105591,0.14805825054645538,0.1811438947916031
REACTOME_DEGRADATION_OF_GLI1_BY_THE_PROTEASOME,0.07343678176403046,0.09794877469539642,0.03066626749932766,0.1845066249370575,0.5675139427185059,0.0948493704199791,0.2023809552192688
REACTOME_DEGRADATION_OF_THE_EXTRACELLULAR_MATRIX,0.4414851665496826,0.4690620005130768,0.5840561389923096,0.6815281510353088,1.0,0.8695545196533203,0.33062273263931274
REACTOME_DEPOLYMERIZATION_OF_THE_NUCLEAR_LAMINA,0.8074324131011963,0.9859570860862732,0.9924569129943848,,0.8717138767242432,0.8772354125976562,
REACTOME_DEPOSITION_OF_NEW_CENPA_CONTAINING_NUCLEOSOMES_AT_THE_CENTROMERE,0.9349526762962341,0.9598356485366821,0.9741058945655823,0.9532697796821594,0.7310439944267273,0.7707481384277344,0.880415141582489
REACTOME_DETOXIFICATION_OF_REACTIVE_OXYGEN_SPECIES,0.09069520235061646,0.3980425000190735,0.5333850383758545,0.6036500930786133,0.7432565689086914,0.9911621809005737,0.4511139392852783
REACTOME_DEVELOPMENTAL_CELL_LINEAGES,0.20556440949440002,0.7720340490341187,0.7922154664993286,0.959703803062439,0.6333011388778687,0.8580538630485535,0.9071397185325623
REACTOME_DEVELOPMENTAL_CELL_LINEAGES_OF_THE_EXOCRINE_PANCREAS,,,0.3454289734363556,0.5245479345321655,0.8343586921691895,,0.7887466549873352
REACTOME_DEX_H_BOX_HELICASES_ACTIVATE_TYPE_I_IFN_AND_INFLAMMATORY_CYTOKINES_PRODUCTION,0.046785686165094376,0.0,0.3174110949039459,0.15602503716945648,0.5675139427185059,,0.22305119037628174
REACTOME_DIFFERENTIATION_OF_KERATINOCYTES_IN_INTERFOLLICULAR_EPIDERMIS_IN_MAMMALIAN_SKIN,0.6376922130584717,0.6467077136039734,0.17568233609199524,0.7603155374526978,0.6333011388778687,0.7784660458564758,
REACTOME_DISASSEMBLY_OF_THE_DESTRUCTION_COMPLEX_AND_RECRUITMENT_OF_AXIN_TO_THE_MEMBRANE,0.7612850666046143,0.9890122413635254,0.9614974856376648,0.9314072728157043,1.0,0.8580538630485535,0.5715670585632324
REACTOME_DISEASES_ASSOCIATED_WITH_GLYCOSAMINOGLYCAN_METABOLISM,1.0,0.541873037815094,0.7387977242469788,,1.0,0.8605874180793762,
REACTOME_DISEASES_ASSOCIATED_WITH_GLYCOSYLATION_PRECURSOR_BIOSYNTHESIS,0.8499964475631714,0.8915063738822937,0.9495419263839722,0.9984065294265747,1.0,0.8899204134941101,
REACTOME_DISEASES_ASSOCIATED_WITH_N_GLYCOSYLATION_OF_PROTEINS,0.43722695112228394,0.9200065732002258,0.7832187414169312,0.9915596842765808,0.9507521986961365,0.9563296437263489,
REACTOME_DISEASES_ASSOCIATED_WITH_O_GLYCOSYLATION_OF_PROTEINS,0.8169194459915161,0.14679637551307678,0.41346028447151184,,,,
REACTOME_DISEASES_OF_BRANCHED_CHAIN_AMINO_ACID_CATABOLISM,0.8821451663970947,0.8209280967712402,0.5971447229385376,0.996343195438385,0.6071584224700928,,
REACTOME_DISEASES_OF_CARBOHYDRATE_METABOLISM,0.7735612392425537,0.7979984283447266,0.42697155475616455,0.4233107268810272,0.6200823187828064,0.7707481384277344,0.48936721682548523
REACTOME_DISEASES_OF_DNA_REPAIR,0.92060786485672,0.5673412084579468,0.9595507383346558,0.4925820827484131,1.0,0.7402652502059937,
REACTOME_DISEASES_OF_GLYCOSYLATION,0.6046532392501831,0.413107693195343,0.504542350769043,0.7225654125213623,0.9726981520652771,0.9805861711502075,0.8641698360443115
REACTOME_DISEASES_OF_IMMUNE_SYSTEM,0.12800873816013336,0.6886606812477112,0.34111112356185913,0.04111001268029213,0.904933512210846,0.731866180896759,0.2407049536705017
REACTOME_DISEASES_OF_METABOLISM,0.932553231716156,0.8905447721481323,0.8386061191558838,0.9877426028251648,0.9879795908927917,0.9830304384231567,0.96900475025177
REACTOME_DISEASES_OF_MITOTIC_CELL_CYCLE,0.85604327917099,1.0,0.996701180934906,0.9915596842765808,0.4050874412059784,0.8774517178535461,0.8834884762763977
REACTOME_DISORDERS_OF_TRANSMEMBRANE_TRANSPORTERS,0.09449753165245056,0.10845442861318588,0.20126748085021973,0.906403660774231,0.7432565689086914,0.28045976161956787,0.22668986022472382
REACTOME_DISSOLUTION_OF_FIBRIN_CLOT,,,0.8337249159812927,,,,
REACTOME_DNA_DAMAGE_BYPASS,0.5891870856285095,0.372636079788208,0.7453010678291321,0.4618455767631531,0.7035520076751709,0.07053297013044357,0.6625137329101562
REACTOME_DNA_DAMAGE_RECOGNITION_IN_GG_NER,0.7341911792755127,0.6357092261314392,0.8321361541748047,0.906403660774231,1.0,0.5035923719406128,0.8814547061920166
REACTOME_DNA_DAMAGE_REVERSAL,0.6237720847129822,1.0,0.9761176109313965,,1.0,,
REACTOME_DNA_DAMAGE_TELOMERE_STRESS_INDUCED_SENESCENCE,0.8718721270561218,0.8154988884925842,0.8457300066947937,0.31032508611679077,0.4872216284275055,0.7257376909255981,0.8631828427314758
REACTOME_DNA_DOUBLE_STRAND_BREAK_REPAIR,0.9908789396286011,0.99601149559021,0.9965494871139526,0.982296884059906,1.0,0.6901349425315857,0.9909425973892212
REACTOME_DNA_DOUBLE_STRAND_BREAK_RESPONSE,0.37533706426620483,0.6551470160484314,0.9640493988990784,0.9915596842765808,1.0,0.8912649750709534,0.8631828427314758
REACTOME_DNA_METHYLATION,0.9252806901931763,1.0,0.995812177658081,0.967186689376831,0.5675139427185059,0.8580538630485535,0.9867690801620483
REACTOME_DNA_STRAND_ELONGATION,0.9824475049972534,0.7988969087600708,0.9656147360801697,0.9915596842765808,1.0,0.45143958926200867,
REACTOME_DOPAMINE_NEUROTRANSMITTER_RELEASE_CYCLE,0.9423359036445618,,0.9595507383346558,,,,
REACTOME_DOWNREGULATION_OF_ERBB2_ERBB3_SIGNALING,0.43252652883529663,0.3284001648426056,0.1430124193429947,0.4570527672767639,0.6333011388778687,0.18239891529083252,0.03546012192964554
REACTOME_DOWNREGULATION_OF_ERBB2_SIGNALING,0.7784494757652283,0.8212190270423889,0.613521158695221,0.906403660774231,0.6476635336875916,0.3082076907157898,0.6696521639823914
REACTOME_DOWNREGULATION_OF_ERBB4_SIGNALING,0.39207109808921814,0.2890860140323639,0.19690962135791779,0.26181721687316895,0.6124094128608704,0.5052152276039124,
REACTOME_DOWNREGULATION_OF_SMAD2_3_SMAD4_TRANSCRIPTIONAL_ACTIVITY,0.9323719143867493,0.8691386580467224,0.902022659778595,0.9747802019119263,0.9793516993522644,0.9520204067230225,0.8579476475715637
REACTOME_DOWNREGULATION_OF_TGF_BETA_RECEPTOR_SIGNALING,0.6774120330810547,0.583250105381012,0.34111112356185913,0.19638636708259583,0.825476348400116,0.7301762104034424,0.2023809552192688
REACTOME_DOWNSTREAM_SIGNALING_EVENTS_OF_B_CELL_RECEPTOR_BCR,0.05886409431695938,0.028414342552423477,0.03066626749932766,0.719336211681366,0.6959239840507507,0.14805825054645538,0.14863388240337372
REACTOME_DOWNSTREAM_SIGNALING_OF_ACTIVATED_FGFR1,0.9908789396286011,0.8691003918647766,0.9040411710739136,,0.9507521986961365,,
REACTOME_DOWNSTREAM_SIGNALING_OF_ACTIVATED_FGFR2,0.9908789396286011,0.8691003918647766,0.9040411710739136,,0.9507521986961365,,
REACTOME_DOWNSTREAM_SIGNALING_OF_ACTIVATED_FGFR3,0.9908789396286011,0.8691003918647766,0.9040411710739136,,0.9507521986961365,,
REACTOME_DOWNSTREAM_SIGNALING_OF_ACTIVATED_FGFR4,0.9908789396286011,0.8691003918647766,0.9040411710739136,,0.9507521986961365,,
REACTOME_DOWNSTREAM_SIGNAL_TRANSDUCTION,0.6137153506278992,0.580554723739624,0.5840561389923096,0.36873432993888855,0.8223239183425903,0.35392045974731445,0.5893462896347046
REACTOME_DOWNSTREAM_TCR_SIGNALING,0.02706068754196167,0.0,0.1735934466123581,0.16380850970745087,0.5675139427185059,0.24329040944576263,0.2372768223285675
REACTOME_DRUG_ADME,0.6139394640922546,0.570720911026001,0.8919674158096313,0.7775140404701233,0.833499014377594,0.90484619140625,0.9976283311843872
REACTOME_DUAL_INCISION_IN_GG_NER,0.9423359036445618,0.9324037432670593,0.9235004782676697,0.9915596842765808,0.8564246892929077,0.6818732619285583,0.7887466549873352
REACTOME_DUAL_INCISION_IN_TC_NER,1.0,0.99601149559021,0.8259748816490173,0.8655364513397217,1.0,0.934411883354187,0.874772310256958
REACTOME_E2F_MEDIATED_REGULATION_OF_DNA_REPLICATION,0.9873360395431519,0.9859570860862732,0.8985006809234619,,1.0,0.7353866696357727,
REACTOME_E3_UBIQUITIN_LIGASES_UBIQUITINATE_TARGET_PROTEINS,0.7021511793136597,0.7276936173439026,0.2887427806854248,0.5707887411117554,0.8717138767242432,0.7786011099815369,0.7375726699829102
REACTOME_EARLY_PHASE_OF_HIV_LIFE_CYCLE,0.7341911792755127,0.99601149559021,0.5380408763885498,0.9188588857650757,0.9507521986961365,0.9614498019218445,0.9380740523338318
REACTOME_EARLY_SARS_COV_2_INFECTION_EVENTS,0.6364791989326477,0.8491382598876953,0.435200572013855,0.979823112487793,0.9524557590484619,0.4817834496498108,0.7887466549873352
REACTOME_ECM_PROTEOGLYCANS,0.7669352293014526,0.8665033578872681,0.9965494871139526,,,0.6956813335418701,0.8834884762763977
REACTOME_EFFECTS_OF_PIP2_HYDROLYSIS,0.8901145458221436,1.0,0.846161425113678,,0.6333011388778687,0.8758038282394409,
REACTOME_EGFR_DOWNREGULATION,0.6840397119522095,0.6017438173294067,0.9495419263839722,0.9519725441932678,0.6333011388778687,0.7301762104034424,0.6411048173904419
REACTOME_EGFR_TRANSACTIVATION_BY_GASTRIN,0.9663284420967102,0.8771710991859436,0.6204950213432312,,,,
REACTOME_EGR2_AND_SOX10_MEDIATED_INITIATION_OF_SCHWANN_CELL_MYELINATION,0.7698879837989807,0.5773603320121765,0.995812177658081,,0.833935022354126,,
REACTOME_EICOSANOID_LIGAND_BINDING_RECEPTORS,0.41251349449157715,,0.9179637432098389,,,,
REACTOME_ELASTIC_FIBRE_FORMATION,0.49803903698921204,0.5479006171226501,0.8580244779586792,,,,
REACTOME_ELEVATION_OF_CYTOSOLIC_CA2_LEVELS,0.2972636818885803,1.0,0.9495419263839722,,0.6760851740837097,,
REACTOME_ENDOGENOUS_STEROLS,0.8201456069946289,0.9881806373596191,0.5624141097068787,,,,
REACTOME_ENDOSOMAL_SORTING_COMPLEX_REQUIRED_FOR_TRANSPORT_ESCRT,0.7021511793136597,0.873367190361023,0.41346028447151184,0.996343195438385,0.8927114009857178,0.7463243007659912,0.8631828427314758
REACTOME_ENDOSOMAL_VACUOLAR_PATHWAY,0.605557918548584,0.3813346028327942,0.0,0.17232099175453186,0.05812574177980423,0.5293110013008118,0.0
REACTOME_ENERGY_DEPENDENT_REGULATION_OF_MTOR_BY_LKB1_AMPK,0.8690792918205261,0.51705002784729,0.9965494871139526,0.7775140404701233,0.9976895451545715,0.579867959022522,0.9109777212142944
REACTOME_ENOS_ACTIVATION,0.27024734020233154,0.8209280967712402,0.2711215913295746,0.5465570092201233,0.8947914242744446,0.2539481520652771,
REACTOME_EPHA_MEDIATED_GROWTH_CONE_COLLAPSE,0.14605554938316345,0.0,0.8259748816490173,0.9915596842765808,0.9079169034957886,0.8809511065483093,0.5715670585632324
REACTOME_EPHB_MEDIATED_FORWARD_SIGNALING,0.10610096156597137,0.0,0.5184552669525146,0.7165952920913696,1.0,0.6316388845443726,0.19296354055404663
REACTOME_EPHRIN_SIGNALING,0.9663284420967102,0.7697972655296326,0.680219829082489,0.441031813621521,0.9035430550575256,0.9368393421173096,0.29536327719688416
REACTOME_EPH_EPHRIN_MEDIATED_REPULSION_OF_CELLS,0.5611067414283752,0.1336146593093872,0.9073454141616821,0.996343195438385,0.9507521986961365,0.6956813335418701,0.9925827980041504
REACTOME_EPH_EPHRIN_SIGNALING,0.0,0.0,0.39914605021476746,0.9210739731788635,0.6167832016944885,0.33411580324172974,0.2090751975774765
REACTOME_ERBB2_REGULATES_CELL_MOTILITY,,,0.7405285835266113,,,,
REACTOME_ERKS_ARE_INACTIVATED,0.6906446814537048,1.0,0.943005383014679,0.9984065294265747,0.9773268103599548,0.5692176222801208,
REACTOME_ERK_MAPK_TARGETS,0.412158727645874,0.9545243382453918,0.9656147360801697,0.996343195438385,0.893589973449707,0.8809511065483093,0.8949531316757202
REACTOME_ERYTHROCYTES_TAKE_UP_CARBON_DIOXIDE_AND_RELEASE_OXYGEN,,,0.7654805183410645,,,,
REACTOME_ERYTHROPOIETIN_ACTIVATES_PHOSPHOINOSITIDE_3_KINASE_PI3K,0.830233097076416,0.8708204627037048,0.9353811144828796,0.9603306651115417,0.724452555179596,,
REACTOME_ERYTHROPOIETIN_ACTIVATES_RAS,0.7021511793136597,0.4690620005130768,0.5010630488395691,0.6312766671180725,0.9773268103599548,0.24329040944576263,
REACTOME_ER_QUALITY_CONTROL_COMPARTMENT_ERQC,0.5153509378433228,0.5879284143447876,0.2863600552082062,0.4032355844974518,0.6078108549118042,0.2379327118396759,0.22021044790744781
REACTOME_ER_TO_GOLGI_ANTEROGRADE_TRANSPORT,0.02721661701798439,0.24241794645786285,0.04912196472287178,0.9945700168609619,0.9823456406593323,0.6759960651397705,0.549675703048706
REACTOME_ESTABLISHMENT_OF_SISTER_CHROMATID_COHESION,1.0,0.8609859347343445,0.6826488971710205,0.996343195438385,0.646621584892273,0.9522368311882019,0.9993751049041748
REACTOME_ESTROGEN_DEPENDENT_NUCLEAR_EVENTS_DOWNSTREAM_OF_ESR_MEMBRANE_SIGNALING,0.7612850666046143,0.8491382598876953,1.0,0.6845628619194031,0.8947914242744446,0.8907331228256226,0.8814547061920166
REACTOME_ETHANOL_OXIDATION,,,0.7405285835266113,,,,
REACTOME_EUKARYOTIC_TRANSLATION_ELONGATION,0.0,0.0,0.0,0.0,0.0,0.0,0.0
REACTOME_EUKARYOTIC_TRANSLATION_INITIATION,0.0,0.0,0.0,0.0,0.0,0.0,0.0
REACTOME_EVASION_BY_RSV_OF_HOST_INTERFERON_RESPONSES,0.12471011281013489,0.16448387503623962,0.03066626749932766,0.28803929686546326,0.6124094128608704,0.5685179829597473,0.7887466549873352
REACTOME_EXPORT_OF_VIRAL_RIBONUCLEOPROTEINS_FROM_NUCLEUS,1.0,1.0,0.9907271862030029,0.996343195438385,1.0,0.3506508767604828,0.6756545901298523
REACTOME_EXPRESSION_OF_BMAL_ARNTL_CLOCK_AND_NPAS2,0.8718721270561218,0.9121852517127991,0.5289015769958496,0.996343195438385,1.0,0.9866999983787537,0.8202493190765381
REACTOME_EXTENSION_OF_TELOMERES,0.8074324131011963,0.5430477857589722,0.9779297113418579,0.972403883934021,0.9524557590484619,0.6901349425315857,0.42044857144355774
REACTOME_EXTRA_NUCLEAR_ESTROGEN_SIGNALING,0.5519955158233643,0.4464200735092163,1.0,0.9963535070419312,0.7846860885620117,0.4663870632648468,0.9673693180084229
REACTOME_FACTORS_INVOLVED_IN_MEGAKARYOCYTE_DEVELOPMENT_AND_PLATELET_PRODUCTION,0.8690792918205261,0.721627414226532,0.9965494871139526,0.6555796265602112,1.0,0.7013219594955444,0.7887466549873352
REACTOME_FANCONI_ANEMIA_PATHWAY,0.6046532392501831,0.7433076500892639,0.5164934396743774,0.35399115085601807,0.7580242156982422,0.30749067664146423,0.36407342553138733
REACTOME_FATTY_ACID_METABOLISM,0.7813944220542908,0.9948855638504028,0.9111909866333008,0.8988328576087952,0.8947914242744446,0.7592054009437561,0.9993751049041748
REACTOME_FATTY_ACYL_COA_BIOSYNTHESIS,0.6728666424751282,1.0,0.3065902292728424,0.36067432165145874,0.9678637981414795,0.8809511065483093,0.9993751049041748
REACTOME_FBXL7_DOWN_REGULATES_AURKA_DURING_MITOTIC_ENTRY_AND_IN_EARLY_MITOSIS,0.02706068754196167,0.10962332785129547,0.0,0.1845066249370575,0.6012093424797058,0.1710105538368225,0.1480388343334198
REACTOME_FCERI_MEDIATED_CA_2_MOBILIZATION,0.9908789396286011,0.42239680886268616,0.41346028447151184,0.6574802398681641,1.0,0.60329669713974,0.9071397185325623
REACTOME_FCERI_MEDIATED_MAPK_ACTIVATION,1.0,0.9881806373596191,0.9073454141616821,0.8382896184921265,1.0,0.7301762104034424,0.7396591901779175
REACTOME_FCERI_MEDIATED_NF_KB_ACTIVATION,0.08098400384187698,0.29289495944976807,0.05006523057818413,0.34669074416160583,0.5311653017997742,0.11548928916454315,0.0793956071138382
REACTOME_FCGAMMA_RECEPTOR_FCGR_DEPENDENT_PHAGOCYTOSIS,0.15782274305820465,0.0,0.4469448924064636,0.982296884059906,0.5311653017997742,0.7301762104034424,0.6625137329101562
REACTOME_FCGR3A_MEDIATED_IL10_SYNTHESIS,1.0,0.4353867471218109,0.2887427806854248,0.996343195438385,1.0,0.7725570201873779,0.9987285137176514
REACTOME_FCGR_ACTIVATION,0.614224910736084,0.5185673832893372,0.25439178943634033,0.9877426028251648,1.0,0.8397431969642639,0.9522883296012878
REACTOME_FC_EPSILON_RECEPTOR_FCERI_SIGNALING,0.39207109808921814,0.4698997735977173,0.06487057358026505,0.3606821298599243,0.6333011388778687,0.21314387023448944,0.14863388240337372
REACTOME_FERTILIZATION,,,0.8321361541748047,,,,
REACTOME_FGFR1_MUTANT_RECEPTOR_ACTIVATION,0.8193156719207764,0.5029517412185669,0.6380649209022522,0.4618455767631531,0.6124094128608704,0.5496602654457092,0.8705447316169739
REACTOME_FGFR2_ALTERNATIVE_SPLICING,1.0,0.9322248101234436,0.866859495639801,0.4233107268810272,1.0,0.897092342376709,0.7412592172622681
REACTOME_FGFR2_MUTANT_RECEPTOR_ACTIVATION,0.9908789396286011,0.8549845814704895,0.9073454141616821,0.6131305694580078,1.0,0.934411883354187,0.9096410274505615
REACTOME_FLT3_SIGNALING,0.9539313912391663,0.8229860067367554,0.5164934396743774,0.9920032620429993,0.9759123921394348,0.694807767868042,0.5260960459709167
REACTOME_FLT3_SIGNALING_BY_CBL_MUTANTS,0.35535335540771484,0.3759656548500061,0.43042412400245667,0.4022069275379181,0.6124094128608704,0.24329040944576263,0.20475156605243683
REACTOME_FLT3_SIGNALING_IN_DISEASE,0.8539108037948608,0.919867217540741,0.821603000164032,0.9887670278549194,0.7921550869941711,0.7786011099815369,0.03632478788495064
REACTOME_FORMATION_OF_APOPTOSOME,0.620794951915741,0.6886606812477112,0.5164934396743774,0.982296884059906,0.6476635336875916,,0.8802056908607483
REACTOME_FORMATION_OF_ATP_BY_CHEMIOSMOTIC_COUPLING,0.8001817464828491,0.8089841604232788,0.39914605021476746,0.08906557410955429,0.9976895451545715,0.7301762104034424,0.5164294242858887
REACTOME_FORMATION_OF_AXIAL_MESODERM,0.5977934002876282,0.419220894575119,0.9862827062606812,,,,
REACTOME_FORMATION_OF_DEFINITIVE_ENDODERM,0.9423359036445618,0.4528791010379791,0.6763604283332825,,,,
REACTOME_FORMATION_OF_FIBRIN_CLOT_CLOTTING_CASCADE,0.9423359036445618,,0.371969997882843,,,,
REACTOME_FORMATION_OF_INCISION_COMPLEX_IN_GG_NER,1.0,0.99601149559021,0.902022659778595,0.9151191711425781,1.0,0.7786011099815369,0.6625137329101562
REACTOME_FORMATION_OF_NEURONAL_PROGENITOR_AND_NEURONAL_BAF_NPBAF_AND_NBAF,1.0,0.8209280967712402,0.7489834427833557,0.9877426028251648,0.9507521986961365,0.8774517178535461,0.7887466549873352
REACTOME_FORMATION_OF_PARAXIAL_MESODERM,0.04567606374621391,0.028414342552423477,0.0,0.0,0.5201268196105957,0.04089156910777092,0.0
REACTOME_FORMATION_OF_RNA_POL_II_ELONGATION_COMPLEX,0.9873360395431519,0.8665033578872681,0.9827605485916138,0.9877426028251648,1.0,0.8907331228256226,0.97630774974823
REACTOME_FORMATION_OF_SENESCENCE_ASSOCIATED_HETEROCHROMATIN_FOCI_SAHF,0.9323719143867493,0.8019375801086426,1.0,0.49605369567871094,0.7432565689086914,0.41149604320526123,0.9973618388175964
REACTOME_FORMATION_OF_TC_NER_PRE_INCISION_COMPLEX,1.0,0.9747740626335144,0.9103139638900757,0.9210739731788635,1.0,0.9118086695671082,0.8747486472129822
REACTOME_FORMATION_OF_THE_CANONICAL_BAF_CBAF_COMPLEX,0.9432234168052673,0.45355701446533203,0.7489834427833557,0.9747802019119263,0.9507521986961365,0.8581595420837402,0.7345550060272217
REACTOME_FORMATION_OF_THE_CORNIFIED_ENVELOPE,0.8749558925628662,0.9598356485366821,0.8457300066947937,,0.825476348400116,,
REACTOME_FORMATION_OF_THE_DYSTROPHIN_GLYCOPROTEIN_COMPLEX_DGC,0.5627335906028748,0.29472312331199646,0.7732130289077759,,,,
REACTOME_FORMATION_OF_THE_EARLY_ELONGATION_COMPLEX,1.0,0.99601149559021,1.0,0.7225654125213623,1.0,0.985867440700531,0.97630774974823
REACTOME_FORMATION_OF_THE_EMBRYONIC_STEM_CELL_BAF_ESBAF_COMPLEX,1.0,0.8706996440887451,0.7461310029029846,0.9877426028251648,0.8045742511749268,0.7786011099815369,0.8705447316169739
REACTOME_FORMATION_OF_THE_NON_CANONICAL_BAF_NCBAF_COMPLEX,0.7612850666046143,0.9890122413635254,0.46945884823799133,0.7948062419891357,0.9507521986961365,0.41149604320526123,
REACTOME_FORMATION_OF_THE_POLYBROMO_BAF_PBAF_COMPLEX,0.8252301812171936,0.9598356485366821,0.5946388244628906,0.8695093393325806,0.8287307620048523,0.7086510062217712,0.6409149169921875
REACTOME_FORMATION_OF_TUBULIN_FOLDING_INTERMEDIATES_BY_CCT_TRIC,0.8234393000602722,1.0,0.27202245593070984,0.22020496428012848,0.6771063208580017,0.28045976161956787,0.8685428500175476
REACTOME_FORMATION_OF_WDR5_CONTAINING_HISTONE_MODIFYING_COMPLEXES,0.672674834728241,0.8873933553695679,0.9506612420082092,0.996343195438385,1.0,0.4136609435081482,0.97630774974823
REACTOME_FOXO_MEDIATED_TRANSCRIPTION,0.85604327917099,0.7950910925865173,1.0,0.8712105751037598,1.0,0.90484619140625,0.9987285137176514
REACTOME_FOXO_MEDIATED_TRANSCRIPTION_OF_CELL_CYCLE_GENES,0.9252806901931763,0.37825584411621094,0.846161425113678,0.9877426028251648,1.0,0.3519265353679657,
REACTOME_FOXO_MEDIATED_TRANSCRIPTION_OF_CELL_DEATH_GENES,0.17180363833904266,0.8549845814704895,0.6763604283332825,0.982296884059906,0.9852430820465088,0.8774517178535461,
REACTOME_FOXO_MEDIATED_TRANSCRIPTION_OF_OXIDATIVE_STRESS_METABOLIC_AND_NEURONAL_GENES,0.672674834728241,0.42298778891563416,0.9656147360801697,0.7603155374526978,1.0,0.9481388926506042,0.7606554627418518
REACTOME_FRS_MEDIATED_FGFR1_SIGNALING,0.9217405915260315,0.46599432826042175,0.8259748816490173,,1.0,,
REACTOME_FRS_MEDIATED_FGFR2_SIGNALING,0.9217405915260315,0.46599432826042175,0.8259748816490173,,1.0,,
REACTOME_FRS_MEDIATED_FGFR3_SIGNALING,0.9217405915260315,0.46599432826042175,0.8259748816490173,,1.0,,
REACTOME_FRS_MEDIATED_FGFR4_SIGNALING,0.9217405915260315,0.46599432826042175,0.8259748816490173,,1.0,,
REACTOME_G0_AND_EARLY_G1,0.6046532392501831,0.9781045913696289,1.0,0.9877426028251648,0.926018238067627,0.8739042282104492,
REACTOME_G1_S_DNA_DAMAGE_CHECKPOINTS,0.102094367146492,0.08523991703987122,0.1735934466123581,0.38285043835639954,0.5902093648910522,0.18601427972316742,0.24295923113822937
REACTOME_G1_S_SPECIFIC_TRANSCRIPTION,0.8901145458221436,0.565868616104126,1.0,0.9915596842765808,1.0,0.8381666541099548,
REACTOME_G2_M_CHECKPOINTS,0.12139497697353363,0.09660077840089798,0.04912196472287178,0.2881542444229126,0.7713958621025085,0.09341500699520111,0.15854278206825256
REACTOME_G2_M_DNA_DAMAGE_CHECKPOINT,0.6728666424751282,0.6436478495597839,0.435200572013855,0.7248273491859436,1.0,0.38718825578689575,0.7606554627418518
REACTOME_GAB1_SIGNALOSOME,1.0,0.731257975101471,0.9779297113418579,,1.0,0.5692176222801208,0.874772310256958
REACTOME_GABA_B_RECEPTOR_ACTIVATION,0.5767797231674194,0.28637591004371643,0.9862827062606812,0.8988328576087952,0.646621584892273,0.27470603585243225,0.9993751049041748
REACTOME_GABA_RECEPTOR_ACTIVATION,0.6362506747245789,0.3625187277793884,0.9858276844024658,0.9210739731788635,0.646621584892273,0.2851386070251465,0.9993751049041748
REACTOME_GAMMA_CARBOXYLATION_HYPUSINYLATION_HYDROXYLATION_AND_ARYLSULFATASE_ACTIVATION,0.12471011281013489,0.11891152709722519,0.25361111760139465,0.0,0.0,0.0,0.0
REACTOME_GAP_FILLING_DNA_REPAIR_SYNTHESIS_AND_LIGATION_IN_GG_NER,0.5456258058547974,0.9071388840675354,0.8104336857795715,0.8368711471557617,0.7098916172981262,0.9118086695671082,0.5715670585632324
REACTOME_GAP_JUNCTION_ASSEMBLY,0.9323719143867493,0.87920081615448,0.2179832011461258,,1.0,,
REACTOME_GAP_JUNCTION_DEGRADATION,0.2963506877422333,0.08523991703987122,0.9451211094856262,0.906403660774231,0.8947914242744446,0.9307969808578491,0.8631828427314758
REACTOME_GAP_JUNCTION_TRAFFICKING_AND_REGULATION,0.6230825185775757,0.4920186698436737,0.4269225299358368,0.5564671158790588,1.0,0.8809511065483093,0.97630774974823
REACTOME_GASTRIN_CREB_SIGNALLING_PATHWAY_VIA_PKC_AND_MAPK,0.7677503824234009,0.5524890422821045,0.6380649209022522,0.7853025197982788,1.0,0.8772354125976562,0.9867690801620483
REACTOME_GASTRULATION,0.10948988795280457,0.0981578603386879,0.0,0.08705902844667435,0.45374777913093567,0.0,0.0
REACTOME_GENERATION_OF_SECOND_MESSENGER_MOLECULES,0.6376922130584717,0.0,0.2515687942504883,0.2621786892414093,0.7473664283752441,0.8695545196533203,0.9096410274505615
REACTOME_GENE_AND_PROTEIN_EXPRESSION_BY_JAK_STAT_SIGNALING_AFTER_INTERLEUKIN_12_STIMULATION,0.04647183418273926,0.11862685531377792,0.4167470335960388,0.8325663208961487,0.6333011388778687,0.7301762104034424,0.5217928290367126
REACTOME_GERM_LAYER_FORMATION_AT_GASTRULATION,0.4829406142234802,0.42162060737609863,0.9741058945655823,,0.9773268103599548,0.4781428873538971,
REACTOME_GLOBAL_GENOME_NUCLEOTIDE_EXCISION_REPAIR_GG_NER,1.0,0.8873933553695679,0.9640493988990784,0.9154645800590515,1.0,0.3668014705181122,0.5090879797935486
REACTOME_GLUCAGON_LIKE_PEPTIDE_1_GLP1_REGULATES_INSULIN_SECRETION,0.6701482534408569,0.2972615361213684,0.613521158695221,0.9780651926994324,0.6333011388778687,0.18947777152061462,0.874772310256958
REACTOME_GLUCAGON_SIGNALING_IN_METABOLIC_REGULATION,0.8386646509170532,0.51705002784729,0.4544200599193573,0.9734936952590942,0.6333011388778687,0.24329040944576263,0.7887466549873352
REACTOME_GLUCAGON_TYPE_LIGAND_RECEPTORS,0.941929817199707,0.44324368238449097,0.46857497096061707,0.996343195438385,0.5311653017997742,0.3506508767604828,0.7887466549873352
REACTOME_GLUCONEOGENESIS,0.1697523593902588,0.31691765785217285,0.613521158695221,0.10419424623250961,1.0,0.769740879535675,0.8100062012672424
REACTOME_GLUCOSE_METABOLISM,0.7200126647949219,0.6467077136039734,0.8321361541748047,0.05312233418226242,0.9035430550575256,0.3913857936859131,0.6083397269248962
REACTOME_GLUCURONIDATION,0.48785465955734253,,0.5711131691932678,,,,
REACTOME_GLUTAMATE_AND_GLUTAMINE_METABOLISM,1.0,1.0,0.8781524300575256,,0.8994191884994507,0.509118914604187,
REACTOME_GLUTAMATE_NEUROTRANSMITTER_RELEASE_CYCLE,0.8749558925628662,0.9315793514251709,0.9640493988990784,,,,
REACTOME_GLUTATHIONE_CONJUGATION,0.7735612392425537,0.5779439806938171,0.730333149433136,0.906403660774231,0.9976895451545715,0.3668014705181122,0.435537189245224
REACTOME_GLUTATHIONE_SYNTHESIS_AND_RECYCLING,0.7735612392425537,,0.9021459817886353,,,,
REACTOME_GLYCEROPHOSPHOLIPID_BIOSYNTHESIS,0.7365658283233643,0.8567760586738586,0.9934903383255005,0.9984065294265747,1.0,0.4663870632648468,0.9987285137176514
REACTOME_GLYCINE_DEGRADATION,0.6606066226959229,1.0,0.6905989050865173,,,,
REACTOME_GLYCOGEN_BREAKDOWN_GLYCOGENOLYSIS,0.9430484771728516,0.9217092990875244,0.9585539698600769,0.9915596842765808,0.8644676208496094,0.9544092416763306,
REACTOME_GLYCOGEN_METABOLISM,0.7072922587394714,0.708943784236908,0.846161425113678,0.4032355844974518,0.6760851740837097,0.6956813335418701,0.6883559823036194
REACTOME_GLYCOGEN_STORAGE_DISEASES,0.4745594561100006,0.42298778891563416,0.5164934396743774,0.6574802398681641,0.6124094128608704,0.6014927625656128,0.435537189245224
REACTOME_GLYCOGEN_SYNTHESIS,0.6376922130584717,0.641817033290863,0.6180605888366699,0.6555796265602112,0.7432565689086914,0.8216062784194946,0.5715670585632324
REACTOME_GLYCOSAMINOGLYCAN_METABOLISM,1.0,0.9061374068260193,0.7957507371902466,0.982296884059906,0.9726981520652771,0.9544092416763306,0.5532289743423462
REACTOME_GLYCOSPHINGOLIPID_BIOSYNTHESIS,0.7021511793136597,0.8567760586738586,0.8633607625961304,,,,
REACTOME_GLYCOSPHINGOLIPID_CATABOLISM,0.9607719779014587,1.0,0.8259748816490173,0.9877426028251648,1.0,0.4781428873538971,0.8949531316757202
REACTOME_GLYCOSPHINGOLIPID_METABOLISM,0.7021511793136597,0.9475551247596741,0.9175480008125305,0.9915596842765808,0.9566624760627747,0.5928513407707214,0.8949531316757202
REACTOME_GLYOXYLATE_METABOLISM_AND_GLYCINE_DEGRADATION,0.7624180316925049,1.0,0.7654805183410645,,,,
REACTOME_GOLGI_ASSOCIATED_VESICLE_BIOGENESIS,0.9423359036445618,0.7052622437477112,0.5313886404037476,0.3930613100528717,0.926018238067627,0.4125145375728607,0.3031468391418457
REACTOME_GOLGI_CISTERNAE_PERICENTRIOLAR_STACK_REORGANIZATION,0.9908789396286011,0.9171118140220642,0.9499901533126831,0.8712105751037598,0.9773268103599548,0.7435305118560791,
REACTOME_GOLGI_TO_ER_RETROGRADE_TRANSPORT,0.20556440949440002,0.6357092261314392,0.30398374795913696,0.9877426028251648,0.9759123921394348,0.9522368311882019,0.435537189245224
REACTOME_GP1B_IX_V_ACTIVATION_SIGNALLING,,,0.4994456470012665,,,,
REACTOME_GPER1_SIGNALING,0.6501858830451965,0.17515689134597778,0.7784106135368347,0.9502052664756775,0.6362788081169128,0.19126003980636597,0.8631828427314758
REACTOME_GPVI_MEDIATED_ACTIVATION_CASCADE,0.29119962453842163,0.29769086837768555,0.6958104372024536,0.3101281523704529,1.0,0.7301762104034424,0.14863388240337372
REACTOME_GRB2_EVENTS_IN_ERBB2_SIGNALING,0.8169194459915161,0.4849526882171631,0.6856431365013123,,,,
REACTOME_GRB2_SOS_PROVIDES_LINKAGE_TO_MAPK_SIGNALING_FOR_INTEGRINS,0.707862138748169,0.44000503420829773,0.5483255386352539,0.5081969499588013,0.9679479002952576,0.9118086695671082,0.9426349997520447
REACTOME_GROWTH_HORMONE_RECEPTOR_SIGNALING,0.11625644564628601,0.38895994424819946,0.3596017360687256,0.3918692171573639,0.6480869054794312,0.41751575469970703,0.42044857144355774
REACTOME_G_ALPHA_12_13_SIGNALLING_EVENTS,0.3142598867416382,0.0,0.7957507371902466,0.967186689376831,0.6985921859741211,0.3545299172401428,0.8631828427314758
REACTOME_G_ALPHA_Q_SIGNALLING_EVENTS,0.27024734020233154,0.24857962131500244,0.8985006809234619,0.8712105751037598,0.6078108549118042,0.7435305118560791,0.9987285137176514
REACTOME_G_ALPHA_S_SIGNALLING_EVENTS,0.620794951915741,0.1619223654270172,0.8880866169929504,0.7205377221107483,0.7837719917297363,0.5227962136268616,0.8483483791351318
REACTOME_G_ALPHA_Z_SIGNALLING_EVENTS,0.5627335906028748,0.38465866446495056,0.9357807040214539,0.996343195438385,0.6078108549118042,0.30282649397850037,0.8705447316169739
REACTOME_G_BETA_GAMMA_SIGNALLING_THROUGH_CDC42,0.7698879837989807,0.3980425000190735,0.9045342206954956,0.967186689376831,0.6397062540054321,0.3668014705181122,0.8498762249946594
REACTOME_G_BETA_GAMMA_SIGNALLING_THROUGH_PI3KGAMMA,0.5611067414283752,0.4524266719818115,0.8321361541748047,0.9847996830940247,0.6771063208580017,0.2865067422389984,0.9096410274505615
REACTOME_G_PROTEIN_ACTIVATION,0.7306557297706604,0.6357092261314392,0.949170708656311,0.9915596842765808,0.6167832016944885,0.7184394598007202,0.8949531316757202
REACTOME_G_PROTEIN_BETA_GAMMA_SIGNALLING,0.6332195401191711,0.42239680886268616,0.7676222324371338,0.982296884059906,0.724452555179596,0.37127429246902466,0.7449245452880859
REACTOME_G_PROTEIN_MEDIATED_EVENTS,0.9423359036445618,0.9110985398292542,0.9595507383346558,0.9210739731788635,1.0,0.8146061301231384,0.9993751049041748
REACTOME_HCMV_LATE_EVENTS,0.9574060440063477,1.0,0.9862827062606812,0.9984065294265747,0.8050682544708252,0.6956813335418701,0.9615526795387268
REACTOME_HDACS_DEACETYLATE_HISTONES,1.0,0.919731080532074,0.8171792030334473,0.9984065294265747,0.6476635336875916,0.9261133670806885,0.9976283311843872
REACTOME_HDMS_DEMETHYLATE_HISTONES,1.0,0.6282892227172852,0.9073454141616821,0.9915596842765808,1.0,0.8756054043769836,
REACTOME_HDR_THROUGH_HOMOLOGOUS_RECOMBINATION_HRR,0.9217405915260315,0.9511553645133972,0.982494592666626,0.996343195438385,0.6375198364257812,0.8597604036331177,0.5604358315467834
REACTOME_HDR_THROUGH_MMEJ_ALT_NHEJ,0.6280568242073059,0.39030909538269043,0.8259748816490173,,1.0,,
REACTOME_HDR_THROUGH_SINGLE_STRAND_ANNEALING_SSA,1.0,0.721627414226532,0.8633607625961304,0.9915596842765808,0.8540571928024292,0.8695545196533203,
REACTOME_HEDGEHOG_LIGAND_BIOGENESIS,0.02706068754196167,0.028414342552423477,0.0,0.6554396748542786,0.5902093648910522,0.3351929187774658,0.21858611702919006
REACTOME_HEDGEHOG_OFF_STATE,0.2384013533592224,0.16425642371177673,0.3912373185157776,0.6036500930786133,0.646621584892273,0.17806969583034515,0.34795987606048584
REACTOME_HEDGEHOG_ON_STATE,0.12607701122760773,0.028414342552423477,0.05006523057818413,0.31468284130096436,0.6078108549118042,0.1710105538368225,0.1811438947916031
REACTOME_HEME_BIOSYNTHESIS,1.0,1.0,0.8559860587120056,,,,
REACTOME_HEME_DEGRADATION,,,0.5010630488395691,,,,
REACTOME_HEME_SIGNALING,0.9543613195419312,0.9858195781707764,0.652959942817688,0.9651044607162476,0.8180475234985352,1.0,0.9780845046043396
REACTOME_HEPARAN_SULFATE_HEPARIN_HS_GAG_METABOLISM,0.9323719143867493,0.8444575667381287,0.6014890074729919,0.9449660778045654,0.6704927682876587,0.9522368311882019,0.8023216128349304
REACTOME_HH_MUTANTS_ABROGATE_LIGAND_SECRETION,0.0,0.05037088319659233,0.03066626749932766,0.5564671158790588,0.5735507011413574,0.24329040944576263,0.22305119037628174
REACTOME_HIGH_LAMINAR_FLOW_SHEAR_STRESS_ACTIVATES_SIGNALING_BY_PIEZO1_AND_PECAM1_CDH5_KDR_IN_ENDOTHELIAL_CELLS,0.3617185652256012,0.6259922385215759,0.8659653663635254,0.9915596842765808,0.926018238067627,0.25396251678466797,0.9993751049041748
REACTOME_HIV_ELONGATION_ARREST_AND_RECOVERY,0.8821451663970947,0.8691003918647766,0.7264212965965271,0.5095298290252686,1.0,0.9987679719924927,1.0
REACTOME_HIV_LIFE_CYCLE,0.9349526762962341,1.0,0.9934903383255005,0.982296884059906,1.0,0.6334518194198608,0.8705447316169739
REACTOME_HIV_TRANSCRIPTION_ELONGATION,1.0,0.9729868769645691,0.7732130289077759,0.8238402605056763,1.0,0.9016385674476624,0.9925827980041504
REACTOME_HIV_TRANSCRIPTION_INITIATION,1.0,0.9934471249580383,0.9806985259056091,0.9877426028251648,1.0,0.8146061301231384,0.9541921615600586
REACTOME_HOMOLOGOUS_DNA_PAIRING_AND_STRAND_EXCHANGE,0.8749558925628662,0.5241025686264038,0.846161425113678,0.4925820827484131,0.9801136255264282,0.6725050210952759,
REACTOME_HOMOLOGY_DIRECTED_REPAIR,1.0,0.9217092990875244,1.0,0.996343195438385,1.0,0.7457066178321838,0.8705447316169739
REACTOME_HOST_INTERACTIONS_OF_HIV_FACTORS,0.06868112087249756,0.06728886067867279,0.43042412400245667,0.6554396748542786,0.6949054002761841,0.24329040944576263,0.20465490221977234
REACTOME_HSF1_ACTIVATION,0.7365658283233643,0.7306193709373474,0.6068283915519714,0.9662443399429321,0.6758005023002625,0.7707481384277344,0.9180610179901123
REACTOME_HSF1_DEPENDENT_TRANSACTIVATION,0.9663284420967102,0.9729868769645691,0.846161425113678,0.4618455767631531,0.6955128312110901,0.8772354125976562,0.5144528150558472
REACTOME_HSP90_CHAPERONE_CYCLE_FOR_STEROID_HORMONE_RECEPTORS_SHR_IN_THE_PRESENCE_OF_LIGAND,0.2783036530017853,0.29197078943252563,0.3850535750389099,0.7580292820930481,0.62641441822052,0.5692176222801208,0.0
REACTOME_HS_GAG_BIOSYNTHESIS,,,1.0,,,,
REACTOME_HS_GAG_DEGRADATION,1.0,,0.6304060220718384,,,,
REACTOME_HYALURONAN_METABOLISM,0.5168232321739197,0.7652499675750732,0.6301754713058472,,0.9421809911727905,0.8772354125976562,0.6756545901298523
REACTOME_HYALURONAN_UPTAKE_AND_DEGRADATION,0.8766840100288391,0.7652499675750732,0.61539626121521,,0.9421809911727905,0.8772354125976562,0.6756545901298523
REACTOME_IFNG_SIGNALING_ACTIVATES_MAPKS,0.7735720872879028,0.7230167388916016,0.6763604283332825,0.9847996830940247,0.9773268103599548,0.1207522302865982,0.9780289530754089
REACTOME_IKBA_VARIANT_LEADS_TO_EDA_ID,0.140123650431633,1.0,1.0,,0.9678637981414795,,
REACTOME_IKK_COMPLEX_RECRUITMENT_MEDIATED_BY_RIP1,0.7980377674102783,0.6436478495597839,0.8818930983543396,0.7738044857978821,0.646621584892273,0.38425198197364807,0.7606554627418518
REACTOME_IL_6_TYPE_CYTOKINE_RECEPTOR_LIGAND_INTERACTIONS,0.7735612392425537,0.8784310817718506,0.6098652482032776,,,,
REACTOME_IMMUNOREGULATORY_INTERACTIONS_BETWEEN_A_LYMPHOID_AND_A_NON_LYMPHOID_CELL,0.0,0.08049898594617844,0.0,0.0,0.1375175416469574,0.6507203578948975,0.0
REACTOME_INACTIVATION_OF_CSF3_G_CSF_SIGNALING,0.5055588483810425,0.708943784236908,0.5801209211349487,0.719336211681366,0.8045742511749268,0.9273396730422974,0.7887466549873352
REACTOME_INCRETIN_SYNTHESIS_SECRETION_AND_INACTIVATION,0.28626182675361633,0.7276936173439026,0.7264212965965271,0.972403883934021,0.8260475993156433,0.8695545196533203,0.8302931189537048
REACTOME_INFECTION_WITH_MYCOBACTERIUM_TUBERCULOSIS,0.614224910736084,0.4071926474571228,0.5946388244628906,0.944671094417572,0.7572327256202698,0.7707481384277344,0.6756545901298523
REACTOME_INFLAMMASOMES,0.20556440949440002,0.39011356234550476,0.7405285835266113,0.4010888934135437,0.9507521986961365,0.2539481520652771,0.08067617565393448
REACTOME_INFLUENZA_INFECTION,0.0,0.0,0.0,0.0,0.0,0.0,0.0
REACTOME_INHIBITION_OF_DNA_RECOMBINATION_AT_TELOMERE,0.8901145458221436,0.9171118140220642,0.9965494871139526,0.9915596842765808,0.6124094128608704,0.7463243007659912,0.9993751049041748
REACTOME_INHIBITION_OF_REPLICATION_INITIATION_OF_DAMAGED_DNA_BY_RB1_E2F1,1.0,0.9598356485366821,1.0,,0.9726981520652771,0.7943794131278992,
REACTOME_INHIBITION_OF_THE_PROTEOLYTIC_ACTIVITY_OF_APC_C_REQUIRED_FOR_THE_ONSET_OF_ANAPHASE_BY_MITOTIC_SPINDLE_CHECKPOINT_COMPONENTS,1.0,1.0,0.9357807040214539,0.9210739731788635,0.8045742511749268,0.575538158416748,0.7396591901779175
REACTOME_INITIAL_TRIGGERING_OF_COMPLEMENT,,,0.2490040361881256,0.0,,,
REACTOME_INITIATION_OF_NUCLEAR_ENVELOPE_NE_REFORMATION,0.7341911792755127,0.8209280967712402,0.6763604283332825,0.8013843894004822,0.8045742511749268,0.9533454179763794,0.36407342553138733
REACTOME_INLA_MEDIATED_ENTRY_OF_LISTERIA_MONOCYTOGENES_INTO_HOST_CELLS,0.5104344487190247,0.4399407207965851,0.34111112356185913,0.4032355844974518,0.4872216284275055,0.3351448178291321,0.21896396577358246
REACTOME_INLB_MEDIATED_ENTRY_OF_LISTERIA_MONOCYTOGENES_INTO_HOST_CELL,0.614224910736084,0.4690620005130768,0.5840561389923096,0.5446692109107971,0.6124094128608704,0.2668708264827728,0.16182543337345123
REACTOME_INOSITOL_PHOSPHATE_METABOLISM,1.0,0.9689539670944214,0.9073454141616821,0.996343195438385,0.6771063208580017,0.944494366645813,0.9993751049041748
REACTOME_INSERTION_OF_TAIL_ANCHORED_PROTEINS_INTO_THE_ENDOPLASMIC_RETICULUM_MEMBRANE,0.9607719779014587,0.35866087675094604,0.846161425113678,0.7704879641532898,1.0,0.4414007067680359,0.9993751049041748
REACTOME_INSULIN_PROCESSING,0.7021511793136597,0.985016942024231,0.846161425113678,0.996343195438385,1.0,0.21588939428329468,
REACTOME_INSULIN_RECEPTOR_RECYCLING,0.3035833537578583,0.14679637551307678,0.3065902292728424,0.719336211681366,0.6720734238624573,0.9522368311882019,0.0793956071138382
REACTOME_INSULIN_RECEPTOR_SIGNALLING_CASCADE,0.9423359036445618,0.8109636306762695,0.6637276411056519,0.9920032620429993,0.8408949375152588,0.934411883354187,0.9098370671272278
REACTOME_INTEGRATION_OF_ENERGY_METABOLISM,0.8169194459915161,0.53877854347229,0.761938750743866,0.9877426028251648,0.9203542470932007,0.24329040944576263,0.9993751049041748
REACTOME_INTEGRATION_OF_PROVIRUS,0.9400887489318848,0.873367190361023,0.49313512444496155,0.7728555798530579,1.0,0.8088304400444031,0.9933233261108398
REACTOME_INTEGRIN_CELL_SURFACE_INTERACTIONS,0.7575919032096863,0.6886606812477112,0.846161425113678,0.1456005871295929,0.7921550869941711,0.8947951197624207,0.8705447316169739
REACTOME_INTEGRIN_SIGNALING,0.6046532392501831,0.3283737003803253,0.7634527087211609,0.6455198526382446,0.7846860885620117,0.7301762104034424,0.8295984268188477
REACTOME_INTERACTIONS_OF_REV_WITH_HOST_CELLULAR_PROTEINS,0.9663284420967102,1.0,0.9378204941749573,0.7337733507156372,1.0,0.3519265353679657,0.8631828427314758
REACTOME_INTERACTIONS_OF_VPR_WITH_HOST_CELLULAR_PROTEINS,0.8234393000602722,1.0,0.3065902292728424,0.4022069275379181,0.9684160947799683,0.9019324779510498,0.39170506596565247
REACTOME_INTERACTION_BETWEEN_L1_AND_ANKYRINS,0.32259371876716614,0.583250105381012,,,,,
REACTOME_INTERCONVERSION_OF_NUCLEOTIDE_DI_AND_TRIPHOSPHATES,0.7940947413444519,0.6546561121940613,0.9354467391967773,0.9915596842765808,0.8169905543327332,0.4722557067871094,0.7396591901779175
REACTOME_INTERFERON_ALPHA_BETA_SIGNALING,0.0,0.0,0.0,0.0,0.0,0.0,0.0
REACTOME_INTERFERON_GAMMA_SIGNALING,0.0,0.0,0.0,0.0,0.0,0.0,0.0
REACTOME_INTERLEUKIN_10_SIGNALING,0.5627335906028748,1.0,0.652959942817688,0.8013843894004822,1.0,0.5332102179527283,0.8631828427314758
REACTOME_INTERLEUKIN_12_FAMILY_SIGNALING,0.0598597414791584,0.0,0.20126748085021973,0.9217811226844788,0.5910087823867798,0.5986225605010986,0.26566991209983826
REACTOME_INTERLEUKIN_12_SIGNALING,0.0598597414791584,0.028414342552423477,0.3065902292728424,0.8714088201522827,0.646621584892273,0.6725050210952759,0.44716012477874756
REACTOME_INTERLEUKIN_15_SIGNALING,0.480069637298584,0.45355701446533203,0.8321361541748047,0.982296884059906,0.8927114009857178,0.7301762104034424,
REACTOME_INTERLEUKIN_17_SIGNALING,0.8074324131011963,0.4353867471218109,0.9674989581108093,0.460796594619751,0.9524557590484619,0.5332102179527283,0.6692700386047363
REACTOME_INTERLEUKIN_1_FAMILY_SIGNALING,0.0,0.0,0.0,0.09745845198631287,0.6078108549118042,0.07053297013044357,0.0
REACTOME_INTERLEUKIN_1_PROCESSING,0.12248244881629944,0.24413788318634033,0.7840344905853271,,0.6949054002761841,,0.6982885003089905
REACTOME_INTERLEUKIN_1_SIGNALING,0.0,0.09794877469539642,0.0,0.2743382453918457,0.7035520076751709,0.17213404178619385,0.0
REACTOME_INTERLEUKIN_20_FAMILY_SIGNALING,0.17859144508838654,0.2582927942276001,0.06955930590629578,0.3606821298599243,0.33483460545539856,0.33459851145744324,0.6849307417869568
REACTOME_INTERLEUKIN_21_SIGNALING,0.27881893515586853,0.3980425000190735,0.3643478751182556,,0.45374777913093567,0.3724394738674164,
REACTOME_INTERLEUKIN_23_SIGNALING,0.8234393000602722,0.9475551247596741,0.5493010878562927,,,,
REACTOME_INTERLEUKIN_27_SIGNALING,0.5239849090576172,0.2457912415266037,0.30521857738494873,0.5332778096199036,0.6375198364257812,0.6326019167900085,0.5715670585632324
REACTOME_INTERLEUKIN_2_FAMILY_SIGNALING,0.0598597414791584,0.16536101698875427,0.2126406878232956,0.19638636708259583,0.05812574177980423,0.2789055109024048,0.22671516239643097
REACTOME_INTERLEUKIN_2_SIGNALING,0.3390141427516937,0.4528791010379791,0.7761406302452087,,0.7759605646133423,0.8672978281974792,
REACTOME_INTERLEUKIN_35_SIGNALLING,0.5576720237731934,0.34665611386299133,0.30521857738494873,0.5332778096199036,0.6375198364257812,0.6956813335418701,0.5715670585632324
REACTOME_INTERLEUKIN_37_SIGNALING,0.2712250351905823,0.0,0.7319673895835876,0.45828884840011597,0.7921550869941711,0.2156239002943039,0.5535497665405273
REACTOME_INTERLEUKIN_3_INTERLEUKIN_5_AND_GM_CSF_SIGNALING,0.7240701913833618,0.6558341979980469,0.9284431338310242,0.9747802019119263,0.9773268103599548,0.8217952847480774,0.7355223894119263
REACTOME_INTERLEUKIN_4_AND_INTERLEUKIN_13_SIGNALING,0.0,0.4920186698436737,0.8604600429534912,0.7337733507156372,0.6012093424797058,0.36215972900390625,0.7887466549873352
REACTOME_INTERLEUKIN_6_FAMILY_SIGNALING,0.4894052743911743,0.51705002784729,0.39914605021476746,0.4464845359325409,0.6078108549118042,,0.7213960886001587
REACTOME_INTERLEUKIN_6_SIGNALING,0.620794951915741,0.4963485300540924,0.34048521518707275,0.4464845359325409,0.6078108549118042,,0.7213960886001587
REACTOME_INTERLEUKIN_7_SIGNALING,0.22174115478992462,0.99601149559021,0.9252144694328308,0.996343195438385,0.8045742511749268,0.90484619140625,
REACTOME_INTERLEUKIN_9_SIGNALING,0.27024734020233154,0.34366241097450256,0.3643478751182556,,0.45374777913093567,0.30282649397850037,
REACTOME_INTERLEUKIN_RECEPTOR_SHC_SIGNALING,0.36501970887184143,0.39011356234550476,0.8259748816490173,0.9847996830940247,0.958442211151123,0.7793848514556885,0.7887466549873352
REACTOME_INTRAFLAGELLAR_TRANSPORT,0.752717912197113,0.8708204627037048,0.4807801842689514,0.7738044857978821,0.9976895451545715,0.7301762104034424,0.8914549946784973
REACTOME_INTRA_GOLGI_AND_RETROGRADE_GOLGI_TO_ER_TRAFFIC,0.7021511793136597,0.6034666895866394,0.32180294394493103,0.9747802019119263,0.9726981520652771,0.9830304384231567,0.5357792377471924
REACTOME_INTRA_GOLGI_TRAFFIC,0.8775078654289246,1.0,0.6445614099502563,0.8997567892074585,0.8759676814079285,0.8397431969642639,0.3184407949447632
REACTOME_INTRINSIC_PATHWAY_FOR_APOPTOSIS,0.04647183418273926,0.028414342552423477,0.578682005405426,0.9887670278549194,0.8287307620048523,0.2339995950460434,0.8834884762763977
REACTOME_INWARDLY_RECTIFYING_K_CHANNELS,0.7735612392425537,0.4457070231437683,0.846161425113678,0.9915596842765808,0.6333011388778687,0.2625773549079895,
REACTOME_ION_CHANNEL_TRANSPORT,0.38639330863952637,0.1360248476266861,0.8259748816490173,0.8988328576087952,0.8927114009857178,0.8146061301231384,0.8483483791351318
REACTOME_ION_HOMEOSTASIS,0.1451299488544464,0.4694663882255554,0.8386727571487427,0.72849440574646,0.7035520076751709,0.5685179829597473,0.96803879737854
REACTOME_ION_TRANSPORT_BY_P_TYPE_ATPASES,0.32259371876716614,0.43527117371559143,0.9021459817886353,0.6554396748542786,0.7921550869941711,0.622739851474762,0.9615782499313354
REACTOME_IRAK1_RECRUITS_IKK_COMPLEX,0.6171697974205017,0.53877854347229,0.7389050722122192,0.8707754015922546,0.07189542800188065,0.2789055109024048,0.5715670585632324
REACTOME_IRAK2_MEDIATED_ACTIVATION_OF_TAK1_COMPLEX,0.5850269794464111,0.47166764736175537,0.6380649209022522,0.4010888934135437,0.5675139427185059,,0.24729600548744202
REACTOME_IRAK4_DEFICIENCY_TLR2_4,0.7735612392425537,0.580554723739624,0.34111112356185913,0.07224638015031815,0.9976895451545715,,0.33062273263931274
REACTOME_IRE1ALPHA_ACTIVATES_CHAPERONES,0.12607701122760773,0.641817033290863,0.7832187414169312,0.967186689376831,0.4050874412059784,0.9828686118125916,0.9993751049041748
REACTOME_IRF3_MEDIATED_INDUCTION_OF_TYPE_I_IFN,0.17859144508838654,0.3813614547252655,0.5151967406272888,0.7302471995353699,0.9999216198921204,0.21314387023448944,0.1811438947916031
REACTOME_IRON_UPTAKE_AND_TRANSPORT,0.6701482534408569,0.8109636306762695,0.8259748816490173,0.9915596842765808,0.9726981520652771,0.4125145375728607,0.9109777212142944
REACTOME_IRS_MEDIATED_SIGNALLING,0.9217405915260315,0.5486219525337219,0.6045570969581604,0.982296884059906,0.7432565689086914,0.8809511065483093,
REACTOME_ISG15_ANTIVIRAL_MECHANISM,0.0,0.0,0.0,0.0,0.0,0.0,0.0
REACTOME_JNK_C_JUN_KINASES_PHOSPHORYLATION_AND_ACTIVATION_MEDIATED_BY_ACTIVATED_HUMAN_TAK1,0.48785465955734253,0.3813346028327942,0.680219829082489,0.7886784076690674,0.4690598249435425,0.21588939428329468,0.7887466549873352
REACTOME_JOSEPHIN_DOMAIN_DUBS,0.3806338608264923,0.7019230723381042,0.3643478751182556,0.4464845359325409,0.6375198364257812,0.7786011099815369,0.2090751975774765
REACTOME_KEAP1_NFE2L2_PATHWAY,0.0,0.028414342552423477,0.22541415691375732,0.37872743606567383,0.7921550869941711,0.1142723336815834,0.20825771987438202
REACTOME_KERATAN_SULFATE_BIOSYNTHESIS,0.9908789396286011,0.8691003918647766,0.9858276844024658,,,0.9402020573616028,
REACTOME_KERATAN_SULFATE_DEGRADATION,0.8169194459915161,,0.4591672420501709,,,,
REACTOME_KERATAN_SULFATE_KERATIN_METABOLISM,1.0,0.8154988884925842,0.8559860587120056,0.906403660774231,0.9228202104568481,0.9243332743644714,
REACTOME_KERATINIZATION,0.8749558925628662,0.9598356485366821,0.8457300066947937,,0.825476348400116,,
REACTOME_KETONE_BODY_METABOLISM,0.9423359036445618,0.5078836679458618,,,,,
REACTOME_KIDNEY_DEVELOPMENT,0.5611067414283752,,,,,,
REACTOME_KILLING_MECHANISMS,0.9195504784584045,0.8109636306762695,0.9040411710739136,,,,
REACTOME_KINESINS,0.8336161375045776,0.9587382078170776,0.2711215913295746,0.3791429102420807,1.0,0.7434086203575134,0.6523922085762024
REACTOME_KSRP_KHSRP_BINDS_AND_DESTABILIZES_MRNA,0.6932729482650757,0.7554593086242676,0.9934903383255005,0.996343195438385,0.9678637981414795,0.8886582851409912,
REACTOME_L1CAM_INTERACTIONS,0.07398006319999695,0.17391858994960785,0.9053056240081787,0.9877426028251648,0.9976895451545715,0.8997513055801392,0.6960501074790955
REACTOME_LAGGING_STRAND_SYNTHESIS,1.0,0.873367190361023,0.9073454141616821,0.967186689376831,0.833499014377594,0.37127429246902466,
REACTOME_LATE_ENDOSOMAL_MICROAUTOPHAGY,0.7612850666046143,0.8665033578872681,0.9674989581108093,0.9953617453575134,0.833499014377594,0.907379686832428,0.8144254684448242
REACTOME_LATE_SARS_COV_2_INFECTION_EVENTS,0.5948562026023865,0.6699255704879761,0.902022659778595,0.906403660774231,0.6333011388778687,0.8912786245346069,0.6600095629692078
REACTOME_LDL_CLEARANCE,0.9766151905059814,0.4534161388874054,0.9595507383346558,0.7165952920913696,0.6636634469032288,0.7787211537361145,0.9987285137176514
REACTOME_LIPOPHAGY,1.0,1.0,0.46945884823799133,0.4032355844974518,1.0,,0.6696521639823914
REACTOME_LISTERIA_MONOCYTOGENES_ENTRY_INTO_HOST_CELLS,0.6376922130584717,0.5386921167373657,0.6304060220718384,0.44414401054382324,0.5902093648910522,0.36036521196365356,0.26984772086143494
REACTOME_LONG_TERM_POTENTIATION,0.9670743346214294,1.0,0.6856431365013123,,0.8540571928024292,,
REACTOME_LOSS_OF_FUNCTION_OF_MECP2_IN_RETT_SYNDROME,0.6364791989326477,0.9315793514251709,0.9640493988990784,0.9747802019119263,0.6333011388778687,0.9963409900665283,0.7893471717834473
REACTOME_LOSS_OF_FUNCTION_OF_SMAD2_3_IN_CANCER,0.9323719143867493,0.6886606812477112,0.7784106135368347,,,,
REACTOME_LYSINE_CATABOLISM,,,0.9779297113418579,,,,
REACTOME_LYSOSOME_VESICLE_BIOGENESIS,0.5456258058547974,0.3563691973686218,0.7732130289077759,0.3791429102420807,0.9773268103599548,0.8473849296569824,0.22671516239643097
REACTOME_MALATE_ASPARTATE_SHUTTLE,0.620794951915741,,0.9353811144828796,,,,
REACTOME_MAP2K_AND_MAPK_ACTIVATION,0.5765573978424072,0.10962332785129547,0.846161425113678,0.847565233707428,1.0,0.8397431969642639,0.874772310256958
REACTOME_MAP3K8_TPL2_DEPENDENT_MAPK1_3_ACTIVATION,0.8234393000602722,0.157353013753891,0.821603000164032,0.4618455767631531,0.7937642335891724,0.5007879734039307,0.4268072247505188
REACTOME_MAPK1_ERK2_ACTIVATION,0.9423359036445618,0.7734128832817078,0.8544743657112122,,0.9976895451545715,,
REACTOME_MAPK3_ERK1_ACTIVATION,1.0,0.9881806373596191,0.4509899914264679,,0.9033448100090027,,
REACTOME_MAPK6_MAPK4_SIGNALING,0.4556978940963745,0.41088178753852844,0.17180505394935608,0.49605369567871094,0.6461888551712036,0.2865067422389984,0.14863388240337372
REACTOME_MAPK_TARGETS_NUCLEAR_EVENTS_MEDIATED_BY_MAP_KINASES,0.753683865070343,0.8591428399085999,0.996701180934906,0.953856348991394,0.9566624760627747,0.7301762104034424,0.7414389252662659
REACTOME_MASTL_FACILITATES_MITOTIC_PROGRESSION,0.8169194459915161,0.9890122413635254,0.9354467391967773,,,,
REACTOME_MATURATION_OF_SARS_COV_1_NUCLEOPROTEIN,0.1697523593902588,0.29289495944976807,0.31789615750312805,0.16497518122196198,0.6124094128608704,0.1983925998210907,
REACTOME_MATURATION_OF_SARS_COV_2_NUCLEOPROTEIN,0.02721661701798439,0.18413032591342926,0.29381299018859863,0.19345606863498688,0.646621584892273,0.2539481520652771,0.15214529633522034
REACTOME_MATURATION_OF_SARS_COV_2_SPIKE_PROTEIN,0.9663284420967102,0.9598356485366821,0.34048521518707275,0.9984065294265747,0.6078108549118042,0.8146061301231384,0.97630774974823
REACTOME_MATURATION_OF_TCA_ENZYMES_AND_REGULATION_OF_TCA_CYCLE,0.9873360395431519,0.9071388840675354,0.9175480008125305,0.7466158270835876,1.0,0.455246239900589,0.9987285137176514
REACTOME_MECHANICAL_LOAD_ACTIVATES_SIGNALING_BY_PIEZO1_AND_INTEGRINS_IN_OSTEOCYTES,,,0.8321361541748047,,,,
REACTOME_MECP2_REGULATES_NEURONAL_RECEPTORS_AND_CHANNELS,1.0,0.7899507284164429,0.9806985259056091,0.8712105751037598,1.0,0.3598006069660187,0.6095606684684753
REACTOME_MEIOTIC_SYNAPSIS,0.5627335906028748,0.8771710991859436,0.5171691179275513,0.9210739731788635,0.7800619602203369,0.8958574533462524,0.6344904899597168
REACTOME_METABOLIC_DISORDERS_OF_BIOLOGICAL_OXIDATION_ENZYMES,0.9873360395431519,1.0,0.8259748816490173,,,,
REACTOME_METABOLISM_OF_ANGIOTENSINOGEN_TO_ANGIOTENSINS,,0.4119110405445099,0.5946388244628906,,,,
REACTOME_METABOLISM_OF_COFACTORS,0.7398655414581299,1.0,0.9252144694328308,0.9811288118362427,0.833499014377594,0.622739851474762,
REACTOME_METABOLISM_OF_FAT_SOLUBLE_VITAMINS,,,0.846161425113678,,,,
REACTOME_METABOLISM_OF_FOLATE_AND_PTERINES,0.8527646660804749,0.940829873085022,0.8716866374015808,,1.0,,
REACTOME_METABOLISM_OF_NITRIC_OXIDE_NOS3_ACTIVATION_AND_REGULATION,0.6046532392501831,0.7673466801643372,0.49665579199790955,0.6036500930786133,0.8947914242744446,0.42202892899513245,0.21896396577358246
REACTOME_METABOLISM_OF_NUCLEOTIDES,0.36382395029067993,0.621066153049469,0.7918633222579956,0.9314072728157043,0.6771063208580017,0.2379327118396759,0.6101177930831909
REACTOME_METABOLISM_OF_POLYAMINES,0.0,0.0,0.03066626749932766,0.26036930084228516,0.44204482436180115,0.04089156910777092,0.0
REACTOME_METABOLISM_OF_PORPHYRINS,0.764822244644165,0.5923265814781189,0.5659944415092468,0.33865490555763245,,,
REACTOME_METABOLISM_OF_STEROIDS,0.8749558925628662,0.8315902352333069,0.730333149433136,0.9915596842765808,0.833499014377594,0.5125210881233215,0.8023216128349304
REACTOME_METABOLISM_OF_STEROID_HORMONES,0.8074324131011963,0.8315902352333069,0.9252144694328308,0.9915596842765808,0.9507521986961365,0.8809511065483093,0.6696521639823914
REACTOME_METABOLISM_OF_VITAMINS_AND_COFACTORS,0.1697523593902588,0.4528791010379791,0.14951299130916595,0.5657354593276978,0.22670872509479523,0.18947777152061462,0.19958563148975372
REACTOME_METABOLISM_OF_WATER_SOLUBLE_VITAMINS_AND_COFACTORS,0.267619788646698,0.2825350761413574,0.06487057358026505,0.4570527672767639,0.5675139427185059,0.1983925998210907,0.435537189245224
REACTOME_METALLOPROTEASE_DUBS,0.6364791989326477,0.4933255612850189,0.9907271862030029,0.967186689376831,0.9507521986961365,0.41149604320526123,0.20475156605243683
REACTOME_METAL_ION_SLC_TRANSPORTERS,0.6046532392501831,1.0,0.8919674158096313,,1.0,,
REACTOME_METHYLATION,0.5181679129600525,0.69135582447052,0.4695535898208618,0.5935937166213989,0.22670872509479523,0.8183823227882385,0.2731891870498657
REACTOME_MET_ACTIVATES_RAP1_AND_RAC1,0.9867027997970581,0.6479741930961609,0.6098652482032776,0.6874066591262817,0.833499014377594,0.8853878378868103,
REACTOME_MET_ACTIVATES_RAS_SIGNALING,0.8420256972312927,0.4528791010379791,0.35842418670654297,,,,
REACTOME_MET_PROMOTES_CELL_MOTILITY,1.0,0.4528791010379791,0.8011990785598755,0.906403660774231,0.9976895451545715,0.7707481384277344,0.9380740523338318
REACTOME_MET_RECEPTOR_RECYCLING,0.9349526762962341,0.8021519184112549,0.9741058945655823,,,,
REACTOME_MHC_CLASS_II_ANTIGEN_PRESENTATION,0.0,0.0,0.49313512444496155,0.7225654125213623,0.8045742511749268,0.24569426476955414,0.7736777663230896
REACTOME_MICRORNA_MIRNA_BIOGENESIS,1.0,0.8691003918647766,0.8011990785598755,0.7232770323753357,1.0,0.9642326831817627,0.9993751049041748
REACTOME_MIRO_GTPASE_CYCLE,0.7539127469062805,0.6659208536148071,0.8781524300575256,,0.9678637981414795,,
REACTOME_MISCELLANEOUS_TRANSPORT_AND_BINDING_EVENTS,0.9908789396286011,1.0,0.9965494871139526,0.996343195438385,0.8756651878356934,,
REACTOME_MISMATCH_REPAIR,1.0,0.8665033578872681,0.9523634314537048,,0.8287307620048523,0.3668014705181122,
REACTOME_MITF_M_DEPENDENT_GENE_EXPRESSION,0.8074324131011963,0.2393665611743927,0.905953049659729,0.9920032620429993,0.9507521986961365,0.9911621809005737,0.699887752532959
REACTOME_MITF_M_REGULATED_MELANOCYTE_DEVELOPMENT,0.4831184446811676,0.3813346028327942,0.9179637432098389,0.996343195438385,0.6289308071136475,0.9805861711502075,0.7887466549873352
REACTOME_MITOCHONDRIAL_BIOGENESIS,0.9759461283683777,0.9881806373596191,0.25439178943634033,0.4022069275379181,1.0,0.6390267610549927,0.8144254684448242
REACTOME_MITOCHONDRIAL_CALCIUM_ION_TRANSPORT,0.7698879837989807,0.9110985398292542,0.9674989581108093,0.996343195438385,1.0,0.9805861711502075,0.9987285137176514
REACTOME_MITOCHONDRIAL_FATTY_ACID_BETA_OXIDATION,0.9873360395431519,0.9598356485366821,0.9205297827720642,0.9915596842765808,0.9617951512336731,0.7786011099815369,0.9976283311843872
REACTOME_MITOCHONDRIAL_FATTY_ACID_BETA_OXIDATION_OF_SATURATED_FATTY_ACIDS,0.4894052743911743,0.62215256690979,0.8559860587120056,0.719336211681366,0.7937642335891724,0.8146061301231384,0.7772818207740784
REACTOME_MITOCHONDRIAL_IRON_SULFUR_CLUSTER_BIOGENESIS,0.3806338608264923,0.48129764199256897,1.0,0.9953617453575134,0.7432565689086914,0.9967319965362549,
REACTOME_MITOCHONDRIAL_PROTEIN_DEGRADATION,0.7021511793136597,0.29472312331199646,0.29381299018859863,0.1845066249370575,0.8828691244125366,0.8672978281974792,0.7978479862213135
REACTOME_MITOCHONDRIAL_PROTEIN_IMPORT,0.8420256972312927,0.7997056841850281,0.25439178943634033,0.0607815645635128,0.9507521986961365,0.845305860042572,0.46562835574150085
REACTOME_MITOCHONDRIAL_RNA_DEGRADATION,1.0,0.9598356485366821,0.902022659778595,0.9048016667366028,1.0,0.8774517178535461,
REACTOME_MITOCHONDRIAL_TRANSLATION,0.08410754799842834,0.6732680797576904,0.0,0.19638636708259583,0.5096926689147949,0.1983925998210907,0.22305119037628174
REACTOME_MITOCHONDRIAL_TRNA_AMINOACYLATION,0.9755779504776001,0.5505773425102234,0.7732130289077759,0.906403660774231,0.6012093424797058,,
REACTOME_MITOCHONDRIAL_UNFOLDED_PROTEIN_RESPONSE_UPRMT,0.2752310633659363,0.8665033578872681,0.9205297827720642,0.9210739731788635,0.7473664283752441,0.8809511065483093,0.1480388343334198
REACTOME_MITOPHAGY,0.6376922130584717,0.6628523468971252,0.8350180387496948,0.3875509202480316,0.6078108549118042,0.5332102179527283,0.36560454964637756
REACTOME_MITOTIC_G1_PHASE_AND_G1_S_TRANSITION,0.31740355491638184,0.24857962131500244,0.12653830647468567,0.43636205792427063,0.5675139427185059,0.09341500699520111,0.19296354055404663
REACTOME_MITOTIC_G2_G2_M_PHASES,0.12139497697353363,0.20279227197170258,0.2809722423553467,0.4022069275379181,0.7921550869941711,0.039463043212890625,0.09459901601076126
REACTOME_MITOTIC_METAPHASE_AND_ANAPHASE,0.0994708389043808,0.3283737003803253,0.14951299130916595,0.7851213216781616,0.8456156253814697,0.5052152276039124,0.07826322317123413
REACTOME_MITOTIC_PROMETAPHASE,0.7957943081855774,1.0,1.0,0.996343195438385,0.9879795908927917,0.6326019167900085,0.8144254684448242
REACTOME_MITOTIC_SPINDLE_CHECKPOINT,0.7539127469062805,0.9859570860862732,0.902022659778595,0.9877426028251648,1.0,0.9368393421173096,0.5332553386688232
REACTOME_MITOTIC_TELOPHASE_CYTOKINESIS,0.9908789396286011,0.9322248101234436,0.25361111760139465,0.9953617453575134,0.6333011388778687,0.9830304384231567,0.9993751049041748
REACTOME_MODULATION_OF_HOST_RESPONSES_BY_IFN_STIMULATED_GENES,0.0,0.0,0.0,0.0,0.0,0.0,0.0
REACTOME_MOLECULES_ASSOCIATED_WITH_ELASTIC_FIBRES,0.25748762488365173,0.7666785717010498,0.9965494871139526,,,,
REACTOME_MRNA_CAPPING,1.0,1.0,0.9606719613075256,0.8210394978523254,0.9507521986961365,0.9956247210502625,0.9867690801620483
REACTOME_MRNA_DECAY_BY_3_TO_5_EXORIBONUCLEASE,0.9430484771728516,0.8109636306762695,0.9674989581108093,0.9915596842765808,1.0,0.9888988137245178,
REACTOME_MRNA_DECAY_BY_5_TO_3_EXORIBONUCLEASE,0.6139394640922546,0.873367190361023,0.8153362274169922,0.9915596842765808,1.0,0.8081467151641846,0.8631828427314758
REACTOME_MRNA_SPLICING_MINOR_PATHWAY,1.0,0.8154988884925842,0.5333850383758545,0.36067432165145874,0.6760851740837097,0.8774517178535461,0.9541921615600586
REACTOME_MTORC1_MEDIATED_SIGNALLING,0.9136374592781067,0.8229860067367554,0.41346028447151184,0.4032355844974518,0.6333011388778687,0.9183367490768433,0.6411048173904419
REACTOME_MTOR_SIGNALLING,0.9620006680488586,0.8665033578872681,0.44673433899879456,0.49605369567871094,0.7921550869941711,0.8146061301231384,0.6693688631057739
REACTOME_MUCOPOLYSACCHARIDOSES,1.0,1.0,0.8001224994659424,,,,
REACTOME_MUSCLE_CONTRACTION,0.0,0.0,0.29381299018859863,0.9915596842765808,0.9823456406593323,0.33381566405296326,0.5144528150558472
REACTOME_MYD88_INDEPENDENT_TLR4_CASCADE,0.11856988817453384,0.8444575667381287,0.6013782024383545,0.9915596842765808,0.9035430550575256,0.922049880027771,0.8705447316169739
REACTOME_MYOCLONIC_EPILEPSY_OF_LAFORA,0.4894052743911743,0.42298778891563416,0.5164934396743774,0.5657354593276978,0.6124094128608704,0.6014927625656128,0.435537189245224
REACTOME_MYOGENESIS,0.9423359036445618,0.9881806373596191,0.5289015769958496,0.996343195438385,1.0,0.8772354125976562,0.9096695780754089
REACTOME_M_DECAY_DEGRADATION_OF_MATERNAL_MRNAS_BY_MATERNALLY_STORED_FACTORS,0.41358011960983276,0.1191142201423645,0.4509899914264679,0.08767532557249069,0.7432565689086914,0.3668014705181122,0.37791791558265686
REACTOME_NCAM_SIGNALING_FOR_NEURITE_OUT_GROWTH,0.5611067414283752,0.8907238245010376,0.9073454141616821,0.6989099979400635,0.8759676814079285,0.8912649750709534,0.8927506804466248
REACTOME_NEF_AND_SIGNAL_TRANSDUCTION,1.0,0.9689539670944214,0.9779297113418579,0.9887670278549194,1.0,0.6956813335418701,0.7759835720062256
REACTOME_NEF_MEDIATED_CD4_DOWN_REGULATION,0.8337739109992981,0.419220894575119,0.8995118141174316,0.9915596842765808,1.0,0.7301762104034424,0.8834884762763977
REACTOME_NEF_MEDIATED_DOWNREGULATION_OF_MHC_CLASS_I_COMPLEX_CELL_SURFACE_EXPRESSION,0.25067126750946045,0.42239680886268616,0.7832187414169312,0.31468284130096436,0.8947914242744446,0.4722557067871094,
REACTOME_NEF_MEDIATES_DOWN_MODULATION_OF_CELL_SURFACE_RECEPTORS_BY_RECRUITING_THEM_TO_CLATHRIN_ADAPTERS,0.11448690295219421,0.4528791010379791,0.9606719613075256,0.4022069275379181,0.9507521986961365,0.8919973373413086,0.32153385877609253
REACTOME_NEGATIVE_FEEDBACK_REGULATION_OF_MAPK_PATHWAY,0.9908789396286011,0.9475551247596741,0.9495419263839722,,1.0,,
REACTOME_NEGATIVE_REGULATION_OF_FGFR1_SIGNALING,0.6376922130584717,0.69135582447052,0.49313512444496155,0.4022069275379181,0.7432565689086914,0.38425198197364807,0.39138245582580566
REACTOME_NEGATIVE_REGULATION_OF_FGFR2_SIGNALING,0.6376922130584717,0.69135582447052,0.49313512444496155,0.4022069275379181,0.7432565689086914,0.38425198197364807,0.39138245582580566
REACTOME_NEGATIVE_REGULATION_OF_FGFR3_SIGNALING,0.6376922130584717,0.69135582447052,0.49313512444496155,0.4022069275379181,0.7432565689086914,0.38425198197364807,0.39138245582580566
REACTOME_NEGATIVE_REGULATION_OF_FGFR4_SIGNALING,0.6376922130584717,0.69135582447052,0.49313512444496155,0.4022069275379181,0.7432565689086914,0.38425198197364807,0.39138245582580566
REACTOME_NEGATIVE_REGULATION_OF_FLT3,0.7940947413444519,0.6886606812477112,0.3532027304172516,0.7294564843177795,0.6480869054794312,0.6345388293266296,0.4511139392852783
REACTOME_NEGATIVE_REGULATION_OF_MAPK_PATHWAY,0.6119487881660461,0.8738910555839539,0.7156177163124084,0.4233107268810272,1.0,0.23433806002140045,0.4197530746459961
REACTOME_NEGATIVE_REGULATION_OF_MET_ACTIVITY,0.6119487881660461,0.51705002784729,0.8205813765525818,0.7728555798530579,0.6949054002761841,0.41287147998809814,0.33062273263931274
REACTOME_NEGATIVE_REGULATION_OF_NMDA_RECEPTOR_MEDIATED_NEURONAL_TRANSMISSION,0.8469526171684265,0.8444575667381287,0.7732130289077759,,,,
REACTOME_NEGATIVE_REGULATION_OF_NOTCH4_SIGNALING,0.07343226671218872,0.06728886067867279,0.0,0.2471683770418167,0.5855581164360046,0.1349296271800995,0.19667509198188782
REACTOME_NEGATIVE_REGULATION_OF_THE_PI3K_AKT_NETWORK,0.9423359036445618,0.9591349363327026,0.9073454141616821,0.7728555798530579,1.0,0.8130102753639221,0.5893462896347046
REACTOME_NEGATIVE_REGULATORS_OF_DDX58_IFIH1_SIGNALING,0.06101920083165169,0.24857962131500244,0.09670205414295197,0.12522608041763306,0.6078108549118042,0.6256384253501892,0.7887466549873352
REACTOME_NEPHRIN_FAMILY_INTERACTIONS,0.21545834839344025,0.7675419449806213,0.9495419263839722,0.906403660774231,0.9773268103599548,0.9249988198280334,0.9993751049041748
REACTOME_NETRIN_1_SIGNALING,0.9918143153190613,0.9110512733459473,0.9715437889099121,0.7205377221107483,0.7975273132324219,1.0,
REACTOME_NEUREXINS_AND_NEUROLIGINS,0.8553636074066162,0.9524507522583008,0.8572050333023071,0.996343195438385,0.5410967469215393,,
REACTOME_NEUROTRANSMITTER_RELEASE_CYCLE,0.9607719779014587,0.9090909361839294,0.8723273873329163,0.8325663208961487,0.833499014377594,0.8185823559761047,0.7396591901779175
REACTOME_NFE2L2_REGULATES_PENTOSE_PHOSPHATE_PATHWAY_GENES,0.780540406703949,0.9277990460395813,0.6763604283332825,0.8988328576087952,0.8927114009857178,0.9731338620185852,0.9504473209381104
REACTOME_NFE2L2_REGULATING_ANTI_OXIDANT_DETOXIFICATION_ENZYMES,0.47003430128097534,0.6886606812477112,0.830909788608551,0.996343195438385,0.8728169798851013,0.9871401190757751,0.9180610179901123
REACTOME_NFE2L2_REGULATING_TUMORIGENIC_GENES,0.7021511793136597,0.856328547000885,0.9675721526145935,,0.44204482436180115,,
REACTOME_NF_KB_ACTIVATION_THROUGH_FADD_RIP_1_PATHWAY_MEDIATED_BY_CASPASE_8_AND_10,0.36382395029067993,0.2331508845090866,0.11989846080541611,0.5804269909858704,0.7921550869941711,,
REACTOME_NF_KB_IS_ACTIVATED_AND_SIGNALS_SURVIVAL,0.7021511793136597,0.4793643355369568,0.1735934466123581,0.7121163010597229,0.5902093648910522,0.3351929187774658,0.24437500536441803
REACTOME_NGF_STIMULATED_TRANSCRIPTION,0.8337739109992981,0.3813346028327942,0.4509899914264679,0.19638636708259583,1.0,0.9871401190757751,0.3495403826236725
REACTOME_NICOTINAMIDE_SALVAGE,0.0994708389043808,0.1619223654270172,0.2179832011461258,0.09529119729995728,0.4872216284275055,0.36036521196365356,0.0
REACTOME_NICOTINATE_METABOLISM,0.17859144508838654,0.20159481465816498,0.0688791275024414,0.36067432165145874,0.05812574177980423,0.17806969583034515,0.0
REACTOME_NOD1_2_SIGNALING_PATHWAY,0.7021511793136597,0.9881806373596191,0.8756479620933533,0.7452378869056702,0.779959499835968,0.465871125459671,0.7887466549873352
REACTOME_NONCANONICAL_ACTIVATION_OF_NOTCH3,0.9385848045349121,1.0,0.9235004782676697,0.7895334362983704,0.6012093424797058,,
REACTOME_NONHOMOLOGOUS_END_JOINING_NHEJ,1.0,1.0,0.846161425113678,0.9915596842765808,1.0,0.922049880027771,0.6696521639823914
REACTOME_NONSENSE_MEDIATED_DECAY_NMD,0.0,0.0,0.0,0.0,0.0,0.0,0.0
REACTOME_NON_INTEGRIN_MEMBRANE_ECM_INTERACTIONS,0.4831184446811676,0.7348200678825378,0.613521158695221,0.8707754015922546,0.7310439944267273,0.5110936760902405,0.8144254684448242
REACTOME_NOTCH1_INTRACELLULAR_DOMAIN_REGULATES_TRANSCRIPTION,0.41358011960983276,0.4991452991962433,0.613521158695221,0.9014466404914856,0.590084433555603,0.9194821119308472,0.8631828427314758
REACTOME_NOTCH2_ACTIVATION_AND_TRANSMISSION_OF_SIGNAL_TO_THE_NUCLEUS,0.7612850666046143,0.6185348629951477,0.5164934396743774,0.4618455767631531,0.6771063208580017,0.29808732867240906,0.06584643572568893
REACTOME_NOTCH2_INTRACELLULAR_DOMAIN_REGULATES_TRANSCRIPTION,1.0,0.914551317691803,0.8337249159812927,0.996343195438385,0.6333011388778687,,
REACTOME_NOTCH3_ACTIVATION_AND_TRANSMISSION_OF_SIGNAL_TO_THE_NUCLEUS,0.5675153136253357,0.6732680797576904,0.5932084321975708,0.3200642168521881,0.5675139427185059,0.1983925998210907,0.1333887130022049
REACTOME_NOTCH3_INTRACELLULAR_DOMAIN_REGULATES_TRANSCRIPTION,0.7021511793136597,0.7244884967803955,0.846161425113678,0.4710236191749573,0.6955128312110901,0.4781428873538971,
REACTOME_NOTCH4_ACTIVATION_AND_TRANSMISSION_OF_SIGNAL_TO_THE_NUCLEUS,0.8283027410507202,0.6886606812477112,1.0,0.996343195438385,1.0,,
REACTOME_NOTCH4_INTRACELLULAR_DOMAIN_REGULATES_TRANSCRIPTION,0.7390229105949402,0.8089841604232788,0.9499901533126831,0.9314072728157043,0.5651376247406006,,
REACTOME_NOTCH_HLH_TRANSCRIPTION_PATHWAY,0.9663284420967102,1.0,0.960515558719635,0.982296884059906,0.7101114988327026,0.854070246219635,0.8705447316169739
REACTOME_NPAS4_REGULATES_EXPRESSION_OF_TARGET_GENES,1.0,0.5923265814781189,0.8756479620933533,0.967186689376831,0.7052133679389954,0.9118086695671082,
REACTOME_NR1H2_AND_NR1H3_MEDIATED_SIGNALING,0.7021511793136597,0.3496054410934448,0.19793681800365448,0.996343195438385,0.7846860885620117,0.9234820008277893,0.5818533897399902
REACTOME_NR1H2_NR1H3_REGULATE_GENE_EXPRESSION_LINKED_TO_LIPOGENESIS,,,0.9670528173446655,,,,
REACTOME_NR1H2_NR1H3_REGULATE_GENE_EXPRESSION_TO_CONTROL_BILE_ACID_HOMEOSTASIS,0.9051733613014221,0.9948855638504028,0.5587995052337646,0.9915596842765808,,,
REACTOME_NR1H3_NR1H2_REGULATE_GENE_EXPRESSION_LINKED_TO_CHOLESTEROL_TRANSPORT_AND_EFFLUX,0.8555693030357361,0.6458060145378113,0.1779710203409195,0.8707754015922546,0.8045742511749268,0.9261133670806885,0.5818533897399902
REACTOME_NRAGE_SIGNALS_DEATH_THROUGH_JNK,0.9697566032409668,0.6161412000656128,0.7847586870193481,0.9877426028251648,1.0,0.8130102753639221,0.5917924642562866
REACTOME_NRIF_SIGNALS_CELL_DEATH_FROM_THE_NUCLEUS,0.5991905927658081,0.6161412000656128,0.41346028447151184,0.434122771024704,0.6124094128608704,0.3519265353679657,0.15214529633522034
REACTOME_NS1_MEDIATED_EFFECTS_ON_HOST_PATHWAYS,0.39207109808921814,0.4651533365249634,0.730333149433136,0.5323259830474854,0.45374777913093567,0.04089156910777092,0.21858611702919006
REACTOME_NUCLEAR_ENVELOPE_BREAKDOWN,0.9423359036445618,1.0,0.9934903383255005,0.9915596842765808,0.9976895451545715,0.6326019167900085,0.7736777663230896
REACTOME_NUCLEAR_ENVELOPE_NE_REASSEMBLY,0.7735612392425537,1.0,0.9595507383346558,0.996343195438385,1.0,0.9614498019218445,0.6411048173904419
REACTOME_NUCLEAR_EVENTS_KINASE_AND_TRANSCRIPTION_FACTOR_ACTIVATION,0.4039706587791443,0.6830489039421082,0.7420863509178162,0.4010888934135437,1.0,0.9533454179763794,0.6616790294647217
REACTOME_NUCLEAR_EVENTS_MEDIATED_BY_NFE2L2,0.0,0.0,0.06498156487941742,0.4032355844974518,0.7921550869941711,0.1329193264245987,0.1734693944454193
REACTOME_NUCLEAR_EVENTS_STIMULATED_BY_ALK_SIGNALING_IN_CANCER,0.7021511793136597,0.9061374068260193,0.7097686529159546,0.7817122340202332,0.6333011388778687,0.60329669713974,0.8705447316169739
REACTOME_NUCLEAR_IMPORT_OF_REV_PROTEIN,0.9349526762962341,1.0,0.902022659778595,0.6920258402824402,1.0,0.44703996181488037,0.874772310256958
REACTOME_NUCLEAR_PORE_COMPLEX_NPC_DISASSEMBLY,1.0,1.0,0.9965494871139526,0.9747802019119263,1.0,0.6390267610549927,
REACTOME_NUCLEAR_RECEPTOR_TRANSCRIPTION_PATHWAY,0.620794951915741,0.14679637551307678,0.846161425113678,0.7775140404701233,1.0,0.7137691378593445,0.874772310256958
REACTOME_NUCLEAR_RNA_DECAY,0.9065567255020142,0.99601149559021,0.902022659778595,0.8013843894004822,0.8287307620048523,0.9885947108268738,0.8408231735229492
REACTOME_NUCLEAR_SIGNALING_BY_ERBB4,1.0,1.0,0.8153362274169922,0.996343195438385,1.0,0.7438993453979492,0.9151299595832825
REACTOME_NUCLEOTIDE_BINDING_DOMAIN_LEUCINE_RICH_REPEAT_CONTAINING_RECEPTOR_NLR_SIGNALING_PATHWAYS,0.27050888538360596,0.8691003918647766,0.9656147360801697,0.9915596842765808,0.7310439944267273,0.9160608649253845,0.5715670585632324
REACTOME_NUCLEOTIDE_BIOSYNTHESIS,0.8655903935432434,1.0,0.6380649209022522,0.34669074416160583,0.9976895451545715,,
REACTOME_NUCLEOTIDE_CATABOLISM,0.5456258058547974,0.8484676480293274,0.7405285835266113,0.8238402605056763,0.8045742511749268,0.2784446179866791,0.38311678171157837
REACTOME_NUCLEOTIDE_EXCISION_REPAIR,1.0,0.8929769992828369,1.0,0.9915596842765808,1.0,0.6850649118423462,0.5987569093704224
REACTOME_NUCLEOTIDE_SALVAGE,0.1813904047012329,0.28146839141845703,0.7389050722122192,0.7603155374526978,0.6375198364257812,0.35784706473350525,0.5217928290367126
REACTOME_N_GLYCAN_ANTENNAE_ELONGATION,0.8192334175109863,0.9304016828536987,0.902022659778595,,0.6333011388778687,0.3291340470314026,
REACTOME_N_GLYCAN_ANTENNAE_ELONGATION_IN_THE_MEDIAL_TRANS_GOLGI,0.939409077167511,0.9273871779441833,1.0,,0.9507521986961365,0.3291340470314026,
REACTOME_N_GLYCAN_TRIMMING_IN_THE_ER_AND_CALNEXIN_CALRETICULIN_CYCLE,0.8234393000602722,0.8889214396476746,0.3381131887435913,0.48681640625,0.6985921859741211,0.7805729508399963,0.6625137329101562
REACTOME_ONCOGENE_INDUCED_SENESCENCE,0.7021511793136597,0.579745888710022,0.7231284379959106,0.8238402605056763,0.8947914242744446,0.45861688256263733,0.42971271276474
REACTOME_ONCOGENIC_MAPK_SIGNALING,0.5514304637908936,0.028414342552423477,0.8723273873329163,0.996343195438385,1.0,0.6901349425315857,0.874772310256958
REACTOME_OPIOID_SIGNALLING,0.23396965861320496,0.35866087675094604,0.9583821296691895,0.9953617453575134,1.0,0.7915254235267639,0.9976283311843872
REACTOME_ORC1_REMOVAL_FROM_CHROMATIN,0.13308696448802948,0.08523991703987122,0.0,0.26204392313957214,0.6805649399757385,0.14805825054645538,0.1480388343334198
REACTOME_OTHER_INTERLEUKIN_SIGNALING,0.8888228535652161,0.7652499675750732,0.27178046107292175,0.9210739731788635,0.9773268103599548,0.4907926917076111,0.7606554627418518
REACTOME_OTHER_SEMAPHORIN_INTERACTIONS,,,0.846161425113678,0.8695093393325806,0.7432565689086914,,
REACTOME_OVARIAN_TUMOR_DOMAIN_PROTEASES,0.25164368748664856,0.29472312331199646,0.36884981393814087,0.7603155374526978,0.8050682544708252,0.9328672885894775,0.8364737033843994
REACTOME_O_GLYCOSYLATION_OF_TSR_DOMAIN_CONTAINING_PROTEINS,,,0.846161425113678,,,,
REACTOME_O_LINKED_GLYCOSYLATION,0.7584127187728882,0.6436478495597839,0.7732130289077759,0.982296884059906,0.6365740895271301,0.9956247210502625,
REACTOME_O_LINKED_GLYCOSYLATION_OF_MUCINS,0.5126115083694458,0.8089841604232788,0.8259748816490173,,0.6333011388778687,0.9830304384231567,
REACTOME_P130CAS_LINKAGE_TO_MAPK_SIGNALING_FOR_INTEGRINS,1.0,0.2894395589828491,0.6380649209022522,,,,
REACTOME_P38MAPK_EVENTS,0.1755855232477188,0.11149825900793076,0.9073454141616821,0.996343195438385,0.7993079423904419,0.6901349425315857,
REACTOME_P75NTR_RECRUITS_SIGNALLING_COMPLEXES,0.7940947413444519,0.8567760586738586,0.5181742310523987,0.8173158764839172,0.646621584892273,0.1207522302865982,0.6715033054351807
REACTOME_P75NTR_SIGNALS_VIA_NF_KB,0.8226097226142883,0.8496020436286926,0.6068283915519714,0.930001437664032,0.670219361782074,0.25678953528404236,0.6696521639823914
REACTOME_P75_NTR_RECEPTOR_MEDIATED_SIGNALLING,0.8718721270561218,0.7673466801643372,0.9179637432098389,0.9811288118362427,0.6021000742912292,0.9576436877250671,0.7355223894119263
REACTOME_PARACETAMOL_ADME,0.7735612392425537,,0.9934903383255005,,,,
REACTOME_PARASITE_INFECTION,0.2851688265800476,0.0,0.5259148478507996,0.967186689376831,0.6333011388778687,0.5986225605010986,0.8481940627098083
REACTOME_PCNA_DEPENDENT_LONG_PATCH_BASE_EXCISION_REPAIR,1.0,0.914551317691803,0.9231055378913879,0.9963535070419312,0.6124094128608704,0.5598823428153992,0.9934186935424805
REACTOME_PCP_CE_PATHWAY,0.04559241607785225,0.0,0.08203894644975662,0.3930613100528717,0.5675139427185059,0.17213404178619385,0.2023809552192688
REACTOME_PECAM1_INTERACTIONS,0.9697566032409668,0.6769298911094666,0.9886010885238647,,0.8172543048858643,0.7884644269943237,
REACTOME_PENTOSE_PHOSPHATE_PATHWAY,0.5168232321739197,0.8154988884925842,0.992439329624176,0.5935937166213989,1.0,0.985867440700531,0.9567957520484924
REACTOME_PEPTIDE_HORMONE_METABOLISM,0.4745594561100006,0.7016099691390991,0.8787726163864136,0.9877426028251648,1.0,0.5007879734039307,0.6283210515975952
REACTOME_PEPTIDE_LIGAND_BINDING_RECEPTORS,0.8333356976509094,0.9158896803855896,0.8171792030334473,0.862456738948822,0.6012093424797058,0.3724394738674164,0.9764505624771118
REACTOME_PERK_REGULATES_GENE_EXPRESSION,0.7957943081855774,1.0,0.9073454141616821,0.8707754015922546,1.0,0.897092342376709,0.8685428500175476
REACTOME_PEROXISOMAL_LIPID_METABOLISM,1.0,0.87920081615448,0.5840561389923096,,0.9500686526298523,,
REACTOME_PEROXISOMAL_PROTEIN_IMPORT,0.9323719143867493,0.919731080532074,0.5840561389923096,0.719336211681366,1.0,0.9481388926506042,0.5144528150558472
REACTOME_PEXOPHAGY,0.457328736782074,0.5119373202323914,0.18568404018878937,0.4570527672767639,0.6476635336875916,0.4722557067871094,0.20475156605243683
REACTOME_PHASE_II_CONJUGATION_OF_COMPOUNDS,0.614224910736084,0.6436478495597839,0.41845348477363586,0.8573557138442993,0.7937642335891724,0.7251405715942383,0.26984772086143494
REACTOME_PHASE_I_FUNCTIONALIZATION_OF_COMPOUNDS,1.0,0.9881806373596191,0.7231284379959106,0.9984065294265747,0.9726981520652771,0.8725059628486633,0.9987285137176514
REACTOME_PHENYLALANINE_AND_TYROSINE_METABOLISM,,,0.9495419263839722,,,,
REACTOME_PHOSPHOLIPID_METABOLISM,0.9955817461013794,0.9277990460395813,0.9965494871139526,0.9984065294265747,1.0,0.8772354125976562,0.8949531316757202
REACTOME_PHOSPHORYLATED_BMAL1_CLOCK_ARNTL_CLOCK_ACTIVATES_EXPRESSION_OF_CORE_CLOCK_GENES,0.9423359036445618,0.23024329543113708,0.9907271862030029,0.8368711471557617,1.0,0.9731338620185852,0.9096410274505615
REACTOME_PHOSPHORYLATION_AND_NUCLEAR_TRANSLOCATION_OF_THE_CRY_PER_KINASE_COMPLEX,0.6362506747245789,0.8068149089813232,0.9656147360801697,0.6211310029029846,1.0,0.9828686118125916,0.9976283311843872
REACTOME_PHOSPHORYLATION_OF_CLOCK_ACETYLATION_OF_BMAL1_ARNTL_AT_TARGET_GENE_PROMOTERS,0.9908789396286011,0.4222780466079712,0.9089199900627136,,,0.9261133670806885,
REACTOME_PHOSPHORYLATION_OF_THE_APC_C,0.9699012041091919,1.0,0.9921388030052185,0.9259812831878662,0.7921550869941711,0.5598823428153992,0.8631828427314758
REACTOME_PI3K_AKT_ACTIVATION,0.9908789396286011,,0.9907271862030029,,,,
REACTOME_PI3K_AKT_SIGNALING_IN_CANCER,1.0,1.0,0.8259748816490173,0.5698614716529846,0.9507521986961365,0.9529982805252075,0.9987285137176514
REACTOME_PI3K_EVENTS_IN_ERBB2_SIGNALING,,,0.5831758975982666,,,,
REACTOME_PI3K_EVENTS_IN_ERBB4_SIGNALING,,,0.6626818180084229,,,,
REACTOME_PI5P_REGULATES_TP53_ACETYLATION,0.780540406703949,0.8491382598876953,0.846161425113678,0.8904983997344971,0.6333011388778687,,
REACTOME_PINK1_PRKN_MEDIATED_MITOPHAGY,0.620794951915741,0.5776651501655579,0.8259748816490173,0.441509485244751,0.5101214647293091,0.509634792804718,0.3488933742046356
REACTOME_PIWI_INTERACTING_RNA_PIRNA_BIOGENESIS,0.3806338608264923,0.6888961791992188,0.9205297827720642,0.8238402605056763,1.0,0.8809199929237366,0.8914549946784973
REACTOME_PI_3K_CASCADE_FGFR1,0.6840397119522095,0.51705002784729,0.5289015769958496,,,,
REACTOME_PI_3K_CASCADE_FGFR2,0.6840397119522095,0.51705002784729,0.5289015769958496,,,,
REACTOME_PI_3K_CASCADE_FGFR3,0.6840397119522095,0.51705002784729,0.5289015769958496,,,,
REACTOME_PI_3K_CASCADE_FGFR4,0.6840397119522095,0.51705002784729,0.5289015769958496,,,,
REACTOME_PI_METABOLISM,1.0,1.0,0.9858276844024658,0.9955492615699768,1.0,0.7571130394935608,0.9151299595832825
REACTOME_PKA_ACTIVATION_IN_GLUCAGON_SIGNALLING,0.9323719143867493,0.9738788604736328,0.7654805183410645,0.8712105751037598,,0.6956813335418701,
REACTOME_PKA_MEDIATED_PHOSPHORYLATION_OF_CREB,1.0,0.873367190361023,0.9252144694328308,0.9270055294036865,0.8717138767242432,0.38425198197364807,0.99860680103302
REACTOME_PKMTS_METHYLATE_HISTONE_LYSINES,0.6606066226959229,0.873367190361023,0.6180605888366699,0.9915596842765808,1.0,0.7707481384277344,0.7414389252662659
REACTOME_PKR_MEDIATED_SIGNALING,0.02706068754196167,0.10845442861318588,0.19269953668117523,0.040132030844688416,0.057770632207393646,0.1329193264245987,0.03473557531833649
REACTOME_PLASMA_LIPOPROTEIN_ASSEMBLY,,,0.9235004782676697,,,,
REACTOME_PLASMA_LIPOPROTEIN_ASSEMBLY_REMODELING_AND_CLEARANCE,0.9323719143867493,0.9119519591331482,0.6415830254554749,0.982296884059906,0.9826187491416931,0.7660185098648071,0.37720775604248047
REACTOME_PLASMA_LIPOPROTEIN_CLEARANCE,0.7944392561912537,0.8784310817718506,0.5164934396743774,0.9877426028251648,0.9130740761756897,0.7301762104034424,0.36380627751350403
REACTOME_PLASMA_LIPOPROTEIN_REMODELING,1.0,,0.7654805183410645,,,,
REACTOME_PLATELET_AGGREGATION_PLUG_FORMATION,0.6046532392501831,0.3283737003803253,0.7634527087211609,0.6455198526382446,0.7846860885620117,0.7301762104034424,0.8295984268188477
REACTOME_PLATELET_CALCIUM_HOMEOSTASIS,0.0467536523938179,0.7720340490341187,0.9301578998565674,0.9603306651115417,0.8996698260307312,0.7463243007659912,
REACTOME_PLATELET_HOMEOSTASIS,0.02706068754196167,0.14679637551307678,0.7595484852790833,0.9963535070419312,0.6333011388778687,0.24987755715847015,0.8073359131813049
REACTOME_PLATELET_SENSITIZATION_BY_LDL,0.5591303110122681,0.39011356234550476,0.8457300066947937,0.8695093393325806,0.8456156253814697,0.7786011099815369,0.24729600548744202
REACTOME_POLYMERASE_SWITCHING,0.9539313912391663,1.0,0.9741058945655823,,0.9801136255264282,,
REACTOME_POLYMERASE_SWITCHING_ON_THE_C_STRAND_OF_THE_TELOMERE,1.0,0.99601149559021,0.9460321664810181,0.996343195438385,1.0,0.9160608649253845,
REACTOME_POSTMITOTIC_NUCLEAR_PORE_COMPLEX_NPC_REFORMATION,1.0,1.0,1.0,0.9303656816482544,1.0,0.8266210556030273,0.44716012477874756
REACTOME_POST_CHAPERONIN_TUBULIN_FOLDING_PATHWAY,0.9482097029685974,0.9097394943237305,0.7405285835266113,0.8238402605056763,1.0,0.33459851145744324,0.9830947518348694
REACTOME_POST_TRANSCRIPTIONAL_SILENCING_BY_SMALL_RNAS,0.4635825753211975,0.42239680886268616,0.5151967406272888,,,,
REACTOME_POST_TRANSLATIONAL_MODIFICATION_SYNTHESIS_OF_GPI_ANCHORED_PROTEINS,0.6626267433166504,0.4245222210884094,0.8321361541748047,0.9747802019119263,0.6124094128608704,0.7301762104034424,0.4748152494430542
REACTOME_POTASSIUM_CHANNELS,0.8690792918205261,0.53877854347229,0.8919674158096313,0.906403660774231,0.7432565689086914,0.2539481520652771,0.8293415307998657
REACTOME_POTENTIAL_THERAPEUTICS_FOR_SARS,0.12607701122760773,0.0,0.18568404018878937,0.9915596842765808,0.4872216284275055,0.36036521196365356,0.9987285137176514
REACTOME_PREGNENOLONE_BIOSYNTHESIS,0.9908789396286011,0.8567760586738586,0.9189674854278564,,1.0,0.6326019167900085,
REACTOME_PRESYNAPTIC_FUNCTION_OF_KAINATE_RECEPTORS,0.7340249419212341,0.4120306372642517,0.34111112356185913,0.996343195438385,0.6124094128608704,0.2625773549079895,0.8705447316169739
REACTOME_PREVENTION_OF_PHAGOSOMAL_LYSOSOMAL_FUSION,0.6840397119522095,0.6436478495597839,0.6763604283332825,0.9270055294036865,0.818252444267273,0.3982048034667969,0.25776082277297974
REACTOME_PRE_NOTCH_PROCESSING_IN_GOLGI,0.9697566032409668,1.0,1.0,0.9747802019119263,0.5201268196105957,0.90484619140625,
REACTOME_PROCESSING_AND_ACTIVATION_OF_SUMO,0.6606066226959229,0.6236479878425598,0.8688679337501526,0.9915596842765808,0.6167832016944885,0.9956247210502625,0.8927506804466248
REACTOME_PROCESSING_OF_CAPPED_INTRONLESS_PRE_MRNA,1.0,0.8068149089813232,0.9674989581108093,0.8013843894004822,1.0,0.7463243007659912,0.9102376103401184
REACTOME_PROCESSING_OF_DNA_DOUBLE_STRAND_BREAK_ENDS,0.9423359036445618,0.9511553645133972,0.9568005204200745,0.996343195438385,0.94460529088974,0.9522368311882019,0.7154109477996826
REACTOME_PROCESSING_OF_INTRONLESS_PRE_MRNAS,0.7612850666046143,1.0,0.9614974856376648,0.9811288118362427,1.0,0.9160608649253845,0.8295984268188477
REACTOME_PROCESSING_OF_SMDT1,0.715828537940979,0.862202525138855,0.846161425113678,0.9984065294265747,1.0,0.9328672885894775,0.9993751049041748
REACTOME_PROCESSIVE_SYNTHESIS_ON_THE_C_STRAND_OF_THE_TELOMERE,0.9349526762962341,0.7866883277893066,0.8489769697189331,0.9603306651115417,0.9678637981414795,0.6754325032234192,
REACTOME_PROCESSIVE_SYNTHESIS_ON_THE_LAGGING_STRAND,1.0,0.8089841604232788,0.9484889507293701,,0.9558348059654236,0.3668014705181122,
REACTOME_PROGRAMMED_CELL_DEATH,0.0,0.0,0.0,0.15602503716945648,0.45374777913093567,0.039463043212890625,0.0577922947704792
REACTOME_PROLACTIN_RECEPTOR_SIGNALING,0.9423359036445618,0.8100506067276001,0.25361111760139465,,1.0,,
REACTOME_PROLONGED_ERK_ACTIVATION_EVENTS,0.8287181258201599,0.5972631573677063,0.9495419263839722,0.996343195438385,1.0,0.8947951197624207,
REACTOME_PROSTACYCLIN_SIGNALLING_THROUGH_PROSTACYCLIN_RECEPTOR,0.6606066226959229,0.44324368238449097,0.4065355658531189,0.996343195438385,0.5311653017997742,0.3506508767604828,0.7887466549873352
REACTOME_PROTEASOME_ASSEMBLY,0.0,0.0,0.0,0.0,0.0,0.0,0.0
REACTOME_PROTEIN_FOLDING,0.5226595997810364,0.3813346028327942,0.8769517540931702,0.996343195438385,0.7432565689086914,0.41149604320526123,0.6883559823036194
REACTOME_PROTEIN_HYDROXYLATION,0.14803160727024078,0.0,0.29381299018859863,0.05312233418226242,0.0,0.0,0.0
REACTOME_PROTEIN_LOCALIZATION,0.9873360395431519,0.5081894993782043,0.8121693134307861,0.0,0.9507521986961365,0.7301762104034424,0.5165839195251465
REACTOME_PROTEIN_METHYLATION,0.14345049858093262,0.46599432826042175,0.30521857738494873,0.04915204271674156,0.5675139427185059,0.8912649750709534,0.305066853761673
REACTOME_PROTEIN_PROTEIN_INTERACTIONS_AT_SYNAPSES,0.9423359036445618,0.9315793514251709,0.9506612420082092,0.9984065294265747,0.6375198364257812,0.4105769097805023,0.9987285137176514
REACTOME_PROTEIN_UBIQUITINATION,0.43683841824531555,0.6192697286605835,0.49313512444496155,0.9034162163734436,0.9035430550575256,0.575538158416748,0.7575457096099854
REACTOME_PTEN_REGULATION,0.47177934646606445,0.21619515120983124,0.5493010878562927,0.6574802398681641,0.6124094128608704,0.3291340470314026,0.29536327719688416
REACTOME_PTK6_REGULATES_RHO_GTPASES_RAS_GTPASE_AND_MAP_KINASES,0.7944392561912537,0.3743533790111542,0.9073454141616821,,1.0,0.922049880027771,
REACTOME_PTK6_REGULATES_RTKS_AND_THEIR_EFFECTORS_AKT1_AND_DOK1,0.5185606479644775,0.46599432826042175,0.5380408763885498,0.5477474927902222,0.6124094128608704,,0.2023809552192688
REACTOME_PURINERGIC_SIGNALING_IN_LEISHMANIASIS_INFECTION,0.10745298862457275,0.3496054410934448,0.613521158695221,0.2638656795024872,0.9439277648925781,0.24329040944576263,0.3002255856990814
REACTOME_PURINE_CATABOLISM,0.7021511793136597,0.9032190442085266,0.821603000164032,0.8380352258682251,1.0,0.6419636607170105,0.9314712882041931
REACTOME_PURINE_RIBONUCLEOSIDE_MONOPHOSPHATE_BIOSYNTHESIS,0.6139394640922546,1.0,0.6445614099502563,0.34669074416160583,0.9976895451545715,,
REACTOME_PURINE_SALVAGE,0.26771125197410583,0.580554723739624,0.8259748816490173,0.9915596842765808,0.6636634469032288,0.7938864827156067,0.9071397185325623
REACTOME_PYRIMIDINE_CATABOLISM,0.28626182675361633,0.42239680886268616,0.6098652482032776,0.5865339636802673,0.5970975756645203,0.6014927625656128,0.1811438947916031
REACTOME_PYRIMIDINE_SALVAGE,0.5226595997810364,0.1619223654270172,0.8259748816490173,,,,
REACTOME_PYROPTOSIS,0.13241584599018097,0.2406691014766693,0.2742045223712921,0.329741895198822,0.6333011388778687,0.24329040944576263,0.9071397185325623
REACTOME_PYRUVATE_METABOLISM,0.6882965564727783,0.6769298911094666,0.846161425113678,0.7205377221107483,0.8927114009857178,0.9016385674476624,0.8631828427314758
REACTOME_RAB_GEFS_EXCHANGE_GTP_FOR_GDP_ON_RABS,0.5226595997810364,0.3502548933029175,0.34111112356185913,0.996343195438385,0.786072850227356,0.5293110013008118,0.9753183126449585
REACTOME_RAB_GERANYLGERANYLATION,0.09799901396036148,0.028414342552423477,0.30521857738494873,0.9915596842765808,0.8759676814079285,0.9481388926506042,0.8631828427314758
REACTOME_RAB_REGULATION_OF_TRAFFICKING,0.43683841824531555,0.3168555498123169,0.4509899914264679,0.8966902494430542,0.8927114009857178,0.7362156510353088,0.9993751049041748
REACTOME_RAC1_GTPASE_CYCLE,0.2963506877422333,0.3813346028327942,0.9907271862030029,0.996343195438385,1.0,0.9702923893928528,0.8631828427314758
REACTOME_RAC2_GTPASE_CYCLE,0.24951975047588348,0.48983556032180786,0.9189674854278564,0.9263941645622253,0.6771063208580017,0.8754684925079346,0.4173060357570648
REACTOME_RAC3_GTPASE_CYCLE,0.36867544054985046,0.641817033290863,0.9073454141616821,0.982296884059906,0.833499014377594,0.8774517178535461,0.6140226721763611
REACTOME_RAF_ACTIVATION,0.21535411477088928,0.14679637551307678,0.8780339956283569,0.996343195438385,1.0,0.4818543791770935,0.22021044790744781
REACTOME_RAF_INDEPENDENT_MAPK1_3_ACTIVATION,0.5168232321739197,0.9391137957572937,0.9089199900627136,0.9314072728157043,0.8345522284507751,0.5598823428153992,0.9426349997520447
REACTOME_RAP1_SIGNALLING,0.8718721270561218,0.4353867471218109,0.9678745269775391,0.9953617453575134,0.5311653017997742,0.3519265353679657,0.9109777212142944
REACTOME_RAS_ACTIVATION_UPON_CA2_INFLUX_THROUGH_NMDA_RECEPTOR,0.8950610160827637,0.7720340490341187,0.9595507383346558,,0.8169905543327332,,
REACTOME_RAS_PROCESSING,0.8389135003089905,0.8104221224784851,0.9252144694328308,0.9887670278549194,0.6333011388778687,0.7786011099815369,0.458855003118515
REACTOME_RA_BIOSYNTHESIS_PATHWAY,0.6606066226959229,,,,,,
REACTOME_RECEPTOR_MEDIATED_MITOPHAGY,0.8704591393470764,0.6886606812477112,1.0,0.8695093393325806,0.8287307620048523,0.9656667709350586,
REACTOME_RECOGNITION_AND_ASSOCIATION_OF_DNA_GLYCOSYLASE_WITH_SITE_CONTAINING_AN_AFFECTED_PURINE,0.8901145458221436,0.9322248101234436,0.9764825105667114,0.4618455767631531,0.459782212972641,0.8809511065483093,0.7887466549873352
REACTOME_RECOGNITION_OF_DNA_DAMAGE_BY_PCNA_CONTAINING_REPLICATION_COMPLEX,0.8537440299987793,0.9117162823677063,0.846161425113678,0.996343195438385,0.8947914242744446,0.8262850046157837,0.6756545901298523
REACTOME_RECRUITMENT_OF_MITOTIC_CENTROSOME_PROTEINS_AND_COMPLEXES,1.0,1.0,0.9715437889099121,0.996343195438385,0.8045742511749268,0.5227962136268616,0.8535864949226379
REACTOME_RECRUITMENT_OF_NUMA_TO_MITOTIC_CENTROSOMES,0.942007303237915,1.0,0.846161425113678,0.9915596842765808,1.0,0.5388156771659851,0.8705447316169739
REACTOME_RECYCLING_OF_EIF2_GDP,0.9663284420967102,0.940829873085022,0.8866522908210754,0.9915596842765808,0.9976895451545715,0.6470003128051758,
REACTOME_RECYCLING_PATHWAY_OF_L1,0.07850479334592819,0.2795930504798889,0.5946388244628906,0.9329084157943726,1.0,0.9866999983787537,0.9987285137176514
REACTOME_REDUCTION_OF_CYTOSOLIC_CA_LEVELS,0.37533706426620483,0.573634684085846,0.8544743657112122,,,,
REACTOME_REGULATED_NECROSIS,0.06091758608818054,0.24241794645786285,0.5243617296218872,0.7205377221107483,0.8045742511749268,0.5233988761901855,0.9709221720695496
REACTOME_REGULATED_PROTEOLYSIS_OF_P75NTR,0.85604327917099,0.9890122413635254,0.9934903383255005,0.996343195438385,0.7473664283752441,,
REACTOME_REGULATION_BY_C_FLIP,0.047514911741018295,0.20159481465816498,0.5289015769958496,,,,
REACTOME_REGULATION_OF_APOPTOSIS,0.02706068754196167,0.05037088319659233,0.050163399428129196,0.37011218070983887,0.5675139427185059,0.19094917178153992,0.22021044790744781
REACTOME_REGULATION_OF_BACH1_ACTIVITY,0.5808886289596558,0.4991452991962433,0.846161425113678,0.9849832057952881,0.7189240455627441,0.8146061301231384,0.5987569093704224
REACTOME_REGULATION_OF_BETA_CELL_DEVELOPMENT,0.9691448211669922,0.7135388255119324,0.5313886404037476,0.9210739731788635,0.5902093648910522,,
REACTOME_REGULATION_OF_CDH11_FUNCTION,,,0.6068283915519714,,,,
REACTOME_REGULATION_OF_CDH11_MRNA_TRANSLATION_BY_MICRORNAS,0.5891870856285095,0.42239680886268616,0.9595507383346558,,,,
REACTOME_REGULATION_OF_CHOLESTEROL_BIOSYNTHESIS_BY_SREBP_SREBF,0.6606066226959229,0.7348200678825378,0.846161425113678,0.996343195438385,0.6124094128608704,0.8912649750709534,0.7599544525146484
REACTOME_REGULATION_OF_CYTOSKELETAL_REMODELING_AND_CELL_SPREADING_BY_IPP_COMPLEX_COMPONENTS,0.9697566032409668,0.6040893197059631,0.7389050722122192,,,,0.883571445941925
REACTOME_REGULATION_OF_ENDOGENOUS_RETROELEMENTS_BY_THE_HUMAN_SILENCING_HUB_HUSH_COMPLEX,1.0,0.9934471249580383,0.9554108381271362,0.8712105751037598,0.7035520076751709,0.8809511065483093,0.9976283311843872
REACTOME_REGULATION_OF_EXPRESSION_OF_SLITS_AND_ROBOS,0.0,0.0,0.0,0.0,0.0,0.0,0.0
REACTOME_REGULATION_OF_FOXO_TRANSCRIPTIONAL_ACTIVITY_BY_ACETYLATION,0.5491728186607361,0.8089841604232788,0.9674989581108093,,0.6142839193344116,,
REACTOME_REGULATION_OF_FZD_BY_UBIQUITINATION,0.44193536043167114,0.39011356234550476,0.060122400522232056,0.4570527672767639,0.6333011388778687,0.19094917178153992,0.03546012192964554
REACTOME_REGULATION_OF_GENE_EXPRESSION_BY_HYPOXIA_INDUCIBLE_FACTOR,0.9908789396286011,0.8033139109611511,1.0,0.906403660774231,0.9507521986961365,,
REACTOME_REGULATION_OF_GENE_EXPRESSION_IN_LATE_STAGE_BRANCHING_MORPHOGENESIS_PANCREATIC_BUD_PRECURSOR_CELLS,0.9423359036445618,0.8209280967712402,0.9297767877578735,0.9210739731788635,0.6012093424797058,,
REACTOME_REGULATION_OF_GLUCOKINASE_BY_GLUCOKINASE_REGULATORY_PROTEIN,1.0,1.0,0.9779297113418579,0.9747802019119263,1.0,0.6390267610549927,
REACTOME_REGULATION_OF_GLYCOLYSIS_BY_FRUCTOSE_2_6_BISPHOSPHATE_METABOLISM,0.9349526762962341,,0.9806985259056091,,,,
REACTOME_REGULATION_OF_HOMOTYPIC_CELL_CELL_ADHESION,0.8950610160827637,0.8591428399085999,0.8011990785598755,0.9915596842765808,0.8287307620048523,0.8146061301231384,0.9976283311843872
REACTOME_REGULATION_OF_HSF1_MEDIATED_HEAT_SHOCK_RESPONSE,0.9259079694747925,1.0,0.9965494871139526,0.996343195438385,0.8717138767242432,0.8809511065483093,0.8685428500175476
REACTOME_REGULATION_OF_IFNA_IFNB_SIGNALING,0.0467536523938179,0.10962332785129547,0.03241131827235222,0.5477474927902222,0.41323792934417725,0.3506508767604828,0.3707924485206604
REACTOME_REGULATION_OF_IFNG_SIGNALING,0.21545834839344025,0.4690620005130768,0.143352672457695,0.5238460898399353,0.6985921859741211,0.7561346292495728,0.4629761576652527
REACTOME_REGULATION_OF_INNATE_IMMUNE_RESPONSES_TO_CYTOSOLIC_DNA,0.6046532392501831,0.8591428399085999,0.6445614099502563,0.9877426028251648,0.9507521986961365,0.8813114166259766,0.5914014577865601
REACTOME_REGULATION_OF_INSULIN_LIKE_GROWTH_FACTOR_IGF_TRANSPORT_AND_UPTAKE_BY_INSULIN_LIKE_GROWTH_FACTOR_BINDING_PROTEINS_IGFBPS,0.48785465955734253,0.5272927284240723,0.3216445744037628,0.6561908721923828,0.824932873249054,0.6956813335418701,0.29240864515304565
REACTOME_REGULATION_OF_INSULIN_SECRETION,0.9539313912391663,0.6732680797576904,0.3850535750389099,0.847565233707428,0.8927114009857178,0.5510239601135254,0.8293415307998657
REACTOME_REGULATION_OF_KIT_SIGNALING,0.7612850666046143,0.9119519591331482,0.9690480828285217,0.906403660774231,1.0,0.9160608649253845,0.9109777212142944
REACTOME_REGULATION_OF_LIPID_METABOLISM_BY_PPARALPHA,1.0,1.0,0.992439329624176,0.967186689376831,1.0,0.9171326160430908,0.8705447316169739
REACTOME_REGULATION_OF_LOCALIZATION_OF_FOXO_TRANSCRIPTION_FACTORS,0.5168232321739197,0.48129764199256897,0.9674989581108093,0.9877426028251648,0.9434627890586853,,
REACTOME_REGULATION_OF_MECP2_EXPRESSION_AND_ACTIVITY,0.620794951915741,0.6732680797576904,0.8604600429534912,0.9561854004859924,0.7906081080436707,0.9956247210502625,0.4197530746459961
REACTOME_REGULATION_OF_MITF_M_DEPENDENT_GENES_INVOLVED_IN_APOPTOSIS,0.620794951915741,0.7576977610588074,0.7485494613647461,0.3952504098415375,0.4872216284275055,0.9805861711502075,
REACTOME_REGULATION_OF_MITF_M_DEPENDENT_GENES_INVOLVED_IN_CELL_CYCLE_AND_PROLIFERATION,0.029912389814853668,0.9689539670944214,0.846161425113678,0.9314072728157043,0.8486587405204773,0.9685415029525757,
REACTOME_REGULATION_OF_MITF_M_DEPENDENT_GENES_INVOLVED_IN_LYSOSOME_BIOGENESIS_AND_AUTOPHAGY,0.1508076786994934,0.3283737003803253,0.613521158695221,0.8839408159255981,0.6906262040138245,0.9118086695671082,0.3495403826236725
REACTOME_REGULATION_OF_MITF_M_DEPENDENT_GENES_INVOLVED_IN_PIGMENTATION,0.8749558925628662,0.43527117371559143,0.7471891045570374,0.9873344898223877,1.0,0.9345226287841797,0.6344904899597168
REACTOME_REGULATION_OF_MRNA_STABILITY_BY_PROTEINS_THAT_BIND_AU_RICH_ELEMENTS,0.11103367805480957,0.08049898594617844,0.29381299018859863,0.4032355844974518,0.6012093424797058,0.1710105538368225,0.292806476354599
REACTOME_REGULATION_OF_NFE2L2_GENE_EXPRESSION,0.9867027997970581,0.5776651501655579,0.504542350769043,,0.5675139427185059,,
REACTOME_REGULATION_OF_NF_KAPPA_B_SIGNALING,0.7021511793136597,0.8209280967712402,0.8386061191558838,0.5384213328361511,0.22670872509479523,0.7707481384277344,
REACTOME_REGULATION_OF_NPAS4_GENE_EXPRESSION,0.646020233631134,0.37675344944000244,0.9779297113418579,0.7165952920913696,0.9617951512336731,0.8919973373413086,
REACTOME_REGULATION_OF_NPAS4_MRNA_TRANSLATION,0.5891870856285095,0.42239680886268616,0.9595507383346558,,,,
REACTOME_REGULATION_OF_ORNITHINE_DECARBOXYLASE_ODC,0.0,0.0,0.03066626749932766,0.1456005871295929,0.467658668756485,0.0,0.0
REACTOME_REGULATION_OF_PLK1_ACTIVITY_AT_G2_M_TRANSITION,0.9873360395431519,0.87920081615448,0.9523634314537048,0.982296884059906,1.0,0.629263162612915,0.9780289530754089
REACTOME_REGULATION_OF_PTEN_GENE_TRANSCRIPTION,1.0,0.7886004447937012,0.846161425113678,0.996343195438385,1.0,0.9194821119308472,0.9987285137176514
REACTOME_REGULATION_OF_PTEN_LOCALIZATION,0.6840397119522095,0.69135582447052,0.8052924275398254,0.9915596842765808,0.8045742511749268,0.7321319580078125,0.2049645334482193
REACTOME_REGULATION_OF_PTEN_MRNA_TRANSLATION,0.7282711863517761,0.4793643355369568,0.9764825105667114,,1.0,0.9830304384231567,
REACTOME_REGULATION_OF_PTEN_STABILITY_AND_ACTIVITY,0.0994708389043808,0.2393665611743927,0.05006523057818413,0.45828884840011597,0.5675139427185059,0.22166705131530762,0.23526538908481598
REACTOME_REGULATION_OF_PYRUVATE_DEHYDROGENASE_PDH_COMPLEX,0.620794951915741,0.69135582447052,0.8011990785598755,0.996343195438385,,,
REACTOME_REGULATION_OF_PYRUVATE_METABOLISM,0.6728666424751282,0.6699255704879761,0.9220757484436035,0.8707754015922546,0.9976895451545715,0.5692176222801208,0.8293415307998657
REACTOME_REGULATION_OF_RAS_BY_GAPS,0.16323798894882202,0.06728886067867279,0.06780534237623215,0.15602503716945648,0.6333011388778687,0.07053297013044357,0.1611524224281311
REACTOME_REGULATION_OF_RUNX1_EXPRESSION_AND_ACTIVITY,0.7612850666046143,0.708943784236908,0.7635647058486938,0.9519725441932678,0.7937642335891724,0.3351929187774658,
REACTOME_REGULATION_OF_RUNX2_EXPRESSION_AND_ACTIVITY,0.0,0.028414342552423477,0.03066626749932766,0.06552313268184662,0.4050874412059784,0.1710105538368225,0.14863388240337372
REACTOME_REGULATION_OF_RUNX3_EXPRESSION_AND_ACTIVITY,0.0,0.05037088319659233,0.15645968914031982,0.35167548060417175,0.6078108549118042,0.18947777152061462,0.20475156605243683
REACTOME_REGULATION_OF_SIGNALING_BY_CBL,0.4831184446811676,0.6522406935691833,0.5576940774917603,0.46210208535194397,0.8287307620048523,0.47996973991394043,0.25776082277297974
REACTOME_REGULATION_OF_TBK1_IKK_IKBKE_MEDIATED_ACTIVATION_OF_IRF3_IRF7,0.7021511793136597,0.6886606812477112,0.7489834427833557,0.9811288118362427,0.4872216284275055,0.6902272701263428,0.33062273263931274
REACTOME_REGULATION_OF_TBK1_IKK_MEDIATED_ACTIVATION_OF_IRF3_IRF7_UPON_TLR3_LIGATION,0.7624180316925049,0.7576977610588074,0.4203905761241913,0.36671262979507446,0.5311653017997742,0.6902272701263428,0.06407982110977173
REACTOME_REGULATION_OF_TLR_BY_ENDOGENOUS_LIGAND,0.5627335906028748,0.708943784236908,0.22541415691375732,0.19653065502643585,1.0,,0.4851088225841522
REACTOME_REGULATION_OF_TP53_ACTIVITY,1.0,1.0,0.992439329624176,0.996343195438385,0.45374777913093567,0.9830304384231567,0.8631828427314758
REACTOME_REGULATION_OF_TP53_ACTIVITY_THROUGH_ACETYLATION,1.0,0.9729868769645691,0.9715437889099121,0.996343195438385,0.9726981520652771,0.9699312448501587,0.8030956387519836
REACTOME_REGULATION_OF_TP53_ACTIVITY_THROUGH_ASSOCIATION_WITH_CO_FACTORS,1.0,0.9110985398292542,0.3218872845172882,,,,
REACTOME_REGULATION_OF_TP53_ACTIVITY_THROUGH_METHYLATION,0.39207109808921814,0.48983556032180786,0.3926374018192291,0.8707754015922546,0.5675139427185059,0.26704972982406616,0.08391405642032623
REACTOME_REGULATION_OF_TP53_ACTIVITY_THROUGH_PHOSPHORYLATION,0.8527646660804749,1.0,0.995812177658081,0.8238402605056763,0.6078108549118042,0.8183823227882385,0.6411048173904419
REACTOME_REGULATION_OF_TP53_EXPRESSION_AND_DEGRADATION,0.6119487881660461,0.7801533937454224,0.4807801842689514,0.6485843658447266,0.45374777913093567,0.7167337536811829,0.14863388240337372
REACTOME_REGULATION_OF_T_CELL_ACTIVATION_BY_CD28_FAMILY,0.7957943081855774,0.39011356234550476,1.0,0.6485843658447266,0.9976895451545715,0.5510239601135254,0.9629151821136475
REACTOME_REPLACEMENT_OF_PROTAMINES_BY_NUCLEOSOMES_IN_THE_MALE_PRONUCLEUS,0.967819094657898,0.919731080532074,0.9863051176071167,,,0.8061161041259766,
REACTOME_REPRESSION_OF_WNT_TARGET_GENES,0.09469346702098846,0.3496054410934448,1.0,0.3989160358905792,0.786072850227356,0.6385701894760132,0.33066362142562866
REACTOME_RESOLUTION_OF_ABASIC_SITES_AP_SITES,1.0,0.9032190442085266,1.0,0.996343195438385,0.7098916172981262,0.646202027797699,0.9987285137176514
REACTOME_RESOLUTION_OF_AP_SITES_VIA_THE_MULTIPLE_NUCLEOTIDE_PATCH_REPLACEMENT_PATHWAY,0.9908789396286011,0.9732887148857117,0.9353811144828796,0.9877426028251648,0.5675139427185059,0.5692176222801208,0.9987285137176514
REACTOME_RESOLUTION_OF_D_LOOP_STRUCTURES,0.9259079694747925,0.419220894575119,0.846161425113678,0.6920258402824402,1.0,0.6901349425315857,
REACTOME_RESOLUTION_OF_D_LOOP_STRUCTURES_THROUGH_SYNTHESIS_DEPENDENT_STRAND_ANNEALING_SDSA,0.8821451663970947,0.27312183380126953,0.8171792030334473,0.6920258402824402,1.0,0.6901349425315857,
REACTOME_RESOLUTION_OF_SISTER_CHROMATID_COHESION,0.8074324131011963,1.0,0.9703006744384766,0.996343195438385,1.0,0.9731338620185852,0.6883559823036194
REACTOME_RESPIRATORY_ELECTRON_TRANSPORT,0.02706068754196167,0.4165572226047516,0.7405285835266113,0.4464845359325409,0.6167832016944885,0.6962436437606812,0.9839494228363037
REACTOME_RESPIRATORY_SYNCYTIAL_VIRUS_INFECTION_PATHWAY,0.0,0.0,0.0,0.0,0.1313352882862091,0.1710105538368225,0.03426877409219742
REACTOME_RESPIRATORY_SYNCYTIAL_VIRUS_RSV_ATTACHMENT_AND_ENTRY,0.9867027997970581,0.6581816673278809,0.9089199900627136,0.4710236191749573,0.7432565689086914,0.9529982805252075,0.9096410274505615
REACTOME_RESPIRATORY_SYNCYTIAL_VIRUS_RSV_GENOME_REPLICATION_TRANSCRIPTION_AND_TRANSLATION,0.10354772955179214,0.1903396099805832,0.9779297113418579,0.9335312843322754,0.9507521986961365,0.42202892899513245,0.5362244844436646
REACTOME_RESPONSE_OF_EIF2AK1_HRI_TO_HEME_DEFICIENCY,0.9085420370101929,0.7734128832817078,0.8457300066947937,0.6463651061058044,1.0,0.7725570201873779,0.9145350456237793
REACTOME_RESPONSE_OF_EIF2AK4_GCN2_TO_AMINO_ACID_DEFICIENCY,0.0,0.0,0.0,0.0,0.0,0.0,0.0
REACTOME_RESPONSE_OF_MTB_TO_PHAGOCYTOSIS,0.7735612392425537,0.5512378215789795,0.9106080532073975,0.8238402605056763,0.8947914242744446,0.7167337536811829,0.8685428500175476
REACTOME_RESPONSE_TO_ELEVATED_PLATELET_CYTOSOLIC_CA2,0.02706068754196167,0.11649379134178162,0.03066626749932766,0.6555796265602112,0.8927114009857178,0.60329669713974,0.6095606684684753
REACTOME_RESPONSE_TO_METAL_IONS,0.06113365665078163,0.02851562574505806,0.0,,,,
REACTOME_RETROGRADE_NEUROTROPHIN_SIGNALLING,0.19872505962848663,0.1396757960319519,0.995812177658081,0.9847996830940247,0.6333011388778687,0.6391175389289856,0.9987285137176514
REACTOME_RETROGRADE_TRANSPORT_AT_THE_TRANS_GOLGI_NETWORK,1.0,0.8691386580467224,0.38604971766471863,0.996343195438385,0.926018238067627,0.9967319965362549,0.9105703234672546
REACTOME_RET_SIGNALING,0.8901145458221436,0.7756552696228027,0.846161425113678,0.996343195438385,1.0,0.8899204134941101,
REACTOME_RHOA_GTPASE_CYCLE,0.10354772955179214,0.15079812705516815,1.0,0.9915596842765808,1.0,0.9969854950904846,1.0
REACTOME_RHOBTB1_GTPASE_CYCLE,0.9574060440063477,0.940829873085022,0.9640493988990784,0.9263941645622253,0.9726981520652771,0.45861688256263733,0.9709221720695496
REACTOME_RHOBTB2_GTPASE_CYCLE,0.9423359036445618,0.6886606812477112,0.8259748816490173,0.6815281510353088,1.0,0.41287147998809814,0.9618724584579468
REACTOME_RHOBTB_GTPASE_CYCLE,0.8537440299987793,0.919731080532074,0.7676222324371338,0.8714088201522827,1.0,0.43693599104881287,0.9780289530754089
REACTOME_RHOB_GTPASE_CYCLE,0.554839551448822,0.33073025941848755,0.9907271862030029,0.9877426028251648,0.9976895451545715,0.9967319965362549,0.9987285137176514
REACTOME_RHOC_GTPASE_CYCLE,0.13935859501361847,0.5185673832893372,0.9952583909034729,0.9007572531700134,0.8287307620048523,0.9805861711502075,1.0
REACTOME_RHOD_GTPASE_CYCLE,0.8234393000602722,0.9322248101234436,0.5840561389923096,0.982296884059906,0.9439277648925781,0.8813114166259766,0.9993751049041748
REACTOME_RHOF_GTPASE_CYCLE,0.9873360395431519,0.47166764736175537,0.9862827062606812,0.7452378869056702,1.0,0.9866999983787537,0.9867690801620483
REACTOME_RHOG_GTPASE_CYCLE,0.3929356336593628,0.7675419449806213,1.0,0.8988328576087952,1.0,0.4818543791770935,1.0
REACTOME_RHOH_GTPASE_CYCLE,0.13378863036632538,0.258510023355484,0.34111112356185913,0.9877426028251648,1.0,0.7321319580078125,0.5715670585632324
REACTOME_RHOJ_GTPASE_CYCLE,0.6273292899131775,0.7919918298721313,0.3174110949039459,1.0,0.9879795908927917,0.749300479888916,0.7736777663230896
REACTOME_RHOQ_GTPASE_CYCLE,0.5079972147941589,0.9511553645133972,0.6763604283332825,0.996343195438385,0.8947914242744446,0.9261133670806885,0.8747486472129822
REACTOME_RHOU_GTPASE_CYCLE,0.7735612392425537,1.0,0.992439329624176,0.9963535070419312,1.0,0.8216062784194946,0.9071397185325623
REACTOME_RHOV_GTPASE_CYCLE,0.6332195401191711,0.99601149559021,0.9858276844024658,0.996343195438385,1.0,0.8947951197624207,0.8100062012672424
REACTOME_RHO_GTPASES_ACTIVATE_CIT,0.0994708389043808,0.0,0.578682005405426,0.9210739731788635,0.22670872509479523,0.7388551831245422,0.7736777663230896
REACTOME_RHO_GTPASES_ACTIVATE_FORMINS,0.1614254117012024,0.7135388255119324,0.9806985259056091,0.9311378002166748,1.0,0.9345226287841797,0.6095606684684753
REACTOME_RHO_GTPASES_ACTIVATE_IQGAPS,0.3691294193267822,0.6636943817138672,0.7654805183410645,0.9603306651115417,1.0,0.9016385674476624,0.8631828427314758
REACTOME_RHO_GTPASES_ACTIVATE_KTN1,0.7735612392425537,0.5185673832893372,0.2933850884437561,0.7050417065620422,0.8682994842529297,0.6901349425315857,0.5553522109985352
REACTOME_RHO_GTPASES_ACTIVATE_NADPH_OXIDASES,0.7826445698738098,0.8338092565536499,0.3065902292728424,0.04111001268029213,0.94460529088974,0.5986225605010986,0.05992121249437332
REACTOME_RHO_GTPASES_ACTIVATE_PAKS,0.16458435356616974,0.05037088319659233,0.4994456470012665,0.8707754015922546,1.0,0.8266210556030273,0.36450451612472534
REACTOME_RHO_GTPASES_ACTIVATE_ROCKS,0.06195990368723869,0.0,0.36884981393814087,0.906403660774231,0.5675139427185059,0.9178683161735535,0.6033204793930054
REACTOME_RHO_GTPASES_ACTIVATE_WASPS_AND_WAVES,0.267619788646698,0.028414342552423477,0.5840561389923096,0.8216750621795654,0.6124094128608704,0.4305535554885864,0.5917924642562866
REACTOME_RIBAVIRIN_ADME,0.5095294117927551,0.4457070231437683,1.0,0.996343195438385,0.8366042375564575,,
REACTOME_RIPK1_MEDIATED_REGULATED_NECROSIS,0.4395928978919983,0.6886606812477112,0.8619648814201355,0.9915596842765808,0.8499059081077576,0.6725050210952759,0.8949531316757202
REACTOME_RIP_MEDIATED_NFKB_ACTIVATION_VIA_ZBP1,0.09178187698125839,0.4204854369163513,0.5946388244628906,0.6574802398681641,0.6012093424797058,0.7463243007659912,
REACTOME_RMTS_METHYLATE_HISTONE_ARGININES,1.0,0.99601149559021,0.5831758975982666,0.9877426028251648,1.0,0.4781428873538971,0.9651599526405334
REACTOME_RNA_POLYMERASE_III_CHAIN_ELONGATION,0.8333356976509094,0.5879284143447876,0.7654805183410645,0.9984065294265747,0.786072850227356,0.9866999983787537,0.9933233261108398
REACTOME_RNA_POLYMERASE_III_TRANSCRIPTION,0.8287181258201599,0.9090316891670227,0.9674989581108093,0.982296884059906,0.9726981520652771,0.8893651962280273,0.874772310256958
REACTOME_RNA_POLYMERASE_III_TRANSCRIPTION_INITIATION_FROM_TYPE_1_PROMOTER,0.7957943081855774,0.9545243382453918,0.6428077816963196,0.9955492615699768,1.0,0.7846274375915527,0.9993751049041748
REACTOME_RNA_POLYMERASE_III_TRANSCRIPTION_INITIATION_FROM_TYPE_3_PROMOTER,0.8476577401161194,0.8691003918647766,0.9764825105667114,1.0,0.7035520076751709,0.9830304384231567,0.9993751049041748
REACTOME_RNA_POLYMERASE_III_TRANSCRIPTION_TERMINATION,0.9099445343017578,0.9315793514251709,0.9656147360801697,0.8924435377120972,0.9759123921394348,0.9866999983787537,0.7759835720062256
REACTOME_RNA_POLYMERASE_II_PRE_TRANSCRIPTION_EVENTS,0.9663284420967102,1.0,1.0,0.9984065294265747,1.0,0.9533454179763794,0.9109777212142944
REACTOME_RNA_POLYMERASE_II_TRANSCRIBES_SNRNA_GENES,1.0,1.0,0.9907271862030029,0.9887670278549194,1.0,0.934411883354187,0.8949531316757202
REACTOME_RNA_POLYMERASE_II_TRANSCRIPTION_TERMINATION,0.9908789396286011,0.99601149559021,0.9862827062606812,0.6027177572250366,1.0,0.694807767868042,0.9829374551773071
REACTOME_RNA_POLYMERASE_I_TRANSCRIPTION_INITIATION,1.0,0.9729868769645691,0.8716866374015808,0.9953617453575134,0.8042972683906555,0.8130102753639221,0.7864658832550049
REACTOME_RNA_POLYMERASE_I_TRANSCRIPTION_TERMINATION,1.0,0.919731080532074,1.0,0.847565233707428,0.6333011388778687,0.9171326160430908,0.9522883296012878
REACTOME_RND1_GTPASE_CYCLE,0.6840397119522095,0.9337241649627686,0.46124690771102905,0.22152148187160492,0.825476348400116,0.575538158416748,0.4231913089752197
REACTOME_RND2_GTPASE_CYCLE,1.0,0.39030909538269043,0.7732130289077759,0.9034162163734436,0.8786105513572693,0.8912649750709534,0.8802056908607483
REACTOME_RND3_GTPASE_CYCLE,1.0,0.9805194735527039,0.9779761433601379,0.996343195438385,0.9823456406593323,0.9000796675682068,0.9993751049041748
REACTOME_ROLE_OF_ABL_IN_ROBO_SLIT_SIGNALING,,,0.846161425113678,,,,
REACTOME_ROLE_OF_LAT2_NTAL_LAB_ON_CALCIUM_MOBILIZATION,0.9824475049972534,1.0,0.9073454141616821,0.9651044607162476,0.9850507378578186,0.8899204134941101,0.9806315898895264
REACTOME_ROLE_OF_PHOSPHOLIPIDS_IN_PHAGOCYTOSIS,0.9690397381782532,0.9475551247596741,0.6977825164794922,0.7884945869445801,0.6375198364257812,0.1710105538368225,0.8568563461303711
REACTOME_RORA_B_C_AND_NR1D1_REV_ERBA_REGULATE_GENE_EXPRESSION,0.7306557297706604,0.9158896803855896,0.37830230593681335,0.9877426028251648,1.0,0.9529982805252075,
REACTOME_ROS_AND_RNS_PRODUCTION_IN_PHAGOCYTES,0.20718437433242798,0.3259156048297882,0.15091092884540558,0.19638636708259583,0.5410967469215393,0.9533454179763794,0.0
REACTOME_RRNA_MODIFICATION_IN_THE_NUCLEUS_AND_CYTOSOL,0.1697523593902588,0.03289584815502167,0.20911026000976562,0.0,0.07837150245904922,0.17806969583034515,0.0
REACTOME_RRNA_PROCESSING,0.0,0.0,0.0,0.0,0.0,0.0,0.0
REACTOME_RRNA_PROCESSING_IN_THE_MITOCHONDRION,0.5919469594955444,0.4457070231437683,0.9568005204200745,,,,
REACTOME_RSK_ACTIVATION,0.8171619772911072,0.580554723739624,0.8780339956283569,,,,
REACTOME_RSV_HOST_INTERACTIONS,0.0,0.028414342552423477,0.0,0.0,0.2102184146642685,0.07053297013044357,0.03473557531833649
REACTOME_RUNX1_AND_FOXP3_CONTROL_THE_DEVELOPMENT_OF_REGULATORY_T_LYMPHOCYTES_TREGS,0.4116836488246918,,,,,0.7013219594955444,
REACTOME_RUNX1_INTERACTS_WITH_CO_FACTORS_WHOSE_PRECISE_EFFECT_ON_RUNX1_TARGETS_IS_NOT_KNOWN,1.0,0.9110985398292542,0.8457300066947937,0.9984065294265747,0.9738292694091797,0.9702923893928528,0.7759835720062256
REACTOME_RUNX2_REGULATES_BONE_DEVELOPMENT,0.7612850666046143,0.9277990460395813,0.7737076282501221,0.9877426028251648,1.0,0.6956813335418701,
REACTOME_RUNX2_REGULATES_OSTEOBLAST_DIFFERENTIATION,0.611965537071228,0.873367190361023,0.6328592300415039,0.9877426028251648,1.0,0.7301762104034424,
REACTOME_RUNX3_REGULATES_NOTCH_SIGNALING,0.7341911792755127,0.8771710991859436,0.9595507383346558,0.982296884059906,0.5675139427185059,,
REACTOME_RUNX3_REGULATES_P14_ARF,0.7341911792755127,0.6800885200500488,0.9495419263839722,0.9963535070419312,1.0,0.5928513407707214,
REACTOME_SARS_COV_1_ACTIVATES_MODULATES_INNATE_IMMUNE_RESPONSES,0.02706068754196167,0.24241794645786285,0.16813626885414124,0.4233107268810272,0.6461888551712036,0.45552656054496765,0.4947932958602905
REACTOME_SARS_COV_1_HOST_INTERACTIONS,0.0,0.0,0.0,0.0,0.0,0.0,0.0
REACTOME_SARS_COV_1_INFECTION,0.0,0.0,0.0,0.0,0.0,0.0,0.0
REACTOME_SARS_COV_1_MODULATES_HOST_TRANSLATION_MACHINERY,0.0,0.0,0.0,0.0,0.0,0.0,0.0
REACTOME_SARS_COV_1_TARGETS_HOST_INTRACELLULAR_SIGNALLING_AND_REGULATORY_PATHWAYS,0.11811655759811401,0.62215256690979,0.3216445744037628,0.817524790763855,0.8169905543327332,0.10273684561252594,0.8927506804466248
REACTOME_SARS_COV_2_ACTIVATES_MODULATES_INNATE_AND_ADAPTIVE_IMMUNE_RESPONSES,0.02706068754196167,0.18413032591342926,0.0,0.08705902844667435,0.1313352882862091,0.1710105538368225,0.0
REACTOME_SARS_COV_2_HOST_INTERACTIONS,0.0,0.0,0.04912196472287178,0.06693071871995926,0.0,0.0,0.0
REACTOME_SARS_COV_2_MODULATES_AUTOPHAGY,0.480069637298584,0.4698997735977173,0.9858276844024658,,,,
REACTOME_SARS_COV_2_MODULATES_HOST_TRANSLATION_MACHINERY,0.0,0.0,0.0,0.0,0.0,0.0,0.0
REACTOME_SARS_COV_2_TARGETS_HOST_INTRACELLULAR_SIGNALLING_AND_REGULATORY_PATHWAYS,0.20556440949440002,0.5779439806938171,0.7847586870193481,0.996343195438385,0.8757515549659729,0.18947777152061462,0.8631828427314758
REACTOME_SCAVENGING_BY_CLASS_A_RECEPTORS,,,0.7918633222579956,0.37302839756011963,,,
REACTOME_SCAVENGING_OF_HEME_FROM_PLASMA,,,0.613521158695221,,,,
REACTOME_SCF_BETA_TRCP_MEDIATED_DEGRADATION_OF_EMI1,0.09469346702098846,0.11891152709722519,0.03066626749932766,0.37470245361328125,0.5902093648910522,0.18601427972316742,0.20475156605243683
REACTOME_SCF_SKP2_MEDIATED_DEGRADATION_OF_P27_P21,0.0598597414791584,0.1572544127702713,0.03066626749932766,0.35167548060417175,0.22670872509479523,0.18601427972316742,0.20475156605243683
REACTOME_SEALING_OF_THE_NUCLEAR_ENVELOPE_NE_BY_ESCRT_III,0.7021511793136597,0.8873933553695679,0.8858460783958435,0.9915596842765808,1.0,0.9866999983787537,0.9993751049041748
REACTOME_SELECTIVE_AUTOPHAGY,0.605557918548584,0.856328547000885,0.6180605888366699,0.40008026361465454,0.9524557590484619,0.791799008846283,0.874772310256958
REACTOME_SELENOAMINO_ACID_METABOLISM,0.0,0.0,0.0,0.0,0.0,0.0,0.0
REACTOME_SEMA3A_PAK_DEPENDENT_AXON_REPULSION,0.39207109808921814,0.4928039014339447,0.6357495784759521,0.967186689376831,1.0,0.6345388293266296,0.4197530746459961
REACTOME_SEMA3A_PLEXIN_REPULSION_SIGNALING_BY_INHIBITING_INTEGRIN_ADHESION,,,0.6244645118713379,0.5657354593276978,,,
REACTOME_SEMA4D_INDUCED_CELL_MIGRATION_AND_GROWTH_CONE_COLLAPSE,0.16298417747020721,0.028724607080221176,0.2863600552082062,0.9877426028251648,0.4872216284275055,0.7167337536811829,0.7736777663230896
REACTOME_SEMA4D_IN_SEMAPHORIN_SIGNALING,0.12607701122760773,0.05146507918834686,0.43059515953063965,0.8695093393325806,0.459782212972641,0.7592054009437561,0.7375726699829102
REACTOME_SEMA4D_MEDIATED_INHIBITION_OF_CELL_ATTACHMENT_AND_MIGRATION,,,0.6415830254554749,,,,
REACTOME_SEMAPHORIN_INTERACTIONS,0.0467536523938179,0.06728886067867279,0.43059515953063965,0.7817122340202332,0.6333011388778687,0.791799008846283,0.5285578370094299
REACTOME_SENSORY_PROCESSING_OF_SOUND,0.2004174143075943,0.06728886067867279,0.6301754713058472,0.4233107268810272,0.6124094128608704,0.8216062784194946,0.5902236700057983
REACTOME_SENSORY_PROCESSING_OF_SOUND_BY_OUTER_HAIR_CELLS_OF_THE_COCHLEA,0.0,0.06728886067867279,0.37602800130844116,0.8921329975128174,0.6476635336875916,0.7301762104034424,0.7213960886001587
REACTOME_SEPARATION_OF_SISTER_CHROMATIDS,0.13378863036632538,0.30185467004776,0.26347219944000244,0.8325663208961487,0.833499014377594,0.5293110013008118,0.17188739776611328
REACTOME_SERINE_METABOLISM,,,0.6068283915519714,,,,
REACTOME_SHC1_EVENTS_IN_EGFR_SIGNALING,0.7940947413444519,0.3980425000190735,0.32447341084480286,,,,0.9109777212142944
REACTOME_SHC1_EVENTS_IN_ERBB2_SIGNALING,0.967819094657898,0.721627414226532,0.5946388244628906,0.353426456451416,0.9507521986961365,,0.8949531316757202
REACTOME_SHC1_EVENTS_IN_ERBB4_SIGNALING,0.7940947413444519,0.3980425000190735,0.6977825164794922,,,,
REACTOME_SHC_MEDIATED_CASCADE_FGFR1,0.7940947413444519,0.3980425000190735,0.6763604283332825,,,,
REACTOME_SHC_MEDIATED_CASCADE_FGFR3,0.7940947413444519,0.3980425000190735,0.6763604283332825,,,,
REACTOME_SHC_MEDIATED_CASCADE_FGFR4,0.7940947413444519,0.3980425000190735,0.6763604283332825,,,,
REACTOME_SHC_RELATED_EVENTS_TRIGGERED_BY_IGF1R,0.9699012041091919,0.3980425000190735,0.6763604283332825,,,,
REACTOME_SIALIC_ACID_METABOLISM,0.7108733057975769,1.0,0.4380824863910675,0.8712105751037598,0.7759605646133423,0.9544092416763306,
REACTOME_SIGNALING_BY_ACTIVIN,0.7612850666046143,0.46459582448005676,0.9015001654624939,,,,
REACTOME_SIGNALING_BY_ALK,0.8821740746498108,0.9859570860862732,0.9040411710739136,0.8238402605056763,1.0,0.4410496652126312,0.36407342553138733
REACTOME_SIGNALING_BY_ALK_IN_CANCER,0.9323719143867493,0.8209280967712402,0.7784106135368347,0.9210739731788635,0.8045742511749268,0.6754972338676453,0.7154109477996826
REACTOME_SIGNALING_BY_BMP,0.5168232321739197,0.99601149559021,0.888442873954773,,,,
REACTOME_SIGNALING_BY_BRAF_AND_RAF1_FUSIONS,0.6364791989326477,0.13340440392494202,0.7957507371902466,0.9877426028251648,1.0,0.7167337536811829,0.8949531316757202
REACTOME_SIGNALING_BY_CSF1_M_CSF_IN_MYELOID_CELLS,0.9423359036445618,0.9217092990875244,0.9205297827720642,0.9915596842765808,1.0,0.8146061301231384,0.8535864949226379
REACTOME_SIGNALING_BY_CSF3_G_CSF,0.6139394640922546,0.7092657089233398,0.652959942817688,0.72849440574646,0.833499014377594,0.8580538630485535,0.7550060153007507
REACTOME_SIGNALING_BY_CTNNB1_PHOSPHO_SITE_MUTANTS,0.5765573978424072,0.7713643908500671,0.995812177658081,0.9915596842765808,1.0,0.8580538630485535,0.5715670585632324
REACTOME_SIGNALING_BY_CYTOSOLIC_FGFR1_FUSION_MUTANTS,0.7940947413444519,0.5172902345657349,0.6139503717422485,0.4618455767631531,0.6124094128608704,0.5496602654457092,0.8705447316169739
REACTOME_SIGNALING_BY_EGFR,0.9765540361404419,0.9071388840675354,0.90699702501297,0.996343195438385,0.9079169034957886,0.6345388293266296,0.7458156943321228
REACTOME_SIGNALING_BY_EGFR_IN_CANCER,0.9323719143867493,0.919731080532074,0.9674989581108093,0.9217811226844788,0.779959499835968,0.7809021472930908,0.7606554627418518
REACTOME_SIGNALING_BY_ERBB2,0.8499964475631714,0.9110985398292542,0.9862827062606812,0.9747802019119263,0.7921550869941711,0.41149604320526123,0.6756545901298523
REACTOME_SIGNALING_BY_ERBB2_ECD_MUTANTS,0.614224910736084,0.5099718570709229,0.7580246925354004,0.8840292692184448,1.0,0.7695308327674866,0.9096410274505615
REACTOME_SIGNALING_BY_ERBB2_IN_CANCER,0.6501858830451965,0.4222780466079712,0.6676895618438721,0.7158784866333008,1.0,0.6725050210952759,0.9349651336669922
REACTOME_SIGNALING_BY_ERBB4,0.9423359036445618,0.9881806373596191,0.6445614099502563,0.7728555798530579,0.6949054002761841,0.4125145375728607,0.33062273263931274
REACTOME_SIGNALING_BY_ERYTHROPOIETIN,0.932553231716156,0.6398464441299438,0.855129599571228,0.8238402605056763,0.926018238067627,0.6419636607170105,0.97630774974823
REACTOME_SIGNALING_BY_FGFR,0.9873360395431519,0.8708204627037048,0.7971157431602478,0.31030189990997314,0.9043735861778259,0.41287147998809814,0.22021044790744781
REACTOME_SIGNALING_BY_FGFR1,0.9400887489318848,0.9158896803855896,0.8723273873329163,0.7603155374526978,0.8045742511749268,0.5504018068313599,0.3609921336174011
REACTOME_SIGNALING_BY_FGFR1_IN_DISEASE,0.7390229105949402,0.4119110405445099,0.38604971766471863,0.35167548060417175,0.6480869054794312,0.31731531023979187,0.8631828427314758
REACTOME_SIGNALING_BY_FGFR2,0.9620006680488586,0.7680630087852478,0.7482166886329651,0.31030189990997314,0.9043735861778259,0.40303099155426025,0.22021044790744781
REACTOME_SIGNALING_BY_FGFR2_IIIA_TM,0.9908789396286011,0.8549845814704895,0.9073454141616821,0.6131305694580078,1.0,0.934411883354187,0.9096410274505615
REACTOME_SIGNALING_BY_FGFR2_IN_DISEASE,0.9699012041091919,0.8665033578872681,0.9965494871139526,0.8904983997344971,1.0,0.8853878378868103,0.8631828427314758
REACTOME_SIGNALING_BY_FGFR3,0.9136374592781067,0.9117162823677063,0.9021459817886353,0.7603155374526978,0.8045742511749268,0.4817834496498108,0.3609921336174011
REACTOME_SIGNALING_BY_FGFR4,0.9136374592781067,0.9117162823677063,0.8723273873329163,0.7603155374526978,0.8045742511749268,0.4817834496498108,0.3609921336174011
REACTOME_SIGNALING_BY_FGFR4_IN_DISEASE,0.9691448211669922,0.922674834728241,0.7841587662696838,,0.9773268103599548,,
REACTOME_SIGNALING_BY_FGFR_IN_DISEASE,0.7353533506393433,0.5414322018623352,0.7885047197341919,0.7026547789573669,0.779959499835968,0.6759960651397705,0.8834884762763977
REACTOME_SIGNALING_BY_FLT3_FUSION_PROTEINS,0.7256166934967041,0.9217092990875244,0.9595507383346558,0.5884320139884949,1.0,0.9642326831817627,0.17188739776611328
REACTOME_SIGNALING_BY_FLT3_ITD_AND_TKD_MUTANTS,0.5491728186607361,0.7348200678825378,0.9595507383346558,0.4464845359325409,1.0,0.7561346292495728,0.7829212546348572
REACTOME_SIGNALING_BY_HEDGEHOG,0.2837350368499756,0.10845442861318588,0.34147244691848755,0.8153190612792969,0.6333011388778687,0.30876055359840393,0.32153385877609253
REACTOME_SIGNALING_BY_HIPPO,0.6750268340110779,0.9110985398292542,0.613521158695221,,0.6078108549118042,,
REACTOME_SIGNALING_BY_INSULIN_RECEPTOR,0.6280568242073059,0.46599432826042175,0.8321361541748047,0.6036500930786133,1.0,0.9093102812767029,0.3002255856990814
REACTOME_SIGNALING_BY_KIT_IN_DISEASE,0.4831184446811676,0.4399407207965851,0.1779710203409195,0.19638636708259583,0.7432565689086914,0.6507203578948975,0.6625137329101562
REACTOME_SIGNALING_BY_LEPTIN,1.0,0.9069748520851135,0.8868063688278198,,0.9507521986961365,,
REACTOME_SIGNALING_BY_LTK,0.7369451522827148,1.0,0.9764825105667114,,1.0,,
REACTOME_SIGNALING_BY_LTK_IN_CANCER,0.9908789396286011,0.9315793514251709,0.8052924275398254,,,,
REACTOME_SIGNALING_BY_MET,0.9691448211669922,0.6070685982704163,0.9764825105667114,0.9915596842765808,0.7846860885620117,0.8130102753639221,0.3793930113315582
REACTOME_SIGNALING_BY_MODERATE_KINASE_ACTIVITY_BRAF_MUTANTS,0.3740828037261963,0.028414342552423477,0.7830508351325989,0.9314072728157043,1.0,0.8146061301231384,0.5885025262832642
REACTOME_SIGNALING_BY_MRAS_COMPLEX_MUTANTS,0.6905199885368347,0.7652499675750732,0.7343881130218506,0.847111165523529,1.0,0.3557499647140503,
REACTOME_SIGNALING_BY_NODAL,0.8599920272827148,0.6412466168403625,0.9073454141616821,,0.6012093424797058,,
REACTOME_SIGNALING_BY_NOTCH1,0.6606066226959229,0.7135388255119324,0.6983190774917603,0.906403660774231,0.6246284246444702,0.8958574533462524,0.7759835720062256
REACTOME_SIGNALING_BY_NOTCH1_HD_DOMAIN_MUTANTS_IN_CANCER,0.5555555820465088,0.26260602474212646,0.61539626121521,0.5332778096199036,0.6985921859741211,0.5077008605003357,
REACTOME_SIGNALING_BY_NOTCH1_PEST_DOMAIN_MUTANTS_IN_CANCER,0.7021511793136597,0.7928716540336609,0.9179637432098389,0.9915596842765808,0.7432565689086914,0.9702923893928528,0.7355223894119263
REACTOME_SIGNALING_BY_NOTCH2,0.7612850666046143,0.6158510446548462,0.43416091799736023,0.719336211681366,0.7432565689086914,0.646202027797699,0.06584643572568893
REACTOME_SIGNALING_BY_NOTCH3,0.707862138748169,0.8567760586738586,0.846161425113678,0.9877426028251648,0.724452555179596,0.6345388293266296,0.6883559823036194
REACTOME_SIGNALING_BY_NOTCH4,0.0598597414791584,0.05037088319659233,0.1735934466123581,0.31030189990997314,0.6333011388778687,0.18239891529083252,0.2502783536911011
REACTOME_SIGNALING_BY_NTRK2_TRKB,0.8074324131011963,0.9158896803855896,0.9862827062606812,0.719336211681366,0.9447315335273743,0.8585542440414429,0.860209584236145
REACTOME_SIGNALING_BY_NTRK3_TRKC,0.7940947413444519,0.7675419449806213,0.8880866169929504,0.8153190612792969,0.9507521986961365,,
REACTOME_SIGNALING_BY_NTRKS,0.13378863036632538,0.4711723327636719,0.9179637432098389,0.9953617453575134,0.9507521986961365,0.6530894041061401,0.9038070440292358
REACTOME_SIGNALING_BY_PDGF,0.6840397119522095,0.5402076244354248,0.6556578874588013,0.36067432165145874,0.8343586921691895,0.3351929187774658,0.5715670585632324
REACTOME_SIGNALING_BY_PDGFRA_TRANSMEMBRANE_JUXTAMEMBRANE_AND_KINASE_DOMAIN_MUTANTS,0.6376922130584717,0.5185673832893372,0.4065355658531189,0.19653065502643585,0.62641441822052,0.45552656054496765,0.5715670585632324
REACTOME_SIGNALING_BY_PDGFR_IN_DISEASE,0.7240701913833618,0.31691765785217285,0.5289015769958496,0.4032355844974518,0.7341755032539368,0.7106590270996094,0.6468470096588135
REACTOME_SIGNALING_BY_PTK6,0.9527334570884705,0.9592549800872803,0.7654805183410645,0.8325663208961487,0.7035520076751709,0.8216062784194946,0.6756545901298523
REACTOME_SIGNALING_BY_RETINOIC_ACID,0.8655903935432434,0.8642456531524658,0.8121693134307861,0.7603155374526978,0.8738033175468445,0.7106590270996094,
REACTOME_SIGNALING_BY_ROBO_RECEPTORS,0.0,0.0,0.0,0.0,0.0,0.0,0.0
REACTOME_SIGNALING_BY_SCF_KIT,0.6531697511672974,0.6082928776741028,0.43416091799736023,0.21868830919265747,0.8927114009857178,0.1983925998210907,0.6616790294647217
REACTOME_SIGNALING_BY_TGFBR3,0.8926670551300049,1.0,0.8011990785598755,0.996343195438385,0.9507521986961365,0.5510239601135254,0.9780289530754089
REACTOME_SIGNALING_BY_TGFB_FAMILY_MEMBERS,0.7021511793136597,0.703001856803894,0.9595507383346558,0.737907886505127,0.9439277648925781,0.9871401190757751,0.9867690801620483
REACTOME_SIGNALING_BY_TGF_BETA_RECEPTOR_COMPLEX,0.7072922587394714,0.8889214396476746,0.9974876046180725,0.493773877620697,0.9203542470932007,0.9866999983787537,0.9102376103401184
REACTOME_SIGNALING_BY_TGF_BETA_RECEPTOR_COMPLEX_IN_CANCER,0.9136374592781067,0.867584764957428,0.7264212965965271,,0.7906081080436707,0.6901349425315857,
REACTOME_SIGNALING_BY_THE_B_CELL_RECEPTOR_BCR,0.0,0.0,0.0,0.47373390197753906,0.49070098996162415,0.07053297013044357,0.14863388240337372
REACTOME_SIGNALING_BY_TYPE_1_INSULIN_LIKE_GROWTH_FACTOR_1_RECEPTOR_IGF1R,0.7624180316925049,0.6138675808906555,0.586205780506134,0.982296884059906,0.7432565689086914,0.8809511065483093,
REACTOME_SIGNALING_BY_VEGF,0.2317238748073578,0.48129764199256897,0.8818930983543396,0.376522421836853,0.8644676208496094,0.6112542152404785,0.21664167940616608
REACTOME_SIGNALING_BY_WNT_IN_CANCER,0.5891870856285095,0.6512484550476074,0.8259748816490173,0.996343195438385,1.0,0.9656667709350586,0.7887466549873352
REACTOME_SIGNALLING_TO_ERKS,0.16298417747020721,0.0,0.8818930983543396,0.996343195438385,0.833499014377594,0.842275083065033,0.8227584958076477
REACTOME_SIGNALLING_TO_RAS,0.13361957669258118,0.08693386614322662,0.8895490169525146,0.996343195438385,0.8117146492004395,0.7113676071166992,0.947890043258667
REACTOME_SIGNAL_AMPLIFICATION,0.5808886289596558,0.3160173296928406,0.9574596881866455,0.996343195438385,0.6771063208580017,0.2379327118396759,0.9934186935424805
REACTOME_SIGNAL_ATTENUATION,0.9438369274139404,0.9671472907066345,0.9073454141616821,,,,
REACTOME_SIGNAL_REGULATORY_PROTEIN_FAMILY_INTERACTIONS,1.0,0.982703447341919,0.5587995052337646,0.28803929686546326,1.0,0.8246801495552063,0.7887466549873352
REACTOME_SIGNAL_TRANSDUCTION_BY_L1,0.770698606967926,0.6192697286605835,0.7156177163124084,0.9915596842765808,1.0,0.849297046661377,0.4086443781852722
REACTOME_SIRT1_NEGATIVELY_REGULATES_RRNA_EXPRESSION,1.0,0.99601149559021,1.0,0.9877426028251648,0.5754013061523438,0.8672978281974792,0.9867690801620483
REACTOME_SLBP_DEPENDENT_PROCESSING_OF_REPLICATION_DEPENDENT_HISTONE_PRE_MRNAS,0.7021511793136597,0.7407562136650085,0.9924569129943848,0.8695093393325806,0.9976895451545715,0.5510239601135254,0.9993751049041748
REACTOME_SLC_MEDIATED_TRANSMEMBRANE_TRANSPORT,0.7940947413444519,0.8873933553695679,0.5289015769958496,0.35167548060417175,0.9064554572105408,0.9063938856124878,0.7355223894119263
REACTOME_SLC_TRANSPORTER_DISORDERS,1.0,1.0,0.992439329624176,0.996343195438385,0.9976895451545715,0.8219509720802307,0.9987285137176514
REACTOME_SMAC_XIAP_REGULATED_APOPTOTIC_RESPONSE,0.48910605907440186,0.5113658308982849,0.39914605021476746,,,,
REACTOME_SMAD2_SMAD3_SMAD4_HETEROTRIMER_REGULATES_TRANSCRIPTION,0.605557918548584,0.4353867471218109,0.7231284379959106,0.2824424207210541,0.6124094128608704,0.21314387023448944,0.5232698321342468
REACTOME_SMALL_INTERFERING_RNA_SIRNA_BIOGENESIS,0.6139394640922546,0.4793643355369568,0.9595507383346558,0.992351233959198,0.833499014377594,0.791799008846283,
REACTOME_SMOOTH_MUSCLE_CONTRACTION,0.0,0.028414342552423477,0.30398374795913696,0.8325663208961487,0.8759676814079285,0.3910256326198578,0.14182116091251373
REACTOME_SNRNP_ASSEMBLY,0.9323719143867493,0.8398478627204895,0.9934903383255005,0.8238402605056763,0.926018238067627,0.7516342997550964,0.9973618388175964
REACTOME_SOMITOGENESIS,0.0,0.0,0.0,0.08705902844667435,0.09769802540540695,0.0,0.0
REACTOME_SOS_MEDIATED_SIGNALLING,0.9349526762962341,0.8654870390892029,0.7343881130218506,,1.0,,
REACTOME_SPECIFICATION_OF_PRIMORDIAL_GERM_CELLS,,0.9110985398292542,,,,,
REACTOME_SPHINGOLIPID_CATABOLISM,,,0.846161425113678,,,,
REACTOME_SPHINGOLIPID_DE_NOVO_BIOSYNTHESIS,0.7000194191932678,0.6082928776741028,1.0,0.5901482701301575,0.779959499835968,0.8618313074111938,0.7392730712890625
REACTOME_SPHINGOLIPID_METABOLISM,0.620794951915741,0.8218674063682556,0.9495419263839722,0.6036500930786133,0.9204440116882324,0.9933829307556152,0.8956315517425537
REACTOME_SPRY_REGULATION_OF_FGF_SIGNALING,0.605557918548584,0.721627414226532,0.5151967406272888,0.4022069275379181,0.7432565689086914,0.38425198197364807,0.39138245582580566
REACTOME_SRP_DEPENDENT_COTRANSLATIONAL_PROTEIN_TARGETING_TO_MEMBRANE,0.0,0.0,0.0,0.0,0.0,0.0,0.0
REACTOME_STABILIZATION_OF_P53,0.09469346702098846,0.028414342552423477,0.08203894644975662,0.4022069275379181,0.6333011388778687,0.1710105538368225,0.20475156605243683
REACTOME_STAT3_NUCLEAR_EVENTS_DOWNSTREAM_OF_ALK_SIGNALING,0.6903523802757263,0.8696173429489136,0.9761176109313965,0.906403660774231,1.0,0.5685179829597473,0.5144528150558472
REACTOME_STAT5_ACTIVATION,1.0,1.0,0.5840561389923096,,,,
REACTOME_STAT5_ACTIVATION_DOWNSTREAM_OF_FLT3_ITD_MUTANTS,0.7021511793136597,0.7697972655296326,0.49313512444496155,,,,
REACTOME_STIMULI_SENSING_CHANNELS,0.9518004059791565,0.7092657089233398,0.846161425113678,0.7704879641532898,0.6012093424797058,0.6470003128051758,0.36979639530181885
REACTOME_STING_MEDIATED_INDUCTION_OF_HOST_IMMUNE_RESPONSES,0.09665156900882721,0.24130132794380188,0.3376525044441223,0.719336211681366,0.9507521986961365,0.20215409994125366,0.16653861105442047
REACTOME_STRAND_ASYNCHRONOUS_MITOCHONDRIAL_DNA_REPLICATION,0.8516281247138977,0.45277082920074463,0.9595507383346558,,,,
REACTOME_STRIATED_MUSCLE_CONTRACTION,0.5168232321739197,0.6800885200500488,0.9040411710739136,0.9877426028251648,0.8717138767242432,,
REACTOME_SULFUR_AMINO_ACID_METABOLISM,0.9423359036445618,0.9322248101234436,0.9779297113418579,0.9877426028251648,0.7800619602203369,0.8912649750709534,0.9096410274505615
REACTOME_SUMOYLATION,1.0,0.9881806373596191,1.0,0.9554293751716614,1.0,0.31731531023979187,0.7606554627418518
REACTOME_SUMOYLATION_OF_CHROMATIN_ORGANIZATION_PROTEINS,0.9217405915260315,0.8209280967712402,0.9996888637542725,0.9915596842765808,1.0,0.25396251678466797,0.7606554627418518
REACTOME_SUMOYLATION_OF_DNA_DAMAGE_RESPONSE_AND_REPAIR_PROTEINS,1.0,0.9545243382453918,0.6653385758399963,0.996343195438385,1.0,0.6326019167900085,0.9541921615600586
REACTOME_SUMOYLATION_OF_DNA_METHYLATION_PROTEINS,0.8360133767127991,0.8549845814704895,0.8321361541748047,,1.0,0.7301762104034424,
REACTOME_SUMOYLATION_OF_DNA_REPLICATION_PROTEINS,1.0,1.0,0.995812177658081,0.996343195438385,1.0,0.18239891529083252,0.641743540763855
REACTOME_SUMOYLATION_OF_IMMUNE_RESPONSE_PROTEINS,0.25067126750946045,0.5638653039932251,0.6693322658538818,0.6485843658447266,0.5675139427185059,0.1983925998210907,0.5414101481437683
REACTOME_SUMOYLATION_OF_INTRACELLULAR_RECEPTORS,0.8652903437614441,0.18080495297908783,0.9764825105667114,0.900767982006073,0.9407299160957336,0.9967319965362549,0.8631828427314758
REACTOME_SUMOYLATION_OF_RNA_BINDING_PROTEINS,1.0,1.0,0.9862827062606812,0.7603155374526978,1.0,0.6326019167900085,0.8100844025611877
REACTOME_SUMOYLATION_OF_SUMOYLATION_PROTEINS,1.0,1.0,1.0,0.9915596842765808,1.0,0.5077008605003357,0.7892551422119141
REACTOME_SUMOYLATION_OF_TRANSCRIPTION_COFACTORS,0.6376922130584717,0.6436478495597839,0.8308568596839905,1.0,1.0,0.9888988137245178,0.9780289530754089
REACTOME_SUMOYLATION_OF_TRANSCRIPTION_FACTORS,0.9423359036445618,0.9859570860862732,0.8937638998031616,0.9915596842765808,0.6333011388778687,0.9866999983787537,0.9987285137176514
REACTOME_SUMOYLATION_OF_UBIQUITINYLATION_PROTEINS,1.0,1.0,0.7831767797470093,0.9915596842765808,1.0,0.6419636607170105,0.8705447316169739
REACTOME_SUMO_IS_PROTEOLYTICALLY_PROCESSED,0.9873360395431519,0.9591349363327026,0.9555982947349548,,0.6502470970153809,,
REACTOME_SUMO_IS_TRANSFERRED_FROM_E1_TO_E2_UBE2I_UBC9,0.614224910736084,0.6732680797576904,1.0,0.9915596842765808,0.7310439944267273,0.9828686118125916,0.8927506804466248
REACTOME_SUPPRESSION_OF_PHAGOSOMAL_MATURATION,0.620794951915741,0.7768115997314453,0.8321361541748047,0.7817122340202332,0.7975273132324219,0.5774674415588379,0.5715670585632324
REACTOME_SURFACTANT_METABOLISM,0.9873360395431519,0.51705002784729,0.846161425113678,0.7225654125213623,0.646621584892273,,
REACTOME_SWITCHING_OF_ORIGINS_TO_A_POST_REPLICATIVE_STATE,0.18112921714782715,0.17786286771297455,0.0665174052119255,0.427420049905777,0.6012093424797058,0.2651229798793793,0.11512721329927444
REACTOME_SYNAPTIC_ADHESION_LIKE_MOLECULES,,,0.846161425113678,,,,
REACTOME_SYNDECAN_INTERACTIONS,0.7021511793136597,0.8665033578872681,0.6763604283332825,,,,
REACTOME_SYNTHESIS_OF_5_EICOSATETRAENOIC_ACIDS,,,0.6556578874588013,,,,0.8949531316757202
REACTOME_SYNTHESIS_OF_ACTIVE_UBIQUITIN_ROLES_OF_E1_AND_E2_ENZYMES,0.8909939527511597,0.9315793514251709,0.9053056240081787,0.996343195438385,0.8927114009857178,0.8958574533462524,0.8227584958076477
REACTOME_SYNTHESIS_OF_BILE_ACIDS_AND_BILE_SALTS,0.7021511793136597,0.8873933553695679,0.5520222783088684,0.9915596842765808,0.9823456406593323,,
REACTOME_SYNTHESIS_OF_BILE_ACIDS_AND_BILE_SALTS_VIA_7ALPHA_HYDROXYCHOLESTEROL,0.9349526762962341,0.87920081615448,0.43416091799736023,0.9915596842765808,1.0,,
REACTOME_SYNTHESIS_OF_DNA,0.28393229842185974,0.21619515120983124,0.09670205414295197,0.38285043835639954,0.5675139427185059,0.17806969583034515,0.14863388240337372
REACTOME_SYNTHESIS_OF_GLYCOSYLPHOSPHATIDYLINOSITOL_GPI,1.0,0.8567760586738586,0.8443326950073242,,0.9976895451545715,,
REACTOME_SYNTHESIS_OF_IP2_IP_AND_INS_IN_THE_CYTOSOL,1.0,0.6398464441299438,0.9495419263839722,,,,
REACTOME_SYNTHESIS_OF_IP3_AND_IP4_IN_THE_CYTOSOL,0.7957943081855774,0.7382409572601318,0.9715437889099121,0.9963535070419312,0.7473664283752441,,
REACTOME_SYNTHESIS_OF_LEUKOTRIENES_LT_AND_EOXINS_EX,0.8420256972312927,,0.47871512174606323,,0.9507521986961365,,
REACTOME_SYNTHESIS_OF_PA,0.4764752686023712,0.8209280967712402,1.0,,1.0,,
REACTOME_SYNTHESIS_OF_PC,0.9908789396286011,0.9110985398292542,0.7231284379959106,0.9887670278549194,0.9507521986961365,0.3291340470314026,
REACTOME_SYNTHESIS_OF_PE,0.8169194459915161,0.9322248101234436,0.7676222324371338,,,,
REACTOME_SYNTHESIS_OF_PIPS_AT_THE_EARLY_ENDOSOME_MEMBRANE,0.9908789396286011,0.8491382598876953,0.7489834427833557,,0.9035430550575256,,
REACTOME_SYNTHESIS_OF_PIPS_AT_THE_GOLGI_MEMBRANE,0.9136374592781067,0.8784310817718506,0.7389050722122192,,0.6333011388778687,,
REACTOME_SYNTHESIS_OF_PIPS_AT_THE_LATE_ENDOSOME_MEMBRANE,1.0,1.0,0.7453010678291321,,1.0,,
REACTOME_SYNTHESIS_OF_PIPS_AT_THE_PLASMA_MEMBRANE,0.8537570238113403,0.9273871779441833,0.9040411710739136,0.9747802019119263,1.0,0.8146061301231384,0.9785553216934204
REACTOME_SYNTHESIS_OF_PROSTAGLANDINS_PG_AND_THROMBOXANES_TX,0.506230354309082,0.6888961791992188,0.8153362274169922,,,0.9160608649253845,
REACTOME_SYNTHESIS_OF_SUBSTRATES_IN_N_GLYCAN_BIOSYTHESIS,1.0,0.9117162823677063,0.5126224756240845,0.719336211681366,0.6333011388778687,0.9967319965362549,0.8293415307998657
REACTOME_SYNTHESIS_OF_VERY_LONG_CHAIN_FATTY_ACYL_COAS,0.7021511793136597,1.0,0.5946388244628906,0.6113826036453247,0.8717138767242432,0.9702923893928528,0.9993751049041748
REACTOME_SYNTHESIS_SECRETION_AND_DEACYLATION_OF_GHRELIN,0.20556440949440002,0.7407562136650085,0.9574596881866455,0.7884945869445801,1.0,0.9529982805252075,0.8631828427314758
REACTOME_SYNTHESIS_SECRETION_AND_INACTIVATION_OF_GLUCAGON_LIKE_PEPTIDE_1_GLP_1,0.28626182675361633,0.7276936173439026,0.7264212965965271,0.972403883934021,0.8260475993156433,0.8695545196533203,0.8302931189537048
REACTOME_SYNTHESIS_SECRETION_AND_INACTIVATION_OF_GLUCOSE_DEPENDENT_INSULINOTROPIC_POLYPEPTIDE_GIP,0.2804357409477234,0.87920081615448,0.8880866169929504,0.8712105751037598,1.0,0.9529982805252075,0.8378043174743652
REACTOME_S_PHASE,0.6280568242073059,0.48129764199256897,0.1469075232744217,0.4233107268810272,0.6012093424797058,0.4426996111869812,0.21664167940616608
REACTOME_TAK1_DEPENDENT_IKK_AND_NF_KAPPA_B_ACTIVATION,0.30926501750946045,0.9248459339141846,0.9103139638900757,0.8988328576087952,0.4050874412059784,0.769740879535675,0.7887466549873352
REACTOME_TBC_RABGAPS,0.38639330863952637,0.3980425000190735,0.846161425113678,0.9877426028251648,0.779959499835968,0.7943794131278992,0.9284936785697937
REACTOME_TCR_SIGNALING,0.04504165053367615,0.0,0.0,0.0,0.5735507011413574,0.2817575931549072,0.0953638032078743
REACTOME_TELOMERE_C_STRAND_LAGGING_STRAND_SYNTHESIS,1.0,0.9171118140220642,0.9353811144828796,0.9953617453575134,0.9823456406593323,0.9260758757591248,0.6693688631057739
REACTOME_TELOMERE_C_STRAND_SYNTHESIS_INITIATION,0.9898504614830017,0.9037760496139526,0.9583821296691895,,0.9628019332885742,0.5774674415588379,
REACTOME_TELOMERE_EXTENSION_BY_TELOMERASE,0.28456488251686096,0.5185673832893372,0.9495419263839722,0.8712105751037598,0.9507521986961365,0.629263162612915,0.44145944714546204
REACTOME_TELOMERE_MAINTENANCE,0.7612850666046143,0.5119373202323914,0.9670528173446655,0.9605573415756226,0.5910087823867798,0.907379686832428,0.9541921615600586
REACTOME_TERMINATION_OF_O_GLYCAN_BIOSYNTHESIS,,,0.36647048592567444,,,,
REACTOME_TERMINATION_OF_TRANSLESION_DNA_SYNTHESIS,0.4831184446811676,0.6396834254264832,0.613521158695221,0.6036500930786133,0.6771063208580017,0.2539481520652771,0.6756545901298523
REACTOME_TETRAHYDROBIOPTERIN_BH4_SYNTHESIS_RECYCLING_SALVAGE_AND_REGULATION,0.1744321882724762,0.8491382598876953,0.902022659778595,,,0.455246239900589,
REACTOME_TGFBR3_EXPRESSION,0.9663284420967102,0.8665033578872681,0.8259748816490173,0.9984065294265747,1.0,0.9520204067230225,
REACTOME_TGFBR3_PTM_REGULATION,0.620794951915741,0.708943784236908,0.7654805183410645,0.9449660778045654,0.6333011388778687,,
REACTOME_TGFBR3_REGULATES_TGF_BETA_SIGNALING,0.9663284420967102,0.8491382598876953,0.9779297113418579,,,0.9765114784240723,
REACTOME_TGF_BETA_RECEPTOR_SIGNALING_ACTIVATES_SMADS,0.7940947413444519,0.9119519591331482,0.25439178943634033,0.08705902844667435,1.0,0.8809511065483093,0.24729600548744202
REACTOME_TGF_BETA_RECEPTOR_SIGNALING_IN_EMT_EPITHELIAL_TO_MESENCHYMAL_TRANSITION,0.5702985525131226,0.6070685982704163,0.36916786432266235,0.7218562960624695,0.8287307620048523,0.5685179829597473,0.3818238079547882
REACTOME_THE_ACTIVATION_OF_ARYLSULFATASES,0.7940947413444519,,0.846161425113678,,,,
REACTOME_THE_CRY_PER_KINASE_COMPLEX_REPRESSES_TRANSACTIVATION_BY_THE_BMAL_CLOCK_ARNTL_CLOCK_COMPLEX,1.0,0.4108783006668091,0.8716866374015808,,0.6071584224700928,0.954177975654602,
REACTOME_THE_NLRP3_INFLAMMASOME,0.12607701122760773,0.3563691973686218,0.7264212965965271,0.4022069275379181,0.8540571928024292,0.27470603585243225,0.08067617565393448
REACTOME_THE_PHOTOTRANSDUCTION_CASCADE,1.0,0.7077226042747498,0.29381299018859863,0.6485843658447266,0.8759676814079285,0.8185823559761047,0.33062273263931274
REACTOME_THE_ROLE_OF_GTSE1_IN_G2_M_PROGRESSION_AFTER_G2_CHECKPOINT,0.0,0.1191142201423645,0.41346028447151184,0.3918917775154114,0.5675139427185059,0.24987755715847015,0.25776082277297974
REACTOME_THE_ROLE_OF_NEF_IN_HIV_1_REPLICATION_AND_DISEASE_PATHOGENESIS,0.36382395029067993,0.5369086265563965,0.9252144694328308,0.5901482701301575,1.0,0.8204779028892517,0.6095606684684753
REACTOME_THROMBIN_SIGNALLING_THROUGH_PROTEINASE_ACTIVATED_RECEPTORS_PARS,0.8337739109992981,0.33726927638053894,0.8194530010223389,0.996343195438385,0.6985921859741211,0.9116291999816895,0.9925827980041504
REACTOME_THROMBOXANE_SIGNALLING_THROUGH_TP_RECEPTOR,0.7563084959983826,0.5078836679458618,0.975256621837616,0.996343195438385,0.6333011388778687,0.25396251678466797,0.8949531316757202
REACTOME_TICAM1_DEPENDENT_ACTIVATION_OF_IRF3_IRF7,0.506230354309082,0.5999813079833984,0.7950564622879028,0.9877426028251648,0.7432565689086914,0.7941828370094299,0.7759835720062256
REACTOME_TICAM1_RIP1_MEDIATED_IKK_COMPLEX_RECRUITMENT,0.7021511793136597,0.6823349595069885,0.8259748816490173,0.8924049139022827,0.6333011388778687,0.38425198197364807,0.6696521639823914
REACTOME_TICAM1_TRAF6_DEPENDENT_INDUCTION_OF_TAK1_COMPLEX,0.5850269794464111,0.47166764736175537,0.6626189947128296,0.4010888934135437,0.5675139427185059,,0.24729600548744202
REACTOME_TIE2_SIGNALING,0.7940947413444519,0.6628523468971252,0.992439329624176,0.9210739731788635,0.7937642335891724,0.8130102753639221,
REACTOME_TNFR1_INDUCED_NF_KAPPA_B_SIGNALING_PATHWAY,0.7439817190170288,0.7720340490341187,0.7264212965965271,0.5477474927902222,0.6333011388778687,0.694807767868042,0.2090751975774765
REACTOME_TNFR1_INDUCED_PROAPOPTOTIC_SIGNALING,0.43137332797050476,0.2457912415266037,0.8259748816490173,0.9920032620429993,0.8308097124099731,0.8754684925079346,0.9071397185325623
REACTOME_TNFR2_NON_CANONICAL_NF_KB_PATHWAY,0.0,0.1619223654270172,0.08203894644975662,0.31030189990997314,0.6167832016944885,0.24329040944576263,0.20475156605243683
REACTOME_TNFS_BIND_THEIR_PHYSIOLOGICAL_RECEPTORS,0.09178187698125839,0.8665033578872681,0.690155029296875,0.7762850522994995,0.7035520076751709,0.7301762104034424,
REACTOME_TNF_RECEPTOR_SUPERFAMILY_TNFSF_MEMBERS_MEDIATING_NON_CANONICAL_NF_KB_PATHWAY,0.046785686165094376,0.9598356485366821,0.8236675262451172,0.8325663208961487,0.9976895451545715,,
REACTOME_TNF_SIGNALING,0.5491728186607361,0.6732680797576904,0.8769517540931702,0.8695093393325806,0.8180475234985352,0.455246239900589,0.36380627751350403
REACTOME_TOLL_LIKE_RECEPTOR_9_TLR9_CASCADE,0.30926501750946045,0.7276936173439026,0.2851681709289551,0.9375391602516174,0.7921550869941711,0.9160608649253845,0.8685428500175476
REACTOME_TOLL_LIKE_RECEPTOR_CASCADES,0.02706068754196167,0.3811424970626831,0.07758893072605133,0.5901482701301575,0.7759605646133423,0.9828686118125916,0.5914014577865601
REACTOME_TOLL_LIKE_RECEPTOR_TLR1_TLR2_CASCADE,0.36029136180877686,0.914551317691803,0.5946388244628906,0.9811288118362427,0.6266375780105591,0.7463243007659912,0.874772310256958
REACTOME_TP53_REGULATES_METABOLIC_GENES,0.20556440949440002,0.291242778301239,0.902022659778595,0.8368711471557617,0.871495246887207,0.17213404178619385,0.7887466549873352
REACTOME_TP53_REGULATES_TRANSCRIPTION_OF_ADDITIONAL_CELL_CYCLE_GENES_WHOSE_EXACT_ROLE_IN_THE_P53_PATHWAY_REMAIN_UNCERTAIN,0.21545834839344025,0.5073179602622986,0.29150423407554626,0.43161508440971375,0.9773268103599548,0.9529982805252075,0.8631828427314758
REACTOME_TP53_REGULATES_TRANSCRIPTION_OF_CASPASE_ACTIVATORS_AND_CASPASES,0.8950610160827637,0.6768288016319275,0.0321802943944931,,0.8717138767242432,,
REACTOME_TP53_REGULATES_TRANSCRIPTION_OF_CELL_CYCLE_GENES,0.6046532392501831,0.9511553645133972,0.0,0.8707754015922546,1.0,0.6725050210952759,0.5715670585632324
REACTOME_TP53_REGULATES_TRANSCRIPTION_OF_CELL_DEATH_GENES,0.38639330863952637,0.4694663882255554,0.5275493860244751,0.8216750621795654,1.0,0.8539912104606628,0.9331148862838745
REACTOME_TP53_REGULATES_TRANSCRIPTION_OF_DEATH_RECEPTORS_AND_LIGANDS,0.9423359036445618,,0.8457300066947937,,,,
REACTOME_TP53_REGULATES_TRANSCRIPTION_OF_DNA_REPAIR_GENES,1.0,1.0,0.7423953413963318,0.6574802398681641,1.0,0.9888988137245178,0.8535864949226379
REACTOME_TP53_REGULATES_TRANSCRIPTION_OF_GENES_INVOLVED_IN_CYTOCHROME_C_RELEASE,0.8234393000602722,0.9774145483970642,0.846161425113678,0.9029172658920288,0.9823456406593323,0.9221362471580505,0.6522429585456848
REACTOME_TP53_REGULATES_TRANSCRIPTION_OF_GENES_INVOLVED_IN_G1_CELL_CYCLE_ARREST,0.8926670551300049,,0.36916786432266235,0.9915596842765808,,,
REACTOME_TP53_REGULATES_TRANSCRIPTION_OF_GENES_INVOLVED_IN_G2_CELL_CYCLE_ARREST,0.9423359036445618,0.5726680159568787,0.43059515953063965,0.9811288118362427,1.0,0.38425198197364807,
REACTOME_TP53_REGULATES_TRANSCRIPTION_OF_SEVERAL_ADDITIONAL_CELL_DEATH_GENES_WHOSE_SPECIFIC_ROLES_IN_P53_DEPENDENT_APOPTOSIS_REMAIN_UNCERTAIN,0.4067615270614624,0.7988969087600708,0.9965494871139526,,,,
REACTOME_TRAF3_DEPENDENT_IRF_ACTIVATION_PATHWAY,0.0,0.16990739107131958,0.03066626749932766,0.11572502553462982,0.6333011388778687,0.5007879734039307,
REACTOME_TRAF6_MEDIATED_INDUCTION_OF_TAK1_COMPLEX_WITHIN_TLR4_COMPLEX,0.6716501712799072,0.42298778891563416,0.9252144694328308,0.967186689376831,0.5675139427185059,,0.45474720001220703
REACTOME_TRAF6_MEDIATED_IRF7_ACTIVATION,0.0,0.2579629123210907,0.06955930590629578,0.19638636708259583,0.6362788081169128,0.6390267610549927,
REACTOME_TRAF6_MEDIATED_IRF7_ACTIVATION_IN_TLR7_8_OR_9_SIGNALING,0.8283027410507202,0.7276936173439026,0.36647048592567444,0.8707754015922546,0.8947914242744446,0.8130102753639221,0.8705447316169739
REACTOME_TRAF6_MEDIATED_NF_KB_ACTIVATION,0.23396965861320496,0.6886606812477112,0.5164934396743774,0.6815281510353088,0.8045742511749268,0.9805861711502075,0.8631828427314758
REACTOME_TRAFFICKING_AND_PROCESSING_OF_ENDOSOMAL_TLR,0.6119487881660461,,0.03241131827235222,0.6554396748542786,0.7970736026763916,,0.22305119037628174
REACTOME_TRAFFICKING_OF_AMPA_RECEPTORS,0.9323719143867493,0.5222760438919067,0.9907271862030029,0.9915596842765808,0.9507521986961365,0.9000796675682068,
REACTOME_TRAFFICKING_OF_GLUR2_CONTAINING_AMPA_RECEPTORS,0.8420256972312927,0.46599432826042175,0.9674989581108093,0.972403883934021,0.871495246887207,0.8672978281974792,
REACTOME_TRANSCRIPTIONAL_ACTIVATION_OF_MITOCHONDRIAL_BIOGENESIS,0.7026669979095459,0.9158896803855896,0.6977825164794922,0.996343195438385,1.0,0.8907331228256226,0.9105703234672546
REACTOME_TRANSCRIPTIONAL_ACTIVITY_OF_SMAD2_SMAD3_SMAD4_HETEROTRIMER,0.9908789396286011,0.9110985398292542,0.9907271862030029,0.8011606931686401,1.0,0.9345226287841797,0.8834884762763977
REACTOME_TRANSCRIPTIONAL_AND_POST_TRANSLATIONAL_REGULATION_OF_MITF_M_EXPRESSION_AND_ACTIVITY,0.8655903935432434,0.9598356485366821,0.9907271862030029,0.8714088201522827,0.34640103578567505,0.8347164988517761,0.8705447316169739
REACTOME_TRANSCRIPTIONAL_REGULATION_BY_E2F6,1.0,0.8873933553695679,1.0,0.9984065294265747,1.0,0.8809511065483093,0.7978479862213135
REACTOME_TRANSCRIPTIONAL_REGULATION_BY_MECP2,0.8749558925628662,0.6272099614143372,0.6139503717422485,0.9929214119911194,0.8927114009857178,0.854070246219635,0.5917924642562866
REACTOME_TRANSCRIPTIONAL_REGULATION_BY_NPAS4,0.9663284420967102,0.2940063178539276,0.9554108381271362,0.906403660774231,0.6805649399757385,0.9746195077896118,0.5394158959388733
REACTOME_TRANSCRIPTIONAL_REGULATION_BY_RUNX2,0.0,0.06728886067867279,0.143352672457695,0.10089050978422165,0.5410967469215393,0.1142723336815834,0.19009310007095337
REACTOME_TRANSCRIPTIONAL_REGULATION_BY_RUNX3,0.04518299922347069,0.1269979327917099,0.4509899914264679,0.28803929686546326,0.6333011388778687,0.18947777152061462,0.23139283061027527
REACTOME_TRANSCRIPTIONAL_REGULATION_BY_THE_AP_2_TFAP2_FAMILY_OF_TRANSCRIPTION_FACTORS,0.43137332797050476,0.26758304238319397,0.8858460783958435,0.953856348991394,0.7937642335891724,0.9866999983787537,0.874772310256958
REACTOME_TRANSCRIPTIONAL_REGULATION_BY_VENTX,0.9663284420967102,1.0,0.9934903383255005,0.9029172658920288,0.9524557590484619,0.646202027797699,0.4909193813800812
REACTOME_TRANSCRIPTIONAL_REGULATION_OF_BROWN_AND_BEIGE_ADIPOCYTE_DIFFERENTIATION,0.932553231716156,0.8771710991859436,0.14427539706230164,0.996343195438385,0.9434627890586853,0.7321319580078125,0.8408231735229492
REACTOME_TRANSCRIPTIONAL_REGULATION_OF_PLURIPOTENT_STEM_CELLS,0.2681545913219452,0.29289495944976807,0.9541684985160828,0.982296884059906,0.9079169034957886,,
REACTOME_TRANSCRIPTIONAL_REGULATION_OF_WHITE_ADIPOCYTE_DIFFERENTIATION,0.9539313912391663,0.9881806373596191,0.9297717213630676,0.9984065294265747,1.0,0.7926980257034302,0.8802056908607483
REACTOME_TRANSCRIPTION_COUPLED_NUCLEOTIDE_EXCISION_REPAIR_TC_NER,1.0,0.9322248101234436,0.9073454141616821,0.9915596842765808,1.0,0.9345226287841797,0.9829374551773071
REACTOME_TRANSCRIPTION_OF_E2F_TARGETS_UNDER_NEGATIVE_CONTROL_BY_DREAM_COMPLEX,0.5222597718238831,0.9805194735527039,1.0,0.9877426028251648,0.9823456406593323,0.8739042282104492,
REACTOME_TRANSCRIPTION_OF_E2F_TARGETS_UNDER_NEGATIVE_CONTROL_BY_P107_RBL1_AND_P130_RBL2_IN_COMPLEX_WITH_HDAC1,0.7940947413444519,0.6886606812477112,0.9103139638900757,0.7677859663963318,1.0,0.6901349425315857,
REACTOME_TRANSCRIPTION_OF_THE_HIV_GENOME,1.0,1.0,0.9806985259056091,0.9915596842765808,1.0,0.9967319965362549,0.9909425973892212
REACTOME_TRANSFERRIN_ENDOCYTOSIS_AND_RECYCLING,0.26926347613334656,0.18413032591342926,0.613521158695221,0.7046522498130798,0.6333011388778687,0.9194821119308472,0.1811438947916031
REACTOME_TRANSLATION_OF_REPLICASE_AND_ASSEMBLY_OF_THE_REPLICATION_TRANSCRIPTION_COMPLEX,0.7280798554420471,0.99601149559021,0.2441980093717575,0.9877426028251648,1.0,0.6902272701263428,0.8954412937164307
REACTOME_TRANSLATION_OF_SARS_COV_1_STRUCTURAL_PROTEINS,0.7390229105949402,0.8232948184013367,0.8565449714660645,0.7218562960624695,0.8947914242744446,0.8130102753639221,0.7887466549873352
REACTOME_TRANSLATION_OF_SARS_COV_2_STRUCTURAL_PROTEINS,0.5222597718238831,0.6659208536148071,0.8775593638420105,0.906403660774231,0.6333011388778687,0.8905371427536011,0.6600095629692078
REACTOME_TRANSLESION_SYNTHESIS_BY_POLH,0.7940947413444519,0.8338092565536499,0.8843351006507874,0.719336211681366,0.8766435980796814,0.7514244914054871,0.3569055199623108
REACTOME_TRANSLESION_SYNTHESIS_BY_POLK,0.5222597718238831,0.6918845772743225,0.8781524300575256,0.9329084157943726,0.6333011388778687,0.8809511065483093,0.5893462896347046
REACTOME_TRANSLESION_SYNTHESIS_BY_Y_FAMILY_DNA_POLYMERASES_BYPASSES_LESIONS_ON_DNA_TEMPLATE,0.605557918548584,0.4920186698436737,0.7110735177993774,0.7165952920913696,0.6333011388778687,0.20206481218338013,0.7031630277633667
REACTOME_TRANSLOCATION_OF_SLC2A4_GLUT4_TO_THE_PLASMA_MEMBRANE,0.13999530673027039,0.39011356234550476,0.7847586870193481,0.9605573415756226,0.9035430550575256,0.44703996181488037,0.9987285137176514
REACTOME_TRANSPORT_OF_BILE_SALTS_AND_ORGANIC_ACIDS_METAL_IONS_AND_AMINE_COMPOUNDS,0.31740355491638184,0.8568977117538452,0.9779297113418579,0.8961470127105713,0.9507521986961365,0.8216062784194946,
REACTOME_TRANSPORT_OF_CONNEXONS_TO_THE_PLASMA_MEMBRANE,0.9323719143867493,0.87920081615448,0.2179832011461258,,1.0,,
REACTOME_TRANSPORT_OF_INORGANIC_CATIONS_ANIONS_AND_AMINO_ACIDS_OLIGOPEPTIDES,0.9867027997970581,0.87920081615448,0.9779297113418579,0.996343195438385,1.0,0.9731338620185852,0.7887466549873352
REACTOME_TRANSPORT_OF_MATURE_MRNAS_DERIVED_FROM_INTRONLESS_TRANSCRIPTS,1.0,1.0,1.0,0.996343195438385,1.0,0.7707481384277344,0.8631828427314758
REACTOME_TRANSPORT_OF_MATURE_TRANSCRIPT_TO_CYTOPLASM,1.0,1.0,1.0,0.953856348991394,1.0,0.6412752866744995,0.7887466549873352
REACTOME_TRANSPORT_OF_THE_SLBP_DEPENDANT_MATURE_MRNA,1.0,1.0,1.0,0.996343195438385,1.0,0.7301762104034424,0.8576301336288452
REACTOME_TRANSPORT_OF_VITAMINS_NUCLEOSIDES_AND_RELATED_MOLECULES,0.7340249419212341,0.9598356485366821,0.15669547021389008,0.19638636708259583,,0.615018367767334,
REACTOME_TRANSPORT_TO_THE_GOLGI_AND_SUBSEQUENT_MODIFICATION,0.088973268866539,0.22008667886257172,0.09171023219823837,0.996343195438385,1.0,0.8580538630485535,0.5144528150558472
REACTOME_TRANS_GOLGI_NETWORK_VESICLE_BUDDING,0.6376922130584717,0.419220894575119,0.2863600552082062,0.31032508611679077,0.9507521986961365,0.5692176222801208,0.27586808800697327
REACTOME_TRIF_MEDIATED_PROGRAMMED_CELL_DEATH,1.0,,0.9451211094856262,,,,
REACTOME_TRIGLYCERIDE_BIOSYNTHESIS,,,1.0,,,,
REACTOME_TRIGLYCERIDE_CATABOLISM,0.4816287159919739,0.24857962131500244,0.8259748816490173,0.9747802019119263,0.9507521986961365,0.3668014705181122,0.435537189245224
REACTOME_TRIGLYCERIDE_METABOLISM,0.5059775710105896,0.3813346028327942,0.8321361541748047,0.9747802019119263,0.9507521986961365,0.24329040944576263,0.435537189245224
REACTOME_TRISTETRAPROLIN_TTP_ZFP36_BINDS_AND_DESTABILIZES_MRNA,0.5374032855033875,0.43527117371559143,0.8756479620933533,0.967186689376831,0.7310439944267273,0.8605874180793762,0.9482812285423279
REACTOME_TRNA_AMINOACYLATION,0.30926501750946045,0.873367190361023,0.8716866374015808,0.9915596842765808,0.9738292694091797,0.7242828607559204,0.717979371547699
REACTOME_TRNA_MODIFICATION_IN_THE_MITOCHONDRION,0.9908789396286011,0.6081653833389282,0.902022659778595,,1.0,,
REACTOME_TRNA_MODIFICATION_IN_THE_NUCLEUS_AND_CYTOSOL,0.9867027997970581,1.0,0.9858276844024658,0.8707754015922546,0.833499014377594,0.9866999983787537,0.9413343071937561
REACTOME_TRNA_PROCESSING,1.0,1.0,1.0,0.9984065294265747,0.9507521986961365,0.7463243007659912,0.6756545901298523
REACTOME_TRNA_PROCESSING_IN_THE_NUCLEUS,1.0,1.0,0.9295837879180908,0.996343195438385,0.9507521986961365,0.6962436437606812,0.6662749648094177
REACTOME_TRP_CHANNELS,0.9204369783401489,0.42162060737609863,0.995812177658081,,,,
REACTOME_TRYPTOPHAN_CATABOLISM,,,0.7231284379959106,,0.954164445400238,,
REACTOME_TURBULENT_OSCILLATORY_DISTURBED_FLOW_SHEAR_STRESS_ACTIVATES_SIGNALING_BY_PIEZO1_AND_INTEGRINS_IN_ENDOTHELIAL_CELLS,0.0,0.06728886067867279,0.0,0.2094537764787674,0.8947914242744446,0.07392819225788116,0.20475156605243683
REACTOME_UBIQUINOL_BIOSYNTHESIS,0.8169194459915161,1.0,0.8011990785598755,,,,
REACTOME_UBIQUITIN_DEPENDENT_DEGRADATION_OF_CYCLIN_D,0.02706068754196167,0.09950926899909973,0.25439178943634033,0.3930613100528717,0.6333011388778687,0.19094917178153992,0.213640958070755
REACTOME_UB_SPECIFIC_PROCESSING_PROTEASES,0.1266987919807434,0.028414342552423477,0.03066626749932766,0.3930613100528717,0.6167832016944885,0.1710105538368225,0.5332553386688232
REACTOME_UCH_PROTEINASES,0.0,0.0804130807518959,0.03066626749932766,0.3791429102420807,0.4050874412059784,0.07053297013044357,0.15834009647369385
REACTOME_UNBLOCKING_OF_NMDA_RECEPTORS_GLUTAMATE_BINDING_AND_ACTIVATION,,,0.9495419263839722,,,,
REACTOME_UNFOLDED_PROTEIN_RESPONSE_UPR,0.15364834666252136,0.8370225429534912,0.6763604283332825,0.7603155374526978,0.8048614263534546,0.9345226287841797,0.9867690801620483
REACTOME_UPTAKE_AND_ACTIONS_OF_BACTERIAL_TOXINS,0.7021511793136597,0.46599432826042175,0.6942748427391052,0.15699797868728638,0.62641441822052,0.9830304384231567,0.874772310256958
REACTOME_UPTAKE_AND_FUNCTION_OF_ANTHRAX_TOXINS,0.9951618909835815,0.8691003918647766,0.8559860587120056,0.3606821298599243,0.45374777913093567,0.9857450127601624,
REACTOME_VASOPRESSIN_REGULATES_RENAL_WATER_HOMEOSTASIS_VIA_AQUAPORINS,0.7735612392425537,0.4075004458427429,0.7676222324371338,0.996343195438385,0.5675139427185059,0.17213404178619385,0.874772310256958
REACTOME_VEGFR2_MEDIATED_CELL_PROLIFERATION,0.9975299835205078,0.8771710991859436,0.9934013485908508,0.72849440574646,0.6476635336875916,,
REACTOME_VEGFR2_MEDIATED_VASCULAR_PERMEABILITY,0.37398749589920044,1.0,0.613521158695221,0.45828884840011597,1.0,0.60329669713974,0.18242710828781128
REACTOME_VIF_MEDIATED_DEGRADATION_OF_APOBEC3G,0.0,0.02851562574505806,0.0,0.19638636708259583,0.5675139427185059,0.14805825054645538,0.14863388240337372
REACTOME_VIRAL_MESSENGER_RNA_SYNTHESIS,1.0,1.0,0.9934903383255005,0.6485843658447266,1.0,0.9656667709350586,0.9993751049041748
REACTOME_VISUAL_PHOTOTRANSDUCTION,1.0,0.9171118140220642,0.846161425113678,0.906403660774231,0.7189240455627441,0.6334518194198608,0.33062273263931274
REACTOME_VITAMIN_B5_PANTOTHENATE_METABOLISM,0.8366641998291016,0.42239680886268616,0.2204781025648117,0.996343195438385,0.800058126449585,0.7786011099815369,
REACTOME_VITAMIN_D_CALCIFEROL_METABOLISM,0.7021511793136597,,0.7732130289077759,,,,
REACTOME_VLDLR_INTERNALISATION_AND_DEGRADATION,0.7563084959983826,0.8496020436286926,0.34048521518707275,0.9159590601921082,0.8343586921691895,0.8216062784194946,0.44716012477874756
REACTOME_VXPX_CARGO_TARGETING_TO_CILIUM,0.20626208186149597,0.6886606812477112,0.4469448924064636,0.4022069275379181,0.5675327181816101,0.9866999983787537,
REACTOME_WNT5A_DEPENDENT_INTERNALIZATION_OF_FZD2_FZD5_AND_ROR2,0.22174115478992462,0.12820371985435486,0.9674989581108093,0.9007572531700134,0.8456156253814697,0.5763307809829712,0.9993751049041748
REACTOME_WNT5A_DEPENDENT_INTERNALIZATION_OF_FZD4,0.8283027410507202,0.4399407207965851,0.9965494871139526,0.982296884059906,1.0,0.7301762104034424,0.9993751049041748
REACTOME_WNT_LIGAND_BIOGENESIS_AND_TRAFFICKING,0.9673658013343811,0.6087439060211182,0.5056053996086121,0.4022069275379181,0.9507521986961365,0.9805861711502075,0.8631828427314758
REACTOME_WNT_MEDIATED_ACTIVATION_OF_DVL,1.0,0.9934471249580383,0.8259748816490173,,,,
REACTOME_ZBP1_DAI_MEDIATED_INDUCTION_OF_TYPE_I_IFNS,0.07796698808670044,0.29472312331199646,0.6693322658538818,0.6485843658447266,0.6124094128608704,0.6391175389289856,
REACTOME_ZINC_TRANSPORTERS,0.37819114327430725,0.9235597848892212,0.9179637432098389,,1.0,,
REACTOME_ZYGOTIC_GENOME_ACTIVATION_ZGA,0.9259079694747925,0.9588684439659119,0.9924569129943848,,0.863816499710083,,
REACTOME_Z_DECAY_DEGRADATION_OF_MATERNAL_MRNAS_BY_ZYGOTICALLY_EXPRESSED_FACTORS,0.5611067414283752,0.4851095378398895,0.5840561389923096,0.4196127951145172,0.6704927682876587,0.7229629755020142,0.6283210515975952
