,"CD4-positive, alpha-beta T cell","CD8-positive, alpha-beta T cell",classical monocyte,non-classical monocyte,B cell,natural killer cell,conventional dendritic cell
REACTOME_2_LTR_CIRCLE_FORMATION,-0.6287294980651439,0.48459803163977605,-1.337660711390908,-0.9760718859942448,0.7938749089111503,0.7491412587037095,-0.5770604849401831
REACTOME_ABC_FAMILY_PROTEINS_MEDIATED_TRANSPORT,1.798597232801397,1.685738455156126,1.7205874001796078,1.180034824325844,1.5921201047814124,1.4538748924820033,1.5436378932899804
REACTOME_ABC_TRANSPORTERS_IN_LIPID_HOMEOSTASIS,-1.3093057752318638,-0.8221799736814159,,,,,
REACTOME_ABC_TRANSPORTER_DISORDERS,1.8430370499546678,1.8866129011253925,1.7182990085519476,1.1484809155495905,1.4649978860629647,1.4549625843232794,1.5003687978571965
REACTOME_ABERRANT_REGULATION_OF_MITOTIC_EXIT_IN_CANCER_DUE_TO_RB1_DEFECTS,0.6986121536925205,-0.6932656025947458,0.6509034410186615,-0.8250216823506493,1.0589400985233306,-1.2893046550535177,0.8327474061363155
REACTOME_ABERRANT_REGULATION_OF_MITOTIC_G1_S_TRANSITION_IN_CANCER_DUE_TO_RB1_DEFECTS,1.1883923365893478,0.8330936836238472,-0.8035044712504581,1.0019816295353645,1.6086769358528559,1.409874960876499,0.5325635234492336
REACTOME_ABORTIVE_ELONGATION_OF_HIV_1_TRANSCRIPT_IN_THE_ABSENCE_OF_TAT,0.5260557483307945,0.8072649417387342,-0.7260512626592819,-1.4550444835996468,0.5745403144057342,-0.8545348179228673,-0.5592767703265646
REACTOME_ACTIVATED_NOTCH1_TRANSMITS_SIGNAL_TO_THE_NUCLEUS,-0.9892874538150535,-1.1053267140237035,-1.330994001057628,-1.3142500414289948,-1.2334757740356879,-1.3187985602322299,-1.7147191100703776
REACTOME_ACTIVATED_NTRK2_SIGNALS_THROUGH_FRS2_AND_FRS3,0.8344300919542893,1.34022158856848,0.980883657953243,,-0.7398027601721684,,
REACTOME_ACTIVATED_NTRK2_SIGNALS_THROUGH_RAS,0.9810605583052968,1.4052891416074773,1.185046181018821,,,,
REACTOME_ACTIVATED_NTRK3_SIGNALS_THROUGH_RAS,0.9810605583052968,1.4052891416074773,1.185046181018821,,,,
REACTOME_ACTIVATED_PKN1_STIMULATES_TRANSCRIPTION_OF_AR_ANDROGEN_RECEPTOR_REGULATED_GENES_KLK2_AND_KLK3,0.8600525221895933,0.5571684639051109,-0.4482580984931028,0.6848482152745532,1.6227229226932798,-1.0077556888989436,-0.6777593887869895
REACTOME_ACTIVATED_TAK1_MEDIATES_P38_MAPK_ACTIVATION,-0.9279299150698544,-0.8193449069398238,-1.1736373707221837,-1.460070872367034,-1.368686918901953,-1.2980043949708258,-0.9497979225776186
REACTOME_ACTIVATION_OF_AMPK_DOWNSTREAM_OF_NMDARS,0.6295906244362193,-0.7206061302760025,-1.1297461722933169,-1.280713641332969,-0.6980229546001927,-0.8591535712692205,-0.49137044891298914
REACTOME_ACTIVATION_OF_APC_C_AND_APC_C_CDC20_MEDIATED_DEGRADATION_OF_MITOTIC_PROTEINS,1.5974524922254563,1.6205505003039073,1.56252863426721,1.2950112359255446,1.4713668006055953,1.3487848599737955,1.5895183308558731
REACTOME_ACTIVATION_OF_ATR_IN_RESPONSE_TO_REPLICATION_STRESS,-0.878283856389802,0.8139436732489357,0.8646096783935394,,-1.0341381632046562,0.8788413903460893,
REACTOME_ACTIVATION_OF_BAD_AND_TRANSLOCATION_TO_MITOCHONDRIA,1.7512324578385539,1.623780005198581,1.0217170787060463,-0.5764497240808035,-1.0695739213244202,1.441995954575577,-1.1979896862030242
REACTOME_ACTIVATION_OF_BH3_ONLY_PROTEINS,1.6055538333477752,1.5652440896143947,-1.130660373879444,-0.8025768730212818,-0.858146673749376,1.4007153455132653,-0.8287616896081128
REACTOME_ACTIVATION_OF_CASPASES_THROUGH_APOPTOSOME_MEDIATED_CLEAVAGE,1.3176788508565311,1.2842435923054676,1.5371223401532168,,,,
REACTOME_ACTIVATION_OF_GENE_EXPRESSION_BY_SREBF_SREBP,1.1145481204793382,0.9922588873156948,0.8951847119187737,0.8009875814792082,1.3216535051770555,0.6980132910706246,1.062373187987426
REACTOME_ACTIVATION_OF_IRF3_IRF7_MEDIATED_BY_TBK1_IKK_IKBKE,1.3906505094102648,1.2344552613544826,1.0144498104312065,1.1837891934877174,-1.157161725152889,0.9614841804731133,-1.0150450237617092
REACTOME_ACTIVATION_OF_KAINATE_RECEPTORS_UPON_GLUTAMATE_BINDING,1.316238986022588,1.319448771198678,-1.1094635357924754,-0.62439084021248,1.181504381689169,1.1860407175766297,0.6900834747674307
REACTOME_ACTIVATION_OF_NF_KAPPAB_IN_B_CELLS,1.6846481759539247,1.5136771650559175,1.6821264271408405,1.2604801319400323,1.147327612162701,1.5611089890576855,1.5468288838219324
REACTOME_ACTIVATION_OF_NMDA_RECEPTORS_AND_POSTSYNAPTIC_EVENTS,0.8945328719424018,0.6433408111128835,-1.3657311141274084,-0.8980285499775311,-0.9194149281450454,0.7086609320433732,-0.7886736089806514
REACTOME_ACTIVATION_OF_PPARGC1A_PGC_1ALPHA_BY_PHOSPHORYLATION,-0.8594055167449539,,,,,,
REACTOME_ACTIVATION_OF_PUMA_AND_TRANSLOCATION_TO_MITOCHONDRIA,-0.9878095382407369,1.042926472142277,-0.970397520788489,,,,
REACTOME_ACTIVATION_OF_RAC1,1.0763949174652405,0.9176013273150208,1.527535533577953,,-0.5192875795053409,,
REACTOME_ACTIVATION_OF_SMO,,,0.6694716834851929,,,,
REACTOME_ACTIVATION_OF_THE_AP_1_FAMILY_OF_TRANSCRIPTION_FACTORS,-1.1811952788092206,-1.0531949445996531,-1.027802673286307,,1.3113320631346683,,
REACTOME_ACTIVATION_OF_THE_MRNA_UPON_BINDING_OF_THE_CAP_BINDING_COMPLEX_AND_EIFS_AND_SUBSEQUENT_BINDING_TO_43S,-3.316260696809082,-3.238424295179404,-3.0720358529039777,-2.958544572361079,-3.1566442334095703,-2.918832589012976,-3.0732250488946766
REACTOME_ACTIVATION_OF_THE_PRE_REPLICATIVE_COMPLEX,-0.7043228311972327,0.7883930575864547,0.7189322424068033,0.45890245713103617,0.5885041848864228,0.9112572896387569,
REACTOME_ACTIVATION_OF_THE_TFAP2_AP_2_FAMILY_OF_TRANSCRIPTION_FACTORS,-1.4125592234152804,-1.6370670351689105,-0.5914635889188391,,,,
REACTOME_ACYL_CHAIN_REMODELLING_OF_PC,1.3465403032947085,0.8043323911203317,1.2675341835453575,,,,
REACTOME_ACYL_CHAIN_REMODELLING_OF_PE,1.286377810758204,1.0210918403604439,1.5135655975123923,,,,
REACTOME_ACYL_CHAIN_REMODELLING_OF_PG,1.349166593220445,1.0630619364484848,,,,,
REACTOME_ACYL_CHAIN_REMODELLING_OF_PS,0.8318756481162601,-1.018466938965537,1.1074662264290718,,,,
REACTOME_ADHERENS_JUNCTIONS_INTERACTIONS,-0.7314078499020331,0.747827186733021,0.8329407991669441,-0.9479642752905639,1.01690575615685,0.996533119058581,0.7423175224258384
REACTOME_ADIPOGENESIS,0.8818094321011375,-0.700241927755865,-1.1207948407826462,-0.6146215731459009,0.6778268370035835,0.7165606216896288,1.000706370746691
REACTOME_ADORA2B_MEDIATED_ANTI_INFLAMMATORY_CYTOKINES_PRODUCTION,1.1084394176587848,1.4359353146619958,-1.0079905543815806,-0.8327645424191294,1.3969751982358154,1.669150861297547,-0.9862977737258954
REACTOME_ADP_SIGNALLING_THROUGH_P2Y_PURINOCEPTOR_1,1.1000788945277438,1.4149621260142735,-0.8750223125939537,0.6140803109777262,1.323120225234995,1.459139110294169,-0.7919639756750432
REACTOME_ADP_SIGNALLING_THROUGH_P2Y_PURINOCEPTOR_12,1.2379704431044702,1.4712263738623106,-0.8471844706119382,0.7453281958482402,1.3188089512229277,1.416400404513683,-0.6061808709825728
REACTOME_ADRENALINE_NORADRENALINE_INHIBITS_INSULIN_SECRETION,1.139512703001939,1.4275763395529621,-0.8769152465701423,0.7813821953762322,1.3036302396455508,1.4204572670215052,-0.6340780858276335
REACTOME_ADVANCED_GLYCOSYLATION_ENDPRODUCT_RECEPTOR_SIGNALING,0.8386914615875929,-0.9680823090977558,0.7774714864102088,1.1542406766253663,-0.8984232582081301,1.1363505070433717,1.011234062614101
REACTOME_AFLATOXIN_ACTIVATION_AND_DETOXIFICATION,-1.489840374153795,,-0.6044277759685925,,,,
REACTOME_AGGREPHAGY,1.2489829723479473,1.1223060279115975,-1.4916359867551356,-1.534822674128098,0.9129943389593218,1.34551361261828,0.9424403579625451
REACTOME_AKT_PHOSPHORYLATES_TARGETS_IN_THE_CYTOSOL,0.5678248237497479,-0.9707211150102547,-1.3968036199656526,1.4140433638888683,0.807633569090342,-0.8382048631012111,
REACTOME_AKT_PHOSPHORYLATES_TARGETS_IN_THE_NUCLEUS,-0.953498079890314,-0.9404516793758718,-1.1033106135339823,,-1.0635719921131033,,
REACTOME_ALK_MUTANTS_BIND_TKIS,-1.2326705838880845,-0.8689701297450603,-0.9936107002593159,-1.546999693439868,-1.3770668052844937,0.5798611680068125,-1.414059825198969
REACTOME_ALPHA_LINOLENIC_OMEGA3_AND_LINOLEIC_OMEGA6_ACID_METABOLISM,1.2373419431959976,1.5436693618830373,1.0030558129568619,-0.7361612669239247,0.8222581465355904,0.6689383299695539,
REACTOME_ALPHA_PROTEIN_KINASE_1_SIGNALING_PATHWAY,-1.231160793625953,-1.2732729438041452,-0.9480727281222677,-1.4288760876761095,-1.5138174780244973,,-1.5154836922701012
REACTOME_AMINO_ACIDS_REGULATE_MTORC1,1.2067081052053226,1.1488664258661494,1.4130019948638035,1.0432834949283218,1.0474433066752304,0.981820545451273,1.5351140401455723
REACTOME_AMINO_ACID_TRANSPORT_ACROSS_THE_PLASMA_MEMBRANE,-0.8075189694722756,-0.9156425059889828,-1.225359911080555,-0.8312443888530823,-0.7858149465157558,,0.6513821178306018
REACTOME_ANCHORING_OF_THE_BASAL_BODY_TO_THE_PLASMA_MEMBRANE,0.8221345765130917,0.9480493211193187,0.5859179953642771,0.7707888126300764,0.7168739825519619,1.3075693435866171,1.2014572649131214
REACTOME_ANTIGEN_ACTIVATES_B_CELL_RECEPTOR_BCR_LEADING_TO_GENERATION_OF_SECOND_MESSENGERS,1.3991144764315864,1.2571311066437212,1.6735842668425986,1.2161338267412358,1.5902281273147874,1.171501932384513,1.0376260331482248
REACTOME_ANTIGEN_PRESENTATION_FOLDING_ASSEMBLY_AND_PEPTIDE_LOADING_OF_CLASS_I_MHC,2.0464894534360423,2.1755763640206274,2.0822546522357332,1.9021893049626226,2.046044727783676,1.662347839100142,1.9626338041363036
REACTOME_ANTIGEN_PROCESSING_CROSS_PRESENTATION,2.2822204116069478,2.366985402895487,2.5103079363562704,2.346095790878652,2.2281469535668763,1.9425342702303212,2.347570409709117
REACTOME_ANTIGEN_PROCESSING_UB_ATP_INDEPENDENT_PROTEASOMAL_DEGRADATION,2.313872485566522,2.3008204212125802,2.187461164333161,2.0412287262279154,2.014818263249767,2.241384812904619,2.0740586136257777
REACTOME_ANTIMICROBIAL_PEPTIDES,0.9939598098684007,0.834433920488069,1.8887318297509341,1.801096014361487,0.9890544798904856,-0.5179168439958792,1.1742703361932412
REACTOME_ANTIVIRAL_MECHANISM_BY_IFN_STIMULATED_GENES,2.146719067360475,2.077505504139793,1.8752554906831793,1.883497833058578,1.9310499845207196,1.9665792031553821,1.9983962615699333
REACTOME_ANTI_INFLAMMATORY_RESPONSE_FAVOURING_LEISHMANIA_PARASITE_INFECTION,0.8228731802596847,1.4451861843961338,1.4148289789954474,0.6431403674587286,1.2759487682417459,1.2653535479225062,0.6810314898332899
REACTOME_APC_CDC20_MEDIATED_DEGRADATION_OF_NEK2A,-1.0581810601164139,-0.991933410283179,-0.9414014884436771,-1.3872135083531913,-1.0586158843388047,-1.5734356167168844,-0.9785291615870474
REACTOME_APC_C_CDC20_MEDIATED_DEGRADATION_OF_CYCLIN_B,-1.1027965110651643,-1.0178459524857812,-1.0334351106076012,-1.381247177920576,-1.0727790378471465,-1.5815251056827815,-1.0863210565646797
REACTOME_APC_C_CDH1_MEDIATED_DEGRADATION_OF_CDC20_AND_OTHER_APC_C_CDH1_TARGETED_PROTEINS_IN_LATE_MITOSIS_EARLY_G1,1.618528013521507,1.6062933429660795,1.486819686566531,1.2546946475116132,1.4706198215668467,1.3737050901605008,1.5361576352377186
REACTOME_APC_C_MEDIATED_DEGRADATION_OF_CELL_CYCLE_PROTEINS,1.5568283795308697,1.5040313722889753,1.5980374903709793,1.2668729628339124,1.4707197679812987,1.3397421708922361,1.5972600179605063
REACTOME_APEX1_INDEPENDENT_RESOLUTION_OF_AP_SITES_VIA_THE_SINGLE_NUCLEOTIDE_REPLACEMENT_PATHWAY,0.9929593878310414,-0.7990687971339453,,,,,
REACTOME_APOPTOSIS,1.9099498689124348,1.991926473077785,1.5373205621219304,1.402928235160959,1.3476148283101665,1.805465155835026,1.428276910696455
REACTOME_APOPTOSIS_INDUCED_DNA_FRAGMENTATION,-0.6507111608699554,1.0558410286640687,0.792332320213519,-0.5519770620820383,-0.7926350047998993,0.9568986176590397,1.1990987622279248
REACTOME_APOPTOTIC_CLEAVAGE_OF_CELLULAR_PROTEINS,1.3049433306684561,0.7544924521185895,0.7506194631002214,0.6297767474542896,-0.7599057801375004,-0.763671189802867,0.79680777602115
REACTOME_APOPTOTIC_EXECUTION_PHASE,1.2370818549133353,1.002557969427553,0.8204762803167335,-0.6203616415690153,-0.9622709607129459,0.8162071549690307,1.053746347744235
REACTOME_APOPTOTIC_FACTOR_MEDIATED_RESPONSE,1.4839638781582214,1.6283067043693933,1.4814563562763086,0.5468272929229909,1.3713494029329558,1.123592306147712,-1.0348964612109677
REACTOME_AQUAPORIN_MEDIATED_TRANSPORT,1.0002011662179326,1.3742456470032562,-1.0314955591604411,0.6408631422661282,1.4291029703891702,1.6926327287192429,-0.8494497706059639
REACTOME_ARACHIDONATE_METABOLISM,1.128333374492633,-1.1790745721636855,-1.5897385326376332,-0.5616020085893688,0.8006698929918279,-0.5724911801364125,-0.6036196308977126
REACTOME_ASSEMBLY_AND_CELL_SURFACE_PRESENTATION_OF_NMDA_RECEPTORS,0.9212839761338989,-0.8843611360591715,-1.4480144448192573,,-0.5656247306115286,-1.295323722928862,
REACTOME_ASSEMBLY_OF_ACTIVE_LPL_AND_LIPC_LIPASE_COMPLEXES,-0.7847701620254918,,,,,,
REACTOME_ASSEMBLY_OF_COLLAGEN_FIBRILS_AND_OTHER_MULTIMERIC_STRUCTURES,-0.9313732136057501,-0.852436163879123,1.0582903355500717,1.4666463209406997,,,
REACTOME_ASSEMBLY_OF_THE_HIV_VIRION,-1.2425921664881991,-1.3471731948719796,-1.1140072262795886,-1.5884447663555157,-1.169445529923592,-1.4651843137626805,-1.4431196533740798
REACTOME_ASSEMBLY_OF_THE_ORC_COMPLEX_AT_THE_ORIGIN_OF_REPLICATION,0.6129066421580307,0.6959724755316236,0.6109580553203917,0.6840915906360795,1.3183803245248922,-0.7855918709697539,0.610767026165348
REACTOME_ASSOCIATION_OF_TRIC_CCT_WITH_TARGET_PROTEINS_DURING_BIOSYNTHESIS,0.9048963095879546,1.4252912027665783,0.7169947677814696,0.8049644105774272,1.2144722897542501,1.5825786049786776,1.5306954519877862
REACTOME_ASYMMETRIC_LOCALIZATION_OF_PCP_PROTEINS,1.6473963927869923,1.7267646466426219,1.7266709941178517,1.420044898885562,1.3721174609230196,1.611643628922382,1.5287625134342706
REACTOME_ATF4_ACTIVATES_GENES_IN_RESPONSE_TO_ENDOPLASMIC_RETICULUM_STRESS,0.8322203982004138,-0.5767321368784235,-0.8760103103285075,-1.270898321441444,-0.9428016490739138,-1.022550243203687,-0.7294948181265091
REACTOME_ATF6_ATF6_ALPHA_ACTIVATES_CHAPERONES,0.7150328927931076,0.7072067588042832,-1.1163744446353037,-1.1404320603211193,-0.7881644816469503,0.772703353154059,0.9949824617452222
REACTOME_ATF6_ATF6_ALPHA_ACTIVATES_CHAPERONE_GENES,0.8292526864401415,0.7523488765174585,-0.9801680819148695,-1.1404320603211193,-0.7278326065835183,0.936221352770149,0.9949824617452222
REACTOME_ATP_DEPENDENT_CHROMATIN_REMODELERS,0.7442915165183899,0.880957282519417,-0.9784372775032774,-0.6249057963860669,-0.9056586243859557,-0.707801497830282,1.1263494363663942
REACTOME_ATTENUATION_PHASE,0.925047455960119,0.8963398794750359,1.2667792098916657,1.340320321145303,1.3658784116899259,-0.8708454927891421,1.2834184329352067
REACTOME_AUF1_HNRNP_D0_BINDS_AND_DESTABILIZES_MRNA,1.5403830640951,1.6306173039777268,1.598445762689676,1.4603738240401951,1.318551423042958,1.5255956614050947,1.4782049130088177
REACTOME_AURKA_ACTIVATION_BY_TPX2,0.7536315870128789,0.9401122528637661,-0.5661859422025592,-0.652160813874893,-0.6350501563481334,1.3983753396451448,1.0901382956259846
REACTOME_AUTOPHAGY,1.101460154599056,0.8833571250311345,-1.079576771552517,-1.2125257912587506,0.852267840558267,0.9224543811362718,-0.9264002900064995
REACTOME_AZATHIOPRINE_ADME,1.01805415920012,1.0149930539521965,-1.3465590493245332,-1.0416736774495572,1.124550687025427,0.8054012032768152,-1.0008415343408004
REACTOME_A_TETRASACCHARIDE_LINKER_SEQUENCE_IS_REQUIRED_FOR_GAG_SYNTHESIS,-0.9860924292141203,-1.0491967538052882,-0.9346714811100059,,,,
REACTOME_BACTERIAL_INFECTION_PATHWAYS,0.8846855091878743,0.961972085970081,0.9847444698686394,-1.1262805761664207,-1.1091607722092662,-0.9316643052129567,1.1680895301392156
REACTOME_BASE_EXCISION_REPAIR,0.7706034569531843,0.8465615578891849,0.7705782557162624,0.9449238582920706,1.5653640147471992,0.9261557073939382,0.8917864715737066
REACTOME_BASE_EXCISION_REPAIR_AP_SITE_FORMATION,0.9174185017106351,0.8353359753870594,0.7006214606486862,1.3951238841899465,1.4392902877288256,-1.0023567563768758,1.0074737252403783
REACTOME_BASIGIN_INTERACTIONS,1.361724475422005,1.172941084146769,-0.8783944360687034,-0.478335362031347,-0.8532804359156853,1.1097091983017071,0.891643618253578
REACTOME_BBSOME_MEDIATED_CARGO_TARGETING_TO_CILIUM,-0.7548941707470018,-1.1147207319629249,-0.9205289110802344,-0.9729190864404456,0.9478878992138792,1.5230671016723503,1.0000134169934105
REACTOME_BETA_CATENIN_INDEPENDENT_WNT_SIGNALING,1.3428987910086472,1.7109574907564171,1.505791680920982,1.080293822660848,1.2180938779322485,1.6280686100577844,1.5402856584242763
REACTOME_BETA_CATENIN_PHOSPHORYLATION_CASCADE,1.2356055054494648,0.9956501107549021,0.5898945036550203,-0.699069384542307,-0.6654605448533938,-0.86538788934712,1.261046187694416
REACTOME_BETA_OXIDATION_OF_VERY_LONG_CHAIN_FATTY_ACIDS,1.1882581463452655,,1.2019681577581407,,,,
REACTOME_BH3_ONLY_PROTEINS_ASSOCIATE_WITH_AND_INACTIVATE_ANTI_APOPTOTIC_BCL_2_MEMBERS,1.3469193491838851,1.5920809633248947,-1.3248835607725076,-0.6809588577513098,-1.041058493109214,-0.569055333549594,
REACTOME_BILE_ACID_AND_BILE_SALT_METABOLISM,1.092462423993286,0.8532188329440809,-1.1318417576395134,-0.7724683857548303,0.7845478769751838,,
REACTOME_BINDING_AND_UPTAKE_OF_LIGANDS_BY_SCAVENGER_RECEPTORS,1.3678247345459278,0.7473625100451641,1.1444904910240272,1.6234313935838962,-0.8743232483788035,-1.076004049991968,1.5282007351936413
REACTOME_BIOLOGICAL_OXIDATIONS,-1.0919066863899984,0.741248327044788,0.9595463334712016,0.7996284530188866,1.0112541482028454,0.6035930334862373,1.1359512311182935
REACTOME_BIOSYNTHESIS_OF_SPECIALIZED_PRORESOLVING_MEDIATORS_SPMS,1.091396196950326,-1.2023171632307945,-1.5070377427725166,,,,
REACTOME_BIOSYNTHESIS_OF_THE_N_GLYCAN_PRECURSOR_DOLICHOL_LIPID_LINKED_OLIGOSACCHARIDE_LLO_AND_TRANSFER_TO_A_NASCENT_PROTEIN,0.787394324260027,1.02259360629007,1.2466111799978044,1.017699380186788,1.4000578478761463,-0.49833115223095714,0.8501204761468361
REACTOME_BIOTIN_TRANSPORT_AND_METABOLISM,1.0845285114664638,1.035977902188296,0.9198067595573625,,,,
REACTOME_BLOOD_GROUP_SYSTEMS_BIOSYNTHESIS,,,-0.8109320547002,,,,
REACTOME_BMAL1_CLOCK_NPAS2_ACTIVATES_CIRCADIAN_EXPRESSION,1.5395694586396467,1.08086114666869,-1.2033369703258603,-0.5136290944091138,0.9564300940258535,0.9458451485125858,
REACTOME_BRANCHED_CHAIN_AMINO_ACID_CATABOLISM,0.6964439201908084,0.631945147309718,0.9894189067074398,-0.5073985529663626,1.397972392924738,1.3881882056138724,
REACTOME_BUDDING_AND_MATURATION_OF_HIV_VIRION,1.1327889600198469,-0.8700043796039655,1.3787486002817777,0.7111200770098062,0.9122625891586816,1.0327300351231252,-0.8965792757207263
REACTOME_BUTYRATE_RESPONSE_FACTOR_1_BRF1_BINDS_AND_DESTABILIZES_MRNA,1.2691116411467709,1.1616310668245238,0.8160698368177606,0.5228650211571926,0.9185547022400276,0.969174976145562,-0.8717971038274948
REACTOME_BUTYROPHILIN_BTN_FAMILY_INTERACTIONS,,,1.3259359533495167,,,,
REACTOME_CA2_PATHWAY,-1.0488994699400749,-1.074096721744255,-0.848459081038503,-0.9787675581092835,0.8908502026435187,1.2386250084184522,0.6912872619918344
REACTOME_CALCINEURIN_ACTIVATES_NFAT,0.8319326382133984,1.3664896773054758,0.9664718323097083,-1.4284392080519543,-0.9079512743935251,1.1532382897996065,
REACTOME_CALNEXIN_CALRETICULIN_CYCLE,-1.2077243385468224,-1.1885946911230667,-1.4255335548943546,-1.2775962407262542,-1.2097555194652962,-1.3783663924868743,-1.1959467505523818
REACTOME_CAMK_IV_MEDIATED_PHOSPHORYLATION_OF_CREB,-0.7323237315472337,-0.7701467662837463,0.7233233610877645,,-1.1434736536693402,,
REACTOME_CARBOXYTERMINAL_POST_TRANSLATIONAL_MODIFICATIONS_OF_TUBULIN,0.5916306476397849,-0.678406912977116,-1.752195984389652,-1.451837318531804,0.7628857218179445,-1.0425950536455104,-0.5597905789989116
REACTOME_CARDIAC_CONDUCTION,1.449400692366376,1.2412200895342218,0.9941819128640216,-1.0504378247094475,-1.2095181916415205,0.9612536106075553,0.6498749350828249
REACTOME_CARDIOGENESIS,-1.195892231028228,-1.3421434697199355,-1.1758518070929471,,,,
REACTOME_CARGO_CONCENTRATION_IN_THE_ER,1.8432264678904722,1.0924363447867254,1.9453465801266692,1.424730447321492,0.49495154167286226,1.0656447508906772,1.0990079573921832
REACTOME_CARGO_RECOGNITION_FOR_CLATHRIN_MEDIATED_ENDOCYTOSIS,1.267679717225291,1.409940538647707,1.1730632419617977,0.7546793148839488,0.8769774066873209,0.6846297359747991,-0.863248287074998
REACTOME_CARGO_TRAFFICKING_TO_THE_PERICILIARY_MEMBRANE,1.168825228457844,0.7856833535598879,0.9390404644762085,1.0015896398588287,1.4460122046752697,1.4136709135746806,1.2160037628377478
REACTOME_CARNITINE_SHUTTLE,-1.5043022014595797,,-1.3784150260371062,,,,
REACTOME_CASPASE_ACTIVATION_VIA_DEATH_RECEPTORS_IN_THE_PRESENCE_OF_LIGAND,1.7864390251777629,1.6385972691773358,1.475342732182961,1.4603234082603358,1.1639323245713966,,1.3269281626188902
REACTOME_CASPASE_ACTIVATION_VIA_DEPENDENCE_RECEPTORS_IN_THE_ABSENCE_OF_LIGAND,,,1.3674942229163634,,,,
REACTOME_CASPASE_ACTIVATION_VIA_EXTRINSIC_APOPTOTIC_SIGNALLING_PATHWAY,1.664471566247545,1.2338209169410912,1.2941400835065549,1.4384321163651743,1.0467684450254489,1.03471350841998,1.3998350609109267
REACTOME_CASPASE_MEDIATED_CLEAVAGE_OF_CYTOSKELETAL_PROTEINS,1.2621728233896423,1.0790778413927422,0.5611766822542186,-1.2721923118030862,-0.8272920294815543,-0.6891914732222261,
REACTOME_CA_DEPENDENT_EVENTS,0.5579627574599312,0.6733697032152036,0.6223405651320137,-0.7985105850334074,-0.7777384089738923,0.9515270007686295,0.5592192746206365
REACTOME_CD163_MEDIATING_AN_ANTI_INFLAMMATORY_RESPONSE,0.9630202424376118,,1.3835145562341462,,1.2727938275621988,0.7906079391325024,
REACTOME_CD209_DC_SIGN_SIGNALING,1.1989158722825957,0.604659427572734,0.812189512533218,1.0371525110997641,-1.1103020271352095,1.1121100639942858,0.9709569007733868
REACTOME_CD22_MEDIATED_BCR_REGULATION,,,1.2593954010467543,,1.263390631104538,,
REACTOME_CD28_DEPENDENT_PI3K_AKT_SIGNALING,-0.7745659963802104,-1.3246298387004032,-1.1473485394872436,0.5527438637739099,-1.0247567622116218,-1.1234018031799937,0.9698965289877457
REACTOME_CD28_DEPENDENT_VAV1_PATHWAY,0.5427618572513664,-0.5985584221972233,0.9351024816222474,1.2753651737221792,-0.3424015690919063,-0.6856240432618066,1.0106635579627603
REACTOME_CDC42_GTPASE_CYCLE,1.253274811055269,1.1756631027042865,0.9137326883636938,0.5766494009840434,-0.8930435974463372,-1.3515191941338844,0.9917531954421549
REACTOME_CDK_MEDIATED_PHOSPHORYLATION_AND_REMOVAL_OF_CDC6,1.5625762625014885,1.5291062047314026,1.5270165821921104,1.290003185105297,1.483406489563043,1.3669178356521776,1.5568514708996324
REACTOME_CELLULAR_HEXOSE_TRANSPORT,,,,,-0.960243762227263,,
REACTOME_CELLULAR_RESPONSES_TO_MECHANICAL_STIMULI,1.839691968178009,1.4895553503147585,1.3052802549273088,1.195809826386645,1.0785670738207707,1.7816066173207274,1.2093451677629754
REACTOME_CELLULAR_RESPONSE_TO_CHEMICAL_STRESS,1.7967997366013608,1.6983468675416475,1.2395192039053031,1.4087618177978527,1.0690162986020093,1.4624444391617113,1.3241145520415785
REACTOME_CELLULAR_RESPONSE_TO_HEAT_STRESS,-0.8751593748312956,0.7372533453630692,-0.947364682070369,0.7896706299030286,0.8675938831467789,1.0449220246319753,0.9884813551569821
REACTOME_CELLULAR_RESPONSE_TO_HYPOXIA,1.6166665014771104,1.6135880435747303,1.6539681416743757,1.64204154264387,1.3434108523539317,1.4338445648689573,1.5098204488461
REACTOME_CELLULAR_RESPONSE_TO_STARVATION,-3.3515392333722938,-3.386691314921313,-3.1813650284462844,-3.219054370795029,-3.425204905342903,-3.3012342982771594,-3.4398961816497344
REACTOME_CELL_CELL_COMMUNICATION,1.4141924694178227,1.1850833785172172,1.1479576777582872,0.8461642314724828,0.7302589593423262,1.1903432834739918,0.9707821348038969
REACTOME_CELL_CELL_JUNCTION_ORGANIZATION,-0.7798003291232897,0.6514744528962813,0.8088171289207997,-0.9479642752905639,1.01690575615685,0.996533119058581,0.7423175224258384
REACTOME_CELL_DEATH_SIGNALLING_VIA_NRAGE_NRIF_AND_NADE,-0.8945893593664287,-0.8988802201636961,-0.9302640645359173,-0.8407493678321201,-1.2724784652732442,-0.8735231634564666,-1.3918256796723003
REACTOME_CELL_EXTRACELLULAR_MATRIX_INTERACTIONS,1.5473867789278264,1.7498759902896075,0.9359136257711311,-1.0102224245585385,0.6363139359844804,1.1972671546620084,0.8653057630009934
REACTOME_CELL_JUNCTION_ORGANIZATION,1.2309138264658785,1.2534479866103978,0.8111231490461399,-1.006238341892989,0.6794320839999175,1.356716667234354,0.7392391504595942
REACTOME_CELL_SURFACE_INTERACTIONS_AT_THE_VASCULAR_WALL,1.491193339100657,1.4916494450726234,0.8712036270181759,0.863253786533206,-0.6610878880221106,1.1730256041452223,0.6781961292479809
REACTOME_CHAPERONE_MEDIATED_AUTOPHAGY,-1.1871554829942141,-1.0544329914801371,-1.1843514579626193,-0.9528819421923176,-1.1687182022362268,-0.8244428781515863,-1.2979704222277957
REACTOME_CHEMOKINE_RECEPTORS_BIND_CHEMOKINES,0.9676171927356543,0.8151678701715778,1.0911266428326276,-0.6862724349041804,-1.021909141758059,0.9426375179935051,-0.992036425057763
REACTOME_CHK1_CHK2_CDS1_MEDIATED_INACTIVATION_OF_CYCLIN_B_CDK1_COMPLEX,1.576183243237998,1.430153097980575,1.6048022522024559,0.7325290438300764,-0.9157848320660296,1.636007953447603,-0.9069741997429002
REACTOME_CHOLESTEROL_BIOSYNTHESIS,1.2109830987668044,1.3885111578266194,1.46776797426972,-0.7787883851185731,1.140892414812538,-0.7089138302212977,1.1091777407662224
REACTOME_CHONDROITIN_SULFATE_BIOSYNTHESIS,1.110917406098446,1.0698094103173155,0.7698997343995365,0.8815393389515411,1.0702073082434225,,
REACTOME_CHONDROITIN_SULFATE_DERMATAN_SULFATE_METABOLISM,0.7642792753676801,0.7305765794986194,-0.8194865402615695,1.0622318684059067,0.9502607096687913,-0.4833069140144409,-0.8840219969359353
REACTOME_CHROMATIN_MODIFICATIONS_DURING_THE_MATERNAL_TO_ZYGOTIC_TRANSITION_MZT,0.692104671714679,-0.5455771393418278,0.47444239806011945,0.8271134061250446,1.552773932072287,0.8418661820311267,-0.9132542175609487
REACTOME_CILIUM_ASSEMBLY,0.8717268231261424,0.9260866492250068,-0.7768610128926596,0.663902075960008,0.8992438723528065,1.5248488789447976,1.2318283303421624
REACTOME_CIRCADIAN_CLOCK,1.5249852006922306,1.299122093420402,1.33311847833829,1.3936970622901914,1.1978199611239684,1.4136279056130625,1.576137613186175
REACTOME_CITRIC_ACID_CYCLE_TCA_CYCLE,0.946315268104208,1.0390228662120582,1.1144788194036603,-0.9184588742378217,0.8558288983756569,-1.0561749874686313,1.228219076609275
REACTOME_CLASS_A_1_RHODOPSIN_LIKE_RECEPTORS,1.3057633590936937,0.9987242094955524,0.9079168693466667,1.2911339733740723,0.8235702395148855,-1.1995954920747125,-0.6748524778929614
REACTOME_CLASS_B_2_SECRETIN_FAMILY_RECEPTORS,0.8109436160461069,1.3707916576843198,-0.9609261588214458,-0.6652480810447492,1.4335580890647606,1.7104124245896586,-0.8593523181654337
REACTOME_CLASS_I_PEROXISOMAL_MEMBRANE_PROTEIN_IMPORT,-1.0278577675322653,-0.8007729535909123,1.2341342264915471,,,,
REACTOME_CLATHRIN_MEDIATED_ENDOCYTOSIS,1.369990326443621,1.7351246887447007,1.262374233313477,-0.7997120922537382,0.9931120272075774,0.9532673923879709,0.9566382651707642
REACTOME_CLEC7A_DECTIN_1_INDUCES_NFAT_ACTIVATION,0.7978704973452108,1.196873026182554,0.976719106776997,-1.201251868309792,-1.0880374109345714,1.0587514063222487,
REACTOME_CLEC7A_DECTIN_1_SIGNALING,1.5848912479732895,1.5259708376351142,1.4958902601146258,1.3887938634711132,1.2626773597413052,1.512543025670126,1.7020871992644824
REACTOME_COBALAMIN_CBL_VITAMIN_B12_TRANSPORT_AND_METABOLISM,-0.6705352086693817,-0.871700011634367,0.8709499834592132,,0.5388792537975312,-1.0671756991200343,
REACTOME_COHESIN_LOADING_ONTO_CHROMATIN,-0.6656662711678517,-0.7852866041765447,1.551994318847671,0.67640117182434,-1.278949930892644,0.5889635865875936,0.4911046955134246
REACTOME_COLLAGEN_BIOSYNTHESIS_AND_MODIFYING_ENZYMES,-0.7011185702906112,-1.0631923429449965,-1.0083366774670264,0.8422638797121907,0.7356040130054763,,
REACTOME_COLLAGEN_DEGRADATION,-1.375652543291748,-0.7639436258835011,1.484254644797113,1.4619615710681935,0.9007034371692513,0.8470279030710877,
REACTOME_COLLAGEN_FORMATION,0.7596680787659097,-0.925060653856391,0.8704594367991524,1.2066501822707678,0.7463962461613567,-0.7594527585180516,1.2213318077073987
REACTOME_COMPLEMENT_CASCADE,1.1736325447243428,0.859920705693623,1.948281623676288,1.8483612177377426,0.5245318607602726,0.6535687514419696,0.4408838900427007
REACTOME_COMPLEX_III_ASSEMBLY,-0.83608519920933,-1.007756341909316,-1.2399469481724381,-1.3472634854247958,0.7951142613802016,0.6513722007299252,-0.8937256950424581
REACTOME_COMPLEX_IV_ASSEMBLY,1.5438696094175595,1.2448297181503563,-1.33186759318992,-1.3038198999278645,0.9592359788761181,-0.9379909324295622,-1.2237807648048808
REACTOME_COMPLEX_I_BIOGENESIS,1.3154417440297546,1.0183622374584191,0.8520612029347626,0.6834569861623808,1.1162985047204912,1.1688031696351324,0.6325381465638612
REACTOME_CONDENSATION_OF_PROMETAPHASE_CHROMOSOMES,1.3334936785442308,1.359254670663997,-0.43771790015056017,,,,
REACTOME_CONSTITUTIVE_SIGNALING_BY_ABERRANT_PI3K_IN_CANCER,0.7028195288387198,0.698192514578001,0.8446449458607673,0.7644022980809319,0.8737870236326899,1.1014362748600972,0.8268003065286306
REACTOME_CONSTITUTIVE_SIGNALING_BY_AKT1_E17K_IN_CANCER,-0.6079372776219888,-1.0393464042357996,-1.4354901967341802,1.2892619051990855,-0.7000700847953715,-0.7057145015228542,-0.7893098267233295
REACTOME_CONSTITUTIVE_SIGNALING_BY_EGFRVIII,1.2463503443649486,1.1311109146698524,0.8605927944842159,0.982973540945814,0.5584976704386698,1.0564906379650163,0.6973547854609341
REACTOME_CONSTITUTIVE_SIGNALING_BY_LIGAND_RESPONSIVE_EGFR_CANCER_VARIANTS,-0.8444647850510492,-0.8143165140919939,-0.948507340924084,-0.9228858557564187,-1.0967123743868834,-1.1506340497056766,-1.2674044586631328
REACTOME_CONSTITUTIVE_SIGNALING_BY_OVEREXPRESSED_ERBB2,1.2730884616082796,1.7472457055976653,1.326607836578713,1.3229574644442852,0.46688323521314423,1.3471177444006956,0.8155597971965128
REACTOME_CONVERSION_FROM_APC_C_CDC20_TO_APC_C_CDH1_IN_LATE_ANAPHASE,0.8295382991202178,-0.5962593847682217,0.5784051912484807,-0.9017857969598355,1.116075190529534,-1.2720115943711074,0.9046409611869219
REACTOME_COOPERATION_OF_PDCL_PHLP1_AND_TRIC_CCT_IN_G_PROTEIN_BETA_FOLDING,1.2079277233173926,1.3512557446918971,-0.8210584845374306,-0.9152043162218083,1.571323256736027,2.0357062014749143,0.963315264515488
REACTOME_COOPERATION_OF_PREFOLDIN_AND_TRIC_CCT_IN_ACTIN_AND_TUBULIN_FOLDING,1.2123862641069965,0.8398210128983654,-1.3245913651604517,-1.0419638181201087,1.1367653938656146,1.2554811299109319,1.092276006765576
REACTOME_COPII_MEDIATED_VESICLE_TRANSPORT,1.7448159694945224,1.2640340010293045,1.812895418152448,1.184794436901961,0.8565572280096566,0.9738037358237382,0.8894527078026486
REACTOME_COPI_DEPENDENT_GOLGI_TO_ER_RETROGRADE_TRAFFIC,1.1964626972237091,0.8351004024778191,1.0197742786363693,-0.8196326832670519,0.9668618366210173,-1.1299313212430073,0.7099614772452576
REACTOME_COPI_INDEPENDENT_GOLGI_TO_ER_RETROGRADE_TRAFFIC,1.291120174248971,1.0785282793504494,1.1845717756985947,-1.0680571426564265,0.6644216549349381,1.006641573784555,1.6752811461353023
REACTOME_COPI_MEDIATED_ANTEROGRADE_TRANSPORT,1.3711830272018668,1.1326475555266606,1.4157617309725923,0.6453467443178041,0.9436248378121279,0.8543548461384382,1.2272441358397335
REACTOME_CO_INHIBITION_BY_CTLA4,1.046470276918168,0.8194763766308452,-0.6358677003047726,0.6070405287073829,-0.46443044493000135,-0.8967405464193786,1.049757627754928
REACTOME_CO_INHIBITION_BY_PD_1,1.2629683456172325,1.9924964520651685,-0.721767630469064,1.4620692873129442,1.1803966175912506,1.3662816513009655,-1.1990861416622522
REACTOME_CO_STIMULATION_BY_CD28,0.5657179677487466,-0.8462661840915555,-0.6239089447394979,0.7401369776058145,-0.7619396989916682,-0.897416800009401,1.1179915396505116
REACTOME_CO_STIMULATION_BY_ICOS,-1.3212121484518728,-0.9443091995850389,-1.2062328257860582,,,,
REACTOME_CREB1_PHOSPHORYLATION_THROUGH_NMDA_RECEPTOR_MEDIATED_ACTIVATION_OF_RAS_SIGNALING,0.9885419602316359,1.1483551350736585,-0.5755629636260857,1.1492423754101269,-1.1421036749793638,0.7904445439400065,1.2273948058042823
REACTOME_CREB1_PHOSPHORYLATION_THROUGH_THE_ACTIVATION_OF_ADENYLATE_CYCLASE,0.6894960868293267,0.7183084210858639,0.5522366433021343,-1.1989139840945522,-0.9955245464479203,1.2867858934475747,
REACTOME_CRISTAE_FORMATION,-0.8122679984048613,0.8781940712950078,-1.389046506052571,-1.7460178665239796,-0.8262221909622203,1.0988894547620098,-1.2292996161947145
REACTOME_CRMPS_IN_SEMA3A_SIGNALING,,,0.7371649837020431,,,,
REACTOME_CROSS_PRESENTATION_OF_PARTICULATE_EXOGENOUS_ANTIGENS_PHAGOSOMES,1.1792990393631704,,1.6223499082835064,1.6460004727521773,0.9890944424599832,,1.4563911803351939
REACTOME_CROSS_PRESENTATION_OF_SOLUBLE_EXOGENOUS_ANTIGENS_ENDOSOMES,2.3883862011754453,2.388976227293445,2.3290003317116006,2.0046660385896846,2.1259276071020583,2.254824749711286,2.2069276693743847
REACTOME_CS_DS_DEGRADATION,,,0.7818567811613913,,,,
REACTOME_CYCLIN_A_B1_B2_ASSOCIATED_EVENTS_DURING_G2_M_TRANSITION,0.7594501377063002,0.5744505550139872,1.239732585487068,1.0914680569481396,0.5075253982619402,1.3565222442062725,1.102564092338108
REACTOME_CYCLIN_A_CDK2_ASSOCIATED_EVENTS_AT_S_PHASE_ENTRY,1.390212038735055,1.3616017827454936,1.5008268402239398,1.340537658359751,1.4886278649589078,1.3507181586511348,1.4485143531896043
REACTOME_CYCLIN_D_ASSOCIATED_EVENTS_IN_G1,-0.7047813197898759,-0.764627724813813,0.8909760193348294,0.7663139205622091,1.0453293014387965,-0.9846901254545237,-1.0967596662243777
REACTOME_CYTOCHROME_C_MEDIATED_APOPTOTIC_RESPONSE,1.2458365469404415,1.1484351673077933,1.4714025588903308,0.8072262131793722,1.25836652533796,,-0.8538285905285826
REACTOME_CYTOCHROME_P450_ARRANGED_BY_SUBSTRATE_TYPE,0.8422528031808018,-0.8875117253578435,-1.2084179706160214,-0.666392937140473,,,
REACTOME_CYTOPROTECTION_BY_HMOX1,1.430038087710148,1.3747796334305373,-1.2436660329461067,0.9455473004131316,0.7009301794486754,0.9502210777440481,-1.1699159950306461
REACTOME_CYTOSOLIC_IRON_SULFUR_CLUSTER_ASSEMBLY,1.2475304701761896,1.1570943724549483,-0.9421447274043905,,1.1401055320304918,,
REACTOME_CYTOSOLIC_SENSORS_OF_PATHOGEN_ASSOCIATED_DNA,1.7152071242482572,1.5295210308215683,1.1648495879571883,1.0891037557741758,1.3041692571369867,1.216273184603299,1.2946707741445633
REACTOME_CYTOSOLIC_SULFONATION_OF_SMALL_MOLECULES,-0.8670920216382728,1.0870219861431363,1.0408767184231331,,,,
REACTOME_CYTOSOLIC_TRNA_AMINOACYLATION,1.4159265593295665,1.0355373524247575,1.049106718664061,0.8520755649328916,0.8208440219481182,1.0197023506440686,1.172066279425391
REACTOME_C_TYPE_LECTIN_RECEPTORS_CLRS,1.5427002845064748,1.3877756416947227,1.570076598364467,1.4504163412187205,1.1641602177856727,1.595999767917102,1.5619810556003453
REACTOME_DAG_AND_IP3_SIGNALING,0.565903426387568,-0.6392128547361509,0.8147211483619993,-0.8826400986446749,-0.6768789875209197,1.2279122411432448,0.586876813274811
REACTOME_DAP12_INTERACTIONS,0.9458651338218756,1.1575229231806337,1.3418184883324302,2.0285610837417156,1.448672515761243,-1.027543837644186,1.9363455769767572
REACTOME_DAP12_SIGNALING,0.978455431851803,1.0513238297384881,1.47113651308646,1.8600021644097402,1.2008101215009,-1.1075424843580322,1.6884098443837627
REACTOME_DARPP_32_EVENTS,1.475969766885256,1.4013103653307288,0.704104289672292,-1.1062588695061337,-1.0911662730828762,0.5565236726029587,1.0205438120817139
REACTOME_DCC_MEDIATED_ATTRACTIVE_SIGNALING,-1.1243172332977247,-0.7176067059386154,-0.7581528306264621,,-0.6027025873440667,-0.7988755612608461,
REACTOME_DDX58_IFIH1_MEDIATED_INDUCTION_OF_INTERFERON_ALPHA_BETA,1.7851292383505548,1.4124437017181442,1.5622429830619546,1.6241682825101607,1.2787246560442957,1.3198113866917438,1.187448888948597
REACTOME_DEACTIVATION_OF_THE_BETA_CATENIN_TRANSACTIVATING_COMPLEX,-1.3134937076397417,-1.2464818966205862,-1.0499500403067439,-1.9255767083296051,-1.1786240155302925,-1.0693504621434777,-1.5199732759868254
REACTOME_DEADENYLATION_DEPENDENT_MRNA_DECAY,0.802721093749578,0.7144451742951274,-0.8671788146317057,-1.1074176764867383,-0.9433815670567851,-0.6658437286991565,-0.9038442520647328
REACTOME_DEADENYLATION_OF_MRNA,-1.1703820737830188,-1.3196536972279214,-1.1085766460494173,-1.2657400130041148,-1.141691596179167,-1.0474083598770667,-1.1631007001474318
REACTOME_DEATH_RECEPTOR_SIGNALING,1.3300148061820958,1.3373872796393724,1.1406722827014621,1.0307362926481207,-1.0479070154692967,0.8907278094564288,0.9737837317891899
REACTOME_DECTIN_1_MEDIATED_NONCANONICAL_NF_KB_SIGNALING,1.7441583730481276,1.6684807147127265,1.6755700836042817,1.4439657550749359,1.4964921760112817,1.5078925642411622,1.559791735564472
REACTOME_DECTIN_2_FAMILY,,,1.5894571107582351,1.136748795714278,-1.2135208136150266,,-1.3227773147599624
REACTOME_DEFECTIVE_CFTR_CAUSES_CYSTIC_FIBROSIS,1.8912045403301596,1.9763065362263912,1.789990828032569,1.1576429310346907,1.51505761834203,1.4371557972276718,1.510736443422727
REACTOME_DEFECTIVE_INTRINSIC_PATHWAY_FOR_APOPTOSIS,1.696410745395752,1.2732879431766582,-0.7645906208455272,0.5260553902612258,0.7528663610519998,1.4593976311243961,0.6506803133697914
REACTOME_DEFECTIVE_RIPK1_MEDIATED_REGULATED_NECROSIS,0.9729361930903518,1.2858167330560228,0.8602741868469433,,,,
REACTOME_DEFECTS_IN_COBALAMIN_B12_METABOLISM,-0.9394255386491651,-0.9382650975793432,1.0190905889260522,,0.5388792537975312,-1.0671756991200343,
REACTOME_DEFECTS_IN_VITAMIN_AND_COFACTOR_METABOLISM,-0.7570516664745218,-0.9817387216694488,0.9072198740487429,,0.7517411954346973,-1.0671756991200343,
REACTOME_DEGRADATION_OF_AXIN,1.565694204679079,1.6983721146524466,1.769970944007578,1.3689930575079186,1.4098739132737355,1.606024583227925,1.495486155224135
REACTOME_DEGRADATION_OF_BETA_CATENIN_BY_THE_DESTRUCTION_COMPLEX,1.225303571751593,1.469162065733721,1.7024416325932112,1.2213605989259753,1.0613893208124854,1.327408086318652,1.5633517832780706
REACTOME_DEGRADATION_OF_CRY_AND_PER_PROTEINS,1.6108753252500891,1.6461819240171591,1.8883823300113374,1.5691603415420141,1.364763923996046,1.529369149036655,1.648988338530461
REACTOME_DEGRADATION_OF_CYSTEINE_AND_HOMOCYSTEINE,0.9811889749689998,1.3369496488125996,-0.6953742677147067,,1.0661149693936562,0.8619762674767039,0.8997874875466936
REACTOME_DEGRADATION_OF_DVL,1.7598180309201479,1.7972744005034593,1.7951271101185535,1.538417269821578,1.311378129560888,1.6717666952551868,1.58726015886571
REACTOME_DEGRADATION_OF_GLI1_BY_THE_PROTEASOME,1.6181328789994724,1.7018269548821658,1.7855974287912464,1.5116994753132942,1.4082155521203,1.7224005410018013,1.560689508927632
REACTOME_DEGRADATION_OF_THE_EXTRACELLULAR_MATRIX,1.3283854103370398,1.2759794131412456,1.2229157783377487,1.1952767128909323,-0.718920305459683,0.8864253009950547,1.484883573825344
REACTOME_DEPOLYMERIZATION_OF_THE_NUCLEAR_LAMINA,0.9764156781263967,0.6845583795944538,-0.6321456778941741,,-0.9921138536038147,0.8473521926596695,
REACTOME_DEPOSITION_OF_NEW_CENPA_CONTAINING_NUCLEOSOMES_AT_THE_CENTROMERE,0.8335186687978865,0.7578673002498869,-0.7292369301053074,0.892731940796357,1.1810432353364586,1.0034791286257931,0.8609747719500453
REACTOME_DETOXIFICATION_OF_REACTIVE_OXYGEN_SPECIES,1.7550306152479154,1.3419447118897148,1.2549970975945623,1.2240302175984923,1.1509425432026696,0.5690051535979299,1.311974824114943
REACTOME_DEVELOPMENTAL_CELL_LINEAGES,1.5448839060158905,0.9939606271369082,1.0517757066072013,0.87214228709324,-1.3096402667674756,0.8770638097369003,0.8045347114993601
REACTOME_DEVELOPMENTAL_CELL_LINEAGES_OF_THE_EXOCRINE_PANCREAS,,,1.518590650740664,1.3377408830235473,-1.0352894144352673,,1.027494379458098
REACTOME_DEX_H_BOX_HELICASES_ACTIVATE_TYPE_I_IFN_AND_INFLAMMATORY_CYTOKINES_PRODUCTION,1.804003354907581,1.936352567187833,1.512268602761996,1.5793999352559809,1.4753994435466273,,1.4559106338008994
REACTOME_DIFFERENTIATION_OF_KERATINOCYTES_IN_INTERFOLLICULAR_EPIDERMIS_IN_MAMMALIAN_SKIN,1.1618134426812268,-1.1404268377547742,-1.5988702973227982,-1.1491259648745569,-1.3243963939207617,-1.0046607850029816,
REACTOME_DISASSEMBLY_OF_THE_DESTRUCTION_COMPLEX_AND_RECRUITMENT_OF_AXIN_TO_THE_MEMBRANE,1.040329259804778,0.6627907728668901,0.7524739008206578,-0.9105806316427055,-0.5595971202925285,-0.86538788934712,1.261046187694416
REACTOME_DISEASES_ASSOCIATED_WITH_GLYCOSAMINOGLYCAN_METABOLISM,0.5097783527291114,1.26644557350688,1.0999515163388642,,-0.5131223698098989,-0.8566133345101876,
REACTOME_DISEASES_ASSOCIATED_WITH_GLYCOSYLATION_PRECURSOR_BIOSYNTHESIS,0.9160321744412081,0.8590416639303985,-0.7882392642293716,0.4962204186028759,0.5617115979081736,-0.8334907827947218,
REACTOME_DISEASES_ASSOCIATED_WITH_N_GLYCOSYLATION_OF_PROTEINS,1.3395484491921654,0.7975093757976528,1.0577764924029807,0.722527093147157,0.8714586928387698,-0.6762154071129837,
REACTOME_DISEASES_ASSOCIATED_WITH_O_GLYCOSYLATION_OF_PROTEINS,0.9473409708162696,1.6525251920998905,1.3932086857063917,,,,
REACTOME_DISEASES_OF_BRANCHED_CHAIN_AMINO_ACID_CATABOLISM,0.8693201966901897,0.9509032128975862,1.2478429235186241,-0.5760498529787054,1.4126186039521156,,
REACTOME_DISEASES_OF_CARBOHYDRATE_METABOLISM,-1.0241773907865983,-0.985658550088284,-1.3563658252868225,-1.4031456163026514,-1.378427456427421,-0.9950804865282101,-1.3042216698517428
REACTOME_DISEASES_OF_DNA_REPAIR,0.8723398891140537,1.1872553686978942,0.7800713096238336,1.3662298110794922,0.7362911819811532,1.0550607691720408,
REACTOME_DISEASES_OF_GLYCOSYLATION,1.1256245785688561,1.3264498284513413,1.2735902333695277,1.1330729224069813,0.8628311197183618,-0.6348553709355581,0.8955122625965894
REACTOME_DISEASES_OF_IMMUNE_SYSTEM,1.6577856610781883,1.0939094491756325,1.461080248848643,1.8209936567235676,0.9263759335224077,-1.07800722181232,1.5212280234146562
REACTOME_DISEASES_OF_METABOLISM,0.8733679175470185,0.9013159465043031,0.9867113880355981,0.8340085543500574,0.831171134222833,-0.7154019416037746,-0.7768735080032197
REACTOME_DISEASES_OF_MITOTIC_CELL_CYCLE,0.9271630573052267,0.6403514875099725,-0.6404873849665655,0.7324530154673659,1.5895286037751941,0.8715150994796929,0.8316094938486177
REACTOME_DISORDERS_OF_TRANSMEMBRANE_TRANSPORTERS,1.5020357859057791,1.5168055837579202,1.4071346815151993,0.9605647639279868,1.115444037576783,1.4207191079801018,1.4947334446121965
REACTOME_DISSOLUTION_OF_FIBRIN_CLOT,,,0.9822549794673732,,,,
REACTOME_DNA_DAMAGE_BYPASS,1.1839648844438655,1.3713877415249474,1.081145638825218,1.3504750934179834,1.1856556663441322,1.6703595211227678,1.1511782837716984
REACTOME_DNA_DAMAGE_RECOGNITION_IN_GG_NER,1.0316171292174743,1.1204468818880333,-0.9850998988679724,0.9571451723092806,-0.7707174362021607,1.2279680792855276,0.8584459262620022
REACTOME_DNA_DAMAGE_REVERSAL,-1.1684133241701569,-0.5793206666057735,-0.7004309435253796,,-0.5104900184544677,,
REACTOME_DNA_DAMAGE_TELOMERE_STRESS_INDUCED_SENESCENCE,0.9255995234032823,0.9397248376054705,0.9710238495920309,1.5356019056283248,1.493654461390524,1.076403044158771,0.9133454226151516
REACTOME_DNA_DOUBLE_STRAND_BREAK_REPAIR,-0.8131609385049098,0.7621484126416394,0.7080123504080598,-0.8435427893597179,0.7358690607557977,1.0924628813057822,-0.7004508601881445
REACTOME_DNA_DOUBLE_STRAND_BREAK_RESPONSE,-1.3213594635179011,-1.106711369475661,0.7807360141182067,-0.816171214757522,-0.7897833500711273,-0.8514481471717293,-0.9184372117965471
REACTOME_DNA_METHYLATION,0.8298797245855297,0.5096404651203682,0.6015506512868126,0.8697546085426143,1.4883350249253937,-0.8887768688064014,0.620311426926671
REACTOME_DNA_STRAND_ELONGATION,-0.7364864203677831,0.9954552398474973,0.7298502935879052,0.7148296343474088,0.7448155356198012,1.358176800997222,
REACTOME_DOPAMINE_NEUROTRANSMITTER_RELEASE_CYCLE,-0.775705387940885,,-0.7380596599584077,,,,
REACTOME_DOWNREGULATION_OF_ERBB2_ERBB3_SIGNALING,-1.3726151421108466,-1.4414514508551717,-1.6417301461671219,-1.3910903588301604,-1.3225806731887453,-1.6555761053629936,-1.6389155525057515
REACTOME_DOWNREGULATION_OF_ERBB2_SIGNALING,-0.9989426493768054,-0.9572302483863318,-1.21589706276734,-0.9776037739341049,-1.2242196279517046,-1.5176127348908008,-1.132392186231783
REACTOME_DOWNREGULATION_OF_ERBB4_SIGNALING,-1.413515061799815,-1.4612008926022604,-1.5833846441833586,-1.5787185548841463,-1.4163124673137613,-1.307382026599095,
REACTOME_DOWNREGULATION_OF_SMAD2_3_SMAD4_TRANSCRIPTIONAL_ACTIVITY,0.8435919937644348,-0.8989407445042267,0.8954909459113849,0.8624644430278846,0.8125874403425086,0.7289008329006768,-0.9361578459152373
REACTOME_DOWNREGULATION_OF_TGF_BETA_RECEPTOR_SIGNALING,-1.1072025859749115,-1.1930360907331492,-1.440849281064863,-1.6896597234849071,-1.039473562536684,-1.0700811363860216,-1.5902785017309629
REACTOME_DOWNSTREAM_SIGNALING_EVENTS_OF_B_CELL_RECEPTOR_BCR,1.628437326062979,1.709741137710384,1.7003148374368857,1.1368285974662429,1.153562162098024,1.6608865412982603,1.5848290990050504
REACTOME_DOWNSTREAM_SIGNALING_OF_ACTIVATED_FGFR1,0.6920768429475012,0.8995168283138856,0.8602341806307982,,-0.8437794954815266,,
REACTOME_DOWNSTREAM_SIGNALING_OF_ACTIVATED_FGFR2,0.6920768429475012,0.8995168283138856,0.8602341806307982,,-0.8437794954815266,,
REACTOME_DOWNSTREAM_SIGNALING_OF_ACTIVATED_FGFR3,0.6920768429475012,0.8995168283138856,0.8602341806307982,,-0.8437794954815266,,
REACTOME_DOWNSTREAM_SIGNALING_OF_ACTIVATED_FGFR4,0.6920768429475012,0.8995168283138856,0.8602341806307982,,-0.8437794954815266,,
REACTOME_DOWNSTREAM_SIGNAL_TRANSDUCTION,1.1878841674878036,1.170831677808766,1.2377655640918845,1.4916186162658753,1.073076068615288,1.4235565225181197,1.2569590249949225
REACTOME_DOWNSTREAM_TCR_SIGNALING,1.7637721787701977,1.7332976519397811,1.481820439843651,1.578406651040778,1.3738671168540366,1.4347372165079066,1.3934663130283762
REACTOME_DRUG_ADME,1.161007770931047,1.1738329493160973,-0.9199114843454206,-1.083882476442722,1.0329685408016005,0.8062293617579803,0.6103153873677053
REACTOME_DUAL_INCISION_IN_GG_NER,0.8295087516435891,0.7983264603974115,-0.8679047610063607,-0.7555232538625652,-1.0071148959819318,1.1135275202121078,-0.9893777100156472
REACTOME_DUAL_INCISION_IN_TC_NER,0.5910510007007808,0.7538296471420786,-0.993151204634424,-1.0153351216925626,-0.7410670433991663,0.7906831607139093,-0.8904479486259262
REACTOME_E2F_MEDIATED_REGULATION_OF_DNA_REPLICATION,-0.7223455908431013,0.6716711986548909,0.8724538498582228,,0.5776927370946103,-1.0592017824494242,
REACTOME_E3_UBIQUITIN_LIGASES_UBIQUITINATE_TARGET_PROTEINS,1.0705787027946243,1.0446715096371018,1.4586385381769356,1.2245790598867636,0.9900958075464955,0.9923858457338939,1.064588404293391
REACTOME_EARLY_PHASE_OF_HIV_LIFE_CYCLE,-1.0518086814029113,0.6481666814548402,-1.3024421906566646,-0.9222300183652548,0.864849271622197,0.65341041335972,-0.752498641918266
REACTOME_EARLY_SARS_COV_2_INFECTION_EVENTS,1.1559803414043608,0.9349955267664435,1.3743576212562028,0.8726196622557072,0.8729226892410227,1.29411867295795,1.0266801261060765
REACTOME_ECM_PROTEOGLYCANS,1.0315517273124777,-0.8960241820375571,-0.5884664901326138,,,1.1286883781257517,0.8632076768782503
REACTOME_EFFECTS_OF_PIP2_HYDROLYSIS,-0.8824028921666714,0.5637366580796749,-0.9682900850249275,,1.333178386492085,0.8683687731028993,
REACTOME_EGFR_DOWNREGULATION,-1.128884614783187,-1.1843980003800145,-0.8160920502448118,-0.8807078111054598,-1.2882466123751557,-1.0270046931893968,-1.1703448160493612
REACTOME_EGFR_TRANSACTIVATION_BY_GASTRIN,0.7412780720302278,0.8540688466083007,1.218112970688653,,,,
REACTOME_EGR2_AND_SOX10_MEDIATED_INITIATION_OF_SCHWANN_CELL_MYELINATION,1.0096590732848532,1.2337510963596754,0.5831324005517987,,1.0536722629879507,,
REACTOME_EICOSANOID_LIGAND_BINDING_RECEPTORS,1.4187700198067863,,0.8177675855391612,,,,
REACTOME_ELASTIC_FIBRE_FORMATION,1.3212293662267935,1.236652182999121,0.9196050224768835,,,,
REACTOME_ELEVATION_OF_CYTOSOLIC_CA2_LEVELS,1.4810982972883517,-0.4063068824327148,-0.7794194979318342,,1.2707295546599606,,
REACTOME_ENDOGENOUS_STEROLS,0.9364751157451512,-0.6708744539116404,-1.2758488298595443,,,,
REACTOME_ENDOSOMAL_SORTING_COMPLEX_REQUIRED_FOR_TRANSPORT_ESCRT,1.0850896099711145,-0.8890726695313446,1.3587365477252764,0.703708878515506,0.9502027671168679,1.0228992908275998,-0.9199097484626103
REACTOME_ENDOSOMAL_VACUOLAR_PATHWAY,1.2496239442865036,1.4186688414379327,1.9133496637155072,1.6582963928156609,1.82898107535028,1.2642428437669109,1.8573259109530211
REACTOME_ENERGY_DEPENDENT_REGULATION_OF_MTOR_BY_LKB1_AMPK,0.9084331477597208,1.2593373269185015,0.6309898811701059,1.0962676039953134,0.7702551270548161,1.248844574236873,0.7677868744993227
REACTOME_ENOS_ACTIVATION,1.4566328850920576,0.9611616905876367,1.565132712078817,1.3304016323063725,0.9633051868833105,1.4850820009978845,
REACTOME_EPHA_MEDIATED_GROWTH_CONE_COLLAPSE,1.6239977297266868,1.744247226956301,0.999236421543847,-0.7269210513947402,0.9465384783924833,0.8162994824769789,1.2814393845035876
REACTOME_EPHB_MEDIATED_FORWARD_SIGNALING,1.7022878271772985,1.8797952413376604,1.2803334628506418,-1.1496818809635236,0.6700355642663306,1.1780974467660896,1.5702531717517227
REACTOME_EPHRIN_SIGNALING,0.7301342581523247,0.9933478089714083,1.1714341897433969,1.4150209211854174,0.9673042342143162,0.7041588453917137,1.493190498469203
REACTOME_EPH_EPHRIN_MEDIATED_REPULSION_OF_CELLS,1.2286819414559618,1.6426372818307158,-0.8873654968934515,0.6686988456921024,0.886746108798038,1.1158921092092617,0.6503855413152828
REACTOME_EPH_EPHRIN_SIGNALING,1.9990785039640087,2.1966259883590418,1.3374713163741858,-0.9394687218891605,1.3077251318667245,1.4097192165783659,1.4988669611516279
REACTOME_ERBB2_REGULATES_CELL_MOTILITY,,,1.1257209289237529,,,,
REACTOME_ERKS_ARE_INACTIVATED,1.118549793988588,0.464223146269637,0.8056311181282273,0.4984689407725078,0.8251824775208025,-1.2896049905899136,
REACTOME_ERK_MAPK_TARGETS,1.4152859233023085,0.7334746218412592,0.7508007232401037,0.5871096997344928,0.9597750705141666,-0.8291617527687584,0.8386933307035884
REACTOME_ERYTHROCYTES_TAKE_UP_CARBON_DIOXIDE_AND_RELEASE_OXYGEN,,,1.1108696317729012,,,,
REACTOME_ERYTHROPOIETIN_ACTIVATES_PHOSPHOINOSITIDE_3_KINASE_PI3K,-0.9377703377892003,-0.9015153330398039,0.8047940850480594,0.8926158545937882,-1.213199531164284,,
REACTOME_ERYTHROPOIETIN_ACTIVATES_RAS,1.0913202388429184,1.3225091629225818,1.3686209481151792,1.2695347660693581,-0.8113162614680846,1.5159992401145324,
REACTOME_ER_QUALITY_CONTROL_COMPARTMENT_ERQC,-1.2591370352850382,-1.1843898601694938,-1.479826161905819,-1.424082417517657,-1.3618879036482872,-1.6083472146931055,-1.5154273851652575
REACTOME_ER_TO_GOLGI_ANTEROGRADE_TRANSPORT,1.6638844884511659,1.37775478285423,1.5775047891387846,0.7771208292145602,0.8649611258510622,1.097148605535297,1.2102238885827978
REACTOME_ESTABLISHMENT_OF_SISTER_CHROMATID_COHESION,-0.5780842428295744,-0.8908158885217615,1.181606033477819,0.6226091193957872,-1.273892372370997,-0.7060699210632416,0.5329031878437928
REACTOME_ESTROGEN_DEPENDENT_NUCLEAR_EVENTS_DOWNSTREAM_OF_ESR_MEMBRANE_SIGNALING,1.0362499789364168,-0.9286709166654705,-0.5281661481596088,-1.2309952339329728,-0.9569803180855939,0.8475667660843604,-0.834442677561903
REACTOME_ETHANOL_OXIDATION,,,-1.1067325704530804,,,,
REACTOME_EUKARYOTIC_TRANSLATION_ELONGATION,-3.79870450183908,-3.833250000844635,-3.676432962898749,-3.4204452942965156,-3.7511327833551302,-3.713441799400136,-3.6636233020363633
REACTOME_EUKARYOTIC_TRANSLATION_INITIATION,-3.78374986974885,-3.751014824836493,-3.662068189791029,-3.4469242369104087,-3.6609844667172693,-3.6001936748712446,-3.6233848272876195
REACTOME_EVASION_BY_RSV_OF_HOST_INTERFERON_RESPONSES,1.6653525043038122,1.5686027618966611,1.8388494581504846,1.5727491018626396,1.3578933040669765,1.2315827478554229,-1.018598578148876
REACTOME_EXPORT_OF_VIRAL_RIBONUCLEOPROTEINS_FROM_NUCLEUS,0.4963958060866109,0.6679618496407691,0.7166252504790923,-0.5734622359792723,-0.5594483018780162,1.4643881571002224,1.1361601723722463
REACTOME_EXPRESSION_OF_BMAL_ARNTL_CLOCK_AND_NPAS2,0.9075236242281216,-0.847865290025934,-1.2419896887109436,0.6611457194497312,-0.6746212217404038,0.5624627920680663,-0.9554556116135225
REACTOME_EXTENSION_OF_TELOMERES,0.9677611102769162,1.1645853506860513,-0.7372289225789947,-0.8483077496781244,0.8715288345239507,1.131940583479079,1.3588768395603859
REACTOME_EXTRA_NUCLEAR_ESTROGEN_SIGNALING,1.2243624341841772,1.2934480656019638,-0.6126282674688643,0.6034617771592482,1.0956096719274668,1.2944801217859068,0.7396679773300616
REACTOME_FACTORS_INVOLVED_IN_MEGAKARYOCYTE_DEVELOPMENT_AND_PLATELET_PRODUCTION,0.9305170528243923,1.0382608831119284,0.7174916932926484,-1.1784977385725877,0.5983329596678132,1.0638056043529698,1.0257766926231187
REACTOME_FANCONI_ANEMIA_PATHWAY,-1.1733769044962357,-1.0297764509622822,-1.312538348704023,-1.5251156149141372,-1.1470169436246815,-1.5203516126249794,-1.4149267037287954
REACTOME_FATTY_ACID_METABOLISM,-0.9988208964698521,-0.7624340750814429,0.8847596373900746,0.9731357122653986,0.9681790428039422,1.012177861593022,0.5307512251479632
REACTOME_FATTY_ACYL_COA_BIOSYNTHESIS,-1.1178996585906325,0.5809812758261967,1.5248174577762406,1.4885198806522502,0.8480178006281551,0.8362113333087595,0.48067821642248454
REACTOME_FBXL7_DOWN_REGULATES_AURKA_DURING_MITOTIC_ENTRY_AND_IN_EARLY_MITOSIS,1.7049307446417767,1.7504156436362666,1.8674754789581218,1.526830873189002,1.3680538485424738,1.6538655199111807,1.6213784879453277
REACTOME_FCERI_MEDIATED_CA_2_MOBILIZATION,0.7024385373051824,1.3091800508069265,1.418903794119339,1.2260293156252626,-0.7627799074551537,1.1886246323303926,0.7918203855553669
REACTOME_FCERI_MEDIATED_MAPK_ACTIVATION,0.6470169437907297,0.709502309608685,0.8680393610611109,1.0329428903340916,-0.7077433069417631,1.0673959256069991,-1.0892028012674126
REACTOME_FCERI_MEDIATED_NF_KB_ACTIVATION,1.6097687753728258,1.3731505593857398,1.6976789659031837,1.4270585325318261,1.4208804804928186,1.6794490428367599,1.683581644315653
REACTOME_FCGAMMA_RECEPTOR_FCGR_DEPENDENT_PHAGOCYTOSIS,1.535928964747017,2.0494833420534793,1.254095239606305,-0.8665770340216209,1.407292226911461,1.0559957596848712,1.119727384350497
REACTOME_FCGR3A_MEDIATED_IL10_SYNTHESIS,0.42405571142153814,1.3307978978781685,1.5071586694166246,-0.6774047788826849,-0.7470696388523368,0.9846369329265386,0.5584055820612083
REACTOME_FCGR_ACTIVATION,-1.206926984446756,1.2936249928252932,1.5878347287601235,0.7930847419120622,0.6995859367617238,-0.913664786548834,0.7167350132436368
REACTOME_FC_EPSILON_RECEPTOR_FCERI_SIGNALING,1.2383937131617135,1.1964069608025936,1.5484698146188096,1.3746606603843607,1.2227731166886926,1.4715692055974547,1.5354837891991868
REACTOME_FERTILIZATION,,,-1.011348103177086,,,,
REACTOME_FGFR1_MUTANT_RECEPTOR_ACTIVATION,0.968256253242337,1.2436316094317934,1.1864136111463943,1.377679144265445,1.340903696542889,1.28580295553453,0.8964744882982179
REACTOME_FGFR2_ALTERNATIVE_SPLICING,-0.48874517377131194,-0.7977045228400014,-0.9354692633122107,-1.3509224608478647,-0.7131234061799241,-0.8151657144597083,-1.065701263318759
REACTOME_FGFR2_MUTANT_RECEPTOR_ACTIVATION,0.6836729484752748,0.9031664399308428,-0.8556915023217296,-1.265812948580179,0.626698261566492,-0.769678039653225,-0.7970983577117321
REACTOME_FLT3_SIGNALING,0.794711470142725,-0.9523248785233751,-1.2535897792296058,-0.72805532329153,-0.8526296282832795,-1.0877128700290917,-1.2789283803996476
REACTOME_FLT3_SIGNALING_BY_CBL_MUTANTS,-1.445772780925787,-1.4213602539529664,-1.3931559276529117,-1.4524304558544567,-1.4044876677781024,-1.5171916743521532,-1.545243372538622
REACTOME_FLT3_SIGNALING_IN_DISEASE,-0.9258865429726733,-0.834754402082313,-1.0009821814054887,-0.7693373026272341,-1.0705004255553463,-0.9944227571758575,-1.8169911491826385
REACTOME_FORMATION_OF_APOPTOSOME,1.18964423259946,1.093749811198247,1.3427884444495732,0.8072262131793722,1.25836652533796,,-0.8538285905285826
REACTOME_FORMATION_OF_ATP_BY_CHEMIOSMOTIC_COUPLING,-0.9766023593741697,0.9711321220777439,-1.383823798410268,-1.8262149129246519,-0.793112340290351,1.0607080025264208,-1.2592671654849805
REACTOME_FORMATION_OF_AXIAL_MESODERM,-1.2573361805301992,-1.386920417857202,0.6328063698712167,,,,
REACTOME_FORMATION_OF_DEFINITIVE_ENDODERM,-0.7816938290439323,-1.366438354848393,1.172141689444174,,,,
REACTOME_FORMATION_OF_FIBRIN_CLOT_CLOTTING_CASCADE,0.7434485013372656,,1.4443943192051318,,,,
REACTOME_FORMATION_OF_INCISION_COMPLEX_IN_GG_NER,0.7090053822575405,0.7092264438594615,0.9012967103254538,0.9464049113299823,-0.6628280491054738,0.999671933715205,1.1381990775548758
REACTOME_FORMATION_OF_NEURONAL_PROGENITOR_AND_NEURONAL_BAF_NPBAF_AND_NBAF,0.5579125644044354,0.966866826066716,-1.0660483094897917,-0.7791879834601427,-0.8766179709190961,-0.8437919043167944,1.0110291617499814
REACTOME_FORMATION_OF_PARAXIAL_MESODERM,1.6949151431600342,1.8129461625887209,1.855151647413346,1.7584357897735625,1.4824783739671312,1.8183013916179538,1.995004989264371
REACTOME_FORMATION_OF_RNA_POL_II_ELONGATION_COMPLEX,0.7646631582805666,0.9334419805080663,-0.7773775222284154,-0.8305790008759397,0.5893766785332365,0.8641800979961759,0.7169665037294422
REACTOME_FORMATION_OF_SENESCENCE_ASSOCIATED_HETEROCHROMATIN_FOCI_SAHF,0.8116957615370154,0.9711753042582096,-0.5628476525113814,1.3352220535691939,1.1729389512150545,1.3973053979280918,0.6383751769951832
REACTOME_FORMATION_OF_TC_NER_PRE_INCISION_COMPLEX,0.6223391717624847,0.7715741015960389,-0.897762895689889,0.9268678146418474,0.6230269158462779,-0.8232026696842821,-0.9012792560445353
REACTOME_FORMATION_OF_THE_CANONICAL_BAF_CBAF_COMPLEX,0.7867148078865042,1.3283685886121073,-1.0923144104357034,-0.8161951907329256,-0.8741793213106748,-0.8816666430976798,1.1008333312496668
REACTOME_FORMATION_OF_THE_CORNIFIED_ENVELOPE,0.9051179723302714,0.712298807272296,-0.9538986055502346,,1.0799946184760465,,
REACTOME_FORMATION_OF_THE_DYSTROPHIN_GLYCOPROTEIN_COMPLEX_DGC,1.2840613834509618,1.4591318364520038,1.111347249608407,,,,
REACTOME_FORMATION_OF_THE_EARLY_ELONGATION_COMPLEX,0.4650375033442037,0.6909183293459294,-0.6184692168799061,-1.1512796264871012,0.7339884685346547,-0.644128974640694,0.716242993290694
REACTOME_FORMATION_OF_THE_EMBRYONIC_STEM_CELL_BAF_ESBAF_COMPLEX,0.64776310590384,0.9095536773825866,-1.0601665456958596,-0.7683199579652031,-1.0615948012005527,-0.9863279941041789,0.8949098502352111
REACTOME_FORMATION_OF_THE_NON_CANONICAL_BAF_NCBAF_COMPLEX,1.0319101689940966,0.6805828297594024,-1.3712310696849597,-1.1007157533907876,-0.8810931847581147,-1.3807940235412617,
REACTOME_FORMATION_OF_THE_POLYBROMO_BAF_PBAF_COMPLEX,0.9466311534374988,0.7342477051575192,-1.2315800013065605,-1.0109862386611168,-1.052346253194095,-1.0819040351897808,1.1917017209418754
REACTOME_FORMATION_OF_TUBULIN_FOLDING_INTERMEDIATES_BY_CCT_TRIC,0.9349437947218722,0.5856805818450321,-1.5706512841783284,-1.6088944172575026,1.238689566860413,1.5214504989520583,0.8888093745243291
REACTOME_FORMATION_OF_WDR5_CONTAINING_HISTONE_MODIFYING_COMPLEXES,-1.0862820285277546,-0.8872192254288925,0.8150423350048116,-0.583523753421924,0.7116294456120772,1.388549518135654,0.6844171115962921
REACTOME_FOXO_MEDIATED_TRANSCRIPTION,0.923337802573511,-0.9924888891628258,-0.63311255404359,-1.0096093481350261,0.7277502681200585,0.8220363858455364,-0.6029003578776102
REACTOME_FOXO_MEDIATED_TRANSCRIPTION_OF_CELL_CYCLE_GENES,-0.8411573621797211,-1.4515983663628003,-0.9491973064274368,0.782257904803466,0.6567218693390194,-1.4693956483331234,
REACTOME_FOXO_MEDIATED_TRANSCRIPTION_OF_CELL_DEATH_GENES,-1.649697917536453,-0.9256326350501722,-1.1638460257739807,0.8148791383023628,-0.8128174814660685,-0.8468713936010949,
REACTOME_FOXO_MEDIATED_TRANSCRIPTION_OF_OXIDATIVE_STRESS_METABOLIC_AND_NEURONAL_GENES,-1.1115536203186982,-1.3583219411047232,-0.7332311803895771,-1.117777960351397,-0.5415182898949246,-0.7014560648360907,1.0742804313710854
REACTOME_FRS_MEDIATED_FGFR1_SIGNALING,0.8344300919542893,1.34022158856848,0.980883657953243,,-0.7398027601721684,,
REACTOME_FRS_MEDIATED_FGFR2_SIGNALING,0.8344300919542893,1.34022158856848,0.980883657953243,,-0.7398027601721684,,
REACTOME_FRS_MEDIATED_FGFR3_SIGNALING,0.8344300919542893,1.34022158856848,0.980883657953243,,-0.7398027601721684,,
REACTOME_FRS_MEDIATED_FGFR4_SIGNALING,0.8344300919542893,1.34022158856848,0.980883657953243,,-0.7398027601721684,,
REACTOME_G0_AND_EARLY_G1,-1.2040570890657414,0.6665541816381079,-0.4811606173148817,-0.7551823779157028,-0.9296439020271098,0.8635739510231083,
REACTOME_G1_S_DNA_DAMAGE_CHECKPOINTS,1.5651293154763666,1.6467763253796295,1.5461315203152037,1.407332510883936,1.3936691124380194,1.604965932541161,1.463487425399252
REACTOME_G1_S_SPECIFIC_TRANSCRIPTION,-0.8753076549200618,1.257514338356876,-0.4585144541349833,-0.708631150501945,0.6678894462022777,0.9333392804344367,
REACTOME_G2_M_CHECKPOINTS,1.4683024571839487,1.567135947122461,1.6869116362833545,1.4552636879467349,1.0968082805670327,1.6521008412516303,1.5795337065164972
REACTOME_G2_M_DNA_DAMAGE_CHECKPOINT,1.0903668556791826,1.1056245696868432,1.3195193165212715,1.1568408535199295,0.7000970080584284,1.3628090956467873,1.0747545504652474
REACTOME_GAB1_SIGNALOSOME,0.5080728800566893,1.0454011489541544,0.6790043100949461,,0.5831473008556087,1.2272322077379825,0.8791382799544877
REACTOME_GABA_B_RECEPTOR_ACTIVATION,1.2331801352272023,1.55765763950665,-0.6944976743699328,0.9745685695106167,1.26051077246837,1.529812527601019,-0.5008300747926997
REACTOME_GABA_RECEPTOR_ACTIVATION,1.1761843448709028,1.454270800464323,-0.7025644703317373,0.9277499855410385,1.26051077246837,1.5208249338061415,-0.5008300747926997
REACTOME_GAMMA_CARBOXYLATION_HYPUSINYLATION_HYDROXYLATION_AND_ARYLSULFATASE_ACTIVATION,-1.5868746430292557,-1.5835007296574188,-1.497642484982798,-1.9673772473779976,-2.2456402606949064,-2.0890221408261476,-2.043403696542112
REACTOME_GAP_FILLING_DNA_REPAIR_SYNTHESIS_AND_LIGATION_IN_GG_NER,-1.2229110545202688,-0.8420158711328009,-1.003293777363106,-1.0326615719871364,-1.196121413241608,-0.7794391170166418,-1.2488188355924947
REACTOME_GAP_JUNCTION_ASSEMBLY,0.801686598196406,-0.8515406232239091,-1.5582534571939988,,0.491381051594389,,
REACTOME_GAP_JUNCTION_DEGRADATION,1.4712368686396387,1.6707911015619883,0.7744902328860689,-0.9591176058879803,0.9759310133024268,0.7401864507667034,0.9259740311570477
REACTOME_GAP_JUNCTION_TRAFFICKING_AND_REGULATION,1.185326612117491,1.2660271158934129,-1.4013956982905844,-1.3211678635779103,0.730818912980718,-0.8405028980210513,0.675402470677213
REACTOME_GASTRIN_CREB_SIGNALLING_PATHWAY_VIA_PKC_AND_MAPK,1.029096324171308,1.2100055454098075,1.1839371058450023,1.1177665751683317,-0.6725160389314205,0.8665052767116929,0.6519507595262692
REACTOME_GASTRULATION,1.5571766162383718,1.6444777590091961,1.9487860662835566,1.6967892159353726,1.5519125694772122,1.843628355034246,2.013515949027776
REACTOME_GENERATION_OF_SECOND_MESSENGER_MOLECULES,1.123567178010273,1.9521282184766304,1.523087103622392,1.5881872067105454,1.1189456072739667,0.8848899181343475,-0.8128894355523926
REACTOME_GENE_AND_PROTEIN_EXPRESSION_BY_JAK_STAT_SIGNALING_AFTER_INTERLEUKIN_12_STIMULATION,1.6962039021663855,1.663888032553772,1.343605281324756,-1.035161179477581,1.2668189287088898,1.0491722094543132,1.2724796827235416
REACTOME_GERM_LAYER_FORMATION_AT_GASTRULATION,-1.3448464286906336,-1.3886805804495905,0.6977546811588662,,-0.7964173269140626,1.2986541741124022,
REACTOME_GLOBAL_GENOME_NUCLEOTIDE_EXCISION_REPAIR_GG_NER,0.7268283486707788,0.9006107816912652,0.8122328734534613,0.9395702905877147,0.6680075294681155,1.346684605466261,1.2672090519417367
REACTOME_GLUCAGON_LIKE_PEPTIDE_1_GLP1_REGULATES_INSULIN_SECRETION,1.1007556849144473,1.4650328621364086,-1.2061410694601862,-0.8372397921748457,1.3064887983203324,1.6646752687874722,-0.8646319307750285
REACTOME_GLUCAGON_SIGNALING_IN_METABOLIC_REGULATION,0.9303662501332061,1.2631842315892623,-1.3171505899698772,-0.8622506231704016,1.3101128416466787,1.5729240296184275,-1.0324905496209598
REACTOME_GLUCAGON_TYPE_LIGAND_RECEPTORS,0.8157565461592182,1.3606765577378974,-1.3620086432253313,-0.6078215075797493,1.4849654434510613,1.4897849213184888,-1.0207078592043304
REACTOME_GLUCONEOGENESIS,1.5384581500148193,1.4936906695026633,1.197651567246568,-1.766583732210083,0.700276692545453,1.0155839891490972,1.0004456489329414
REACTOME_GLUCOSE_METABOLISM,1.050628305008355,1.0988878869119845,0.9843469476068244,-1.7922255988284124,0.9510026524978056,1.3765314277464267,1.1929470158723396
REACTOME_GLUCURONIDATION,-1.3423025392491292,,1.3042004797266447,,,,
REACTOME_GLUTAMATE_AND_GLUTAMINE_METABOLISM,-0.5827153670940545,0.5430721922682542,0.9048153196687923,,0.9746584095367979,-1.299962318152159,
REACTOME_GLUTAMATE_NEUROTRANSMITTER_RELEASE_CYCLE,-0.9019807729920096,-0.7622006078819229,0.725009773697903,,,,
REACTOME_GLUTATHIONE_CONJUGATION,-0.995752214228586,1.201590418907483,1.1060240623404736,0.9579713351847888,0.7812640633884687,1.4356215996833095,1.3557095308532692
REACTOME_GLUTATHIONE_SYNTHESIS_AND_RECYCLING,-1.0327315046660475,,0.8844463531249342,,,,
REACTOME_GLYCEROPHOSPHOLIPID_BIOSYNTHESIS,1.03650719232896,0.9400961614056625,0.7211810615382839,-0.5751250787921793,0.6042368790629362,1.2792537500595673,0.6129219923187794
REACTOME_GLYCINE_DEGRADATION,1.1589632653632163,0.5731256945246388,-1.1577815043708477,,,,
REACTOME_GLYCOGEN_BREAKDOWN_GLYCOGENOLYSIS,0.7639366586325023,0.7954145107735963,0.7511340533125124,-0.735941871604535,-1.005999930920496,0.6836973950558365,
REACTOME_GLYCOGEN_METABOLISM,-1.0825712149721294,-1.0645657890932105,-0.950202098674418,-1.4549530515828308,-1.2236383549208354,-1.090705721714461,-1.1379858675802685
REACTOME_GLYCOGEN_STORAGE_DISEASES,-1.3451547933905013,-1.3558477603149417,-1.2990250058753967,-1.2409616800158023,-1.4376529233098474,-1.2177675925127889,-1.3592432562870118
REACTOME_GLYCOGEN_SYNTHESIS,-1.2014846055024053,-1.1485831166637437,-1.2252404241474106,-1.2388864518093918,-1.1743798312306417,-0.945054936580661,-1.2636335812404298
REACTOME_GLYCOSAMINOGLYCAN_METABOLISM,-0.663587539511501,0.8531985728009958,-1.0397959968448716,-0.8465375688660093,-0.8543216341740344,-0.7154305857978244,-1.2543987068663225
REACTOME_GLYCOSPHINGOLIPID_BIOSYNTHESIS,1.100892890572007,0.9157430957892188,-0.9280713477360619,,,,
REACTOME_GLYCOSPHINGOLIPID_CATABOLISM,0.7730311792158724,-0.5564734898753118,1.001359558856204,0.789891880372031,0.6505659104658691,-1.3476035198018304,-0.8316485257932849
REACTOME_GLYCOSPHINGOLIPID_METABOLISM,1.0733029605968978,0.7774891944685843,0.8598866048337167,0.7096719562873672,0.8404386294763365,-1.1841082062160488,-0.8316485257932849
REACTOME_GLYOXYLATE_METABOLISM_AND_GLYCINE_DEGRADATION,1.0333448833658756,0.6286240999173016,-1.1179358443046485,,,,
REACTOME_GOLGI_ASSOCIATED_VESICLE_BIOGENESIS,0.8192751895454791,1.054941341432151,1.2027843302171115,1.4321978281764194,-0.9476519816930605,-1.311885909830904,1.4100779223585358
REACTOME_GOLGI_CISTERNAE_PERICENTRIOLAR_STACK_REORGANIZATION,0.6597654329575696,-0.8169174110586446,0.7902960183302694,1.056716787411615,0.8494822946470652,-1.04646056439413,
REACTOME_GOLGI_TO_ER_RETROGRADE_TRANSPORT,1.3895696594926026,1.1046477787007878,1.3899653590061665,-0.8461515052553931,0.8755707102273894,0.7788183831400735,1.285158541536372
REACTOME_GP1B_IX_V_ACTIVATION_SIGNALLING,,,-1.3468037324678712,,,,
REACTOME_GPER1_SIGNALING,1.1271142455909713,1.6515411961299906,-1.0359980293898217,-0.8974243903518949,1.2866976494507525,1.6414947542053033,-0.9015971864584235
REACTOME_GPVI_MEDIATED_ACTIVATION_CASCADE,1.457951979613314,1.443747469944691,1.1423734367235814,1.5302129446107222,0.7564318351563114,1.0485828808521283,1.6540012108018953
REACTOME_GRB2_EVENTS_IN_ERBB2_SIGNALING,0.9604847934711979,1.300279369762895,1.1570598158852214,,,,
REACTOME_GRB2_SOS_PROVIDES_LINKAGE_TO_MAPK_SIGNALING_FOR_INTEGRINS,1.0874122955389431,1.380175975245878,1.2824190205069186,1.3278297560274068,0.8405381363066711,-0.7464342372184146,0.7147389832300012
REACTOME_GROWTH_HORMONE_RECEPTOR_SIGNALING,1.572223813731815,1.398292335272932,1.4683695681578985,1.5170431427186644,1.275636792864532,1.3890392549885033,1.3586765903229385
REACTOME_G_ALPHA_12_13_SIGNALLING_EVENTS,1.3661661211816831,1.8787979592547241,1.04082503955617,0.8774620951475428,1.1974131149741198,1.4175777108119594,0.9114286993993386
REACTOME_G_ALPHA_Q_SIGNALLING_EVENTS,1.3674687610774943,1.3860582289025338,-0.9285748438865896,0.9845944237624394,1.3218675305523282,1.0255811655414997,-0.6449205214924778
REACTOME_G_ALPHA_S_SIGNALLING_EVENTS,1.1512023209219127,1.6425961418157642,-0.9194007638267827,-1.121624820048413,1.140040944082158,1.2345369944648725,-0.937165389084593
REACTOME_G_ALPHA_Z_SIGNALLING_EVENTS,1.238583111660404,1.399553579863715,-0.81316837377025,0.6497571606375401,1.3992994774837655,1.5058731305866289,-0.8836746012168621
REACTOME_G_BETA_GAMMA_SIGNALLING_THROUGH_CDC42,0.9994283823420836,1.3910836797592312,0.8658693230793638,0.8624441807001961,1.2695349081046128,1.4396783757344014,0.9539514642865814
REACTOME_G_BETA_GAMMA_SIGNALLING_THROUGH_PI3KGAMMA,1.2506506965045379,1.3132807129638382,-0.964743062586031,0.7920320526661905,1.2403443288462004,1.4876129830441782,0.7859303292888525
REACTOME_G_PROTEIN_ACTIVATION,1.0382411636833764,1.1522538023868023,-0.7880614495975978,0.6969742888794588,1.3567022132741577,1.1219420228685908,-0.7919639756750432
REACTOME_G_PROTEIN_BETA_GAMMA_SIGNALLING,1.1750559967604348,1.3295645289017979,-1.0572750679276726,0.8298065861266479,1.1749450450117376,1.4181128807401118,1.0636917079004045
REACTOME_G_PROTEIN_MEDIATED_EVENTS,0.8091148616834593,0.8467959287342662,-0.7907136731827729,-0.9338448386900815,-0.5457196000401328,0.9509563075934946,0.44294462465383766
REACTOME_HCMV_LATE_EVENTS,0.8216693761776207,-0.5228781562567411,0.7468991058563722,-0.5640219164972978,1.0657344675048204,1.0859223182240643,0.7338643488533552
REACTOME_HDACS_DEACETYLATE_HISTONES,-0.5532381170822676,0.8253116196242111,-1.0154122734721291,-0.535525214983926,1.2385222193767,0.7731872217930866,-0.6449811650280676
REACTOME_HDMS_DEMETHYLATE_HISTONES,0.5869130583886145,-1.1560189196061674,-0.875032015228733,0.7626649084891991,-0.6721872659463916,0.8467129943252416,
REACTOME_HDR_THROUGH_HOMOLOGOUS_RECOMBINATION_HRR,-0.8731622955253723,0.7898224714848064,-0.7639642285584674,-0.6168453489919377,-1.2158218410719954,0.9074707293397977,-1.2482834487012822
REACTOME_HDR_THROUGH_MMEJ_ALT_NHEJ,1.1998022912194255,1.443233921316659,1.012235367105216,,0.7358463809580713,,
REACTOME_HDR_THROUGH_SINGLE_STRAND_ANNEALING_SSA,0.6034095178610103,1.0489298267490637,0.932107435100289,0.7588448562993599,-0.997724420638633,0.8777080887244123,
REACTOME_HEDGEHOG_LIGAND_BIOGENESIS,1.7789920081193358,1.8596291458581298,1.7720633348943198,1.182895146176081,1.3861895960831119,1.4037108713129793,1.5062745767990044
REACTOME_HEDGEHOG_OFF_STATE,1.3970161796323488,1.4926961292935332,1.3229968235516825,1.2128368301820607,1.2056394674149584,1.5210433904456557,1.3840462147261796
REACTOME_HEDGEHOG_ON_STATE,1.5252158139219072,1.7907876512941516,1.6864792184929727,1.4523446245109408,1.3227601948415495,1.6367408807333974,1.5492509937820993
REACTOME_HEME_BIOSYNTHESIS,0.6532274022430982,-0.5741535364976235,0.9266708668866765,,,,
REACTOME_HEME_DEGRADATION,,,1.3398566918603378,,,,
REACTOME_HEME_SIGNALING,0.8176631987191617,-0.7494922046364572,-1.1319408350035576,0.8864740286290773,-1.0431971198441927,0.43600333419386683,-0.6683269294378188
REACTOME_HEPARAN_SULFATE_HEPARIN_HS_GAG_METABOLISM,-0.8295892079476267,-0.9513598069712035,-1.2072574249347667,0.9125766812930372,-1.2525308313476824,-0.6982248605712451,-1.017742727311225
REACTOME_HH_MUTANTS_ABROGATE_LIGAND_SECRETION,1.8131502731042322,1.8704180021821053,1.7396815472042106,1.227906714346592,1.3962118413566251,1.457108809311083,1.5078760391803685
REACTOME_HIGH_LAMINAR_FLOW_SHEAR_STRESS_ACTIVATES_SIGNALING_BY_PIEZO1_AND_PECAM1_CDH5_KDR_IN_ENDOTHELIAL_CELLS,1.3291595097014872,1.127204021529957,0.9394931955957528,0.7518369744339544,0.9395294079115449,1.5233873918770229,-0.5496895749887246
REACTOME_HIV_ELONGATION_ARREST_AND_RECOVERY,0.8963762610212065,0.9247019762144287,-1.0789893558783459,-1.2632231048930205,0.484067199489754,0.4791286630112522,-0.40647238106835204
REACTOME_HIV_LIFE_CYCLE,0.884372753688305,0.6065449783403473,0.7550200349430856,-0.8980135298996105,0.8048055755404653,1.1284238120465289,0.9241409342089435
REACTOME_HIV_TRANSCRIPTION_ELONGATION,0.7264772311358989,0.7777597651619491,-1.0383281397750852,-1.0631666893522265,0.6098815371917893,0.8174132833153774,0.6903959984593501
REACTOME_HIV_TRANSCRIPTION_INITIATION,0.6809316597032666,-0.7211907202893056,0.7288653385425358,0.7994296747421087,0.63304005557412,-0.9435283367451459,0.7412670460228502
REACTOME_HOMOLOGOUS_DNA_PAIRING_AND_STRAND_EXCHANGE,0.9021250616189803,1.234977281086531,0.9627929189566614,1.3662298110794922,-0.8432560885457822,1.1432397941055155,
REACTOME_HOMOLOGY_DIRECTED_REPAIR,-0.691405939209134,0.8426114453154562,0.6702844341973878,0.7063608550094778,-0.7826707096860748,1.0325806793253625,-0.8977360587219133
REACTOME_HOST_INTERACTIONS_OF_HIV_FACTORS,1.5301188008980757,1.6208227683120717,1.2542363831802363,1.150732568115206,1.1434952042441127,1.4420925547393173,1.456736563367352
REACTOME_HSF1_ACTIVATION,1.036739672476443,1.0334137772221563,1.2079414501063468,0.8834197916132351,1.2494899507466635,0.9970062329918418,0.8059990990705742
REACTOME_HSF1_DEPENDENT_TRANSACTIVATION,0.7620050895129198,0.7351489990969915,0.955800982763385,1.340320321145303,1.2008549216528328,-0.8708454927891421,1.2834184329352067
REACTOME_HSP90_CHAPERONE_CYCLE_FOR_STEROID_HORMONE_RECEPTORS_SHR_IN_THE_PRESENCE_OF_LIGAND,1.4403583381464746,1.4243775861479449,1.3640074402720894,1.1088398675431934,1.2923020214796186,1.2109485387145922,1.924924565173938
REACTOME_HS_GAG_BIOSYNTHESIS,,,-0.42214687431892844,,,,
REACTOME_HS_GAG_DEGRADATION,0.4701096898878069,,-1.2037292857439945,,,,
REACTOME_HYALURONAN_METABOLISM,-1.2901150364063318,-1.043657283842417,-1.2187870907954064,,-0.8896216125998961,-0.841280431810687,-1.1717056603531892
REACTOME_HYALURONAN_UPTAKE_AND_DEGRADATION,-0.8787304158703104,-1.043657283842417,-1.234167136158908,,-0.8896216125998961,-0.841280431810687,-1.1717056603531892
REACTOME_IFNG_SIGNALING_ACTIVATES_MAPKS,1.0079705062997513,1.056245355065575,1.1708374225517606,0.797760047737811,-0.8067499836062706,-1.7525694917609784,0.678631611931368
REACTOME_IKBA_VARIANT_LEADS_TO_EDA_ID,1.632947027450033,0.5118136220091386,-0.50002671961515,,0.8290076723070899,,
REACTOME_IKK_COMPLEX_RECRUITMENT_MEDIATED_BY_RIP1,-0.9718570019636293,-1.0997475400413783,0.9045387520492401,1.121340859953463,-1.2618349763092669,-1.4286802728905135,-1.0578586202677729
REACTOME_IL_6_TYPE_CYTOKINE_RECEPTOR_LIGAND_INTERACTIONS,1.0247031314939827,0.891085259425433,1.2356350947218393,,,,
REACTOME_IMMUNOREGULATORY_INTERACTIONS_BETWEEN_A_LYMPHOID_AND_A_NON_LYMPHOID_CELL,2.089843656475759,1.6922153215117017,2.2237593307305343,1.9561703954319998,1.7933229604696175,-1.0908250861141715,1.868812560791526
REACTOME_INACTIVATION_OF_CSF3_G_CSF_SIGNALING,1.2740816928244345,1.0596230229116181,1.2323969934109893,1.1551606530385345,1.0827541149335003,-0.7503066205204604,-1.0159243985160566
REACTOME_INCRETIN_SYNTHESIS_SECRETION_AND_INACTIVATION,1.4781311194209126,1.0467632394410906,1.1376647070621753,0.8698498443003856,1.0561998280606046,0.8807852209275981,0.9761923339127583
REACTOME_INFECTION_WITH_MYCOBACTERIUM_TUBERCULOSIS,1.150625186585222,1.3357918733120604,1.2144293313059196,0.9098312537063526,1.125521394094038,-1.0005212860307364,1.138217274309252
REACTOME_INFLAMMASOMES,1.5712622885549008,1.433252224035006,1.1027483537136795,1.4633158202432262,-0.8591501338503648,1.5553692769445189,1.7064585597947817
REACTOME_INFLUENZA_INFECTION,-3.2627780107564215,-3.3281820291678716,-3.106501357230807,-3.0516104841251623,-3.306375748891545,-3.108942193021193,-3.3918612812172357
REACTOME_INHIBITION_OF_DNA_RECOMBINATION_AT_TELOMERE,0.9002558358505865,0.845520207920374,-0.653831558980539,-0.7440458610464279,1.330457294126768,-1.0127228255226892,-0.5207725091284027
REACTOME_INHIBITION_OF_REPLICATION_INITIATION_OF_DAMAGED_DNA_BY_RB1_E2F1,-0.5711346884473224,0.7211005636465538,0.43502043889736,,0.8205911363397094,-0.9869464411781358,
REACTOME_INHIBITION_OF_THE_PROTEOLYTIC_ACTIVITY_OF_APC_C_REQUIRED_FOR_THE_ONSET_OF_ANAPHASE_BY_MITOTIC_SPINDLE_CHECKPOINT_COMPONENTS,0.6508340778254799,0.4089095372774642,0.7871288989520955,-0.9250538177396546,1.0764481875817582,-1.243940563709003,1.0845335288195903
REACTOME_INITIAL_TRIGGERING_OF_COMPLEMENT,,,1.6104718619255838,1.9063363600188323,,,
REACTOME_INITIATION_OF_NUCLEAR_ENVELOPE_NE_REFORMATION,1.0456850269639544,0.9390117224598,1.1582379106764753,1.0744030585091058,1.0895991205077602,0.7115884539783509,1.3959420352117766
REACTOME_INLA_MEDIATED_ENTRY_OF_LISTERIA_MONOCYTOGENES_INTO_HOST_CELLS,-1.3649027720126388,-1.3622681621057096,-1.4454606286933747,-1.4477696743726765,-1.562493128384336,-1.4698861214897716,-1.545189772807821
REACTOME_INLB_MEDIATED_ENTRY_OF_LISTERIA_MONOCYTOGENES_INTO_HOST_CELL,-1.218415065731182,-1.2827368058743063,-1.2568945585029014,-1.3005488182248086,-1.3795041300432829,-1.5469745121073333,-1.6415692657225314
REACTOME_INOSITOL_PHOSPHATE_METABOLISM,0.6513466410189824,0.733527210782665,-0.8608031687490761,-0.5770135450274126,1.2422203823974136,0.7088413165153714,0.4729608012758771
REACTOME_INSERTION_OF_TAIL_ANCHORED_PROTEINS_INTO_THE_ENDOPLASMIC_RETICULUM_MEMBRANE,-0.771984851494755,-1.45984709431012,-0.9478905566419122,-1.1174104281427928,0.6654401381433223,-1.3558939406189214,-0.4776808336458104
REACTOME_INSULIN_PROCESSING,1.1002934998086904,0.6788953997367398,-0.9543186761775568,-0.6467284283457778,-0.7565049336027495,-1.640670035274832,
REACTOME_INSULIN_RECEPTOR_RECYCLING,1.4380477811797343,1.6803308317582841,1.4762707441862744,1.1688327847324285,1.2297850287797627,0.7160839901216939,1.7167647639120578
REACTOME_INSULIN_RECEPTOR_SIGNALLING_CASCADE,-0.8258841445519381,-0.9521307069407003,-1.1376657754231652,0.6972904388267689,-1.0175750709842322,0.7199570463325007,-0.7885116766650243
REACTOME_INTEGRATION_OF_ENERGY_METABOLISM,0.9717004480605346,1.2070087396094873,-1.041851247544763,-0.8325289835761235,0.9235456930329551,1.5077303413481578,0.5869424175854339
REACTOME_INTEGRATION_OF_PROVIRUS,0.7992546041942012,0.8750664211684938,-1.388835420727308,-1.121535671526174,0.6911268441122446,0.9765246397374124,0.6178863835162112
REACTOME_INTEGRIN_CELL_SURFACE_INTERACTIONS,1.0241022560857684,1.0787801531225019,-0.965737548910418,-1.6950772483239827,-1.102897967393931,-0.8300969062130795,-0.8917594773748
REACTOME_INTEGRIN_SIGNALING,1.2003431518013008,1.4723215636152271,1.0843651737204407,1.232128789584796,1.1055593312709229,1.061736352360314,0.9680964963489415
REACTOME_INTERACTIONS_OF_REV_WITH_HOST_CELLULAR_PROTEINS,-0.796881512516161,0.4638326395558961,-0.8449662339958958,-1.1504246760454493,-0.5711131630802935,1.4251894930340498,0.9053264996672907
REACTOME_INTERACTIONS_OF_VPR_WITH_HOST_CELLULAR_PROTEINS,-0.9555872224798975,-0.5057121059690045,-1.4502127432005492,-1.4644315105076455,-0.8641540321925995,0.811123181278622,-1.3802348653253411
REACTOME_INTERACTION_BETWEEN_L1_AND_ANKYRINS,1.4364779433436108,1.2360026130591109,,,,,
REACTOME_INTERCONVERSION_OF_NUCLEOTIDE_DI_AND_TRIPHOSPHATES,0.9895962272054467,1.1321473422779496,0.8473830182777684,0.7422981533067594,1.063244048573181,1.3157458244161668,1.0897596889543262
REACTOME_INTERFERON_ALPHA_BETA_SIGNALING,2.940745595213268,2.8544092624112785,3.1139067789197865,2.6773528858468687,2.7476143613637665,2.657519393088874,2.7065466153897573
REACTOME_INTERFERON_GAMMA_SIGNALING,2.613599972249766,2.539547002639114,2.63736689692845,2.2818500540960556,2.278108528106655,2.211965877539807,2.2590630302071424
REACTOME_INTERLEUKIN_10_SIGNALING,1.2548038006815232,0.43555402272671306,1.1512370452918959,1.0794439999191694,-0.7674083458508719,-1.2772557461836818,-0.928861001417358
REACTOME_INTERLEUKIN_12_FAMILY_SIGNALING,1.6825555635034413,1.708243727185975,1.5644683342055696,0.9452035083702567,1.3619781538903908,1.1622381747129324,1.3960097981464186
REACTOME_INTERLEUKIN_12_SIGNALING,1.7075967057094403,1.6737326965534254,1.4149477109149793,-0.9952129621020138,1.228198592116801,-1.1012723082344524,1.2805016578282937
REACTOME_INTERLEUKIN_15_SIGNALING,1.3061548702408683,1.370310754934542,0.9901455780862919,0.8141635550970068,0.9757068440131037,1.0973426783823836,
REACTOME_INTERLEUKIN_17_SIGNALING,0.9702273836604267,-1.2720101972435405,0.7845422306861736,-1.3016173315219242,-0.8998552861709852,-1.1923079651416195,-1.105096451407699
REACTOME_INTERLEUKIN_1_FAMILY_SIGNALING,1.9738242192146942,1.717263733702603,1.8260740126012696,1.5730425959942629,1.286959656120828,1.6653734954384143,1.7450917597213917
REACTOME_INTERLEUKIN_1_PROCESSING,1.6578002760119297,1.5316083631545652,1.0754471733838333,,1.2683484697608274,,1.15120430429785
REACTOME_INTERLEUKIN_1_SIGNALING,1.853876151734909,1.5563634051388955,1.8073683482946374,1.4400519748016316,1.1427297282206088,1.5478916640048006,1.7082699945249507
REACTOME_INTERLEUKIN_20_FAMILY_SIGNALING,1.6102603719809518,1.5585573050997197,1.745246338394713,1.5116220800717701,1.6056420924985895,1.4754805474865946,1.1282463549485324
REACTOME_INTERLEUKIN_21_SIGNALING,1.489247555192905,1.4174274722059323,1.4653006693445625,,1.5197835520614558,1.3985032983501398,
REACTOME_INTERLEUKIN_23_SIGNALING,0.9310075085079417,0.7385664608978443,1.3240081214575363,,,,
REACTOME_INTERLEUKIN_27_SIGNALING,1.2638188772271222,1.5305503618411436,1.547490527017267,1.32260713828597,1.2952806140618167,1.1919817707874085,1.2272125724486593
REACTOME_INTERLEUKIN_2_FAMILY_SIGNALING,1.677067249617041,1.6153700101724904,1.5380620657951956,1.5907159461497922,1.7197655666601508,1.4995194546569854,1.4757308465595995
REACTOME_INTERLEUKIN_2_SIGNALING,1.4167346018129159,1.332091116865021,1.0826949968216242,,1.1633798078148385,0.8746069016148826,
REACTOME_INTERLEUKIN_35_SIGNALLING,1.2315619351199945,1.4520287683510444,1.547490527017267,1.32260713828597,1.2952806140618167,1.1088112913807437,1.2272125724486593
REACTOME_INTERLEUKIN_37_SIGNALING,1.4973077712297531,1.9622606561645834,1.1025302484936073,1.396953339940935,1.092152601465132,1.5920763399299662,1.2690392386653457
REACTOME_INTERLEUKIN_3_INTERLEUKIN_5_AND_GM_CSF_SIGNALING,1.0537025606720336,1.1018151481526943,-0.8457289163315621,-0.8787855553935199,-0.8474461610807208,0.9357982219359899,-1.0765345624122513
REACTOME_INTERLEUKIN_4_AND_INTERLEUKIN_13_SIGNALING,2.0681505620778236,1.1710755080753212,-0.955442576945901,1.119247391164031,1.334417014314806,1.3855979111918522,1.0048366055230604
REACTOME_INTERLEUKIN_6_FAMILY_SIGNALING,1.2904987994473525,1.2677601072654083,1.4332591937960666,1.3987023961703597,1.3956945836366799,,1.1086674522875508
REACTOME_INTERLEUKIN_6_SIGNALING,1.1807469881903976,1.2883121351725606,1.4885987565161292,1.3987023961703597,1.3956945836366799,,1.1086674522875508
REACTOME_INTERLEUKIN_7_SIGNALING,1.4813926072812769,0.6496398480400427,0.834265169591876,0.5867334299628573,1.1058515629814591,0.7988980019554367,
REACTOME_INTERLEUKIN_9_SIGNALING,1.4882561188509142,1.4703844043880088,1.4653006693445625,,1.5197835520614558,1.4735521888610055,
REACTOME_INTERLEUKIN_RECEPTOR_SHC_SIGNALING,1.4234678365126323,1.394561327956509,1.011756318284358,0.8226648268205669,0.8486156549287285,1.0031985051629386,1.0188009913061367
REACTOME_INTRAFLAGELLAR_TRANSPORT,1.0282285027519444,0.9214155423950776,-1.3355165959711484,-1.118036050049422,0.7788300193169078,1.0775074757737428,0.8478828114518748
REACTOME_INTRA_GOLGI_AND_RETROGRADE_GOLGI_TO_ER_TRAFFIC,1.0511537281676047,1.0945664567883637,1.317977705459497,-0.9035135205733462,0.893374400097739,0.7401609606272186,1.2084780311316148
REACTOME_INTRA_GOLGI_TRAFFIC,-0.913863776262184,-0.6735995776177083,1.1615984261581322,0.974849034133838,1.0007128440826731,-0.9360560315976475,1.4627633634652464
REACTOME_INTRINSIC_PATHWAY_FOR_APOPTOSIS,1.6563101673320013,1.9199262427131223,1.2179844924732182,0.8088548083401091,1.0280139301165976,1.5493003988222762,-0.8685610927120018
REACTOME_INWARDLY_RECTIFYING_K_CHANNELS,1.0280913583763513,1.3491319629538736,-0.9618680003424137,0.6978974824138214,1.2933664283486566,1.506057898589956,
REACTOME_ION_CHANNEL_TRANSPORT,1.315468661541747,1.56515491081994,0.9926249205932471,-0.9638802362137846,-0.9628957390010019,-0.9383947711901818,-0.9401850452377323
REACTOME_ION_HOMEOSTASIS,1.5644016231710178,1.2867092080983,-0.9822614358977061,-1.171483889035934,-1.203115773325971,1.2390848797165805,0.6997678952941021
REACTOME_ION_TRANSPORT_BY_P_TYPE_ATPASES,1.398559158357957,1.3267377267499039,0.8907220618177227,-1.210600077018677,-1.0865526325234767,1.1915099932454796,0.7100980572782987
REACTOME_IRAK1_RECRUITS_IKK_COMPLEX,-1.2175846843114868,-1.2182202423547028,-1.1133449409906335,-1.037393542480018,-1.783741574498743,-1.556999225455429,-1.2875460529019673
REACTOME_IRAK2_MEDIATED_ACTIVATION_OF_TAK1_COMPLEX,-1.2358523868460414,-1.3186409232801102,-1.208233802485458,-1.4288760876761095,-1.4999522138670627,,-1.5154836922701012
REACTOME_IRAK4_DEFICIENCY_TLR2_4,0.9998451394269564,1.2219088224057495,1.4670876969078668,1.825013138866609,0.7794998839772721,,1.4370647703190742
REACTOME_IRE1ALPHA_ACTIVATES_CHAPERONES,1.5746468568400231,1.121978472470716,-1.0327420482494079,-0.8918172197707743,1.5531821584318801,0.6454382377164078,-0.4649213887249768
REACTOME_IRF3_MEDIATED_INDUCTION_OF_TYPE_I_IFN,1.5805000580747093,1.4321231310435394,1.3219143315123887,1.1734624771088225,0.7490046720599701,1.6111792970878225,1.591868658109458
REACTOME_IRON_UPTAKE_AND_TRANSPORT,-1.091756638112134,0.969015891615382,1.0000916443207057,0.7707434891388584,0.8694124243429565,-1.3715000542879798,-0.819285054465152
REACTOME_IRS_MEDIATED_SIGNALLING,-0.8441338204727526,-1.2026626223057468,-1.208941503706579,0.8188534798738126,-1.1416051912090601,0.8494071078452624,
REACTOME_ISG15_ANTIVIRAL_MECHANISM,2.0949402924904654,2.0819106005140173,2.0086084369422745,1.8788320159117586,2.0862409405103612,1.905249519117145,1.9640327163882436
REACTOME_JNK_C_JUN_KINASES_PHOSPHORYLATION_AND_ACTIVATION_MEDIATED_BY_ACTIVATED_HUMAN_TAK1,-1.2974983618998275,-1.4288621924396565,-1.1352132600873075,-1.1008514070238031,-1.6035581549867821,-1.60870693782481,-1.0568030522734293
REACTOME_JOSEPHIN_DOMAIN_DUBS,-1.3718877151227225,-1.0725683021063277,-1.4720824503240784,-1.3655391267029697,-1.2937976016070443,-0.9898420809718657,-1.558034944828906
REACTOME_KEAP1_NFE2L2_PATHWAY,1.7868262446166443,1.7050567299283512,1.4329169082703297,1.3602442580942886,1.0678635963192586,1.727225578098289,1.5120403376238178
REACTOME_KERATAN_SULFATE_BIOSYNTHESIS,-0.6556124206640493,0.892827885676911,-0.6616868517493582,,,-0.7187970287813646,
REACTOME_KERATAN_SULFATE_DEGRADATION,0.9668926832644752,,1.3867592270266773,,,,
REACTOME_KERATAN_SULFATE_KERATIN_METABOLISM,0.561437373318701,0.9661330798572316,0.9429702866410565,0.9663263660772748,0.9173829444488986,-0.7674915796888933,
REACTOME_KERATINIZATION,0.9051179723302714,0.712298807272296,-0.9538986055502346,,1.0799946184760465,,
REACTOME_KETONE_BODY_METABOLISM,0.7371423136355292,1.2869746927451131,,,,,
REACTOME_KIDNEY_DEVELOPMENT,1.2608518354418772,,,,,,
REACTOME_KILLING_MECHANISMS,0.8390572276750142,-0.9556486904781198,-0.8592927566309361,,,,
REACTOME_KINESINS,0.937874720885101,0.7638607527277258,-1.5747392225991532,-1.5096585445760042,-0.5193439545652606,-1.0470751895517316,-1.1697989260638644
REACTOME_KSRP_KHSRP_BINDS_AND_DESTABILIZES_MRNA,1.107052700092555,1.0121379163774227,0.6261266707068593,0.5542499532257685,0.8446422220576602,0.820187243094597,
REACTOME_L1CAM_INTERACTIONS,1.6705034954247615,1.4857335744101263,-0.9035628194979348,-0.8583919862413156,0.8039523902333979,0.8372983687110297,1.0884483329022059
REACTOME_LAGGING_STRAND_SYNTHESIS,0.5385292361377332,0.8855300211758125,0.8513237213730024,0.8570204053343498,1.0310929854197084,1.4217494335150984,
REACTOME_LATE_ENDOSOMAL_MICROAUTOPHAGY,-1.0176517873693838,-0.9153107560703223,-0.7576601475856257,-0.7314838952416312,-1.012920349310715,0.804803398389895,-0.9773795226296247
REACTOME_LATE_SARS_COV_2_INFECTION_EVENTS,1.1519631430229222,1.062752753048835,-0.9073392033761879,0.9644418283082062,1.2595925037230986,-0.8624741463436931,1.1159100460834066
REACTOME_LDL_CLEARANCE,0.7235806855290531,1.3166381547526924,0.7695643919631402,1.167678899964194,1.2746869074869889,0.9933098602746187,-0.5853490684595845
REACTOME_LIPOPHAGY,-0.42960086169975387,0.5573929205877559,1.371550564874645,1.426569138488768,0.47296811975028824,,1.1980122931250266
REACTOME_LISTERIA_MONOCYTOGENES_ENTRY_INTO_HOST_CELLS,-1.138808722341558,-1.2146604485369856,-1.1923740226196502,-1.3922613263157348,-1.4176134373092601,-1.4453791079485172,-1.5194546945646663
REACTOME_LONG_TERM_POTENTIATION,0.7198172300773242,0.47814106374204185,-1.1553108921632862,,-1.020978945483416,,
REACTOME_LOSS_OF_FUNCTION_OF_MECP2_IN_RETT_SYNDROME,-1.168624849776428,-0.7748696710456211,-0.742292315253445,-0.8408656877217674,-1.3353429057046144,-0.46316810697123917,1.0293294327617593
REACTOME_LOSS_OF_FUNCTION_OF_SMAD2_3_IN_CANCER,-0.8162384370254854,-1.0897817609812592,1.10217316825526,,,,
REACTOME_LYSINE_CATABOLISM,,,-0.6620748656359864,,,,
REACTOME_LYSOSOME_VESICLE_BIOGENESIS,1.248561878894507,1.4187477047490964,1.0422597142462366,1.4692618694292146,-0.8138890324109642,0.8960680172477412,1.443159300971078
REACTOME_MALATE_ASPARTATE_SHUTTLE,1.1868618674703526,,0.801938452196418,,,,
REACTOME_MAP2K_AND_MAPK_ACTIVATION,1.190475409330555,1.6783222817855028,0.9713758133660756,-1.0153985570169504,0.527456920249057,0.9228499280484252,0.8778760680000774
REACTOME_MAP3K8_TPL2_DEPENDENT_MAPK1_3_ACTIVATION,-0.9585588389771831,-1.5984278660517077,1.011828385912446,-1.364805361919049,-1.0957050665995398,-1.3191596167702457,-1.3848113793029684
REACTOME_MAPK1_ERK2_ACTIVATION,0.7742053976411971,1.0127304099086012,0.9411618546599301,,0.7720390102153342,,
REACTOME_MAPK3_ERK1_ACTIVATION,0.5485340391966201,0.6609322101708576,1.3714307839830862,,0.9390435169036845,,
REACTOME_MAPK6_MAPK4_SIGNALING,1.2441820143684903,1.2888984203249416,1.5031305077329826,1.26128616167316,1.2006969019885427,1.4346146692353299,1.5865676089287823
REACTOME_MAPK_TARGETS_NUCLEAR_EVENTS_MEDIATED_BY_MAP_KINASES,1.0148712458798528,-0.9086423407959388,-0.6195079717423186,-0.8842132886191325,0.8667493372411391,-1.0358979431588786,-1.0609179141734368
REACTOME_MASTL_FACILITATES_MITOTIC_PROGRESSION,0.9693982853755685,-0.6286415830390272,0.7821396813475562,,,,
REACTOME_MATURATION_OF_SARS_COV_1_NUCLEOPROTEIN,1.6226210128987715,1.5439113747338171,1.527968325264777,1.6346321165377222,1.3922461995500743,1.617711101657903,
REACTOME_MATURATION_OF_SARS_COV_2_NUCLEOPROTEIN,1.7729800534175537,1.6023209612619078,1.5121030418618873,1.668052528686036,1.2636582630854065,1.5135613073266039,1.6407013067075416
REACTOME_MATURATION_OF_SARS_COV_2_SPIKE_PROTEIN,0.7792827876142234,-0.7803329117733548,-1.3847421068634147,0.5091827020817069,1.35907266425555,-0.9626941748572234,0.7034797223871837
REACTOME_MATURATION_OF_TCA_ENZYMES_AND_REGULATION_OF_TCA_CYCLE,0.7377689627158076,0.8460935801771039,0.8627091698388522,-1.124272322212228,-0.4509132173537147,-1.3159225533364025,0.5475457904671825
REACTOME_MECHANICAL_LOAD_ACTIVATES_SIGNALING_BY_PIEZO1_AND_INTEGRINS_IN_OSTEOCYTES,,,1.0062996904555535,,,,
REACTOME_MECP2_REGULATES_NEURONAL_RECEPTORS_AND_CHANNELS,0.5801595750832065,0.9846984925659932,0.6683823308489314,1.0298850262147432,-0.6523636834481797,1.4206229954477652,1.2392932708553115
REACTOME_MEIOTIC_SYNAPSIS,1.198869243745781,0.8927111893167267,1.2595328581609408,0.9333377288455509,1.1099336006823717,-0.8330013383197078,1.190608387920403
REACTOME_METABOLIC_DISORDERS_OF_BIOLOGICAL_OXIDATION_ENZYMES,-0.6696611143804096,0.549037698120727,-1.003257528505487,,,,
REACTOME_METABOLISM_OF_ANGIOTENSINOGEN_TO_ANGIOTENSINS,,1.3947319905227984,1.2338304443106878,,,,
REACTOME_METABOLISM_OF_COFACTORS,1.0744611778754385,0.6568667592675501,0.8293335226118993,0.8241218692562317,1.0347928848694539,1.2322257746481353,
REACTOME_METABOLISM_OF_FAT_SOLUBLE_VITAMINS,,,-0.9501591681909382,,,,
REACTOME_METABOLISM_OF_FOLATE_AND_PTERINES,0.9162071755835708,0.7708366600205379,-0.9159765520071586,,0.6315538950870153,,
REACTOME_METABOLISM_OF_NITRIC_OXIDE_NOS3_ACTIVATION_AND_REGULATION,1.2149843688176976,1.0057279750561658,1.3318127752989817,1.2770033229130302,0.9525819562144524,1.361546650452342,1.5507934412118665
REACTOME_METABOLISM_OF_NUCLEOTIDES,1.305448557694284,1.110944751016071,1.0373217370447971,0.9216535945503987,1.2123107697119733,1.5012885238767624,1.1620322795402682
REACTOME_METABOLISM_OF_POLYAMINES,1.9177019549183785,1.8919823649290612,1.8014243064242,1.4622605065914784,1.5488302898718058,1.8248733279029279,1.9104640144656095
REACTOME_METABOLISM_OF_PORPHYRINS,1.0096960547045566,1.2078947963538136,1.2688935594757653,1.4663001148274641,,,
REACTOME_METABOLISM_OF_STEROIDS,0.923031197310903,0.9539801459921715,1.076790459194014,-0.775761044753593,1.0172266858707555,1.2270136963593585,1.0003534761412753
REACTOME_METABOLISM_OF_STEROID_HORMONES,-0.971815428194678,-0.929109645670479,-0.8270552886942506,-0.7008397915759434,-0.8940668793510279,0.8150608717616152,-1.191296210744843
REACTOME_METABOLISM_OF_VITAMINS_AND_COFACTORS,1.432560058850119,1.2310536753087722,1.4635227938887516,1.2467484953111694,1.58867743124078,1.5667131723850467,1.5836014411023176
REACTOME_METABOLISM_OF_WATER_SOLUBLE_VITAMINS_AND_COFACTORS,1.4001823783346667,1.4173232452543034,1.704386014892782,1.354132626460069,1.4114889843757064,1.5570058762361059,1.349582383588818
REACTOME_METALLOPROTEASE_DUBS,-1.117396430034971,-1.2696380623259913,0.6446819228163313,-0.8652934521862063,-0.9148356332151067,-1.3563786504937878,-1.5531121256618772
REACTOME_METAL_ION_SLC_TRANSPORTERS,1.212489618113053,0.6149605507989083,-0.8941893858343418,,0.5526596803502807,,
REACTOME_METHYLATION,1.329766148887924,1.093084343022599,1.3919318681353074,1.296366905577032,1.6928057382569908,0.9499658365121763,1.4530887047370464
REACTOME_MET_ACTIVATES_RAP1_AND_RAC1,-0.6981593735265723,1.1494509809226783,1.2762023820851183,1.2293631097477054,1.0317024058476623,0.8397837275252275,
REACTOME_MET_ACTIVATES_RAS_SIGNALING,0.907636472077888,1.3698808935474522,1.4850459826939177,,,,
REACTOME_MET_PROMOTES_CELL_MOTILITY,0.6166221902380341,1.3587845422944398,1.0475889165330603,0.9640957289728649,0.7603689442102377,1.0330483842009262,0.7472924694439022
REACTOME_MET_RECEPTOR_RECYCLING,0.8239936908058922,0.9681800567078717,-0.6895542585881632,,,,
REACTOME_MHC_CLASS_II_ANTIGEN_PRESENTATION,1.8404860110934433,1.980096952769128,1.2571035556264367,1.111761635963481,1.0439358714749298,1.4284238986573643,1.0211164045578967
REACTOME_MICRORNA_MIRNA_BIOGENESIS,0.671181551849617,0.9029455906415516,-1.0245036010598432,-1.1437048292514322,0.6851362554141801,-0.6941075691177722,-0.5543279816461176
REACTOME_MIRO_GTPASE_CYCLE,1.0579107970901531,1.1698457339118717,0.8942803556105589,,-0.8203536871969307,,
REACTOME_MISCELLANEOUS_TRANSPORT_AND_BINDING_EVENTS,-0.670931173126045,-0.6011870877234117,-0.587966325910213,0.5764133642599599,0.9996491433899981,,
REACTOME_MISMATCH_REPAIR,0.5993956052973358,0.8894277046731521,0.7773809103731814,,1.0648642407413227,1.39618075530965,
REACTOME_MITF_M_DEPENDENT_GENE_EXPRESSION,0.9851739249751239,1.4107278683362157,0.8998327695468669,0.7534360173998381,-0.8984105969967485,-0.6413793193306313,1.077064986896723
REACTOME_MITF_M_REGULATED_MELANOCYTE_DEVELOPMENT,1.199628803524453,1.3001209327645042,0.8943088926346866,0.658891860868317,-1.1925230838525454,0.7188156787591876,1.00660014484706
REACTOME_MITOCHONDRIAL_BIOGENESIS,0.815991533552991,0.7623952992934269,-1.3420353883267575,-1.3579806467293285,0.7247810101005517,1.120336697214684,-0.9919099156094627
REACTOME_MITOCHONDRIAL_CALCIUM_ION_TRANSPORT,-1.0157351832242503,0.8362623141167184,-0.7348945954347746,-0.6728528925664219,-0.7026938037974104,0.6261060070917577,0.5553722097796447
REACTOME_MITOCHONDRIAL_FATTY_ACID_BETA_OXIDATION,0.7159477116657539,0.756327250289425,0.8426011497181292,0.7199810096372299,-0.8625737323081677,1.0242469643151764,-0.5914471023065705
REACTOME_MITOCHONDRIAL_FATTY_ACID_BETA_OXIDATION_OF_SATURATED_FATTY_ACIDS,-1.2962626446607275,-1.1713540698624751,-0.9245341614959742,-1.185569692778198,-1.1279123468175718,0.9577623741826343,-1.0744789411283144
REACTOME_MITOCHONDRIAL_IRON_SULFUR_CLUSTER_BIOGENESIS,-1.4351618491187765,-1.3097949535251088,0.5546787034582569,-0.6862304086189979,-1.163286804779088,-0.5098876390099787,
REACTOME_MITOCHONDRIAL_PROTEIN_DEGRADATION,1.0512825798308085,-1.3319239250965182,-1.377799940766623,-1.4517412168883315,-0.9686985559706175,-0.9307403697382454,-0.9872955651741802
REACTOME_MITOCHONDRIAL_PROTEIN_IMPORT,0.9452259834861088,0.9743841242660494,-1.4979177349475994,-1.5903574907356468,-0.9090044614644888,-0.9333823118346116,-1.2405856401438522
REACTOME_MITOCHONDRIAL_RNA_DEGRADATION,-0.6082315468792694,-0.7317436602158042,0.8711971820353843,0.9869673682082,0.6642763622820208,-0.8284861478146462,
REACTOME_MITOCHONDRIAL_TRANSLATION,1.5781193789997514,1.0577335293895123,1.7865693741343713,1.4550676682477004,1.3880722294562922,1.4536876389760034,1.441091535100684
REACTOME_MITOCHONDRIAL_TRNA_AMINOACYLATION,0.7161445982236957,-1.2212738238138374,-1.0532532910806487,-0.936362539668188,-1.4441915292041432,,
REACTOME_MITOCHONDRIAL_UNFOLDED_PROTEIN_RESPONSE_UPRMT,1.4538406963296275,0.903648138982904,0.8333680641743965,0.9441331752303214,1.1554987974662794,0.8186073343784869,1.6381242390147848
REACTOME_MITOPHAGY,-1.1368782069145693,-1.072586971413778,-0.983735684563541,-1.453291622225852,-1.321754416004017,-1.222229571355938,-1.3834619152390157
REACTOME_MITOTIC_G1_PHASE_AND_G1_S_TRANSITION,1.3115121412249053,1.3877733234081915,1.5187925247540166,1.3000193438317644,1.3236073003521809,1.5793203091405388,1.518392530032013
REACTOME_MITOTIC_G2_G2_M_PHASES,1.4084558636948508,1.3803256312461898,1.3168228395184,1.2797091241385774,1.0602156844927568,1.7114994425744938,1.530479079788798
REACTOME_MITOTIC_METAPHASE_AND_ANAPHASE,1.4194005368989207,1.253791964747917,1.4079787860610338,1.0605383634883085,1.0060918378977515,1.19879904351289,1.5435280540587146
REACTOME_MITOTIC_PROMETAPHASE,0.9874891238168287,0.7106577320629541,0.5457490465265687,-0.720968605051112,-0.8803946646600475,1.1155409800561822,0.9919116782552726
REACTOME_MITOTIC_SPINDLE_CHECKPOINT,1.0206373440328511,0.7679824837763847,0.9129658461168515,-0.8183886919621497,0.6241783957967739,0.7899482170231314,1.2301878202807948
REACTOME_MITOTIC_TELOPHASE_CYTOKINESIS,-0.6656662711678517,-0.7852866041765447,1.551994318847671,0.67640117182434,-1.278949930892644,0.5889635865875936,0.4911046955134246
REACTOME_MODULATION_OF_HOST_RESPONSES_BY_IFN_STIMULATED_GENES,2.499747434495076,2.526332724311933,2.3626121065933385,2.370534721791326,2.259320810736165,2.2417082380258324,1.9831708566715005
REACTOME_MOLECULES_ASSOCIATED_WITH_ELASTIC_FIBRES,1.479910869667423,1.0741764369794977,0.5444824472898723,,,,
REACTOME_MRNA_CAPPING,0.5440591345378892,0.6298116502243274,-0.789783902384668,-1.046299847780354,0.8970363590642976,0.5544536012171376,-0.6685511032193325
REACTOME_MRNA_DECAY_BY_3_TO_5_EXORIBONUCLEASE,0.7944714119397034,0.9909482368276177,0.7407360733531141,0.7481444704690536,0.7138925865148104,0.5369387267826523,
REACTOME_MRNA_DECAY_BY_5_TO_3_EXORIBONUCLEASE,1.2086810941831034,0.8746370005198358,1.0178485431635873,0.7384461737459931,0.6261729675303975,0.9781950557752354,0.9275378153404108
REACTOME_MRNA_SPLICING_MINOR_PATHWAY,-0.5872823567385249,-0.9713254596832454,-1.2125204870292254,-1.3732757511104678,-1.1523829420379021,-0.8899059391798264,-0.8007687445289215
REACTOME_MTORC1_MEDIATED_SIGNALLING,-0.8628993046230858,-0.9315506684220212,-1.3321857465780047,-1.4058676161656019,-1.3191212232541558,0.7660693158360538,-1.1821874518820576
REACTOME_MTOR_SIGNALLING,0.7946231264934868,0.9113964298690246,-1.3234708710155099,-1.3247415995886258,-1.0825714848887928,0.9537297602699839,-1.1300850741219326
REACTOME_MUCOPOLYSACCHARIDOSES,0.39008881756335495,-0.5837456962517912,-1.0444156773140492,,,,
REACTOME_MUSCLE_CONTRACTION,1.9692746963869858,1.811350053120225,1.4099839483435062,-0.7968128139899794,0.8398788583756356,1.4290949865504659,1.2780255329276973
REACTOME_MYD88_INDEPENDENT_TLR4_CASCADE,1.4650976644155513,0.9395152022118181,1.1618203434106662,0.8175300429473696,0.9604980951412908,0.821600092572522,0.8902144056872044
REACTOME_MYOCLONIC_EPILEPSY_OF_LAFORA,-1.3353263913812063,-1.3558477603149417,-1.3601522424903738,-1.3176447832271998,-1.4376529233098474,-1.2177675925127889,-1.3592432562870118
REACTOME_MYOGENESIS,-0.7944606857570267,-0.6700391151705032,1.3269778697467463,-0.6688635612456418,-0.5893147300781544,-0.8579094385484568,0.7684950450037429
REACTOME_M_DECAY_DEGRADATION_OF_MATERNAL_MRNAS_BY_MATERNALLY_STORED_FACTORS,-1.3145252729455108,-1.694069327173837,-1.2923811645325036,-1.6890704184491625,-1.1435351166972911,-1.3973206878769893,-1.4123736860487022
REACTOME_NCAM_SIGNALING_FOR_NEURITE_OUT_GROWTH,1.23572135262434,0.8730586446452167,0.8547284626026007,1.1953185903448886,-0.984114486257727,0.8072485087680601,-0.8214849448895106
REACTOME_NEF_AND_SIGNAL_TRANSDUCTION,-0.6277643143817351,0.7116168097135909,0.6563120547987056,-0.7427594910235155,-0.5062956560672578,-1.1209168183903284,-1.0546433818604966
REACTOME_NEF_MEDIATED_CD4_DOWN_REGULATION,0.9235674358286302,1.39195117605747,-0.865761393078086,0.7339235537578337,0.5386251045281342,-1.06126590489961,0.8415734907738028
REACTOME_NEF_MEDIATED_DOWNREGULATION_OF_MHC_CLASS_I_COMPLEX_CELL_SURFACE_EXPRESSION,1.505111637020188,1.380100239543539,1.0518034500430802,1.5790360427606989,0.954105513222642,1.3169701170363866,
REACTOME_NEF_MEDIATES_DOWN_MODULATION_OF_CELL_SURFACE_RECEPTORS_BY_RECRUITING_THEM_TO_CLATHRIN_ADAPTERS,1.6144036970388984,1.305291973929463,0.7624656940091458,1.455491750873084,0.8688921523700318,-0.805850415061036,1.4162507366898547
REACTOME_NEGATIVE_FEEDBACK_REGULATION_OF_MAPK_PATHWAY,0.6359186876957943,0.7455801721616572,-0.7604286201083578,,0.6930562080741671,,
REACTOME_NEGATIVE_REGULATION_OF_FGFR1_SIGNALING,-1.150399074809015,-1.068084656906734,-1.3295689573754639,-1.415622589472095,-1.1450602322042394,-1.4034484964859302,-1.4333265561756938
REACTOME_NEGATIVE_REGULATION_OF_FGFR2_SIGNALING,-1.150399074809015,-1.068084656906734,-1.3295689573754639,-1.415622589472095,-1.1450602322042394,-1.4034484964859302,-1.4333265561756938
REACTOME_NEGATIVE_REGULATION_OF_FGFR3_SIGNALING,-1.150399074809015,-1.068084656906734,-1.3295689573754639,-1.415622589472095,-1.1450602322042394,-1.4034484964859302,-1.4333265561756938
REACTOME_NEGATIVE_REGULATION_OF_FGFR4_SIGNALING,-1.150399074809015,-1.068084656906734,-1.3295689573754639,-1.415622589472095,-1.1450602322042394,-1.4034484964859302,-1.4333265561756938
REACTOME_NEGATIVE_REGULATION_OF_FLT3,-0.9827838028364678,-1.0763513994087173,-1.4389052543795449,-1.1709317950933689,-1.2645074333781583,-1.1731820753911157,-1.3357562174320163
REACTOME_NEGATIVE_REGULATION_OF_MAPK_PATHWAY,1.1668763996540108,-0.9145973962787606,-1.1110029523521914,-1.3545510036257664,-0.7561709411908666,-1.5551754628103025,-1.3633754393712312
REACTOME_NEGATIVE_REGULATION_OF_MET_ACTIVITY,-1.187506637399262,-1.247864187779055,-0.9957038434802907,-1.1013837762805687,-1.2168396929607352,-1.3671461911840344,-1.4695732556566303
REACTOME_NEGATIVE_REGULATION_OF_NMDA_RECEPTOR_MEDIATED_NEURONAL_TRANSMISSION,-0.9180322981683438,-0.9383089873740575,-1.0669475954093526,,,,
REACTOME_NEGATIVE_REGULATION_OF_NOTCH4_SIGNALING,1.6498470786641277,1.729347863291948,1.7572824100268343,1.5099827519775224,1.3815998561492857,1.6663225093061695,1.5699828905199205
REACTOME_NEGATIVE_REGULATION_OF_THE_PI3K_AKT_NETWORK,0.8296184374692099,0.8176338114024817,0.874789454837415,1.096996610246169,0.7309792336317684,0.9485814118510816,1.1979216392249008
REACTOME_NEGATIVE_REGULATORS_OF_DDX58_IFIH1_SIGNALING,1.743313615631152,1.4724239322652377,1.6801784623755665,1.654568828687247,1.344255672037718,1.164004805106682,-1.012678776832125
REACTOME_NEPHRIN_FAMILY_INTERACTIONS,1.4840266388693777,1.015097900912156,0.7919564959264805,0.973743836087888,0.8091018823324033,0.7437943686462489,0.46882992598517836
REACTOME_NETRIN_1_SIGNALING,-0.6658140533390512,-0.8317501771738308,-0.7162971266822101,1.2015251441718444,-1.0937602457637743,0.4468691379770732,
REACTOME_NEUREXINS_AND_NEUROLIGINS,0.8935586398689516,-0.7375158828121697,0.9340717241401567,-0.569080221761572,-1.5556525397070804,,
REACTOME_NEUROTRANSMITTER_RELEASE_CYCLE,0.7433662475546773,-0.8263162593484666,-0.9035631120347252,-1.0743751440334075,-1.0481685123576066,-0.9263554766654809,1.1254497466392188
REACTOME_NFE2L2_REGULATES_PENTOSE_PHOSPHATE_PATHWAY_GENES,1.0160273901128363,0.7705570773798576,-1.1486421487922929,-0.9593758065174656,-0.9497829269644046,0.6583259937754716,-0.7056019375091207
REACTOME_NFE2L2_REGULATING_ANTI_OXIDANT_DETOXIFICATION_ENZYMES,1.3465657568819978,1.1012864225861123,-0.9901565245510036,0.6116044411535473,-0.9658391034310423,0.5449642053011876,0.775163364386257
REACTOME_NFE2L2_REGULATING_TUMORIGENIC_GENES,1.1264771698130849,0.9383746080903691,0.7228439723787299,,-1.5817148529053477,,
REACTOME_NF_KB_ACTIVATION_THROUGH_FADD_RIP_1_PATHWAY_MEDIATED_BY_CASPASE_8_AND_10,1.4656429030466263,1.6054851899638278,1.7515684038107047,1.3091839483688383,1.1104888894917937,,
REACTOME_NF_KB_IS_ACTIVATED_AND_SIGNALS_SURVIVAL,-1.0971138963639049,-1.3050939904073602,-1.633609357129322,-1.2188692665984486,-1.4485888887787637,-1.5469355709147288,-1.5328729854998981
REACTOME_NGF_STIMULATED_TRANSCRIPTION,0.9522354005262952,-1.4012028940753318,-1.2949311168161324,-1.6913740815143679,-0.6922253200853342,-0.5803149075574543,-1.4321595128766087
REACTOME_NICOTINAMIDE_SALVAGE,1.7014192730106692,1.63680942871743,1.580661353588348,1.7385153673391898,1.516116782135732,1.4482113465960529,1.705109101204368
REACTOME_NICOTINATE_METABOLISM,1.5273072483863779,1.6012624110784544,1.8872901774671307,1.5189199176067805,1.807485786542391,1.650166751085704,1.705109101204368
REACTOME_NOD1_2_SIGNALING_PATHWAY,1.0720984290050892,-0.7172538007977317,-0.9264878848707055,-1.1179515512610496,-1.1133282181203459,-1.2750133704113709,-1.017180242465952
REACTOME_NONCANONICAL_ACTIVATION_OF_NOTCH3,0.7854307251806522,0.5542127481413412,-0.8221191851243227,-1.1120527500892958,-1.4166666443806177,,
REACTOME_NONHOMOLOGOUS_END_JOINING_NHEJ,0.557350309411344,-0.6039795372660017,0.9613977537332332,0.7751091116616496,0.7343500735375837,0.7784951278037686,1.1469325518516678
REACTOME_NONSENSE_MEDIATED_DECAY_NMD,-3.676768646110099,-3.702932697122896,-3.4734275835042205,-3.339759530622851,-3.6705971871048733,-3.5971733487884934,-3.62077044616633
REACTOME_NON_INTEGRIN_MEMBRANE_ECM_INTERACTIONS,1.3262849301777515,1.051585744528553,1.1910688523196704,-1.0343962917664256,1.2000370581013187,1.3014078467048564,0.9897024702894535
REACTOME_NOTCH1_INTRACELLULAR_DOMAIN_REGULATES_TRANSCRIPTION,-1.2749088698156414,-1.2110521447598355,-1.1558608256687921,-0.9589309542183477,-1.3482803056697383,-0.8020717798534225,-0.9414550359019206
REACTOME_NOTCH2_ACTIVATION_AND_TRANSMISSION_OF_SIGNAL_TO_THE_NUCLEUS,-1.0305586268852152,-1.1476246579844702,-1.2807726278908333,-1.3648703484907647,-1.2007474430567195,-1.5747696926393697,-1.6623398264866518
REACTOME_NOTCH2_INTRACELLULAR_DOMAIN_REGULATES_TRANSCRIPTION,0.5930038196223867,0.789654601142349,-0.9797688541689566,0.5680559402833514,-1.3422542278292555,,
REACTOME_NOTCH3_ACTIVATION_AND_TRANSMISSION_OF_SIGNAL_TO_THE_NUCLEUS,-1.2156403477688111,-1.1038686585229995,-1.2413235649076773,-1.5673316308237262,-1.5091411774631918,-1.7121392387814693,-1.6626725623117062
REACTOME_NOTCH3_INTRACELLULAR_DOMAIN_REGULATES_TRANSCRIPTION,1.104387525137082,1.0484900280922602,0.9514806296470565,1.3748582355804608,1.2231205019253086,1.3066656164873203,
REACTOME_NOTCH4_ACTIVATION_AND_TRANSMISSION_OF_SIGNAL_TO_THE_NUCLEUS,0.9609556878014108,1.088842064425112,0.5242641540839994,-0.6050085712477656,0.5831492786718507,,
REACTOME_NOTCH4_INTRACELLULAR_DOMAIN_REGULATES_TRANSCRIPTION,1.0511074626268309,-0.9609043768895219,-0.7589436664708915,0.922440172843535,-1.4971854151075732,,
REACTOME_NOTCH_HLH_TRANSCRIPTION_PATHWAY,-0.7820360219703614,-0.632621469095374,-0.7844590076731053,0.8123654370967734,-1.1940838498680357,0.9066830688748201,0.9064872057505735
REACTOME_NPAS4_REGULATES_EXPRESSION_OF_TARGET_GENES,-0.41224690023969,-1.1718428364645253,-0.8985569832597009,-0.8409137145746768,-1.2305602749328786,-0.7898598174108917,
REACTOME_NR1H2_AND_NR1H3_MEDIATED_SIGNALING,-1.0575289029014585,-1.4309250624523717,-1.5632854612830425,-0.7139113441131117,-1.1242799799852086,-0.7656107426343273,-1.2611713142741716
REACTOME_NR1H2_NR1H3_REGULATE_GENE_EXPRESSION_LINKED_TO_LIPOGENESIS,,,-0.7056984447787796,,,,
REACTOME_NR1H2_NR1H3_REGULATE_GENE_EXPRESSION_TO_CONTROL_BILE_ACID_HOMEOSTASIS,0.8434013124842781,-0.6359942311047397,-1.3174689922501415,-0.7141892528240931,,,
REACTOME_NR1H3_NR1H2_REGULATE_GENE_EXPRESSION_LINKED_TO_CHOLESTEROL_TRANSPORT_AND_EFFLUX,-0.9171888152675106,-1.113042842150978,-1.5723657242047615,-0.9896932436242276,-1.0669778559822234,-0.7430342701114012,-1.2611713142741716
REACTOME_NRAGE_SIGNALS_DEATH_THROUGH_JNK,0.758418782787175,1.1491023877660556,1.035481383356428,0.8101154942406211,-0.7711716643389785,0.9624080131240283,1.2484294172535155
REACTOME_NRIF_SIGNALS_CELL_DEATH_FROM_THE_NUCLEUS,-1.2156295725906465,-1.1584560935890849,-1.4156034811853524,-1.4149166915094191,-1.3823143832421168,-1.4846951242711044,-1.6324917405882762
REACTOME_NS1_MEDIATED_EFFECTS_ON_HOST_PATHWAYS,1.3433110437480287,1.2823741294522504,1.0782325822241285,1.3279791902791536,1.5343706796261776,1.8844604062231987,1.5476647827010086
REACTOME_NUCLEAR_ENVELOPE_BREAKDOWN,0.8301664535650314,0.5835268879234518,0.6894994933762453,-0.7058980529018516,0.7821921920667217,1.1569740184872614,1.0560727925760023
REACTOME_NUCLEAR_ENVELOPE_NE_REASSEMBLY,0.9975852053230135,0.6242501541624147,0.8093919904381823,-0.6996724551115537,0.7446432750411217,0.722621138472363,1.1430086497792646
REACTOME_NUCLEAR_EVENTS_KINASE_AND_TRANSCRIPTION_FACTOR_ACTIVATION,1.3263778177065546,-1.07984158888486,-1.0637961336717223,-1.381031242031532,0.7056621058491195,-0.7155208945118414,-1.1501146015508674
REACTOME_NUCLEAR_EVENTS_MEDIATED_BY_NFE2L2,1.8145993516408603,1.9260208058598172,1.597246409202289,1.3303460734175523,1.0715139203971769,1.723015054996594,1.576256351290658
REACTOME_NUCLEAR_EVENTS_STIMULATED_BY_ALK_SIGNALING_IN_CANCER,-1.0636915956352107,-0.8594627471022506,1.115429120245292,-1.0740903648862044,-1.3000377310837528,1.1730119958917475,-0.8962394869140793
REACTOME_NUCLEAR_IMPORT_OF_REV_PROTEIN,-0.8636999534143389,-0.49390306579871146,-0.8955288869379795,-1.1906670983512588,-0.5712012124151793,1.3399938175709083,0.8614093912889426
REACTOME_NUCLEAR_PORE_COMPLEX_NPC_DISASSEMBLY,0.5341055687024536,-0.4932671863995899,-0.6545140046844298,-0.8299805243665863,0.5760755556937264,1.1945193491718837,
REACTOME_NUCLEAR_RECEPTOR_TRANSCRIPTION_PATHWAY,-1.1391261557947034,-1.642730064611929,-0.9458425392691826,-1.085745691028415,-0.6589192631384219,-1.1059905312290752,-0.8628517014693016
REACTOME_NUCLEAR_RNA_DECAY,-0.8681793763924551,0.699314014743626,0.8902316970300042,1.075459409103847,-1.0405564899722408,0.6053893754970147,-0.9465047358934813
REACTOME_NUCLEAR_SIGNALING_BY_ERBB4,0.6309111255299584,-0.47327722237395753,-1.0130659878540753,-0.6380545470381083,0.6532296249377838,-1.0322009844600795,-0.766576488233163
REACTOME_NUCLEOTIDE_BINDING_DOMAIN_LEUCINE_RICH_REPEAT_CONTAINING_RECEPTOR_NLR_SIGNALING_PATHWAYS,1.3820577919313974,0.9172881325133074,-0.8104634352736645,-0.7717430681163793,-1.139357092998279,0.8024947126480759,1.2142891677901668
REACTOME_NUCLEOTIDE_BIOSYNTHESIS,0.9106258691194467,-0.6065655909124463,-1.2015216664043993,-1.5123848495402672,0.7612482030769108,,
REACTOME_NUCLEOTIDE_CATABOLISM,1.2312372992641754,0.9507270828278527,1.1098866740278275,1.070588251580538,1.0777921114841025,1.4895322973390899,1.4095279207791231
REACTOME_NUCLEOTIDE_EXCISION_REPAIR,0.7642370597234142,0.8973499927562879,-0.715948081744932,0.8002627462797132,0.7257953782639707,1.089384869552525,1.1453056955688108
REACTOME_NUCLEOTIDE_SALVAGE,1.6295199699694676,1.4848704377201403,1.0992748839125617,1.1448281528899689,1.3151709611164273,1.4342003028649577,1.3186946289069612
REACTOME_N_GLYCAN_ANTENNAE_ELONGATION,-0.9577072027572083,-0.7770681380477035,-0.8754663255998831,,-1.3504187959904088,-1.5231489106123484,
REACTOME_N_GLYCAN_ANTENNAE_ELONGATION_IN_THE_MEDIAL_TRANS_GOLGI,-0.8150497978688911,-0.783697179378633,-0.5828642936407336,,-0.8637513738201593,-1.5231489106123484,
REACTOME_N_GLYCAN_TRIMMING_IN_THE_ER_AND_CALNEXIN_CALRETICULIN_CYCLE,-0.9491280666165618,-0.8775638754798982,-1.3751218563230507,-1.3337309013167973,-1.170152021007935,-0.9663913416857505,-1.1220764060118196
REACTOME_ONCOGENE_INDUCED_SENESCENCE,-1.0804447807603474,-1.1579258182346388,-1.0841022596703114,-1.0261314805826685,-0.9552095347236098,-1.3139655558776655,-1.3625110251673225
REACTOME_ONCOGENIC_MAPK_SIGNALING,1.2030048417983494,1.650028266857929,0.9312820097527658,0.7138436230104623,-0.7014994292868153,1.100237703341754,0.9026230486338467
REACTOME_OPIOID_SIGNALLING,1.4676382984832264,1.3728448187442681,-0.8200728291515927,-0.7538662292140647,0.7370351096419768,0.99370064434269,0.6558990937596499
REACTOME_ORC1_REMOVAL_FROM_CHROMATIN,1.5522254645518494,1.663137494857254,1.8404671564089083,1.4891371127666875,1.179022116291556,1.6448766996561812,1.6213784879453277
REACTOME_OTHER_INTERLEUKIN_SIGNALING,-0.8850049013303017,-1.028224110787897,-1.508041189846135,-0.9390521192285343,-0.8121522669187956,-1.3333771427496253,-1.0623335973058672
REACTOME_OTHER_SEMAPHORIN_INTERACTIONS,,,0.9847273488561652,1.0468381433800118,1.2001017835633379,,
REACTOME_OVARIAN_TUMOR_DOMAIN_PROTEASES,1.4545020965867608,1.4337031040591774,1.4126001006496456,1.1134197671714448,1.0581972864584333,-0.7590818586031305,-0.9616298318132516
REACTOME_O_GLYCOSYLATION_OF_TSR_DOMAIN_CONTAINING_PROTEINS,,,0.9649850983642833,,,,
REACTOME_O_LINKED_GLYCOSYLATION,1.03162786784777,1.1344182764992274,1.0633946718783671,0.8355427095539129,1.2952904377360057,0.5088986109820604,
REACTOME_O_LINKED_GLYCOSYLATION_OF_MUCINS,1.3138763518076932,0.9549364400110212,1.008193736575551,,1.3160019960381453,0.5893953372231695,
REACTOME_P130CAS_LINKAGE_TO_MAPK_SIGNALING_FOR_INTEGRINS,0.5846196617266014,1.48936796197319,1.210970617582915,,,,
REACTOME_P38MAPK_EVENTS,1.615192010326226,1.7453566601276538,-0.849601788828461,0.5525757692369955,1.1234278750234616,1.141393676557988,
REACTOME_P75NTR_RECRUITS_SIGNALLING_COMPLEXES,-0.9961833466141857,-0.916500911656879,-1.2871724846965678,-1.0806930199332196,-1.3089653926622564,-1.674421645711247,-1.1659110381085143
REACTOME_P75NTR_SIGNALS_VIA_NF_KB,0.9644801786308492,-0.9277262301093008,-1.223396317910774,-0.9041917783371561,-1.2464640087554277,-1.6275260133497496,-1.1322072708686188
REACTOME_P75_NTR_RECEPTOR_MEDIATED_SIGNALLING,0.9115238240640752,0.995410622764647,0.8706723005285762,-0.8773069752311494,-1.2911597564826351,-0.7459897950412748,1.0624447169756206
REACTOME_PARACETAMOL_ADME,-1.015589711185239,,-0.6107892739019118,,,,
REACTOME_PARASITE_INFECTION,1.4352888984764212,2.095848132619195,1.2227591683302141,-0.8949792354312284,1.257853308320219,1.1753412834657675,0.943862724071357
REACTOME_PCNA_DEPENDENT_LONG_PATCH_BASE_EXCISION_REPAIR,-0.678890323358195,0.8200112050261035,-0.819482508310257,0.5323930834731969,1.3661145059509725,1.2435765431953274,0.5858458672116872
REACTOME_PCP_CE_PATHWAY,1.7336361330879346,1.9126225122710803,1.6515883772927185,1.3689850573793287,1.3535105859107603,1.5710656852718894,1.582504091133187
REACTOME_PECAM1_INTERACTIONS,-0.7199937664700623,1.1264869020250012,0.6266561580280575,,-1.056032530558678,0.9818433612807458,
REACTOME_PENTOSE_PHOSPHATE_PATHWAY,1.2747074757671337,0.9765255643312564,-0.636225214332305,-1.311040961467398,0.7260018006666591,-0.5677683211943626,-0.708413813137299
REACTOME_PEPTIDE_HORMONE_METABOLISM,1.3009195148357398,1.0729110115734575,0.9270542732110099,0.8170443330915323,0.5970939615398533,-1.248338509033002,1.1775352511353268
REACTOME_PEPTIDE_LIGAND_BINDING_RECEPTORS,-0.9254314352785942,-0.8256176644255264,1.0083921436522085,1.0276152322318548,-1.4247788414282039,-1.3997459695953112,-0.6711496056620758
REACTOME_PERK_REGULATES_GENE_EXPRESSION,0.9760071813587126,0.5874827626150148,-0.877679743069467,-1.0088792358947254,-0.7643702939130168,-0.8205988363542007,0.9038038654743313
REACTOME_PEROXISOMAL_LIPID_METABOLISM,0.6244346801718164,0.863019029669647,1.2431440815003088,,0.8952838553015358,,
REACTOME_PEROXISOMAL_PROTEIN_IMPORT,-0.86399457875998,-0.8478955720958519,1.206676406557539,-1.1378961533576382,-0.7531769391736634,0.7351951940337185,-1.2859221853173843
REACTOME_PEXOPHAGY,-1.3599375680951955,-1.2525627969548352,-1.632998547735765,-1.396860514189665,-1.2852791197781064,-1.336535168241507,-1.6495528620258193
REACTOME_PHASE_II_CONJUGATION_OF_COMPOUNDS,-1.1470201930403954,1.1253189963740955,1.3342519304799743,1.0363562253094079,1.074154601597904,1.0779860794200988,1.476954111321196
REACTOME_PHASE_I_FUNCTIONALIZATION_OF_COMPOUNDS,0.5348534836256618,-0.7117757386303065,-1.0953658009686187,0.5563473760915879,0.8230764920247329,-0.8790087105758839,0.5480134700117236
REACTOME_PHENYLALANINE_AND_TYROSINE_METABOLISM,,,-0.7505064241928495,,,,
REACTOME_PHOSPHOLIPID_METABOLISM,0.784108614231874,0.8613303413077565,0.7512353310104667,0.6255598792076282,0.6996895059247042,0.8896157663946767,0.8513920318789423
REACTOME_PHOSPHORYLATED_BMAL1_CLOCK_ARNTL_CLOCK_ACTIVATES_EXPRESSION_OF_CORE_CLOCK_GENES,-0.8041133939457688,-1.5985062938510117,-0.6865379476932206,1.04926012143607,-0.7153361725987422,-0.6677656996778149,0.7999978799571684
REACTOME_PHOSPHORYLATION_AND_NUCLEAR_TRANSLOCATION_OF_THE_CRY_PER_KINASE_COMPLEX,1.1281936702505093,0.971801717630512,-0.7351739428407326,-1.2755190659284676,0.5436299806691879,-0.5920272418996433,0.598041016497644
REACTOME_PHOSPHORYLATION_OF_CLOCK_ACETYLATION_OF_BMAL1_ARNTL_AT_TARGET_GENE_PROMOTERS,-0.6561264023624709,-1.4013384222167564,-0.85170327206601,,,-0.7287179654815675,
REACTOME_PHOSPHORYLATION_OF_THE_APC_C,0.7372084592345552,-0.47997743727023845,0.6439873450408361,-0.9017857969598355,1.116075190529534,-1.2720115943711074,0.9046409611869219
REACTOME_PI3K_AKT_ACTIVATION,0.6656561719567575,,-0.6049807315804537,,,,
REACTOME_PI3K_AKT_SIGNALING_IN_CANCER,-0.6106976853781978,-0.6916558962225586,-0.9904538831882146,1.2703070214875043,0.9164096469101536,0.7399996699749791,0.5783629994191988
REACTOME_PI3K_EVENTS_IN_ERBB2_SIGNALING,,,-1.2809682612989988,,,,
REACTOME_PI3K_EVENTS_IN_ERBB4_SIGNALING,,,-1.1909301964362502,,,,
REACTOME_PI5P_REGULATES_TP53_ACETYLATION,-1.007095649157543,-0.9296922538651864,0.9536317784683506,-0.9848517834628275,-1.3178476462877853,,
REACTOME_PINK1_PRKN_MEDIATED_MITOPHAGY,-1.1568626370627682,-1.1433630981058838,-0.9970617060193696,-1.3682313717231156,-1.4932489165796055,-1.2474436790991703,-1.396044086677915
REACTOME_PIWI_INTERACTING_RNA_PIRNA_BIOGENESIS,1.3567444689934414,1.0822286398930838,-0.8142495774245548,-1.059987955817647,0.7633241519071968,-0.854131134924379,0.8366958624523859
REACTOME_PI_3K_CASCADE_FGFR1,-1.1649354818630822,-1.2613737002044632,-1.3320940692072623,,,,
REACTOME_PI_3K_CASCADE_FGFR2,-1.1649354818630822,-1.2613737002044632,-1.3320940692072623,,,,
REACTOME_PI_3K_CASCADE_FGFR3,-1.1649354818630822,-1.2613737002044632,-1.3320940692072623,,,,
REACTOME_PI_3K_CASCADE_FGFR4,-1.1649354818630822,-1.2613737002044632,-1.3320940692072623,,,,
REACTOME_PI_METABOLISM,-0.6176439170256934,0.6325101218484641,0.7513392339216669,0.7095492153988071,0.6642017172961641,-1.0021011095371264,0.7902523927855375
REACTOME_PKA_ACTIVATION_IN_GLUCAGON_SIGNALLING,-0.8350741088562983,0.6931190243220652,-1.070835799113217,-1.0138803226890245,,1.1302349908516998,
REACTOME_PKA_MEDIATED_PHOSPHORYLATION_OF_CREB,0.6015374092534013,0.8876725916867036,0.8101058813876895,-0.8969296145936771,-0.9955245464479203,1.3911633373591739,0.5756087887405219
REACTOME_PKMTS_METHYLATE_HISTONE_LYSINES,1.102844656528554,0.9067721376622114,-1.1554751743430645,-0.728299030955881,0.5107665615859027,1.0014262585628066,-1.066411764573023
REACTOME_PKR_MEDIATED_SIGNALING,1.835987885334541,1.7045071664725233,1.5156317116677247,1.671203174769548,1.8489064550358074,1.7124007415857474,1.8412033010727904
REACTOME_PLASMA_LIPOPROTEIN_ASSEMBLY,,,0.7971991584168852,,,,
REACTOME_PLASMA_LIPOPROTEIN_ASSEMBLY_REMODELING_AND_CLEARANCE,-0.8637533564419592,-0.8650124712734183,-1.1399263124750147,0.8344762210051591,-0.8210073390779042,-0.9966109215696174,-1.4164692746713465
REACTOME_PLASMA_LIPOPROTEIN_CLEARANCE,-0.9733154579497864,0.8808360631117007,-1.2450730718473622,-0.8134768616263538,-0.9427317663050373,-1.0213700170612041,-1.4238740030035504
REACTOME_PLASMA_LIPOPROTEIN_REMODELING,-0.6114994200799192,,-1.0950425093238763,,,,
REACTOME_PLATELET_AGGREGATION_PLUG_FORMATION,1.2003431518013008,1.4723215636152271,1.0843651737204407,1.232128789584796,1.1055593312709229,1.061736352360314,0.9680964963489415
REACTOME_PLATELET_CALCIUM_HOMEOSTASIS,1.7191301292705212,1.0247628851129291,-0.8252182819584689,-0.8796820814582018,-0.9283032251732601,1.0563428995472186,
REACTOME_PLATELET_HOMEOSTASIS,1.791215164144117,1.6335472113693357,-1.0556905665709944,0.5702553165030952,1.27676754251285,1.5345183565344287,1.0033797115020104
REACTOME_PLATELET_SENSITIZATION_BY_LDL,1.242997832312565,1.4612252298903232,0.9569444426015868,1.0138562208177175,1.003690505866229,1.0145064738995644,1.5209389509916094
REACTOME_POLYMERASE_SWITCHING,-0.7613058024560571,-0.4417248168293243,-0.7017085689623059,,0.8015674254120748,,
REACTOME_POLYMERASE_SWITCHING_ON_THE_C_STRAND_OF_THE_TELOMERE,-0.668362706926164,-0.651507105141343,-0.8049966452616659,-0.5714362613091171,-0.6189696477397366,-0.7788537108411402,
REACTOME_POSTMITOTIC_NUCLEAR_PORE_COMPLEX_NPC_REFORMATION,-0.4711537656814047,0.6306117032982805,0.47910707119311347,-0.9044964348115623,-0.5666366720021857,0.9359262453242011,1.3473443854106095
REACTOME_POST_CHAPERONIN_TUBULIN_FOLDING_PATHWAY,0.789332985438774,-0.8156208260069768,-1.1107862136626891,-1.051966535788496,0.6123585683321101,-1.5097476299363792,-0.6826079711114598
REACTOME_POST_TRANSCRIPTIONAL_SILENCING_BY_SMALL_RNAS,-1.3523272606402887,-1.4213340326169117,-1.3284776534010692,,,,
REACTOME_POST_TRANSLATIONAL_MODIFICATION_SYNTHESIS_OF_GPI_ANCHORED_PROTEINS,1.1165786694236597,1.3284758506415157,0.9694306189631567,-0.8468146185924386,1.355787169556969,1.0636600969393655,1.329340026771036
REACTOME_POTASSIUM_CHANNELS,0.9102388707856829,1.2467155720854612,-0.8873755328981053,0.948082536312433,1.1763725825020412,1.5334503435444977,-0.9655023693386287
REACTOME_POTENTIAL_THERAPEUTICS_FOR_SARS,1.4566815565102338,1.8416714512729726,1.4642460071300343,0.8025220742615964,1.396955831375734,1.3298209322425145,0.6654254684183223
REACTOME_PREGNENOLONE_BIOSYNTHESIS,-0.6157136107570295,0.9147545044732612,-0.831205187448511,,0.5674731474696985,1.1873976392954515,
REACTOME_PRESYNAPTIC_FUNCTION_OF_KAINATE_RECEPTORS,1.0658443799583046,1.381403125864439,-1.4455454795574334,-0.602283974763061,1.350483608548487,1.506057898589956,-0.8605154662887654
REACTOME_PREVENTION_OF_PHAGOSOMAL_LYSOSOMAL_FUSION,-1.124698503597602,-1.1385332105317287,-1.1745598223281233,-0.9108276223379626,-1.0530825969982864,-1.4240931032879705,-1.5135285643015917
REACTOME_PRE_NOTCH_PROCESSING_IN_GOLGI,-0.7085646608264187,0.4943228870498909,-0.4577807740675332,-0.8243948138141205,-1.5815083427676102,-0.7839964221124524,
REACTOME_PROCESSING_AND_ACTIVATION_OF_SUMO,-1.1355027772952628,-1.1756932583706683,-0.9167158995086744,-0.708918545232997,-1.3646697535400787,0.4642639794974881,0.8383015515903757
REACTOME_PROCESSING_OF_CAPPED_INTRONLESS_PRE_MRNA,-0.5996922127333156,0.9655174853218774,-0.7625360612840384,-1.0703090464850908,-0.7175077277216394,1.0370865107583314,-0.8174524108471646
REACTOME_PROCESSING_OF_DNA_DOUBLE_STRAND_BREAK_ENDS,-0.8627457575553104,0.8138661325902488,0.8081196474888954,0.7056698557868925,-0.9269548167797462,0.7513253839748045,-1.0757804160166125
REACTOME_PROCESSING_OF_INTRONLESS_PRE_MRNAS,-1.0210503800136284,0.6097775362124951,-0.7590583834111746,-0.8582229100281046,-0.5430063171351615,0.7687943965243487,-0.9671730258061766
REACTOME_PROCESSING_OF_SMDT1,-1.0531936786791607,-0.9052759369010459,-0.9576110737722098,-0.48849849373312154,-0.5984712591764311,0.7491027604141492,0.5207211284490705
REACTOME_PROCESSIVE_SYNTHESIS_ON_THE_C_STRAND_OF_THE_TELOMERE,0.822122426735175,0.9790923050459586,0.9538205353081828,0.8771161183694814,0.8459527172332861,1.1404513009206758,
REACTOME_PROCESSIVE_SYNTHESIS_ON_THE_LAGGING_STRAND,0.5839570911551797,0.9690383661023412,0.7737771022938416,,0.8606477761795748,1.39618075530965,
REACTOME_PROGRAMMED_CELL_DEATH,1.9962273558023051,1.9228476059827517,1.6559630197872286,1.5181917082440364,1.3599581951059883,1.8157627078124352,1.5697672913744334
REACTOME_PROLACTIN_RECEPTOR_SIGNALING,0.7891250751227316,0.9873497428159359,1.5618944243800972,,0.6405314907691979,,
REACTOME_PROLONGED_ERK_ACTIVATION_EVENTS,0.9431042323416594,1.1940878724718056,0.7751233987268552,-0.5794966821507286,0.7271285926711074,0.7937895626347791,
REACTOME_PROSTACYCLIN_SIGNALLING_THROUGH_PROSTACYCLIN_RECEPTOR,1.1296164342566029,1.3606765577378974,-1.4068974850119655,0.6126494645129338,1.4849654434510613,1.4897849213184888,-1.0207078592043304
REACTOME_PROTEASOME_ASSEMBLY,2.3464844466046872,2.3563021290405834,2.1697155195539284,2.066745064897318,2.107852093534686,2.1884935181998038,2.2493956447324837
REACTOME_PROTEIN_FOLDING,1.1854853414845838,1.325885899318223,-0.9348032177648594,0.6469752512637825,1.1195299173495663,1.326491941720022,1.090024142304836
REACTOME_PROTEIN_HYDROXYLATION,-1.6760703063828193,-2.0097213813531045,-1.5404089227268556,-1.7759241113864537,-2.1705905021624456,-2.2641469437411077,-1.9967198626540203
REACTOME_PROTEIN_LOCALIZATION,0.8177164779806179,-1.1475130655386157,-1.003650885924138,-1.6539500875821573,-0.9384374759558047,-1.0359907030024293,-1.178529971718426
REACTOME_PROTEIN_METHYLATION,-1.6737390741479452,-1.2697255232504279,-1.5111980284823452,-1.8205030774649251,-1.4575764099977728,0.826599625038911,-1.4761737661533678
REACTOME_PROTEIN_PROTEIN_INTERACTIONS_AT_SYNAPSES,0.7945370791564309,-0.8022231538964373,0.8027121343635578,0.509075080896601,-1.272077280004781,-1.4008965463132972,-0.5574036858048662
REACTOME_PROTEIN_UBIQUITINATION,1.2531398755178818,1.116134483107209,1.2626478858634744,0.9713654043727074,0.9513104077480616,1.1795756664705397,1.0479797952982663
REACTOME_PTEN_REGULATION,1.201421306241381,1.3821141379108526,1.1837100000639307,1.1670290543465685,1.239991153922593,1.335182511253579,1.3633513358653186
REACTOME_PTK6_REGULATES_RHO_GTPASES_RAS_GTPASE_AND_MAP_KINASES,1.0032058129289536,1.4057253807219112,0.8731953393590601,,0.678656864508912,0.7571764325350676,
REACTOME_PTK6_REGULATES_RTKS_AND_THEIR_EFFECTORS_AKT1_AND_DOK1,-1.3177679790883474,-1.3533799347024136,-1.2851976837444783,-1.3213963149342152,-1.4044876677781024,,-1.5631674037698715
REACTOME_PURINERGIC_SIGNALING_IN_LEISHMANIASIS_INFECTION,1.7593469204927243,1.483324664007778,1.1937558381925075,1.576512123267022,0.9231316969999706,1.569992879742071,1.4667368511867678
REACTOME_PURINE_CATABOLISM,1.0971604082761717,0.8409298365983501,-1.0175516942055836,-1.0387899580419557,0.7224733790401728,1.1879481548969753,0.7602774982436693
REACTOME_PURINE_RIBONUCLEOSIDE_MONOPHOSPHATE_BIOSYNTHESIS,1.2265857189203964,0.5479239721778464,-1.186625141537502,-1.5123848495402672,0.7612482030769108,,
REACTOME_PURINE_SALVAGE,1.561191244336441,1.2291244109276367,1.0302026759518297,0.7784320880009118,1.2817842236390449,0.9828489633042617,0.8066340297337342
REACTOME_PYRIMIDINE_CATABOLISM,1.4473705243104584,1.3437749794740752,1.2511828746036002,1.2778039359489346,1.395044429938772,1.2307560766587304,1.5502245292855052
REACTOME_PYRIMIDINE_SALVAGE,1.2877461298653086,1.564165832651217,1.0081735747698046,,,,
REACTOME_PYROPTOSIS,1.6455741731373308,1.5281114842359151,1.5433662232492016,1.5161793644228674,1.2809054776090603,1.5684446551296878,0.8220227773273588
REACTOME_PYRUVATE_METABOLISM,-1.0764939818802843,-1.086660736772286,0.9443190897335613,-1.1355151459948734,-0.9680273006899895,-0.8296305449147151,-0.923180919569507
REACTOME_RAB_GEFS_EXCHANGE_GTP_FOR_GDP_ON_RABS,1.211786379385687,1.3221640877711687,1.3659783571853017,-0.7249928896673435,1.0848408906692306,1.2235664072483348,0.7339858021488801
REACTOME_RAB_GERANYLGERANYLATION,1.5873780941911113,1.7837422150811935,1.4502726335443141,0.7951822982440274,0.96633387708792,-0.761854315873896,0.9068374051801433
REACTOME_RAB_REGULATION_OF_TRAFFICKING,1.2208653543482577,1.3411052049583183,1.2325109631284732,-0.9837929160242698,0.9744760531435762,1.0493316820117964,0.6351541651094738
REACTOME_RAC1_GTPASE_CYCLE,1.3109658487982665,1.2686334260090357,-0.8032821731294955,0.7565942955730461,0.6025004738781695,-0.7610683687539994,0.9331244662977629
REACTOME_RAC2_GTPASE_CYCLE,1.4052558192709448,1.2182495123636807,0.8804887517532548,0.9359490525261177,1.1652230336061662,0.8997390818505293,1.3099603499112984
REACTOME_RAC3_GTPASE_CYCLE,1.3206817221630367,1.110882288086911,0.8872129860464536,0.86964955723146,1.0266669170737635,-0.8830922475668138,1.1487567356922304
REACTOME_RAF_ACTIVATION,1.5036081035345394,1.5483759314776058,0.9297671482024147,0.7075458655210723,-0.43571894727394267,1.285981213159124,1.533900611642215
REACTOME_RAF_INDEPENDENT_MAPK1_3_ACTIVATION,1.2489024906965982,0.8012311901820478,0.8538426548469779,-0.9021406855252018,1.0179910672924808,-1.2771056216991234,-0.7309627599937603
REACTOME_RAP1_SIGNALLING,0.8979565545390453,1.3485159840477727,0.7257408879028762,0.6602743933997336,1.521168474800362,1.4390261082943847,0.7837653678301105
REACTOME_RAS_ACTIVATION_UPON_CA2_INFLUX_THROUGH_NMDA_RECEPTOR,0.858101924122641,1.0096317392533456,0.733838838777944,,-1.082376917166726,,
REACTOME_RAS_PROCESSING,-0.9305099667136981,-0.9733984285980513,0.83639250080835,-0.7759528613687522,-1.3062375325322906,-0.9959756904928256,-1.3725019343753255
REACTOME_RA_BIOSYNTHESIS_PATHWAY,-1.16976328524029,,,,,,
REACTOME_RECEPTOR_MEDIATED_MITOPHAGY,0.8816439689023862,1.0910737267598731,-0.4630703719253496,-1.0303916294838458,1.0701726815536736,0.6236310365297445,
REACTOME_RECOGNITION_AND_ASSOCIATION_OF_DNA_GLYCOSYLASE_WITH_SITE_CONTAINING_AN_AFFECTED_PURINE,0.8909265109384845,0.7794772808228552,0.7095498999282205,1.37311918836232,1.5575802013631765,-0.8553283732588766,1.0141316057834553
REACTOME_RECOGNITION_OF_DNA_DAMAGE_BY_PCNA_CONTAINING_REPLICATION_COMPLEX,-0.9131921002043294,0.8407883739970095,-0.9526986902193696,0.5925058751488972,-0.9400705865697825,0.9351341707191394,-1.1307057404307048
REACTOME_RECRUITMENT_OF_MITOTIC_CENTROSOME_PROTEINS_AND_COMPLEXES,0.7473356909503766,0.6886486945064062,-0.8198243009096615,-0.6972478974259166,-1.0435400333008888,1.2411379795950361,0.935755893619993
REACTOME_RECRUITMENT_OF_NUMA_TO_MITOTIC_CENTROSOMES,0.8655736444656313,0.6957865664956971,-0.9804149185146652,-0.802954646901162,-0.7437639571476967,1.2300275756982892,0.8979368032614772
REACTOME_RECYCLING_OF_EIF2_GDP,0.7561809139862256,0.7420570473183373,0.8896141564701721,0.6804698879680342,0.7872552603846449,-1.1526487265108276,
REACTOME_RECYCLING_PATHWAY_OF_L1,1.753082064923974,1.4778865929082365,-1.1929794587823455,-0.9276807607067786,0.715147518721298,-0.6016522390775764,-0.6152885556608356
REACTOME_REDUCTION_OF_CYTOSOLIC_CA_LEVELS,1.414316363943381,1.244335282325399,0.9603083635837545,,,,
REACTOME_REGULATED_NECROSIS,1.6729290591124704,1.4257960596464574,1.2563065930384634,1.143478298463965,1.0661997315922445,1.1950327378694487,0.7781664770812664
REACTOME_REGULATED_PROTEOLYSIS_OF_P75NTR,0.8960045902899539,0.6419089433074812,-0.6238513122771644,-0.5506071049169855,-1.1741386072373818,,
REACTOME_REGULATION_BY_C_FLIP,1.8002746663971914,1.6084254144082235,1.3228506433351466,,,,
REACTOME_REGULATION_OF_APOPTOSIS,1.6906929099558579,1.7651700418789562,1.7383449876932806,1.4238519511035335,1.4241204660120919,1.5863269385254912,1.5393252181754715
REACTOME_REGULATION_OF_BACH1_ACTIVITY,-1.2681625995820605,-1.3112356953058983,0.9736982269886274,0.8180822196329943,-1.1966674241734645,-0.9401162554635472,-1.2272442546411533
REACTOME_REGULATION_OF_BETA_CELL_DEVELOPMENT,0.7512593797289785,-1.0419587460908961,-1.2816217435350046,0.9555445725237476,-1.4230773606818037,,
REACTOME_REGULATION_OF_CDH11_FUNCTION,,,1.2714863904504718,,,,
REACTOME_REGULATION_OF_CDH11_MRNA_TRANSLATION_BY_MICRORNAS,-1.2054438336397182,-1.4213340326169117,0.7484116150166642,,,,
REACTOME_REGULATION_OF_CHOLESTEROL_BIOSYNTHESIS_BY_SREBP_SREBF,1.0779171338213538,1.0268509264047239,0.9631661431138802,-0.6772047208052611,1.3133345969911538,0.8337251740085606,1.0823648608791716
REACTOME_REGULATION_OF_CYTOSKELETAL_REMODELING_AND_CELL_SPREADING_BY_IPP_COMPLEX_COMPONENTS,-0.7333626520569494,1.2272810939621468,1.129708930843359,,,,0.8450792983421374
REACTOME_REGULATION_OF_ENDOGENOUS_RETROELEMENTS_BY_THE_HUMAN_SILENCING_HUB_HUSH_COMPLEX,0.5645966136590541,0.6898523528812591,0.7857612833728578,0.9907386411543675,1.1972545529869916,-0.831088763748337,-0.5752418791947339
REACTOME_REGULATION_OF_EXPRESSION_OF_SLITS_AND_ROBOS,-3.296825956013869,-3.2222398516624158,-2.9739832625679523,-2.8926227716144517,-3.3426207036934015,-3.0425108053455037,-3.3385217254487474
REACTOME_REGULATION_OF_FOXO_TRANSCRIPTIONAL_ACTIVITY_BY_ACETYLATION,1.2735083979644555,0.9779552880319918,0.7007857814003731,,-1.4037999853919112,,
REACTOME_REGULATION_OF_FZD_BY_UBIQUITINATION,-1.3812120003574058,-1.4237425359720048,-1.6780403426032433,-1.3910903588301604,-1.3298847705875858,-1.6374701574504094,-1.6389155525057515
REACTOME_REGULATION_OF_GENE_EXPRESSION_BY_HYPOXIA_INDUCIBLE_FACTOR,0.6706757103582579,-1.008910810833197,0.5473913181142328,0.9908473045328369,-0.8779630057115216,,
REACTOME_REGULATION_OF_GENE_EXPRESSION_IN_LATE_STAGE_BRANCHING_MORPHOGENESIS_PANCREATIC_BUD_PRECURSOR_CELLS,0.7788167976498097,-0.955322584618163,-0.7882941954919317,0.9555445725237476,-1.4624288748069925,,
REACTOME_REGULATION_OF_GLUCOKINASE_BY_GLUCOKINASE_REGULATORY_PROTEIN,-0.5766089452755196,0.4455451673240976,-0.7344827778642377,-0.8299805243665863,0.5760755556937264,1.1945193491718837,
REACTOME_REGULATION_OF_GLYCOLYSIS_BY_FRUCTOSE_2_6_BISPHOSPHATE_METABOLISM,0.790448672236733,,-0.6640022217258683,,,,
REACTOME_REGULATION_OF_HOMOTYPIC_CELL_CELL_ADHESION,-0.8764532735288119,-0.9142808138777403,1.024216316695585,-0.6979745648557816,1.0420759546936271,0.9547263302405558,0.6002083966760761
REACTOME_REGULATION_OF_HSF1_MEDIATED_HEAT_SHOCK_RESPONSE,-0.896133788104716,0.7335818347003821,-0.7418839264202249,0.6720185152833519,0.9940375584133178,0.8623648082933343,0.9159872851238242
REACTOME_REGULATION_OF_IFNA_IFNB_SIGNALING,1.7973738997331312,1.7549926940849512,1.8441021981436296,1.3242250714426411,1.6048816825958054,1.4436711510077396,1.380643010457403
REACTOME_REGULATION_OF_IFNG_SIGNALING,1.562088708416646,1.3165773654935409,1.6515252543404273,1.3214900500374063,1.2096811875570304,1.0223260397142842,1.3429571133130254
REACTOME_REGULATION_OF_INNATE_IMMUNE_RESPONSES_TO_CYTOSOLIC_DNA,1.2068632356042295,-0.9132430063183602,1.1830033472811141,-0.7812782504983548,0.8632361714661086,-0.832557271527899,-1.2473336230140328
REACTOME_REGULATION_OF_INSULIN_LIKE_GROWTH_FACTOR_IGF_TRANSPORT_AND_UPTAKE_BY_INSULIN_LIKE_GROWTH_FACTOR_BINDING_PROTEINS_IGFBPS,1.2718087036912478,1.2287184274708616,1.4365146002495492,1.1895008499941497,-1.0498448096584074,-1.0640104440475966,1.5165583330866834
REACTOME_REGULATION_OF_INSULIN_SECRETION,0.8054261711600197,1.084823485659124,-1.3334164897337997,-1.0048585055197778,0.9656579609509227,1.251912979400332,-0.9551412604644496
REACTOME_REGULATION_OF_KIT_SIGNALING,1.0273474026473475,0.8248996296544798,0.719361587384419,0.959226228012148,0.4656454866348842,0.751458562261197,-0.7355140967139069
REACTOME_REGULATION_OF_LIPID_METABOLISM_BY_PPARALPHA,0.6348314336524031,-0.6229389525823043,0.7539600698832065,0.8906225110805585,0.6566258884578196,-0.8272297302649333,0.8868809093922989
REACTOME_REGULATION_OF_LOCALIZATION_OF_FOXO_TRANSCRIPTION_FACTORS,1.3332537956581516,1.3112658729734485,-0.7163201138574229,-0.7739925812278259,0.897506515510884,,
REACTOME_REGULATION_OF_MECP2_EXPRESSION_AND_ACTIVITY,-1.149876179048036,-1.0832086133453989,-0.9419375012393121,-0.8740887947081687,-1.0858047112923468,0.5329845949644819,1.3671046782494833
REACTOME_REGULATION_OF_MITF_M_DEPENDENT_GENES_INVOLVED_IN_APOPTOSIS,-1.1575578998680383,-1.0322510527282127,-1.071200464410332,-1.4483369669905308,-1.6401250571300119,0.5830604365609997,
REACTOME_REGULATION_OF_MITF_M_DEPENDENT_GENES_INVOLVED_IN_CELL_CYCLE_AND_PROLIFERATION,-1.7413737408919676,-0.7100537018437687,-0.9524058831318609,-0.9271152028153578,-1.0194664504457818,-0.6451405363396506,
REACTOME_REGULATION_OF_MITF_M_DEPENDENT_GENES_INVOLVED_IN_LYSOSOME_BIOGENESIS_AND_AUTOPHAGY,1.5838488327066123,1.48526843341405,1.2154090683283356,0.9984765905218881,1.2139313837776338,0.8043114618799124,1.439192333479395
REACTOME_REGULATION_OF_MITF_M_DEPENDENT_GENES_INVOLVED_IN_PIGMENTATION,0.8974933658846161,1.3190443205417974,-1.0778469081197894,-0.8100367506957117,-0.6259079917817885,-0.7459951681131658,1.2050858901487551
REACTOME_REGULATION_OF_MRNA_STABILITY_BY_PROTEINS_THAT_BIND_AU_RICH_ELEMENTS,1.5280798037037229,1.6393556041767714,1.401612206326866,1.3427400744320173,1.3182663120333058,1.5604687456573298,1.4125454642876814
REACTOME_REGULATION_OF_NFE2L2_GENE_EXPRESSION,0.6707074021719043,-1.24249714337197,-1.32145712511393,,-1.521147234709048,,
REACTOME_REGULATION_OF_NF_KAPPA_B_SIGNALING,1.098096885118007,0.959589983636775,0.9629605554945219,-1.3402892490316238,-1.7199234767627094,-0.9931823589184078,
REACTOME_REGULATION_OF_NPAS4_GENE_EXPRESSION,-1.131328916148461,-1.4607058348629318,0.6651097486728683,-1.2380021998658952,-0.8585807584338659,-0.8128315914258267,
REACTOME_REGULATION_OF_NPAS4_MRNA_TRANSLATION,-1.2054438336397182,-1.4213340326169117,0.7484116150166642,,,,
REACTOME_REGULATION_OF_ORNITHINE_DECARBOXYLASE_ODC,1.9468805972292933,2.0114833498075626,1.9204515481448654,1.5895346712824596,1.5350795971389795,1.9645662775063377,1.9749508558250708
REACTOME_REGULATION_OF_PLK1_ACTIVITY_AT_G2_M_TRANSITION,0.7886485861562577,0.8987158509925471,0.8362780161425768,-0.8842884746937391,-0.7862196982755607,1.1396809737943159,0.7365126707950128
REACTOME_REGULATION_OF_PTEN_GENE_TRANSCRIPTION,-0.6667732646076137,0.9906103966373799,-0.9864145113471888,0.6116967650696362,0.7776099966818264,0.765668325626231,0.5983330424006729
REACTOME_REGULATION_OF_PTEN_LOCALIZATION,-1.1268317253833051,-1.1095892283588031,-1.0373630753025942,-0.7525776603773662,-1.0916652240604048,-1.044257161685571,-1.5679080488832948
REACTOME_REGULATION_OF_PTEN_MRNA_TRANSLATION,-1.0661422064883235,-1.3434613357321146,0.6910964823337082,,0.6255913777147005,0.6049709020133633,
REACTOME_REGULATION_OF_PTEN_STABILITY_AND_ACTIVITY,1.5742409981464414,1.4907112444115143,1.6498360600944417,1.3099473622607694,1.4101916287829517,1.506692846282733,1.4672161410956681
REACTOME_REGULATION_OF_PYRUVATE_DEHYDROGENASE_PDH_COMPLEX,-1.1804411152998504,-1.0944372697369218,1.0475812652187924,-0.5031530336338492,,,
REACTOME_REGULATION_OF_PYRUVATE_METABOLISM,-1.0955227230961615,-1.0779995000588447,0.8476302340197256,-0.990512379285366,-0.821708608641263,-1.206385523529574,-0.965066782262838
REACTOME_REGULATION_OF_RAS_BY_GAPS,1.5233583304080602,1.6743113249332788,1.6715851165536573,1.5783458198862206,1.2661904635213728,1.6741935173660214,1.591016729727947
REACTOME_REGULATION_OF_RUNX1_EXPRESSION_AND_ACTIVITY,1.016821966344081,1.0680056400111049,1.0824406518625667,0.8906149203080947,1.1171498001813787,1.4717984162635493,
REACTOME_REGULATION_OF_RUNX2_EXPRESSION_AND_ACTIVITY,1.9435967441166726,1.9741471868471332,1.7670184312019983,1.645848847713802,1.5139472987327467,1.6179028482747893,1.6662305560274604
REACTOME_REGULATION_OF_RUNX3_EXPRESSION_AND_ACTIVITY,1.8568761199203476,1.8236486943128019,1.530943900924779,1.4541211343699303,1.3407221697268392,1.5595773137787186,1.548071629150715
REACTOME_REGULATION_OF_SIGNALING_BY_CBL,-1.2968159992835715,-1.1296593804398494,-1.2529651572259004,-1.3626958318087607,-1.0233990349288173,-1.3122988666361206,-1.493930024122617
REACTOME_REGULATION_OF_TBK1_IKK_IKBKE_MEDIATED_ACTIVATION_OF_IRF3_IRF7,1.1115066794816078,-1.0927851068197902,-1.0749396092720482,0.8302870048933153,-1.6193139344598506,-1.1203860914844461,-1.490699769660068
REACTOME_REGULATION_OF_TBK1_IKK_MEDIATED_ACTIVATION_OF_IRF3_IRF7_UPON_TLR3_LIGATION,1.008826635724527,-1.04133081753914,-1.4171611014249264,-1.510282506416604,-1.564912329612549,-1.1203860914844461,-1.6600272016166469
REACTOME_REGULATION_OF_TLR_BY_ENDOGENOUS_LIGAND,1.2788201629619134,1.087242955009042,1.5616029978297572,1.6693713473250313,0.6055040580630527,,1.306478992509651
REACTOME_REGULATION_OF_TP53_ACTIVITY,-0.6297655472625778,0.6821131907147808,-0.8204299096198253,-0.7259491377285603,-1.4093460417838501,-0.7535771860929972,-0.9167824817357744
REACTOME_REGULATION_OF_TP53_ACTIVITY_THROUGH_ACETYLATION,0.6922949057674982,0.735909406636234,0.7432619187271785,0.6632180808859198,-0.8459624806360738,-0.6931770017495931,1.0017006589630044
REACTOME_REGULATION_OF_TP53_ACTIVITY_THROUGH_ASSOCIATION_WITH_CO_FACTORS,0.48927707492580425,-0.807483915037037,-1.467458044976836,,,,
REACTOME_REGULATION_OF_TP53_ACTIVITY_THROUGH_METHYLATION,-1.3800824327232675,-1.2893748304683494,-1.3799163595079393,-1.0171600317542706,-1.4934466564707143,-1.5419367783448374,-1.7141882180837402
REACTOME_REGULATION_OF_TP53_ACTIVITY_THROUGH_PHOSPHORYLATION,-0.9430191843936337,-0.7051454345690542,-0.7449134127130093,-1.0447201164026112,-1.2767121033750009,-0.9506225646896629,-1.1656022815113636
REACTOME_REGULATION_OF_TP53_EXPRESSION_AND_DEGRADATION,-1.1488033823649724,-0.9907007509947447,-1.2627163400327652,-1.2031296715666702,-1.5478652059414286,-1.0565988995196542,-1.6475047391634186
REACTOME_REGULATION_OF_T_CELL_ACTIVATION_BY_CD28_FAMILY,0.9748629941549402,1.322911049968999,-0.6581251756066707,1.1918917499872754,0.8198434556915446,1.2062241910019558,0.764178917565721
REACTOME_REPLACEMENT_OF_PROTAMINES_BY_NUCLEOSOMES_IN_THE_MALE_PRONUCLEUS,0.7329739169557355,-0.7731386110210394,-0.6547401913857114,,,0.9693947131128922,
REACTOME_REPRESSION_OF_WNT_TARGET_GENES,-1.7609037408328594,-1.4229533336085833,0.4753789144610571,-1.4538857686598419,-1.1276314355507084,-1.1941655504380921,-1.4629662259609109
REACTOME_RESOLUTION_OF_ABASIC_SITES_AP_SITES,0.60190419033871,0.8609160770005753,-0.5907064227309314,-0.6073373325119337,1.1984131244715028,1.1511570985825306,0.5859662687636468
REACTOME_RESOLUTION_OF_AP_SITES_VIA_THE_MULTIPLE_NUCLEOTIDE_PATCH_REPLACEMENT_PATHWAY,-0.7225502784681596,0.726417896265982,0.8094328026599132,-0.7687133021886597,1.4381751948691637,1.2445923150444662,0.5355256655589062
REACTOME_RESOLUTION_OF_D_LOOP_STRUCTURES,0.8308598867038925,1.4167304868287174,0.9412991224222704,1.2183658476758403,-0.6645363527844694,1.1396771864841966,
REACTOME_RESOLUTION_OF_D_LOOP_STRUCTURES_THROUGH_SYNTHESIS_DEPENDENT_STRAND_ANNEALING_SDSA,0.879657870384563,1.547377627905104,1.0143584367724139,1.2183658476758403,-0.6645363527844694,1.1396771864841966,
REACTOME_RESOLUTION_OF_SISTER_CHROMATID_COHESION,0.9859156104370557,0.6113971952673308,0.8071466813214658,-0.7412046824102201,-0.7258208789977777,0.733750849734668,1.0930187909688251
REACTOME_RESPIRATORY_ELECTRON_TRANSPORT,1.4642869890765333,1.2293839508124274,-1.0533685704553184,-1.2197615813406224,1.2129019650391424,1.0534195825944543,-0.8150124821928122
REACTOME_RESPIRATORY_SYNCYTIAL_VIRUS_INFECTION_PATHWAY,2.0089472591471096,1.7856040559677668,1.9300872414524834,1.849420127841221,1.6381907023590019,1.5312231202905842,1.7706929175586503
REACTOME_RESPIRATORY_SYNCYTIAL_VIRUS_RSV_ATTACHMENT_AND_ENTRY,0.7030397582718608,1.1584142228544232,0.834325500230376,1.3707919977772034,1.1916909225167065,0.6896413141562661,0.7758720105010756
REACTOME_RESPIRATORY_SYNCYTIAL_VIRUS_RSV_GENOME_REPLICATION_TRANSCRIPTION_AND_TRANSLATION,1.6479831838227708,1.5439301134488033,0.7082332957969855,0.9153596646211797,0.8933987286443107,1.3876635481161468,1.281169552985334
REACTOME_RESPONSE_OF_EIF2AK1_HRI_TO_HEME_DEFICIENCY,0.8519119953435013,-0.9948171879855224,-0.9825882444978171,-1.2372414633521769,0.62706132546257,-0.9862746339722116,0.7826264966723601
REACTOME_RESPONSE_OF_EIF2AK4_GCN2_TO_AMINO_ACID_DEFICIENCY,-3.6570160884147103,-3.7212638261375663,-3.519078567713853,-3.3872378935996985,-3.621595475680299,-3.5489884494296935,-3.5241783041867643
REACTOME_RESPONSE_OF_MTB_TO_PHAGOCYTOSIS,1.0102779825581265,1.21914496868721,0.8564232624194528,-1.0392097271319443,0.9633784642300227,-1.0671220368557492,0.8970118872671026
REACTOME_RESPONSE_TO_ELEVATED_PLATELET_CYTOSOLIC_CA2,1.8653544876973656,1.6307305543991444,1.6801899089430665,1.1783880367504662,0.9720370286382609,1.1394383407191402,1.140819781562011
REACTOME_RESPONSE_TO_METAL_IONS,1.6949883518794935,1.7883539760284268,1.898214141619408,,,,
REACTOME_RETROGRADE_NEUROTROPHIN_SIGNALLING,1.553714153331312,1.6848940710903022,0.6140019071821474,0.8138057915265918,1.3265399770393207,1.175808886424493,0.6014132757941856
REACTOME_RETROGRADE_TRANSPORT_AT_THE_TRANS_GOLGI_NETWORK,0.6512690254920025,0.8993558497968889,1.34805061334853,-0.6674518099802207,0.9341648522795303,0.4858216253843597,0.7899761281207054
REACTOME_RET_SIGNALING,-0.8762403513273077,-0.99575004828669,-0.9420129395411712,0.5810762932970074,-0.7108308848335396,0.823494046640859,
REACTOME_RHOA_GTPASE_CYCLE,1.4405196357519725,1.4937803883222167,0.6265939815551057,0.7997234688184321,-0.8027782530635995,0.5812451535456054,0.42351994919718183
REACTOME_RHOBTB1_GTPASE_CYCLE,0.7938405511855343,0.783995747610314,0.7396975436550539,-0.9291040707200391,0.8387777266203692,1.3282765794011753,0.7203428383732989
REACTOME_RHOBTB2_GTPASE_CYCLE,-0.8262987151910807,-1.07574749062669,-1.0082440374042394,-1.1720726642450876,0.7462359656377827,1.3674004483002462,0.7473611938940189
REACTOME_RHOBTB_GTPASE_CYCLE,0.9304929460475129,0.8198277217153838,-1.0408690957654336,-0.9877065768777364,0.7383973102946001,1.3145906888482732,0.7127766545837362
REACTOME_RHOB_GTPASE_CYCLE,1.2069134754182977,1.4400062569301808,0.7060034125292879,0.78263594412991,0.7907829368933809,0.4249449325998859,-0.614095857207158
REACTOME_RHOC_GTPASE_CYCLE,1.5742897105487847,1.1954879990696468,0.7079572865174362,-0.9787969511627915,-1.0385210132803828,-0.6766522971557758,-0.4735084457064533
REACTOME_RHOD_GTPASE_CYCLE,0.9516280666122804,0.8056298427719767,1.217409360043728,0.8211519391365981,0.8977407361289415,-0.8656549639949073,-0.471876972394888
REACTOME_RHOF_GTPASE_CYCLE,0.7285254413614579,1.2851219150681517,0.6840822383741908,-1.1184311986519426,-0.6423980850145521,-0.6171841830876257,0.6585669532065346
REACTOME_RHOG_GTPASE_CYCLE,1.3271963506628757,1.007418866141458,-0.6823238347371383,-0.9731378552693294,0.7060838485923318,-1.2338242268757658,0.41842059552567057
REACTOME_RHOH_GTPASE_CYCLE,1.6104551368653839,1.4533143860356843,1.4130302638645915,-0.8107212781188191,0.711372290326103,-1.0387793163946653,1.2143294132951876
REACTOME_RHOJ_GTPASE_CYCLE,1.1418817941326687,0.9682047393968388,1.429873717358983,0.4285290248264863,-0.8147246278395031,-1.026806466470897,1.020525380967779
REACTOME_RHOQ_GTPASE_CYCLE,1.2726884674666052,0.7707595624787246,1.118349584956756,-0.6613553996361343,-0.957762432506274,-0.7788875216604076,0.8824465937683835
REACTOME_RHOU_GTPASE_CYCLE,1.0175031697205248,0.5462711412886369,0.6895402571274017,0.5590528105129452,0.4644368643583161,0.9214002386447634,0.8128864161962034
REACTOME_RHOV_GTPASE_CYCLE,1.1500304044147007,0.6928432091286971,0.6971976536033726,0.6568600665805748,-0.7673442205209771,0.8141173958820301,0.9756001660241945
REACTOME_RHO_GTPASES_ACTIVATE_CIT,1.7362566421927483,1.8567965445002046,1.2415838985179075,0.9221779332318184,1.7017679025930565,1.0676897332364443,1.0459243183147637
REACTOME_RHO_GTPASES_ACTIVATE_FORMINS,1.4154313469773419,1.045563789789877,0.773141234249205,-0.9457457640826443,0.6424292626888154,0.790053832912876,1.157586935235912
REACTOME_RHO_GTPASES_ACTIVATE_IQGAPS,1.403676170189182,1.1073207990941936,-1.0701850237177448,-0.8892361584406218,-0.6379362680919624,-0.8149536293439025,0.9006358566288527
REACTOME_RHO_GTPASES_ACTIVATE_KTN1,1.0308845740128145,1.2491188939706905,1.535318555240255,1.2332890112992483,-0.9652120233196361,-1.1162200205006996,1.2989501107884556
REACTOME_RHO_GTPASES_ACTIVATE_NADPH_OXIDASES,0.9968651438513014,0.951453025152992,1.5057347127502683,1.8470692609452055,0.9067480374390631,-1.1839105306424034,1.7969156548641612
REACTOME_RHO_GTPASES_ACTIVATE_PAKS,1.6030592027472603,1.7833379446418136,1.3039356405280695,-0.9933217180791197,-0.6551470115254431,0.9377088159633163,1.4417006787161604
REACTOME_RHO_GTPASES_ACTIVATE_ROCKS,1.7836877848984791,2.039940353654231,1.453756599650406,-0.9945082651907822,1.5131019312839782,0.7743373781967844,1.2306896952582325
REACTOME_RHO_GTPASES_ACTIVATE_WASPS_AND_WAVES,1.482830045404013,1.9691430462864237,1.2212245418512055,-1.0395990760111964,1.3225844583688005,1.3417638167356587,1.1916491314231503
REACTOME_RIBAVIRIN_ADME,1.3154607988825668,1.3390913816080272,0.49414184283048085,0.6313826866717468,1.0644344767504528,,
REACTOME_RIPK1_MEDIATED_REGULATED_NECROSIS,1.319845232010953,1.067922035026226,0.9356736731889402,0.7280829032572956,-0.9980544988892306,-1.104688512891152,-0.8307786658511112
REACTOME_RIP_MEDIATED_NFKB_ACTIVATION_VIA_ZBP1,1.7353220202114699,1.3687610195600899,1.2362853629908248,1.2584624775241242,1.3867802704195153,1.0480221056236454,
REACTOME_RMTS_METHYLATE_HISTONE_ARGININES,0.629120349912569,-0.6892772393168416,-1.2093390367171057,-0.8192006473603268,-0.6938486519618842,-1.2973081520108931,-0.7256888793633403
REACTOME_RNA_POLYMERASE_III_CHAIN_ELONGATION,0.9413788600866194,1.1666674582899301,-1.066175349119779,0.4718188515540343,1.1082166383793879,-0.5611153105512615,0.6215329418983695
REACTOME_RNA_POLYMERASE_III_TRANSCRIPTION,0.9506282041131177,-0.8690506639617268,0.7769190960664484,0.8161594941166116,0.838243102964351,-0.8387254297362114,0.8832952094787364
REACTOME_RNA_POLYMERASE_III_TRANSCRIPTION_INITIATION_FROM_TYPE_1_PROMOTER,0.9770699921924456,0.7711579306277299,-1.1401234500094979,-0.6854988603973671,0.6993883890229043,-0.95869180839719,0.5056329027468702
REACTOME_RNA_POLYMERASE_III_TRANSCRIPTION_INITIATION_FROM_TYPE_3_PROMOTER,0.9311485572779121,0.8923451509196455,-0.7552619512011945,0.42000274379952607,1.2035630130577313,-0.61262706011486,0.4719666957503152
REACTOME_RNA_POLYMERASE_III_TRANSCRIPTION_TERMINATION,0.8631521732865892,0.8169070498124328,0.7535339622320204,0.9898260562641363,0.812131068756434,-0.5759348433184571,1.0543022893785503
REACTOME_RNA_POLYMERASE_II_PRE_TRANSCRIPTION_EVENTS,0.8057794128250138,0.6675311580516338,-0.6235201775461655,-0.5795376761847052,-0.49830367784795837,0.7471800360471176,0.8249530734495477
REACTOME_RNA_POLYMERASE_II_TRANSCRIBES_SNRNA_GENES,0.6577857004069823,0.5031041622080218,-0.7859723071609453,-0.8200643513380873,0.46274481523198313,-0.7906511549650349,-0.8462835394240337
REACTOME_RNA_POLYMERASE_II_TRANSCRIPTION_TERMINATION,-0.7887459352222596,0.7502831922498959,-0.753956462739053,-1.1597566160507955,-0.8272552028006287,1.0842423735846394,0.7420649302344359
REACTOME_RNA_POLYMERASE_I_TRANSCRIPTION_INITIATION,-0.6313526669505161,0.7640865622797495,-0.9395842158212896,0.704835474094489,1.0729047921891388,0.9590444362383882,1.0288604925914087
REACTOME_RNA_POLYMERASE_I_TRANSCRIPTION_TERMINATION,-0.6755668152114359,-0.8226005064504908,-0.6185279178275637,1.0431551189954218,1.2973666016062886,0.7696589385181637,0.728504213841447
REACTOME_RND1_GTPASE_CYCLE,1.1135951384386353,0.7810958416543065,1.3501321876467367,1.5970897471329675,1.0570470227791513,1.252298498795868,1.4068043853153385
REACTOME_RND2_GTPASE_CYCLE,-0.5267178296973213,-1.3632378426057252,-1.0495545200169096,-0.9497985890288562,-0.9871857196507157,0.8126303906280247,0.8510447399962199
REACTOME_RND3_GTPASE_CYCLE,0.5776616054064034,-0.7227659039732514,-0.7326964164315353,-0.6178921373973897,-0.8153954621260745,0.8148964893671219,-0.4484725707728038
REACTOME_ROLE_OF_ABL_IN_ROBO_SLIT_SIGNALING,,,0.9522989878414928,,,,
REACTOME_ROLE_OF_LAT2_NTAL_LAB_ON_CALCIUM_MOBILIZATION,0.7017977334047699,-0.4772216016307783,0.8567511433622401,0.8592012819870701,-0.7984526949882822,0.8333032854066671,-0.66458205134886
REACTOME_ROLE_OF_PHOSPHOLIPIDS_IN_PHAGOCYTOSIS,-0.7355066457990559,0.760042661641585,1.1332810213809048,1.1204829727850825,1.2973282419805725,-1.7304755505840788,0.9509114644462932
REACTOME_RORA_B_C_AND_NR1D1_REV_ERBA_REGULATE_GENE_EXPRESSION,1.0610577310986133,-0.8212156125778074,-1.39587382590625,0.8060337779195607,-0.6896588654464153,0.691417410632732,
REACTOME_ROS_AND_RNS_PRODUCTION_IN_PHAGOCYTES,1.5031283111312967,1.4461089006204642,1.7097696948008876,1.659224008617839,1.4601334008630587,0.7127856428913076,1.7968961517779602
REACTOME_RRNA_MODIFICATION_IN_THE_NUCLEUS_AND_CYTOSOL,-1.459971569994227,-1.8613049147441856,-1.4797079411764031,-1.8904687691302964,-1.7567018665764738,-1.5662399645534555,-1.9805895067903687
REACTOME_RRNA_PROCESSING,-3.267811269106683,-3.3371036107620653,-3.161168341156499,-3.220512629473247,-3.3910707900979857,-3.3669827040920173,-3.60548009165096
REACTOME_RRNA_PROCESSING_IN_THE_MITOCHONDRION,-1.2299594806846679,-1.3610262212396944,-0.7708475754948455,,,,
REACTOME_RSK_ACTIVATION,0.9789392017658597,1.2317592000511262,-0.9095591834756817,,,,
REACTOME_RSV_HOST_INTERACTIONS,2.0001875979319133,1.7631983130204296,2.064891410398278,1.9659022466613465,1.6733813032203237,1.6983065430111446,1.8115286904532688
REACTOME_RUNX1_AND_FOXP3_CONTROL_THE_DEVELOPMENT_OF_REGULATORY_T_LYMPHOCYTES_TREGS,1.3707906802456933,,,,,1.111242218400026,
REACTOME_RUNX1_INTERACTS_WITH_CO_FACTORS_WHOSE_PRECISE_EFFECT_ON_RUNX1_TARGETS_IS_NOT_KNOWN,0.637502003731098,0.8450901907581978,-0.9767354353500644,0.4765416810399155,-0.8526903257830225,0.681614367945138,1.0488157251350705
REACTOME_RUNX2_REGULATES_BONE_DEVELOPMENT,1.0314094628663177,-0.7704649114136227,-1.0517736578596497,0.7802190586275727,0.4707547275531848,-1.1024152259871811,
REACTOME_RUNX2_REGULATES_OSTEOBLAST_DIFFERENTIATION,1.2093886120119812,0.8997194228496092,-1.1849308242408294,0.7802190586275727,0.4876824585975976,-1.0752059378071712,
REACTOME_RUNX3_REGULATES_NOTCH_SIGNALING,1.0482355243745338,-0.8673305043160533,-0.7320541956308463,0.8355598686892359,-1.511611741780822,,
REACTOME_RUNX3_REGULATES_P14_ARF,1.076284168729201,1.1169506620560146,-0.7821075597731146,0.5224030756485557,0.5585430378471288,1.2375658777705152,
REACTOME_SARS_COV_1_ACTIVATES_MODULATES_INNATE_IMMUNE_RESPONSES,1.7638883796115077,1.5152742482777495,1.5901710707635146,1.3706542247875153,1.2444966008866805,1.3067563904165473,1.2783865361692892
REACTOME_SARS_COV_1_HOST_INTERACTIONS,-2.411134299920249,-2.4007872691389607,-2.0228601300733167,-2.053956567425157,-2.6864953534601694,-2.198964737908808,-2.725636297600894
REACTOME_SARS_COV_1_INFECTION,-2.1261908042587545,-2.149814573329887,-1.7276270880642228,-1.7867445853541988,-2.4788795113451574,-1.8661675181894108,-2.539740025804672
REACTOME_SARS_COV_1_MODULATES_HOST_TRANSLATION_MACHINERY,-3.2263285203554277,-3.223609307679712,-2.9465518541487103,-2.782932194414206,-3.1400051358977747,-3.0628888436130906,-3.0858872389849235
REACTOME_SARS_COV_1_TARGETS_HOST_INTRACELLULAR_SIGNALLING_AND_REGULATORY_PATHWAYS,1.5944406683128323,1.1562773468415235,1.4842189068408764,1.0655143349451464,-1.0545029494344187,1.784980881070689,0.8257925229856278
REACTOME_SARS_COV_2_ACTIVATES_MODULATES_INNATE_AND_ADAPTIVE_IMMUNE_RESPONSES,1.7007525791641265,1.433710861080239,1.8864824438315948,1.7474942546795469,1.6920149559830042,1.5907460107140943,2.1417741684857465
REACTOME_SARS_COV_2_HOST_INTERACTIONS,-1.7787445133940913,-1.8904136380729606,-1.456347997370608,-1.6628323513055334,-2.0966415491434156,-1.8197616179949356,-2.2830499480064748
REACTOME_SARS_COV_2_MODULATES_AUTOPHAGY,1.3479440767873214,1.3242844890683212,0.6471506032543349,,,,
REACTOME_SARS_COV_2_MODULATES_HOST_TRANSLATION_MACHINERY,-3.0405989388842025,-3.06686098373128,-2.7796628705362125,-2.7372121705634758,-3.161428566695566,-2.884131588120634,-3.0699897103054044
REACTOME_SARS_COV_2_TARGETS_HOST_INTRACELLULAR_SIGNALLING_AND_REGULATORY_PATHWAYS,1.534324398909874,1.1913599843578917,1.0793437208106238,0.6526648299840816,-0.9826396185899927,1.6741330181978804,-0.9069741997429002
REACTOME_SCAVENGING_BY_CLASS_A_RECEPTORS,,,1.0637751456490925,1.4990939858187913,,,
REACTOME_SCAVENGING_OF_HEME_FROM_PLASMA,,,1.256095997753905,,,,
REACTOME_SCF_BETA_TRCP_MEDIATED_DEGRADATION_OF_EMI1,1.6118245321355011,1.6485069870460174,1.7777639986701843,1.4120004648881161,1.3988590124029274,1.568780084677614,1.559791735564472
REACTOME_SCF_SKP2_MEDIATED_DEGRADATION_OF_P27_P21,1.680270175393554,1.599756314231261,1.684683159481472,1.4245122848807743,1.6199297404873485,1.5711791092494185,1.5283797405374717
REACTOME_SEALING_OF_THE_NUCLEAR_ENVELOPE_NE_BY_ESCRT_III,1.0766773543881178,-0.8712724378817409,-0.8988720508140138,-0.7469896521036336,0.62071782665385,0.5952687897172929,0.5345008555385571
REACTOME_SELECTIVE_AUTOPHAGY,1.1497117876672098,0.936267046494537,-1.1360737909079932,-1.3059085496923073,-0.9050819802253531,0.9673372447798666,-0.8781646391741397
REACTOME_SELENOAMINO_ACID_METABOLISM,-3.6266391072989266,-3.641021316857036,-3.5344365555871695,-3.313184541670065,-3.6765675786437098,-3.604887384343163,-3.618386210877731
REACTOME_SEMA3A_PAK_DEPENDENT_AXON_REPULSION,1.4133587733894508,1.3137317230302459,1.2042369913101914,0.8611254665326712,-0.5851941697819303,1.1863417473706075,1.3564184480101147
REACTOME_SEMA3A_PLEXIN_REPULSION_SIGNALING_BY_INHIBITING_INTEGRIN_ADHESION,,,1.250162321687705,1.313733509581772,,,
REACTOME_SEMA4D_INDUCED_CELL_MIGRATION_AND_GROWTH_CONE_COLLAPSE,1.6249827991786543,1.8067562083839361,1.5272590370356423,0.7952836004637772,1.5566777710867354,1.1026620730885928,1.0788177685313116
REACTOME_SEMA4D_IN_SEMAPHORIN_SIGNALING,1.6677118393872803,1.7608198855956414,1.415389840750112,1.0109485800338176,1.5237053330205292,1.0234688634232214,1.0980232522498548
REACTOME_SEMA4D_MEDIATED_INHIBITION_OF_CELL_ATTACHMENT_AND_MIGRATION,,,1.2216924368761803,,,,
REACTOME_SEMAPHORIN_INTERACTIONS,1.930345245741339,1.7085632751388613,1.3243835377287818,1.0983952334944793,1.2964993008100412,0.9833705845431747,1.28087465723307
REACTOME_SENSORY_PROCESSING_OF_SOUND,1.5491274364287506,1.7236275877055147,1.1700781141165284,-1.4241199045272936,-1.314616538606542,0.9298052013587516,1.2124188539681229
REACTOME_SENSORY_PROCESSING_OF_SOUND_BY_OUTER_HAIR_CELLS_OF_THE_COCHLEA,1.7641727329629886,1.7974277822724838,1.4005767299934353,-0.9740957047465425,-1.2514279823987542,1.069226051500966,1.1213637673756651
REACTOME_SEPARATION_OF_SISTER_CHROMATIDS,1.4234495982176543,1.2831988451241978,1.3363298374453496,1.0213223147466708,1.015381494110702,1.1880790588635783,1.4899891813022137
REACTOME_SERINE_METABOLISM,,,1.2469826813837643,,,,
REACTOME_SHC1_EVENTS_IN_EGFR_SIGNALING,0.9810605583052968,1.4052891416074773,1.505898391937969,,,,0.7803336434645299
REACTOME_SHC1_EVENTS_IN_ERBB2_SIGNALING,0.7214394054337651,1.088351008230375,1.2420597604132135,1.5135410228166395,-0.8681998963202282,,-0.8297817082813541
REACTOME_SHC1_EVENTS_IN_ERBB4_SIGNALING,0.9810605583052968,1.4052891416074773,1.146466790812602,,,,
REACTOME_SHC_MEDIATED_CASCADE_FGFR1,0.9810605583052968,1.4052891416074773,1.185046181018821,,,,
REACTOME_SHC_MEDIATED_CASCADE_FGFR3,0.9810605583052968,1.4052891416074773,1.185046181018821,,,,
REACTOME_SHC_MEDIATED_CASCADE_FGFR4,0.9810605583052968,1.4052891416074773,1.185046181018821,,,,
REACTOME_SHC_RELATED_EVENTS_TRIGGERED_BY_IGF1R,0.7281869147818005,1.4052891416074773,1.185046181018821,,,,
REACTOME_SIALIC_ACID_METABOLISM,1.0621241343833092,0.5667237652238002,1.3695036839292514,1.0084388113956881,1.1593715332255636,0.665158206646302,
REACTOME_SIGNALING_BY_ACTIVIN,1.0189021880236704,1.3178008240028154,0.8765777558697972,,,,
REACTOME_SIGNALING_BY_ALK,0.8960789585441655,-0.7189020094225658,-0.8917624573714222,1.0731682219045175,-0.6644822761709225,1.3591160992556819,1.4353741206842716
REACTOME_SIGNALING_BY_ALK_IN_CANCER,-0.8853827144021792,0.9702837951881511,1.0454789927472072,0.9455830139376419,-1.0421994333348608,1.0939559832652688,-1.0574248664581143
REACTOME_SIGNALING_BY_BMP,-1.268712949215088,-0.6379158254092028,0.91596255640484,,,,
REACTOME_SIGNALING_BY_BRAF_AND_RAF1_FUSIONS,1.1276404874054198,1.5493662479298762,1.0257814162495238,0.8190330506531415,-0.8156657626102748,1.0629660604523972,0.8570609366966593
REACTOME_SIGNALING_BY_CSF1_M_CSF_IN_MYELOID_CELLS,0.8148692086362643,0.8183808463909196,-0.8729036646500171,0.7622115383198569,0.6826714653311594,0.9265161950650994,-0.9386372611192151
REACTOME_SIGNALING_BY_CSF3_G_CSF,1.163012846362682,1.0626539007283793,1.13726630681737,1.1599243520221911,1.0197746235730085,0.9135043851302823,-1.0433618163302623
REACTOME_SIGNALING_BY_CTNNB1_PHOSPHO_SITE_MUTANTS,1.2356055054494648,0.9956501107549021,0.6016125474587977,-0.699069384542307,-0.6654605448533938,-0.86538788934712,1.261046187694416
REACTOME_SIGNALING_BY_CYTOSOLIC_FGFR1_FUSION_MUTANTS,0.9910704474569336,1.2428866484511119,1.2036624205033426,1.377679144265445,1.340903696542889,1.28580295553453,0.8964744882982179
REACTOME_SIGNALING_BY_EGFR,-0.7825391513299589,0.84363376960014,0.8828171549925455,-0.6692703141063356,-0.9424274869859263,1.1429744400623574,-1.0770330324804507
REACTOME_SIGNALING_BY_EGFR_IN_CANCER,-0.8444647850510492,-0.8143165140919939,0.7554355748370085,-0.9228858557564187,-1.0967123743868834,-0.9854550268843631,-1.044611260448395
REACTOME_SIGNALING_BY_ERBB2,0.9455609929080776,0.8502251613077123,0.7164805433476822,0.8487363964528996,-1.0819270161152663,-1.3528536377928024,-1.1043130223398228
REACTOME_SIGNALING_BY_ERBB2_ECD_MUTANTS,1.1809831055347557,1.2497565094460517,1.0938446958975039,1.0086732173630495,0.49430561284211205,1.0337968160829987,0.7964079660628292
REACTOME_SIGNALING_BY_ERBB2_IN_CANCER,1.14136011093297,1.3544323659395048,1.1656783059758273,1.1992246499357482,-0.4451252567785686,1.1569609240200265,0.7620279708034915
REACTOME_SIGNALING_BY_ERBB4,-0.8437016610511161,-0.7346243318591504,-1.1461737686077065,-1.09989356367256,-1.1754543120164678,-1.3815996961007782,-1.4496559071635284
REACTOME_SIGNALING_BY_ERYTHROPOIETIN,0.8255964027985815,1.1243370287621592,0.9547100917779663,1.0761470756722846,-0.9222523164005437,1.1795566087502185,-0.6490552965487995
REACTOME_SIGNALING_BY_FGFR,-0.7822125658847761,-0.9047926973501911,-1.0412345853694498,-1.412714874440318,-0.941904102072501,-1.3276955278434042,-1.530481477711617
REACTOME_SIGNALING_BY_FGFR1,-0.835457794199307,0.844598819214154,-0.9290471284112739,-1.1115165607679565,-1.056164443467121,-1.24861644167188,-1.4621666273806622
REACTOME_SIGNALING_BY_FGFR1_IN_DISEASE,1.036375163833697,1.3212716870540302,1.4136390082109513,1.4968839009947172,1.243463308206002,1.4618047597556916,0.9226830495806093
REACTOME_SIGNALING_BY_FGFR2,-0.8248496564943918,-0.9989245768499178,-1.0670282115153444,-1.412714874440318,-0.941904102072501,-1.3408372663667216,-1.530481477711617
REACTOME_SIGNALING_BY_FGFR2_IIIA_TM,0.6836729484752748,0.9031664399308428,-0.8556915023217296,-1.265812948580179,0.626698261566492,-0.769678039653225,-0.7970983577117321
REACTOME_SIGNALING_BY_FGFR2_IN_DISEASE,0.7631902585021793,0.9241932974852389,0.6217990806398311,-0.981402032245158,0.5428269892112552,-0.8449919969995013,-0.9165347766160988
REACTOME_SIGNALING_BY_FGFR3,-0.8656523784974026,-0.8541360124842022,-0.8854152452623797,-1.1115165607679565,-1.056164443467121,-1.2803008294254836,-1.4621666273806622
REACTOME_SIGNALING_BY_FGFR4,-0.8656523784974026,-0.8541360124842022,-0.9290471284112739,-1.1115165607679565,-1.056164443467121,-1.2803008294254836,-1.4621666273806622
REACTOME_SIGNALING_BY_FGFR4_IN_DISEASE,0.7148120809426455,0.7731148564460131,1.0611495715932022,,-0.7917459491935265,,
REACTOME_SIGNALING_BY_FGFR_IN_DISEASE,1.0536634685539983,1.18651407025777,1.0389971829715088,1.1524333081810074,1.114120591405202,1.1169102373066246,0.8528149655423568
REACTOME_SIGNALING_BY_FLT3_FUSION_PROTEINS,1.0570737035351911,0.783642654880398,0.7585012245751113,1.2757225820295381,-0.6337446958828318,0.6601646334946794,-1.6376873984900517
REACTOME_SIGNALING_BY_FLT3_ITD_AND_TKD_MUTANTS,1.2570031950018041,1.053129580719617,-0.761421006002809,1.3925811742434642,0.49795739349511037,1.065199821202406,-1.0540896090096974
REACTOME_SIGNALING_BY_HEDGEHOG,1.3180141453763876,1.5196273465908756,1.340455803876787,1.0675890589599992,1.2128331256969307,1.3828821130088782,1.3761457379911453
REACTOME_SIGNALING_BY_HIPPO,1.1277638467992428,-0.795700570530618,1.227864825024472,,-1.4140638663277243,,
REACTOME_SIGNALING_BY_INSULIN_RECEPTOR,1.126157264959111,1.2516503005526487,0.9959017171405461,1.2311451838660987,0.7914564408967864,0.8013238378357219,1.4494851269482427
REACTOME_SIGNALING_BY_KIT_IN_DISEASE,1.3169746743569604,1.354933636654947,1.6314062096033826,1.6534926473627756,1.155889912140138,1.1583515240499225,1.201991331146459
REACTOME_SIGNALING_BY_LEPTIN,0.608125668868962,-0.862302940426804,0.8923758997647953,,-0.8566910002985623,,
REACTOME_SIGNALING_BY_LTK,1.0589438480864781,-0.5815342267682216,-0.6909095401010509,,-0.6506187553849969,,
REACTOME_SIGNALING_BY_LTK_IN_CANCER,0.6564154608393044,-0.7518792527099735,-1.0403936167242942,,,,
REACTOME_SIGNALING_BY_MET,0.7783576877380733,1.1355514454266968,-0.7831642705776237,-0.7751516326001024,-1.1072880215856453,-0.954108311704265,-1.3571705421969256
REACTOME_SIGNALING_BY_MODERATE_KINASE_ACTIVITY_BRAF_MUTANTS,1.3492780973053873,1.8414021200911468,1.0448267438075063,-0.9127999084395167,0.47018527308210184,0.9540942517490876,1.1854171390828108
REACTOME_SIGNALING_BY_MRAS_COMPLEX_MUTANTS,1.126939035632746,1.0291269153575449,-1.120873944414303,-1.0456721104471298,-0.557874327734601,1.4238483098865067,
REACTOME_SIGNALING_BY_NODAL,0.9127328570433744,1.1747184831390394,0.8580215293433103,,1.4371195401592833,,
REACTOME_SIGNALING_BY_NOTCH1,-1.1063624168829227,-1.0279128248418081,-1.084622947047128,-0.9678910921721297,-1.282972677390684,-0.85268711438454,-1.0369402193015549
REACTOME_SIGNALING_BY_NOTCH1_HD_DOMAIN_MUTANTS_IN_CANCER,-1.2858066141928481,-1.5336464730314998,-1.257796634535691,-1.3504185329356904,-1.2460142319589977,-1.2938149447236462,
REACTOME_SIGNALING_BY_NOTCH1_PEST_DOMAIN_MUTANTS_IN_CANCER,-1.0302069171117885,-0.9735113281358705,-0.880320034112629,-0.7820945889315748,-1.1324363495045622,-0.7132810593384037,-1.0820610312061305
REACTOME_SIGNALING_BY_NOTCH2,-1.0331592995472008,-1.1475614465752102,-1.3595397206594577,-1.163368813253322,-1.133198710291689,-1.14904187892384,-1.7034296711556898
REACTOME_SIGNALING_BY_NOTCH3,-1.0539587789149683,-0.9119752695585072,-0.9397106042894023,-0.7810098567737936,-1.1722531591365657,-1.13682119317215,-1.13996685913822
REACTOME_SIGNALING_BY_NOTCH4,1.6199063072757311,1.622059148422998,1.5639341141028666,1.4380661067504255,1.2589920315857763,1.5757710066694433,1.4551743930647254
REACTOME_SIGNALING_BY_NTRK2_TRKB,0.9675485678303816,0.8158611669915649,0.6581338951728611,1.205698246041684,-0.894300255414708,0.8931484494334734,-0.9273947005369438
REACTOME_SIGNALING_BY_NTRK3_TRKC,0.9787291035828374,1.027829317607437,0.8881298330302274,1.105537699809328,-0.8439174745648081,,
REACTOME_SIGNALING_BY_NTRKS,1.5388775119317255,1.2223229626590304,-0.9003727974021319,-0.7973011014213328,0.9056720632543316,1.1029517268337568,-0.8610490128810951
REACTOME_SIGNALING_BY_PDGF,1.1073526566472145,1.2195105747772177,1.1463671788435401,1.4936556227648452,1.0181948379746064,1.4624470511629921,1.266617782955292
REACTOME_SIGNALING_BY_PDGFRA_TRANSMEMBRANE_JUXTAMEMBRANE_AND_KINASE_DOMAIN_MUTANTS,1.1667928461068742,1.2885256383590382,1.399213718601659,1.588497580981881,1.3575594715446093,1.3241794627747174,1.2642735905002207
REACTOME_SIGNALING_BY_PDGFR_IN_DISEASE,1.0661873744269574,1.4904868524714898,1.2797619087617218,1.453772255467588,1.1873453707746806,1.0983294269442094,1.190036050184748
REACTOME_SIGNALING_BY_PTK6,-0.8071553277827196,0.7822400923980969,-1.0362541627888102,1.0527558233677778,-1.1897057222615277,-0.9384684196703033,-1.1102684896709325
REACTOME_SIGNALING_BY_RETINOIC_ACID,-0.9035261011751579,-0.9133892991991842,1.0224590708753825,1.12695589202731,1.010655231400067,1.1064405776386799,
REACTOME_SIGNALING_BY_ROBO_RECEPTORS,-3.128753124260363,-3.090779141621503,-2.8066474536324226,-2.8285761025892606,-3.2048920552515225,-2.958820452725185,-3.2682532003090112
REACTOME_SIGNALING_BY_SCF_KIT,1.113605148331313,1.1578423112857892,1.3636681390120384,1.6841814092260443,0.9587282769194485,1.5999841989276125,1.1874946131184239
REACTOME_SIGNALING_BY_TGFBR3,0.8965799896393979,0.6739846668089008,1.0316046542200612,0.6319129262588113,-0.8837696471683434,-1.243788865059711,-0.6731716800186996
REACTOME_SIGNALING_BY_TGFB_FAMILY_MEMBERS,1.051142079843909,1.0470517674047897,0.8369559365714434,-1.08156463673658,0.935659581111754,-0.6968163593474812,-0.7308486789266608
REACTOME_SIGNALING_BY_TGF_BETA_RECEPTOR_COMPLEX,1.0439600301374,0.8847258861136166,-0.7253056827116691,-1.2674582647434662,0.946549204601559,0.6493524034273614,-0.825781243058918
REACTOME_SIGNALING_BY_TGF_BETA_RECEPTOR_COMPLEX_IN_CANCER,-0.8585491539951406,-0.8780906475147677,1.1313410604586975,,1.163208259336121,1.1726617478730759,
REACTOME_SIGNALING_BY_THE_B_CELL_RECEPTOR_BCR,1.682362343217279,1.761434363637998,1.8906477717531487,1.2861069910266674,1.412017316379425,1.6689096309467941,1.542343345927333
REACTOME_SIGNALING_BY_TYPE_1_INSULIN_LIKE_GROWTH_FACTOR_1_RECEPTOR_IGF1R,-0.9992991936757403,-1.1343555488654622,-1.1991881810276679,0.8188534798738126,-1.1416051912090601,0.8494071078452624,
REACTOME_SIGNALING_BY_VEGF,1.4109916693391735,1.217382875791969,0.9273641769266495,1.374571336617526,0.9922744631231009,1.164241543708458,1.4906858020186642
REACTOME_SIGNALING_BY_WNT_IN_CANCER,1.2018788691336548,1.14720062965758,0.9925492330079977,-0.660581835405517,-0.6123142342874609,0.67538981916477,1.0259528990000704
REACTOME_SIGNALLING_TO_ERKS,1.608796591431557,1.85741149584821,0.9161036216303954,0.6249548744427349,1.027722567048419,0.9171897453469382,0.9658463151740841
REACTOME_SIGNALLING_TO_RAS,1.6421402000710572,1.7818152812901062,0.8867066016230066,0.545168027513493,1.0780882021440272,1.1229419616049527,-0.7220060585478225
REACTOME_SIGNAL_AMPLIFICATION,1.2439358503915032,1.4519960546851762,-0.776861933858996,-0.6847258004254901,1.2090069705667488,1.578801515392346,-0.6118400152087002
REACTOME_SIGNAL_ATTENUATION,0.7465701358891017,0.7125762321059393,0.8574564964252359,,,,
REACTOME_SIGNAL_REGULATORY_PROTEIN_FAMILY_INTERACTIONS,-0.5426903663063763,-0.6969541194623142,1.2754287762955767,1.5984597430755096,0.716327156830572,0.9161975638155974,1.0322010490014495
REACTOME_SIGNAL_TRANSDUCTION_BY_L1,1.0130065414216618,1.158950016837192,1.1329497908572383,0.732516789240587,0.5941609458661623,0.9033060559574984,1.4041439035867782
REACTOME_SIRT1_NEGATIVELY_REGULATES_RRNA_EXPRESSION,0.6355327000807421,-0.6705735459754407,0.4538333583052472,0.7778565795927078,1.4453372846469252,-0.8767777332093373,-0.6379340688163957
REACTOME_SLBP_DEPENDENT_PROCESSING_OF_REPLICATION_DEPENDENT_HISTONE_PRE_MRNAS,1.0955833826396006,1.0394061809243782,-0.6175001626693246,-1.020700102216244,-0.7543766990643986,1.2643721112807453,-0.4497567851727394
REACTOME_SLC_MEDIATED_TRANSMEMBRANE_TRANSPORT,0.9859061618057536,0.8974957768292291,-1.1691248789815405,-1.477474915354373,-0.9502742100051068,-0.8249245085644841,-1.0713212332840176
REACTOME_SLC_TRANSPORTER_DISORDERS,0.5314670583486235,0.48228902068186236,-0.7134440425411305,-0.6634743428415433,-0.8221731976512024,0.9321688152899862,0.5760115358978593
REACTOME_SMAC_XIAP_REGULATED_APOPTOTIC_RESPONSE,1.3093606030152483,1.2842435923054676,1.4802554457090142,,,,
REACTOME_SMAD2_SMAD3_SMAD4_HETEROTRIMER_REGULATES_TRANSCRIPTION,-1.1738924684170524,-1.3022064352711573,-1.0848811285467923,-1.5740555604013753,-1.3259401157864699,-1.59591455501337,-1.2917841311910998
REACTOME_SMALL_INTERFERING_RNA_SIRNA_BIOGENESIS,-1.2112573715604853,-1.3130678919058492,-0.7421630202306665,-0.6690308450002819,-1.039578688522867,-0.9730593880943887,
REACTOME_SMOOTH_MUSCLE_CONTRACTION,2.044381255077987,1.884185146592851,1.498764632941186,1.0532284902907398,0.979285132761659,1.3968165540320507,1.6677176602984463
REACTOME_SNRNP_ASSEMBLY,-0.871132085553169,-0.9436674736768265,-0.72890857985608,-1.0306385005716479,-0.9144686028535275,1.0205583145519495,-0.6574770075639157
REACTOME_SOMITOGENESIS,1.9779243663756867,2.013824461970389,1.9471185193914125,1.6553869064834592,1.661920612794324,1.904851035206005,2.0177251168326227
REACTOME_SOS_MEDIATED_SIGNALLING,0.808227535258132,0.889180301842412,1.1284742407920563,,-0.7471204940504027,,
REACTOME_SPECIFICATION_OF_PRIMORDIAL_GERM_CELLS,,0.8122254912652225,,,,,
REACTOME_SPHINGOLIPID_CATABOLISM,,,0.9645967571475863,,,,
REACTOME_SPHINGOLIPID_DE_NOVO_BIOSYNTHESIS,1.0698567211405583,-1.1571440988629709,0.6010111449661465,1.2824581471705725,-1.1165768349079925,0.8691012663749843,1.1068922357327664
REACTOME_SPHINGOLIPID_METABOLISM,1.1346688153643694,-0.9571983207445061,0.8389278715798032,1.228382089337856,-0.9492942916244342,-0.5931308508297415,0.8238461430626737
REACTOME_SPRY_REGULATION_OF_FGF_SIGNALING,-1.1905323494313838,-1.0569753316646224,-1.3161845843138924,-1.415622589472095,-1.1450602322042394,-1.4034484964859302,-1.4333265561756938
REACTOME_SRP_DEPENDENT_COTRANSLATIONAL_PROTEIN_TARGETING_TO_MEMBRANE,-3.525492188248764,-3.680894020205089,-3.4559844336489416,-3.183810399387829,-3.49488721337657,-3.4829810237212793,-3.5377938178469215
REACTOME_STABILIZATION_OF_P53,1.5800884832947253,1.762166972099842,1.6375418679089786,1.3642335417851192,1.2477689877623255,1.6124799489875608,1.5319013241335502
REACTOME_STAT3_NUCLEAR_EVENTS_DOWNSTREAM_OF_ALK_SIGNALING,1.1111396854147817,0.8835799060024824,-0.7001177265003761,0.9627397528106834,0.6125260808417046,1.234951275573286,1.301960352531224
REACTOME_STAT5_ACTIVATION,0.46601265319533364,0.5971126411248133,-1.2744546700493296,,,,
REACTOME_STAT5_ACTIVATION_DOWNSTREAM_OF_FLT3_ITD_MUTANTS,1.1174520118724303,1.0143260400141632,-1.3735991262279887,,,,
REACTOME_STIMULI_SENSING_CHANNELS,-0.8165550284917666,1.0579595077024895,-0.9434063921119009,-1.096454897441379,-1.4031608436810648,-1.1320724194032787,-1.4238890269022024
REACTOME_STING_MEDIATED_INDUCTION_OF_HOST_IMMUNE_RESPONSES,1.6500467515014672,1.5714259038373999,1.4859090483484045,1.1807093624891178,0.8881871779502473,1.6246781974220028,1.598975881959573
REACTOME_STRAND_ASYNCHRONOUS_MITOCHONDRIAL_DNA_REPLICATION,0.9143420241851502,1.363820216895032,0.7337269447319988,,,,
REACTOME_STRIATED_MUSCLE_CONTRACTION,1.3118608611848486,1.1432481710220617,0.8487505994093597,-0.7962708242428659,1.0125571247724783,,
REACTOME_SULFUR_AMINO_ACID_METABOLISM,0.7851209689096347,0.7796561298698019,-0.7103930450052852,0.7884286077804495,1.1422748660199746,0.817070393949978,0.7945371648248533
REACTOME_SUMOYLATION,-0.7322531469153513,-0.8061238911994038,-0.7562804337271228,0.9168268536855391,0.7478488803218465,1.38807967015149,1.0331850758819652
REACTOME_SUMOYLATION_OF_CHROMATIN_ORGANIZATION_PROTEINS,-0.8988772545345413,-0.9702394143008963,-0.6947763926229633,-0.8091079597396281,-0.4392344864752712,1.5299904616599218,1.0525160572615113
REACTOME_SUMOYLATION_OF_DNA_DAMAGE_RESPONSE_AND_REPAIR_PROTEINS,0.6543627323318026,0.8101574748542311,1.1099718659800173,0.7116057900072069,0.503398660113539,1.1515696267142275,0.744324486658881
REACTOME_SUMOYLATION_OF_DNA_METHYLATION_PROTEINS,-0.9449582145809928,-0.9076432872426986,0.9617826645559212,,-0.5225939480026234,-1.0998648306765186,
REACTOME_SUMOYLATION_OF_DNA_REPLICATION_PROTEINS,0.5066494924420224,0.5952751468333718,0.6745457992487698,0.558212418945599,0.4827071340269119,1.5867936251239676,1.1633561118793057
REACTOME_SUMOYLATION_OF_IMMUNE_RESPONSE_PROTEINS,1.5073101036859444,1.2327170091448791,1.1816330510998931,1.245137060070275,1.4654188298825028,1.5979737546597892,1.2972251995942823
REACTOME_SUMOYLATION_OF_INTRACELLULAR_RECEPTORS,-0.8909413913009849,-1.553355380463263,0.6930495883954241,-0.9639508300368262,-0.8877016807946876,0.4710126597074489,-0.9035959627911953
REACTOME_SUMOYLATION_OF_RNA_BINDING_PROTEINS,-0.7165200037733624,-0.6101696040644448,-0.7361206871577232,-1.1043342212156815,-0.5535037556038529,1.1733652482226329,0.9726569946467368
REACTOME_SUMOYLATION_OF_SUMOYLATION_PROTEINS,0.5354189176484441,0.5100126195908223,0.5805617131890196,-0.7513595844502209,-0.5737469069101743,1.2817941408478428,1.011750404065942
REACTOME_SUMOYLATION_OF_TRANSCRIPTION_COFACTORS,-1.0980804102754482,-1.1149818303056447,-0.9901459096990758,-0.46375965565174515,0.6281071364912041,0.5824811171789009,-0.7012317915638594
REACTOME_SUMOYLATION_OF_TRANSCRIPTION_FACTORS,-0.7957466491028566,0.6752649257644728,-0.8793399130613321,0.7036372437801041,-1.3315912656418198,0.5605484837203022,0.5793397946463539
REACTOME_SUMOYLATION_OF_UBIQUITINYLATION_PROTEINS,-0.46220224715411573,-0.6553740875060841,1.0270546533477933,0.7385253383260986,0.4931578436883661,1.1595715081322007,0.893934334318966
REACTOME_SUMO_IS_PROTEOLYTICALLY_PROCESSED,0.6605589807607273,-0.703846209750072,-0.7575451802757144,,-1.3038571738320903,,
REACTOME_SUMO_IS_TRANSFERRED_FROM_E1_TO_E2_UBE2I_UBC9,-1.201075663014967,-1.1368267555498512,0.4806947068557904,-0.708918545232997,-1.2035465106451821,0.5586366828987769,0.8383015515903757
REACTOME_SUPPRESSION_OF_PHAGOSOMAL_MATURATION,-1.193776831350661,-1.0065882458520343,-0.9742135046843772,-1.0928124944359539,-1.100976658758288,-1.2069312283307407,-1.2392456978064876
REACTOME_SURFACTANT_METABOLISM,0.6925645437653324,-1.2818328946692397,0.9394369803359139,1.1682062020246358,-1.2943749044470843,,
REACTOME_SWITCHING_OF_ORIGINS_TO_A_POST_REPLICATIVE_STATE,1.4401720644220153,1.4736466685066505,1.6689105502870119,1.3715473562091078,1.3212590938790927,1.4461039924636074,1.6306532338483746
REACTOME_SYNAPTIC_ADHESION_LIKE_MOLECULES,,,-0.9724695942617042,,,,
REACTOME_SYNDECAN_INTERACTIONS,1.080038490184743,-0.9023474434333936,1.1735867794363821,,,,
REACTOME_SYNTHESIS_OF_5_EICOSATETRAENOIC_ACIDS,,,-1.2112265942542941,,,,-0.8372845097894814
REACTOME_SYNTHESIS_OF_ACTIVE_UBIQUITIN_ROLES_OF_E1_AND_E2_ENZYMES,0.888457033553002,0.81262835683633,0.8771721916979098,-0.6988560266064524,-0.9675416410173094,-0.8144632304967337,-0.9623012002243635
REACTOME_SYNTHESIS_OF_BILE_ACIDS_AND_BILE_SALTS,1.092462423993286,0.8532188329440809,-1.2654836432870291,-0.72817695239606,0.7845478769751838,,
REACTOME_SYNTHESIS_OF_BILE_ACIDS_AND_BILE_SALTS_VIA_7ALPHA_HYDROXYCHOLESTEROL,0.7896351176597058,0.85114315938044,-1.4263995926677608,-0.72817695239606,0.7536204922645271,,
REACTOME_SYNTHESIS_OF_DNA,1.3230768042172372,1.4141418377627994,1.6208515427302517,1.3814872873841533,1.3715781081766782,1.5076406874926618,1.595199918987679
REACTOME_SYNTHESIS_OF_GLYCOSYLPHOSPHATIDYLINOSITOL_GPI,-0.5203774589326132,0.9240243434222886,0.9800242482254151,,-0.761568571713677,,
REACTOME_SYNTHESIS_OF_IP2_IP_AND_INS_IN_THE_CYTOSOL,0.46222039305291535,1.1698924937099344,0.7915492806887842,,,,
REACTOME_SYNTHESIS_OF_IP3_AND_IP4_IN_THE_CYTOSOL,0.9738570306321198,1.034595317193968,-0.7142463240617877,-0.5372531913739745,1.1765451950588715,,
REACTOME_SYNTHESIS_OF_LEUKOTRIENES_LT_AND_EOXINS_EX,0.9316353532365614,,-1.3835982505293125,,0.894065394060517,,
REACTOME_SYNTHESIS_OF_PA,1.3136475432420742,0.948411634103325,0.5002372663542519,,-0.5300589481037271,,
REACTOME_SYNTHESIS_OF_PC,0.6728831543243741,0.8265840690551551,-1.0994287493325499,-0.7536708018340159,-0.8755335615156592,1.4857553814871929,
REACTOME_SYNTHESIS_OF_PE,0.9559741362383084,0.7662115800784886,1.0842122339453661,,,,
REACTOME_SYNTHESIS_OF_PIPS_AT_THE_EARLY_ENDOSOME_MEMBRANE,-0.6881990780837132,0.9346363199983116,1.0740866557787256,,0.9297270329936632,,
REACTOME_SYNTHESIS_OF_PIPS_AT_THE_GOLGI_MEMBRANE,0.8301987609387806,0.8652817433254734,1.09411263617148,,1.2978660626683307,,
REACTOME_SYNTHESIS_OF_PIPS_AT_THE_LATE_ENDOSOME_MEMBRANE,-0.6280957775958986,0.5902594589627338,1.0901940283272933,,0.4934595569756811,,
REACTOME_SYNTHESIS_OF_PIPS_AT_THE_PLASMA_MEMBRANE,-0.9280734239248306,-0.8316953060426128,0.8928188728238206,-0.867726793522655,0.6175656414244486,-0.938565119810975,-0.6942136383217679
REACTOME_SYNTHESIS_OF_PROSTAGLANDINS_PG_AND_THROMBOXANES_TX,1.301303784066888,-1.1058052277236827,1.0165932508926332,,,0.7788029507218914,
REACTOME_SYNTHESIS_OF_SUBSTRATES_IN_N_GLYCAN_BIOSYTHESIS,0.6751215957443303,0.8537215038831071,1.2473708111250634,1.13883369268074,1.294097040703854,-0.492008172100226,0.9721383905872747
REACTOME_SYNTHESIS_OF_VERY_LONG_CHAIN_FATTY_ACYL_COAS,-1.0928376147640315,0.5415173886017473,1.2593341845429613,1.2851726606467788,-1.0012477538647053,-0.6436377311507788,0.503238666164589
REACTOME_SYNTHESIS_SECRETION_AND_DEACYLATION_OF_GHRELIN,1.5114334350906362,1.0563539688404455,0.7541746020258706,1.1123921511846964,0.6189832954578105,0.6880202705057371,0.9361973144428332
REACTOME_SYNTHESIS_SECRETION_AND_INACTIVATION_OF_GLUCAGON_LIKE_PEPTIDE_1_GLP_1,1.4781311194209126,1.0467632394410906,1.1376647070621753,0.8698498443003856,1.0561998280606046,0.8807852209275981,0.9761923339127583
REACTOME_SYNTHESIS_SECRETION_AND_INACTIVATION_OF_GLUCOSE_DEPENDENT_INSULINOTROPIC_POLYPEPTIDE_GIP,1.4823096783990997,0.8638546839271706,0.8961381155462076,1.0617526546663518,0.6417427897735031,0.6880202705057371,0.9890277868943366
REACTOME_S_PHASE,1.1031804268066867,1.184094277835644,1.4630446730117665,1.2942056419347077,1.2879817161085274,1.2297875875183908,1.4750219335500783
REACTOME_TAK1_DEPENDENT_IKK_AND_NF_KAPPA_B_ACTIVATION,1.3624430906964886,-0.8283493597107605,0.8789374749626342,-0.9630738446906695,-1.6356793440599733,-1.002043571661882,-1.0269589277512094
REACTOME_TBC_RABGAPS,1.322274816504334,1.3732785299391577,0.9692138111002605,-0.8033796166668306,1.1239644682390686,-0.9767075908298866,0.7781744466288425
REACTOME_TCR_SIGNALING,1.6746192046914798,1.7911770947881405,1.7873018657401596,1.6833825267289035,1.3555533113164793,1.370927678292032,1.5432320189447502
REACTOME_TELOMERE_C_STRAND_LAGGING_STRAND_SYNTHESIS,0.6047247203230469,0.8292245540626058,0.8159340450474983,0.6607337142763162,0.8060902093689395,0.7543132997981328,1.163159985790485
REACTOME_TELOMERE_C_STRAND_SYNTHESIS_INITIATION,-0.6849753121215367,-0.8287699767240498,-0.7628424428375333,,-0.8615063897998895,-1.2390775754391943,
REACTOME_TELOMERE_EXTENSION_BY_TELOMERASE,1.4778848237017943,1.232083154754153,-0.7682989695322655,-0.9968194891123614,0.8834758653719273,1.1789780302774386,1.3424424473016843
REACTOME_TELOMERE_MAINTENANCE,1.0112249808959424,1.1832739415686035,-0.8221897133381824,-0.9016710534950622,1.3343503053983874,0.8238089469524527,0.7663517148697996
REACTOME_TERMINATION_OF_O_GLYCAN_BIOSYNTHESIS,,,-1.4823539750728498,,,,
REACTOME_TERMINATION_OF_TRANSLESION_DNA_SYNTHESIS,1.3035701823246133,1.102485218068788,1.19097894372267,1.2636847540397633,1.21878255588318,1.4984933709224784,1.1248067017859062
REACTOME_TETRAHYDROBIOPTERIN_BH4_SYNTHESIS_RECYCLING_SALVAGE_AND_REGULATION,1.597425174463115,0.9347208238629743,0.8677063156180644,,,1.350833819137134,
REACTOME_TGFBR3_EXPRESSION,-0.7614491675419583,-0.8874405049209542,0.9924740875323024,-0.4783776073461307,-0.6369691658402521,-0.6918180961987574,
REACTOME_TGFBR3_PTM_REGULATION,1.185334380595726,1.0862610461070674,1.0818485941374252,0.9143352127330446,-1.3600144417027187,,
REACTOME_TGFBR3_REGULATES_TGF_BETA_SIGNALING,0.7182038503703808,0.9133656452668529,0.6757236693997756,,,-0.611190131096836,
REACTOME_TGF_BETA_RECEPTOR_SIGNALING_ACTIVATES_SMADS,0.984842823534349,-0.8391731775989633,-1.4447014384698047,-1.7889460502115304,-0.7848933713910089,-0.8659389322083774,-1.4952991769467028
REACTOME_TGF_BETA_RECEPTOR_SIGNALING_IN_EMT_EPITHELIAL_TO_MESENCHYMAL_TRANSITION,-1.2379584835879172,-1.1653542311936225,-1.4310011607448874,-1.1598096508369515,-1.0479816076115118,-1.2152895949101015,-1.403305911401496
REACTOME_THE_ACTIVATION_OF_ARYLSULFATASES,-1.01165595680908,,-0.9301753008229212,,,,
REACTOME_THE_CRY_PER_KINASE_COMPLEX_REPRESSES_TRANSACTIVATION_BY_THE_BMAL_CLOCK_ARNTL_CLOCK_COMPLEX,-0.6217780228731155,-1.427878984545936,-0.9059715600828323,,-1.4129074913931365,-0.687055272869212,
REACTOME_THE_NLRP3_INFLAMMASOME,1.6526622914865248,1.4968658752804618,1.0938278124247323,1.4880305486990733,1.0169474166274481,1.5388869869330666,1.7064585597947817
REACTOME_THE_PHOTOTRANSDUCTION_CASCADE,-0.4597692820836896,-1.0712921127539952,1.5203045870176983,1.2584354862688898,0.9928476858953792,0.9346924897035862,1.4237975981217983
REACTOME_THE_ROLE_OF_GTSE1_IN_G2_M_PROGRESSION_AFTER_G2_CHECKPOINT,1.76992411919589,1.5593756050301466,1.3353273945056843,1.3775705507595324,1.3992043844114985,1.5005781709178405,1.468155035281326
REACTOME_THE_ROLE_OF_NEF_IN_HIV_1_REPLICATION_AND_DISEASE_PATHOGENESIS,1.3941902290796246,1.1714720370946707,0.8405578948060818,1.272680796360475,0.7139904098139274,-0.9233040777202144,1.1961530000711478
REACTOME_THROMBIN_SIGNALLING_THROUGH_PROTEINASE_ACTIVATED_RECEPTORS_PARS,0.9235955692011484,1.450324750131986,-1.0111850282453274,0.6784826559361116,1.202919810762286,0.7957190080949083,-0.6206687856059461
REACTOME_THROMBOXANE_SIGNALLING_THROUGH_TP_RECEPTOR,1.0387425461186965,1.2778117390602495,-0.7265909388575632,-0.6420560611216077,1.2904632633434794,1.5153370185978392,-0.804141298596195
REACTOME_TICAM1_DEPENDENT_ACTIVATION_OF_IRF3_IRF7,1.3109652872210444,1.1831553565455006,-1.0259990826771168,0.773124710046037,-1.1278698143263923,1.000689004479307,-1.076684626724272
REACTOME_TICAM1_RIP1_MEDIATED_IKK_COMPLEX_RECRUITMENT,-1.0745264095807374,-1.0856268950833883,-1.0201283467373417,-0.9769411983317576,-1.3019830597159527,-1.4286802728905135,-1.1497491705062648
REACTOME_TICAM1_TRAF6_DEPENDENT_INDUCTION_OF_TAK1_COMPLEX,-1.2358523868460414,-1.3186409232801102,-1.1792314461520963,-1.4288760876761095,-1.4999522138670627,,-1.5154836922701012
REACTOME_TIE2_SIGNALING,0.9951718214694096,1.1213988741336904,0.662700433977821,0.9617707329754394,-1.0969764032685017,0.9797690270869938,
REACTOME_TNFR1_INDUCED_NF_KAPPA_B_SIGNALING_PATHWAY,1.0279169619289235,-1.0024363064490447,-1.110920622312377,-1.3091645196848565,-1.2587165762043415,-1.0789978425439881,-1.4979015479859314
REACTOME_TNFR1_INDUCED_PROAPOPTOTIC_SIGNALING,1.3730543743393842,1.5306232126800785,0.991572665645221,0.7091552081788425,1.0330136865543147,-0.8891288588477667,0.7986661551811046
REACTOME_TNFR2_NON_CANONICAL_NF_KB_PATHWAY,2.05856144637998,1.525724302736097,1.6152014559195764,1.4417758606572804,1.2916224964752687,1.467935887658329,1.5527084945746832
REACTOME_TNFS_BIND_THEIR_PHYSIOLOGICAL_RECEPTORS,1.6984001884432598,0.9114750924800429,1.202542996185278,1.1268360343232424,-1.2283208015619056,1.0851702357036956,
REACTOME_TNF_RECEPTOR_SUPERFAMILY_TNFSF_MEMBERS_MEDIATING_NON_CANONICAL_NF_KB_PATHWAY,1.7644218678943433,-0.7302063467197523,1.0275477114810543,1.0894193884730672,0.7655018895171151,,
REACTOME_TNF_SIGNALING,1.1926770889359566,1.0897244607288177,-0.927230164901215,-0.9944463012562952,-1.0398335204894695,-1.2577767807465305,-1.3883387552572102
REACTOME_TOLL_LIKE_RECEPTOR_9_TLR9_CASCADE,1.3222728909820274,1.0117633836252118,1.4063108828539637,0.9203849927406101,-1.0659630529655455,0.8153866561499514,0.90588896134012
REACTOME_TOLL_LIKE_RECEPTOR_CASCADES,1.521009134953291,1.2882357433602463,1.515983558956906,1.1933974938216676,1.0874132412615214,0.7137550318334933,1.1511621776661047
REACTOME_TOLL_LIKE_RECEPTOR_TLR1_TLR2_CASCADE,1.2857257071958101,0.8735310863669553,1.1643326335117743,0.8670687025400556,-1.2094196138319642,-1.0177891486566994,0.8877583079303368
REACTOME_TP53_REGULATES_METABOLIC_GENES,1.4377562674405502,1.3894870863314168,0.9077200810894804,-1.0235846292314186,0.9810095996463052,1.5359291795165098,-0.9919526446931601
REACTOME_TP53_REGULATES_TRANSCRIPTION_OF_ADDITIONAL_CELL_CYCLE_GENES_WHOSE_EXACT_ROLE_IN_THE_P53_PATHWAY_REMAIN_UNCERTAIN,-1.5126058923464014,-1.2714641596311298,-1.4622322455792318,-1.3831817198017473,-0.8236162391935307,-0.7029905665248561,-0.9064053415540109
REACTOME_TP53_REGULATES_TRANSCRIPTION_OF_CASPASE_ACTIVATORS_AND_CASPASES,0.8693965914533789,1.118237624021553,1.7073521371761362,,1.007933519504999,,
REACTOME_TP53_REGULATES_TRANSCRIPTION_OF_CELL_CYCLE_GENES,-1.1610846223764648,-0.7992228761387655,-1.7582477714585218,-1.0060340460591108,0.6052015788186085,1.1270659291376934,-1.2377985473791748
REACTOME_TP53_REGULATES_TRANSCRIPTION_OF_CELL_DEATH_GENES,1.362205836454992,1.2790980322544454,1.260888913191661,1.0787673389998191,-0.677047361441907,0.8912282034711865,0.7820908022946856
REACTOME_TP53_REGULATES_TRANSCRIPTION_OF_DEATH_RECEPTORS_AND_LIGANDS,0.7940948509604536,,0.9883802550552366,,,,
REACTOME_TP53_REGULATES_TRANSCRIPTION_OF_DNA_REPAIR_GENES,0.48639687846075397,0.48400918186207603,-1.0533284174006141,-1.1550309698651902,0.7058975037009608,0.6156022021819625,-0.9528280032659471
REACTOME_TP53_REGULATES_TRANSCRIPTION_OF_GENES_INVOLVED_IN_CYTOCHROME_C_RELEASE,0.9558537904534848,0.701262014731419,-0.9500446989361387,0.9667452232237971,-0.8149043814186456,0.7488248280256684,-1.1931369674709267
REACTOME_TP53_REGULATES_TRANSCRIPTION_OF_GENES_INVOLVED_IN_G1_CELL_CYCLE_ARREST,0.8522252447179876,,-1.406066139869702,0.7524791032206877,,,
REACTOME_TP53_REGULATES_TRANSCRIPTION_OF_GENES_INVOLVED_IN_G2_CELL_CYCLE_ARREST,0.7953582202218921,1.2159853419045974,-1.3823845300224054,0.8435941181770902,-0.6228626296747745,1.36676287467602,
REACTOME_TP53_REGULATES_TRANSCRIPTION_OF_SEVERAL_ADDITIONAL_CELL_DEATH_GENES_WHOSE_SPECIFIC_ROLES_IN_P53_DEPENDENT_APOPTOSIS_REMAIN_UNCERTAIN,1.4085802158586396,0.9652031773410605,0.5590613412556992,,,,
REACTOME_TRAF3_DEPENDENT_IRF_ACTIVATION_PATHWAY,1.8688041903783668,1.6225787789518158,1.7641960566092711,1.6763803720036303,1.3208719449212745,1.2979118349497103,
REACTOME_TRAF6_MEDIATED_INDUCTION_OF_TAK1_COMPLEX_WITHIN_TLR4_COMPLEX,-1.119644771543581,-1.393114255970859,-0.8421787528708499,0.8703156545958293,-1.5311859553415463,,-1.3785076162903276
REACTOME_TRAF6_MEDIATED_IRF7_ACTIVATION,1.9022739553164834,1.5796853507972322,1.754512518731929,1.6338153597000713,1.2888021204195306,1.1986610545239529,
REACTOME_TRAF6_MEDIATED_IRF7_ACTIVATION_IN_TLR7_8_OR_9_SIGNALING,0.9327681993283437,1.0553991206334907,1.4490981081668843,1.0209893811734356,0.9579582200793867,0.9714898217645006,0.8853848001499298
REACTOME_TRAF6_MEDIATED_NF_KB_ACTIVATION,1.5392318531051679,1.077869478984914,1.3054388569188344,1.2173458241999728,1.0610891980036414,-0.6405561379750974,-0.9196275067731785
REACTOME_TRAFFICKING_AND_PROCESSING_OF_ENDOSOMAL_TLR,1.2126755726640932,,1.831860135432397,1.2538230474269865,1.127015693601751,,1.4679661589265454
REACTOME_TRAFFICKING_OF_AMPA_RECEPTORS,0.8373059314364846,1.2363593794866221,-0.6838480645665417,0.7385148152883332,-0.8689042867668944,0.780190103144269,
REACTOME_TRAFFICKING_OF_GLUR2_CONTAINING_AMPA_RECEPTORS,0.9346268070446787,1.3301520760281755,0.7044949379511348,-0.8485409215091873,-0.9992954414359156,0.8869097039888026,
REACTOME_TRANSCRIPTIONAL_ACTIVATION_OF_MITOCHONDRIAL_BIOGENESIS,1.0639468583131495,0.8451765105909655,-1.1127968533430999,-0.6460403368275655,0.607556271860264,0.8444868709236617,0.808380095308853
REACTOME_TRANSCRIPTIONAL_ACTIVITY_OF_SMAD2_SMAD3_SMAD4_HETEROTRIMER,-0.7558137742318519,-0.8676938198268819,0.7198747959040421,-1.0525185319552148,0.7987483314373516,-0.7906437948783711,-0.85934610794217
REACTOME_TRANSCRIPTIONAL_AND_POST_TRANSLATIONAL_REGULATION_OF_MITF_M_EXPRESSION_AND_ACTIVITY,0.9193952535993632,-0.7775064569098916,0.7056661597758013,-0.9992043858323598,-1.706018973085226,0.9223829839662013,-0.9034830978981725
REACTOME_TRANSCRIPTIONAL_REGULATION_BY_E2F6,-0.6187714987761719,0.8722707620444315,-0.6000047118803108,0.42676596115593735,0.7021382297474815,0.8616894904536975,-1.0229178753714396
REACTOME_TRANSCRIPTIONAL_REGULATION_BY_MECP2,-0.9084910216092165,-1.101148492112488,-1.1543953267156843,-0.731185263918447,-0.971376237190125,0.9055739695132453,1.2137788602118242
REACTOME_TRANSCRIPTIONAL_REGULATION_BY_NPAS4,-0.7592977776721715,-1.5077379331416008,-0.8022784842592126,-0.9504818172244517,-1.2077846616432537,-0.6474774720515816,-1.27951394078687
REACTOME_TRANSCRIPTIONAL_REGULATION_BY_RUNX2,1.8885343197053697,1.7964631787410024,1.523701604484353,1.6747282221568613,1.4405832613002736,1.681370373089269,1.5361498330220362
REACTOME_TRANSCRIPTIONAL_REGULATION_BY_RUNX3,1.6739134617199984,1.5417596566046596,1.27810668605793,1.4776860557618707,1.2483566811987454,1.5304993549442423,1.4430550201787795
REACTOME_TRANSCRIPTIONAL_REGULATION_BY_THE_AP_2_TFAP2_FAMILY_OF_TRANSCRIPTION_FACTORS,-1.3382213495258544,-1.5261184678646273,-0.9116395237887411,0.8803985200008103,-1.0994929394565738,-0.598261822088813,-0.8619109523163367
REACTOME_TRANSCRIPTIONAL_REGULATION_BY_VENTX,-0.7832156202939531,-0.6555870766641262,0.6703276499423498,-0.9851540935681687,0.8848063267396896,-1.1624239074655025,1.2904927045286438
REACTOME_TRANSCRIPTIONAL_REGULATION_OF_BROWN_AND_BEIGE_ADIPOCYTE_DIFFERENTIATION,0.8183330401115826,0.8714159612643392,-1.6800302960865208,-0.6680600517083108,0.9074666038921064,1.0845994293125758,0.959968086202035
REACTOME_TRANSCRIPTIONAL_REGULATION_OF_PLURIPOTENT_STEM_CELLS,-1.5433313991082243,-1.4905722435080402,0.7546379351535406,0.8396019440447694,0.9437664829610645,,
REACTOME_TRANSCRIPTIONAL_REGULATION_OF_WHITE_ADIPOCYTE_DIFFERENTIATION,0.8441764626985242,-0.7699095500103468,-0.8804649215089383,0.49667801747067875,-0.6571897956347033,-0.9585223683612814,0.8764750594209773
REACTOME_TRANSCRIPTION_COUPLED_NUCLEOTIDE_EXCISION_REPAIR_TC_NER,0.628115245289802,0.8519377889856437,-0.9021118597270427,0.7544049356148365,0.7266508341237555,0.7830739239297183,0.731957943623698
REACTOME_TRANSCRIPTION_OF_E2F_TARGETS_UNDER_NEGATIVE_CONTROL_BY_DREAM_COMPLEX,-1.2956148391120696,0.6589483619148125,-0.4674492496506229,-0.7551823779157028,-0.8033183734406599,0.8635739510231083,
REACTOME_TRANSCRIPTION_OF_E2F_TARGETS_UNDER_NEGATIVE_CONTROL_BY_P107_RBL1_AND_P130_RBL2_IN_COMPLEX_WITH_HDAC1,-0.9841036992554095,1.1264051785998384,-0.8479374860714797,-1.1453047008383104,0.683726101642989,-1.1020086214406262,
REACTOME_TRANSCRIPTION_OF_THE_HIV_GENOME,0.7393335199942613,-0.6099171374493637,-0.779504447554844,-0.7942410803213917,0.5627764863760021,0.5566789359837856,0.6894642426551627
REACTOME_TRANSFERRIN_ENDOCYTOSIS_AND_RECYCLING,1.501154522527862,1.5393168342610428,1.2213499187034074,1.163179601524343,1.280914687848987,0.7831065478956395,1.5996215539133292
REACTOME_TRANSLATION_OF_REPLICASE_AND_ASSEMBLY_OF_THE_REPLICATION_TRANSCRIPTION_COMPLEX,1.0695378368005724,0.6515204473996724,1.560467085040393,0.7870189182450931,0.6862437642378961,1.1350716838082655,0.8255661290523559
REACTOME_TRANSLATION_OF_SARS_COV_1_STRUCTURAL_PROTEINS,1.039678268175558,0.9557970808077189,0.9439737970252633,1.1404574518018837,-0.9575839569780158,0.9696912387872768,1.0189183204478693
REACTOME_TRANSLATION_OF_SARS_COV_2_STRUCTURAL_PROTEINS,1.209561638538843,1.0661368488395297,-0.9334907446475504,0.9644418283082062,1.2595925037230986,-0.8746039107483613,1.1159100460834066
REACTOME_TRANSLESION_SYNTHESIS_BY_POLH,-0.9887298787954163,0.943132074012758,-0.9063497969321712,-1.1814330781008324,-0.9771495354922645,1.0364930515866824,-1.4581215154078686
REACTOME_TRANSLESION_SYNTHESIS_BY_POLK,-1.258407665809793,-1.0622391222397376,-0.9009210744848883,-0.9176992718506051,-1.2706318696047028,-0.8127500817883117,-1.227471835409412
REACTOME_TRANSLESION_SYNTHESIS_BY_Y_FAMILY_DNA_POLYMERASES_BYPASSES_LESIONS_ON_DNA_TEMPLATE,1.1765850943375968,1.2461625123255249,1.0869934824579564,1.176566273638686,1.277989018428453,1.5612366303988403,1.102110759367677
REACTOME_TRANSLOCATION_OF_SLC2A4_GLUT4_TO_THE_PLASMA_MEMBRANE,1.5330271221774405,1.3259066433413658,1.0320449777281202,0.9086101195885986,0.9508974242094942,1.2861218098264033,-0.6368178166765435
REACTOME_TRANSPORT_OF_BILE_SALTS_AND_ORGANIC_ACIDS_METAL_IONS_AND_AMINE_COMPOUNDS,1.429335893335282,0.9376967610811179,-0.7252610042050006,-0.9855123393007619,0.8706873274803513,0.9341044634603797,
REACTOME_TRANSPORT_OF_CONNEXONS_TO_THE_PLASMA_MEMBRANE,0.801686598196406,-0.8515406232239091,-1.5582534571939988,,0.491381051594389,,
REACTOME_TRANSPORT_OF_INORGANIC_CATIONS_ANIONS_AND_AMINO_ACIDS_OLIGOPEPTIDES,-0.7438268901287339,0.8789522165981297,-0.7521806607806637,-0.6917487946789934,-0.7246244531770357,-0.6615262287025556,1.042882615997569
REACTOME_TRANSPORT_OF_MATURE_MRNAS_DERIVED_FROM_INTRONLESS_TRANSCRIPTS,-0.5341923977449388,0.5852664240404123,-0.5892707169508821,-0.5883015272092637,-0.5862918605516027,1.0006432335088375,0.9345701781610684
REACTOME_TRANSPORT_OF_MATURE_TRANSCRIPT_TO_CYTOPLASM,0.6349891662097055,-0.5804816588142239,0.6227400729680656,-0.9091000661648779,-0.6548487894868534,1.1143733385615178,1.0049703636428267
REACTOME_TRANSPORT_OF_THE_SLBP_DEPENDANT_MATURE_MRNA,-0.5156668910466611,0.4838546190790385,-0.5342568892195554,-0.6168461627777233,-0.5660883557054467,1.0511069444241674,0.9492013741429394
REACTOME_TRANSPORT_OF_VITAMINS_NUCLEOSIDES_AND_RELATED_MOLECULES,-1.0590920532434787,-0.7416435622879797,-1.5800640450313634,-1.6621957171840962,,-1.2138458408585098,
REACTOME_TRANSPORT_TO_THE_GOLGI_AND_SUBSEQUENT_MODIFICATION,1.5406904654673999,1.3956217724837279,1.505913514507752,0.766132776295671,0.8205694313920541,0.9268994615415441,1.237694638707516
REACTOME_TRANS_GOLGI_NETWORK_VESICLE_BUDDING,1.1123549287705465,1.282059305850261,1.369955285177729,1.4983397694835,-0.9068048833334884,-1.168222944185184,1.396590177763179
REACTOME_TRIF_MEDIATED_PROGRAMMED_CELL_DEATH,0.5036065288477851,,0.7718430768253164,,,,
REACTOME_TRIGLYCERIDE_BIOSYNTHESIS,,,0.4975621515165387,,,,
REACTOME_TRIGLYCERIDE_CATABOLISM,1.330896777622407,1.5418623906201947,0.9970230328098951,0.8528004638623341,0.8785764683174816,1.3911906345425142,1.3224008319945197
REACTOME_TRIGLYCERIDE_METABOLISM,1.2548011665118006,1.4213192305123523,0.9685524825033971,0.8528004638623341,0.8993627681766192,1.5061791349560407,1.3224008319945197
REACTOME_TRISTETRAPROLIN_TTP_ZFP36_BINDS_AND_DESTABILIZES_MRNA,1.267997126998175,1.3409972185015102,0.9224820720212029,-0.8639007622048843,1.1846931562509568,0.8774389580761405,0.7237766430418374
REACTOME_TRNA_AMINOACYLATION,1.3970610408666846,0.8873891990372136,0.9302550041975207,0.7645352960438485,-0.8417581549525918,1.0911074817831117,1.090784384078468
REACTOME_TRNA_MODIFICATION_IN_THE_MITOCHONDRION,-0.6346430942996086,-1.1872413250840161,0.8756397163450961,,-0.7260025746240885,,
REACTOME_TRNA_MODIFICATION_IN_THE_NUCLEUS_AND_CYTOSOL,0.7452868027123815,-0.4982596428710933,-0.725082208873593,-1.015343806814805,1.0366271925315755,-0.6125853803892883,-0.7307637975868583
REACTOME_TRNA_PROCESSING,0.47709557848132983,-0.674817899181825,0.5660207760690896,-0.4598529443792944,0.9164975805001899,1.0299802709197499,1.1085654986367204
REACTOME_TRNA_PROCESSING_IN_THE_NUCLEUS,-0.5463839966536516,0.532602236341826,0.8563075451697689,0.6248823309170272,0.8986911897198746,1.0946532500316084,1.1593198191385852
REACTOME_TRP_CHANNELS,0.8380306269622761,1.3700364345451066,0.5754729027241078,,,,
REACTOME_TRYPTOPHAN_CATABOLISM,,,1.1407135671423692,,-0.855561187823684,,
REACTOME_TURBULENT_OSCILLATORY_DISTURBED_FLOW_SHEAR_STRESS_ACTIVATES_SIGNALING_BY_PIEZO1_AND_INTEGRINS_IN_ENDOTHELIAL_CELLS,2.0476194144166864,1.7522483258965362,1.7840029656323615,1.5975846031688998,0.9653925079847109,1.8191855494613192,1.5381176562796672
REACTOME_UBIQUINOL_BIOSYNTHESIS,-0.9540874727069648,-0.6284466939861688,-1.0277460324869292,,,,
REACTOME_UBIQUITIN_DEPENDENT_DEGRADATION_OF_CYCLIN_D,1.6760459258338416,1.764001025537805,1.5473264479950817,1.420044898885562,1.3093131049085307,1.5872680262304002,1.5287625134342706
REACTOME_UB_SPECIFIC_PROCESSING_PROTEASES,1.385829238779595,1.5345710612977579,1.627492982859165,1.3249347270274674,1.2318042618011114,1.5067933885060334,1.1983623544903808
REACTOME_UCH_PROTEINASES,1.7239891780144774,1.6881175061915672,1.6541675613973188,1.371209205022846,1.4708752224855257,1.7483265997931492,1.5807558318204313
REACTOME_UNBLOCKING_OF_NMDA_RECEPTORS_GLUTAMATE_BINDING_AND_ACTIVATION,,,-0.7637372934468819,,,,
REACTOME_UNFOLDED_PROTEIN_RESPONSE_UPR,1.5045857023481573,0.9652019011177664,-1.1020842621023192,-1.0692081313902986,1.0442152961256645,-0.8097606993637346,0.7194058143631192
REACTOME_UPTAKE_AND_ACTIONS_OF_BACTERIAL_TOXINS,-1.0766917063622023,-1.314805756673602,-1.119175023620466,-1.7463895791224207,-1.358031866960593,0.6008867752666984,0.8620127858604033
REACTOME_UPTAKE_AND_FUNCTION_OF_ANTHRAX_TOXINS,-0.6459924217716014,-0.9074790309682491,0.9385888114284229,-1.487649060391089,-1.5960423332146407,0.5714902131981029,
REACTOME_VASOPRESSIN_REGULATES_RENAL_WATER_HOMEOSTASIS_VIA_AQUAPORINS,1.0002011662179326,1.3742456470032562,-1.0494696269858845,0.6408631422661282,1.4291029703891702,1.6926327287192429,-0.8494497706059639
REACTOME_VEGFR2_MEDIATED_CELL_PROLIFERATION,0.6491999201881603,0.8825999308184894,0.6296452141643804,1.166425675858478,-1.29344805862156,,
REACTOME_VEGFR2_MEDIATED_VASCULAR_PERMEABILITY,1.4080995241025402,-0.5822323773025634,1.2032063672254105,1.3755069189406266,0.7246963283892404,1.1972387880263087,1.5984787344658178
REACTOME_VIF_MEDIATED_DEGRADATION_OF_APOBEC3G,1.866031232297162,1.9105548158569265,1.7953724792872814,1.5645437311895551,1.4302500003637235,1.6937489539651656,1.668959985055138
REACTOME_VIRAL_MESSENGER_RNA_SYNTHESIS,0.632613071279348,0.6379908767404514,-0.7116399197517153,-1.1994339301996157,0.7126781507663369,0.6880027284305971,-0.47011376030117324
REACTOME_VISUAL_PHOTOTRANSDUCTION,-0.5889488347071312,-0.8212287455447542,0.965205122300227,0.9613778568444123,1.2106872895551029,1.1804100638679569,1.4237975981217983
REACTOME_VITAMIN_B5_PANTOTHENATE_METABOLISM,-0.9302646637753581,1.3931358536199812,1.6210229172985253,0.565095074068168,1.1289183910278437,1.0057387001649423,
REACTOME_VITAMIN_D_CALCIFEROL_METABOLISM,-1.106426514819333,,1.1206417462120248,,,,
REACTOME_VLDLR_INTERNALISATION_AND_DEGRADATION,-1.0342372539211555,-0.948905283071656,-1.4819385268506313,-0.9427408726626445,-1.0431561522411474,-0.9344737155802917,-1.3611284122667704
REACTOME_VXPX_CARGO_TARGETING_TO_CILIUM,1.555503502821435,1.0952014122389921,1.3703666035871191,1.403645651272214,1.4340511520182269,-0.5617663584048741,
REACTOME_WNT5A_DEPENDENT_INTERNALIZATION_OF_FZD2_FZD5_AND_ROR2,1.5184977136695963,1.684169822581344,0.6962714762117715,0.9832220651209979,1.0506007553115695,1.2452718364249467,0.5324630928640937
REACTOME_WNT5A_DEPENDENT_INTERNALIZATION_OF_FZD4,0.9390420350584702,1.3328908991746535,0.5482752226970026,-0.8085034820160135,-0.7113016262032532,1.0758332540255153,0.4748722706534056
REACTOME_WNT_LIGAND_BIOGENESIS_AND_TRAFFICKING,0.717914432508439,1.2146797670612943,1.3582534029929023,1.417895782681402,0.8601800386438541,-0.6144664110602029,0.9589345546487468
REACTOME_WNT_MEDIATED_ACTIVATION_OF_DVL,0.4914998879352429,-0.6307609552909467,-1.0254153234069223,,,,
REACTOME_ZBP1_DAI_MEDIATED_INDUCTION_OF_TYPE_I_IFNS,1.809138131970921,1.4614473999184086,1.1612619096140284,1.2528727322042883,1.3577301738420864,1.1928729539267013,
REACTOME_ZINC_TRANSPORTERS,1.402140868460127,0.7632656369624271,-0.8227778977285464,,0.4942931686815354,,
REACTOME_ZYGOTIC_GENOME_ACTIVATION_ZGA,0.8239883761628692,0.7317912758330047,-0.6186379716116707,,-0.99867667533377,,
REACTOME_Z_DECAY_DEGRADATION_OF_MATERNAL_MRNAS_BY_ZYGOTICALLY_EXPRESSED_FACTORS,-1.2726752531003895,-1.2879013217807438,-1.2573177711865762,-1.4341279889917538,-1.2243229502745685,-1.0494728700071685,-1.2069197663829518
