variable,baseMean,log_fc,lfcSE,stat,p_value,adj_p_value,contrast,gene
ENSG00000137959,84.27266916818964,2.7631211449886677,0.2353363217008251,11.741158887072805,7.840465123378248e-32,4.371843352795711e-28,,IFI44L
ENSG00000126709,60.06925177758104,1.2964486540759594,0.13261807296012942,9.775806759503485,1.430133503917902e-22,3.9872122089231105e-19,,IFI6
ENSG00000157601,39.679000388015986,1.4206257429984555,0.1472727691372358,9.646221438768823,5.100037748251652e-22,9.479270161417072e-19,,MX1
ENSG00000055332,45.43571660846084,1.1538705896863009,0.12296107314062293,9.384031549291139,6.349727129849754e-21,8.851519619010557e-18,,EIF2AK2
ENSG00000187608,109.87514964040551,1.2639401975984879,0.1352224801490686,9.347115924845678,9.007020558850368e-21,1.004462932722993e-17,,ISG15
ENSG00000177409,46.101119761032116,0.9852666561704736,0.10839057284544897,9.089966316308129,9.906974451314719e-20,9.206881590088479e-17,,SAMD9L
ENSG00000133106,53.04882631532669,1.0555102296770837,0.11956398056606757,8.827995059045726,1.0656876391247946e-18,8.488963251085506e-16,,EPSTI1
ENSG00000132530,50.230656798809775,1.357587971839275,0.154835130448715,8.767958330289519,1.8193513712002467e-18,1.2680879057265719e-15,,XAF1
ENSG00000137965,17.582774019666726,1.5794562539597605,0.1837047316544257,8.59779843303622,8.125985827208629e-18,5.034499663612813e-15,,IFI44
ENSG00000089127,22.47363236852376,1.2097913828546012,0.14970037468707265,8.081418536082479,6.401768641472735e-16,3.569626194485197e-13,,OAS1
ENSG00000185507,38.78269611286689,0.894852630558015,0.11194843770184329,7.993435629189498,1.3122941310440313e-15,6.652138249728653e-13,,IRF7
ENSG00000188313,22.050006348822112,0.9370444426956878,0.11981241492829968,7.820929435872325,5.243473302318269e-15,2.436467261143889e-12,,PLSCR1
ENSG00000115415,32.0066504649544,0.9583086560226529,0.12349390994674514,7.759966920117023,8.495154064217344e-15,3.643767620159685e-12,,STAT1
ENSG00000185885,38.59935225285531,1.386102866341779,0.1796121905552302,7.717198159306212,1.1891470363554217e-14,4.736202767655593e-12,,IFITM1
ENSG00000175550,109.46620838278386,0.38163464767887606,0.05038376869018267,7.574555409413786,3.6035956723686826e-14,1.339576631275185e-11,,DRAP1
ENSG00000183486,23.23308909675475,0.9315336101271899,0.12527260511949725,7.436052034190572,1.0373898806264966e-13,3.6153037339833404e-11,,MX2
ENSG00000165949,24.52341012702781,2.0114618370010757,0.271087896869554,7.419961791835288,1.171541260180802e-13,3.8426553333930303e-11,,IFI27
ENSG00000138496,14.749439085809211,0.9468544181184532,0.12778336008832433,7.40984129282548,1.2645065083943585e-13,3.917160161559413e-11,,PARP9
ENSG00000100911,125.29948858026899,0.4189130123693376,0.056996132255642484,7.349849819465007,1.9842967623654743e-13,5.823388814184149e-11,,PSME2
ENSG00000160932,208.71127202127235,0.5527338300048945,0.07550164584522498,7.320818292331989,2.4646338347632166e-13,6.871399131319848e-11,,LY6E
ENSG00000086065,34.59312657712693,0.5256185751273681,0.07317870873813057,7.182670809460305,6.836256917657121e-13,1.8151889796598145e-10,,CHMP5
ENSG00000174444,1151.2782663351195,-0.2263145959035746,0.032026181760702495,-7.06654941243331,1.5883363207056983e-12,4.025710601934079e-10,,RPL4
ENSG00000130303,70.84870383934924,0.5879191079329654,0.0834429620302616,7.045760284968666,1.844515645557659e-12,4.47174749549109e-10,,BST2
ENSG00000111335,9.160439337193992,1.0110299019746314,0.14467987798373252,6.98804779257769,2.787374466806286e-12,6.476000011213271e-10,,OAS2
ENSG00000138646,11.533520580529283,1.151049483714618,0.17088827233030732,6.735684479797256,1.6316000297426967e-11,3.6391207063381105e-09,,HERC5
ENSG00000123609,23.6742566771056,0.6255962763143343,0.09310817876961545,6.719026025224854,1.8294323622407868e-11,3.923428789174856e-09,,NMI
ENSG00000213928,36.500743128132264,0.7701271324011743,0.11968089043159698,6.434837922945908,1.2360515260489699e-10,2.5526752997218726e-08,,IRF9
ENSG00000152061,29.831911612876766,0.5192355275686193,0.08174184445214058,6.352138626779201,2.123418276415116e-10,4.228635824746674e-08,,RABGAP1L
ENSG00000185201,176.58229036970664,0.37744322968483723,0.05956061632784328,6.337127668512571,2.340880182320765e-10,4.500947550558822e-08,,IFITM2
ENSG00000100316,3856.173412839645,-0.21748974629793716,0.034515975703695065,-6.301132790363335,2.9547810618117197e-10,5.4750166081855236e-08,,RPL3
ENSG00000068079,20.713931223272827,0.5941399308660215,0.09435992427859473,6.296528270962171,3.043857870404434e-10,5.4750166081855236e-08,,IFI35
ENSG00000240065,162.1353335533309,0.35615648210242323,0.056612847020946565,6.291089405389672,3.1524569385690735e-10,5.493156215456611e-08,,PSMB9
ENSG00000089009,2285.3506761705494,-0.19775919867667746,0.031488962619742294,-6.2802703621836855,3.379847580433806e-10,5.5492097088559716e-08,,RPL6
ENSG00000171863,2520.5274731762947,-0.18266353066322644,0.029086109976672003,-6.280094890988464,3.383664456619495e-10,5.5492097088559716e-08,,RPS7
ENSG00000197536,28.554606890505923,0.4026925605443103,0.06451397714185006,6.241942884080613,4.3216877240403576e-10,6.885065928356866e-08,,CARINH
ENSG00000172183,309.27120795173414,0.38681737750235745,0.06229318066001033,6.209626373287412,5.311072426997649e-10,8.226261070260802e-08,,ISG20
ENSG00000128218,225.14800713495774,0.5117052210016746,0.08400178867626633,6.09159910836816,1.1178834317890546e-09,1.6846805447718293e-07,,VPREB3
ENSG00000204397,63.48704016196335,0.3556824576124064,0.05869696593797339,6.059639572993693,1.3642690239469685e-09,1.9517731737394383e-07,,CARD16
ENSG00000137154,5861.6012863111955,-0.2049140864598409,0.03381677746262886,-6.059539135161321,1.36512112223526e-09,1.9517731737394383e-07,,RPS6
ENSG00000002549,17.789272935863085,0.5978538535313321,0.09924662075177537,6.023921509898234,1.7024094874459545e-09,2.3468881996901646e-07,,LAP3
ENSG00000156587,43.309634609739945,0.5558404865272069,0.09230581947489115,6.021727445672107,1.725653088007474e-09,2.3468881996901646e-07,,UBE2L6
ENSG00000100129,183.1368711573713,-0.23839540495493378,0.03984738293142775,-5.982711722001462,2.1945297251212785e-09,2.913499463637202e-07,,EIF3L
ENSG00000168961,38.1694729670433,0.46546596716595995,0.07822177940854447,5.950592925467448,2.6717282968396375e-09,3.4645481356227484e-07,,LGALS9
ENSG00000162654,13.815362092892705,0.6907859401924926,0.11685329480488299,5.911565791498988,3.3887086023747213e-09,4.294417992463965e-07,,GBP4
ENSG00000266088,7.4327341010540815,0.9941880925275114,0.16875759967405712,5.891219681055623,3.833555203553834e-09,4.7502008477813726e-07,,ENSG00000266088
ENSG00000177989,14.15257162699397,0.6134618961895061,0.10431668804428029,5.880764695377446,4.083753716820972e-09,4.950219722824727e-07,,CIMAP1B
ENSG00000163683,113.45714098172215,0.3681033613374657,0.06280031195697612,5.86148937587523,4.587338318191123e-09,5.442340098347597e-07,,SMIM14
ENSG00000143947,6117.292275459967,-0.18786327629566912,0.032354507501325895,-5.806401976230683,6.38296131074297e-09,7.273873446101799e-07,,RPS27A
ENSG00000147403,8627.499024144694,-0.17364216055582007,0.029923647123289935,-5.802840804811934,6.5200689845464905e-09,7.273873446101799e-07,,RPL10
ENSG00000092010,279.8057547737577,0.20427563113501046,0.03520857621991894,5.801871392329784,6.557885371903486e-09,7.273873446101799e-07,,PSME1
ENSG00000135899,168.33047855098005,0.28349577951233673,0.04888314502729888,5.799458675459977,6.6529330299711584e-09,7.273873446101799e-07,,SP110
ENSG00000198755,2744.033540026905,-0.17785021806582213,0.030980294290423448,-5.740753021858762,9.425647406091105e-09,1.0107194218531538e-06,,RPL10A
ENSG00000132274,57.456175699754034,0.39968466027199345,0.07001512920873754,5.708547063883942,1.1394467172843278e-08,1.1987839425617758e-06,,TRIM22
ENSG00000137628,8.616350196893979,0.830436203085303,0.14643744874541034,5.67092782754678,1.4202622467766487e-08,1.46655227556048e-06,,DDX60
ENSG00000155368,156.98779076685022,0.27166365187662583,0.048307255598874096,5.623661466766444,1.8695185319539274e-08,1.895351878940927e-06,,DBI
ENSG00000170581,14.700724865404494,0.5309398459641111,0.0949215391775202,5.593460141550791,2.2258834320670594e-08,2.216343931643915e-06,,STAT2
ENSG00000204568,29.377160090789786,0.4507897766361423,0.08077701767847331,5.580668729693342,2.3959559406718625e-08,2.343833390383562e-06,,MRPS18B
ENSG00000198168,71.88516188565741,-0.2966777427039643,0.05396889267106351,-5.497198997804043,3.858711776636998e-08,3.709685666642742e-06,,SVIP
ENSG00000004468,10.041285735256194,0.6978720928349521,0.12808880715105045,5.44834563110559,5.084048914946415e-08,4.8003605653403825e-06,,CD38
ENSG00000178741,84.3877282576849,0.32101103220421906,0.058975785672503354,5.443098867504974,5.2361565325970174e-08,4.8003605653403825e-06,,COX5A
ENSG00000142937,4831.273991370915,-0.21885845079688077,0.040212270165424044,-5.442578842143141,5.2514704893429576e-08,4.8003605653403825e-06,,RPS8
ENSG00000135272,9.257211904167209,-0.7033857848173811,0.12958935173563377,-5.427805412996506,5.705118883162374e-08,5.130926272986033e-06,,MDFIC
ENSG00000147604,3628.3699714707773,-0.19356518928836927,0.03585304019747771,-5.398850089761335,6.706938573391942e-08,5.90135606230739e-06,,RPL7
ENSG00000110324,25.074073574430145,-0.5328205830087315,0.09872387048161851,-5.397079555424621,6.773435939520677e-08,5.90135606230739e-06,,IL10RA
ENSG00000137500,21.022311080478143,0.35845193830018895,0.06680768448591687,5.365429756448915,8.075670453777985e-08,6.927682838502468e-06,,CCDC90B
ENSG00000124766,17.584618051736356,0.7648162493040493,0.14415629231856447,5.305465595729366,1.1238576435124991e-07,9.494894273069236e-06,,SOX4
ENSG00000198034,4544.195292509438,-0.1616341337955644,0.030565246801220667,-5.288167141156842,1.235480625324523e-07,1.0282149204193343e-05,,RPS4X
ENSG00000146386,41.309855697823124,0.4083018437063585,0.07806848295914824,5.230047110304618,1.6946684847037814e-07,1.3896281574571007e-05,,ABRACL
ENSG00000105402,18.901248642636578,0.3788004574743642,0.07246530220582109,5.227335648148797,1.7197014514889507e-07,1.3897181584786071e-05,,NAPA
ENSG00000127920,21.10648386028922,-0.5569531319935437,0.10663470891231845,-5.223000443987749,1.7604696791985017e-07,1.402339847315835e-05,,GNG11
ENSG00000142676,5445.171785860749,-0.1403385099464644,0.026951786877916308,-5.207020617302916,1.918967790901144e-07,1.5070654087415183e-05,,RPL11
ENSG00000101608,402.63767946416976,0.20576389453971547,0.03959350032472429,5.196910928615865,2.0262738979980738e-07,1.569236563227397e-05,,MYL12A
ENSG00000122026,9300.952795425157,-0.19596895560622765,0.037763971545185765,-5.189310011309184,2.1107473722876118e-07,1.593554390801149e-05,,RPL21
ENSG00000169100,577.651536170648,-0.16728500847679229,0.032238701286449074,-5.1889499825201515,2.1148318672755564e-07,1.593554390801149e-05,,SLC25A6
ENSG00000164104,146.15332630019907,-0.4111787052513826,0.07938197917506215,-5.179748722875814,2.2218498485482385e-07,1.651871300733997e-05,,HMGB2
ENSG00000082438,58.2255574822774,-0.4314728053340483,0.08369934371944962,-5.155032120446422,2.5358745722218264e-07,1.8605311335143293e-05,,COBLL1
ENSG00000197903,54.03298470708677,0.3506145560452159,0.0687109921358479,5.102743318740311,3.347649152031834e-07,2.40076380053048e-05,,H2BC12
ENSG00000180573,35.40938512745819,0.3972450912978285,0.07786822177307437,5.101504596515516,3.3696383612655727e-07,2.40076380053048e-05,,H2AC6
ENSG00000115267,14.209415418131178,0.5596329834819224,0.10973775021098552,5.099730789140045,3.40136908611743e-07,2.40076380053048e-05,,IFIH1
ENSG00000167526,7965.573526009323,-0.1689653957069168,0.03326606750445762,-5.079211592541728,3.7900440752883395e-07,2.641660720475973e-05,,RPL13
ENSG00000122406,1921.4521658138833,-0.17966603049945976,0.03552250008449675,-5.05780927784056,4.2410026716828777e-07,2.9092619697842607e-05,,RPL5
ENSG00000142541,8743.51851863789,-0.13197705281016545,0.026102345823444072,-5.05613762467391,4.2783264261533247e-07,2.9092619697842607e-05,,RPL13A
ENSG00000177600,6617.3042149843795,-0.17047634425018138,0.033804088394036855,-5.043068822416578,4.5812438249152686e-07,3.077712719003318e-05,,RPLP2
ENSG00000100650,374.77849671142206,0.17815747644158816,0.035569647061446025,5.008693961281758,5.480063096564276e-07,3.6377180745764764e-05,,SRSF5
ENSG00000163840,8.812693128845149,0.6559134527061944,0.13130882784333972,4.995196922241537,5.87757617591647e-07,3.855689971401204e-05,,DTX3L
ENSG00000186468,5292.445682447903,-0.14281799631994027,0.028890960862159403,-4.943345325250134,7.679328134314046e-07,4.934454415837181e-05,,RPS23
ENSG00000224137,58.42850218680371,-0.5778476529649547,0.11690585405449905,-4.942846170009368,7.699023209789003e-07,4.934454415837181e-05,,LINC01857
ENSG00000204264,90.36272033088841,0.2153609748936409,0.04368243118809992,4.930150841794495,8.21661482589023e-07,5.206345939677719e-05,,PSMB8
ENSG00000167748,11.90476027540399,-0.8561800408040073,0.17398939792420598,-4.920874783284096,8.615824263325795e-07,5.397959111494902e-05,,KLK1
ENSG00000099622,448.08858835952515,-0.2122613295611823,0.043179272477746215,-4.915815329463409,8.841371254212976e-07,5.4777206792768396e-05,,CIRBP
ENSG00000137101,49.647948342096335,0.44356177452099044,0.09043775089729318,4.904608640972586,9.361379747656582e-07,5.736159722300341e-05,,CD72
ENSG00000137038,39.52615539774199,0.2969748621417994,0.06099312334861797,4.8689892538275545,1.1217050681441438e-06,6.79850810866494e-05,,DMAC1
ENSG00000168394,24.14358322732046,0.3920715567442515,0.08066161047113583,4.86069586826005,1.1697384329272737e-06,7.013399464518794e-05,,TAP1
ENSG00000126756,187.52636434223209,-0.15467028159929158,0.031860362206673806,-4.854630358436186,1.2061150791706133e-06,7.154572001548234e-05,,UXT
ENSG00000156508,5794.56052290251,-0.17981298130639953,0.037283809505718316,-4.822816758540222,1.4154499449121346e-06,8.222847757765045e-05,,EEF1A1
ENSG00000182899,3761.6860917677004,-0.138825721849216,0.028785404021324488,-4.822781773233846,1.4156983227142115e-06,8.222847757765045e-05,,RPL35A
ENSG00000136213,13.150692216429553,0.46740060752003465,0.09804246988986823,4.767327955375552,1.8668529230891776e-06,0.00010731517421799231,,CHST12
ENSG00000123600,26.8403821220476,-0.5392035953556118,0.113425964002957,-4.753793367288946,1.9963507537758204e-06,0.0001135882837046324,,METTL8
ENSG00000205413,45.79893562632932,0.38023873396091484,0.08002383143638438,4.751568715666767,2.018445402610971e-06,0.00011368536934301793,,SAMD9
ENSG00000134419,5453.2597440026575,-0.14172431880615113,0.030015126501806065,-4.7217631682353005,2.338088456110438e-06,0.00013037181231271802,,RPS15A
ENSG00000110700,3392.0168819255678,-0.13322183872073282,0.028256033955179533,-4.714810257237545,2.4193609557765624e-06,0.0001335678880139615,,RPS13
ENSG00000144713,6707.04043756061,-0.12493764226455886,0.02651872617278815,-4.711298779982954,2.4614305593829794e-06,0.00013455820391293621,,RPL32
ENSG00000140988,5359.4830667004535,-0.14657579682773147,0.031209604002125697,-4.696496527727431,2.6466173231976683e-06,0.00014327706984611842,,RPS2
ENSG00000113387,306.00140989476625,0.25061089925967006,0.05339555651093711,4.693478552065227,2.6859816300181725e-06,0.00014400993816328201,,SUB1
ENSG00000175390,236.4519899601507,-0.15200491263604768,0.032608698433156495,-4.661483589957985,3.1393810329042976e-06,0.00016671608228070823,,EIF3F
ENSG00000100353,130.29398894071522,-0.1639469772970912,0.03539835901947946,-4.631485239382775,3.6305188501539336e-06,0.00019097899158922958,,EIF3D
ENSG00000229474,14.402694345088966,0.39063357067902565,0.08442752764193645,4.626850762890183,3.712678355309148e-06,0.0001934756496187272,,PATL2
ENSG00000184305,12.846216631647753,0.6992951540101985,0.1514505259804871,4.617317434079402,3.887324092965942e-06,0.0002007011031701675,,CCSER1
ENSG00000273338,88.6748633531901,0.5076149987912446,0.11012427266379297,4.60947424679918,4.036885326279615e-06,0.00020651075760857917,,ENSG00000273338
ENSG00000102317,215.56778702580868,-0.22952710814930344,0.05005163194347947,-4.585806680759095,4.522369088882353e-06,0.00022924300036007272,,RBM3
ENSG00000156976,275.5934938507722,0.13028941547167275,0.02842555100006566,4.583531748298275,4.571874302186525e-06,0.0002296646045855141,,EIF4A2
ENSG00000160710,57.814385691022565,0.3126972847244063,0.06857381726576235,4.560009887046645,5.11512124147254e-06,0.00025465996466474003,,ADAR
ENSG00000164587,5437.007313541439,-0.14008305790704004,0.031218182199288624,-4.487226610850908,7.215631413383551e-06,0.00035605628992059013,,RPS14
ENSG00000206503,1005.0497824099979,0.25379192010980445,0.05676550718967844,4.4708826305695535,7.789744194959024e-06,0.00038101415465869746,,HLA-A
ENSG00000122643,74.61163960071192,0.2629124216740177,0.05884453508647399,4.467915691536337,7.898542148790797e-06,0.0003829762697535434,,NT5C3A
ENSG00000171791,36.23064558641851,-0.34678304258673737,0.07777697742197545,-4.458685000129045,8.24640049443838e-06,0.00039639594100852074,,BCL2
ENSG00000063177,2838.422119702048,-0.12120989736553708,0.02721688583580039,-4.453481492952464,8.448899380233534e-06,0.0004026586576425828,,RPL18
ENSG00000149273,3637.7231036702274,-0.14546169929879146,0.032788051667773856,-4.436423998982541,9.14656070298038e-06,0.000431789759213994,,RPS3
ENSG00000145287,291.57223675449706,0.23757953566495985,0.05357143275808478,4.434817652494189,9.215025349079141e-06,0.000431789759213994,,PLAC8
ENSG00000010278,13.715632656208395,0.6376996886581207,0.14393987813554435,4.430319775994363,9.409345608089853e-06,0.0004372209259225752,,CD9
ENSG00000196531,1105.6561602922716,-0.12663632270556074,0.028692154829860178,-4.413621892691349,1.0165543931748723e-05,0.00046845514845810643,,NACA
ENSG00000247828,9.266512457673322,-0.39247577945398,0.08907160803182901,-4.4062949813787124,1.0515374103031288e-05,0.00048060431146313494,,TMEM161B-DT
ENSG00000270164,16.47670792578835,0.47778828195053963,0.10873704460378478,4.3939789212728835,1.1129461196277064e-05,0.0005039989425614811,,LINC01480
ENSG00000229117,11243.193075907377,-0.11443235995223981,0.02605205401840526,-4.3924505864833385,1.1208010917794773e-05,0.0005039989425614811,,RPL41
ENSG00000257275,26.91266261858402,0.7812828996657435,0.17805823494476058,4.387794251179243,1.1450601945102052e-05,0.0005099535217402674,,ENSG00000257275
ENSG00000196684,39.28399728262176,0.2989766737320103,0.06815966456669743,4.386416447801729,1.1523339981935741e-05,0.0005099535217402674,,HSH2D
ENSG00000108298,4332.135176969204,-0.10311006680565386,0.02357692370257769,-4.373346926273538,1.2235604771336665e-05,0.000537210489802939,,RPL19
ENSG00000083845,2606.4899106509333,-0.16172212345826412,0.03704916548384635,-4.36506791303507,1.270832697907879e-05,0.0005536064940261198,,RPS5
ENSG00000167186,31.991980899592587,0.39785950291174127,0.0911972992827398,4.362623740405446,1.2851185556198576e-05,0.0005554900051268469,,COQ7
ENSG00000102804,9.619274853062544,0.5533186619353208,0.1269816634540231,4.357468998944589,1.315751279398541e-05,0.0005643560872250973,,TSC22D1
ENSG00000198727,1913.2696572163877,-0.28525535487580983,0.06561701543827977,-4.3472771958688785,1.3783797362415449e-05,0.0005837626805069786,,MT-CYB
ENSG00000166428,27.38783367973694,0.5323889776231643,0.12248084853529198,4.346712028776975,1.3819346095215418e-05,0.0005837626805069786,,PLD4
ENSG00000114942,1026.6101016020327,-0.18497898321081035,0.0425955379602949,-4.342684517407364,1.4075218372810464e-05,0.0005901008845623395,,EEF1B2
ENSG00000008988,3256.069487885232,-0.16108201687268595,0.037108351549190365,-4.340856172475289,1.4192860591854629e-05,0.0005905924676132941,,RPS20
ENSG00000184076,126.7507850129962,0.17853105049149387,0.041202107229972515,4.333056304499428,1.4705348158052564e-05,0.0006073853431800082,,UQCR10
ENSG00000175130,69.53770660866526,-0.36198985648380794,0.08357756849938591,-4.331184347466003,1.48309444794878e-05,0.0006080687236589998,,MARCKSL1
ENSG00000139343,93.82595229361144,-0.16619087263625312,0.0384032801410523,-4.327517650207138,1.5079926437694933e-05,0.0006137640132597588,,SNRPF
ENSG00000170889,2735.4222454678106,-0.12842979349732397,0.029706379494076226,-4.323306834578554,1.5370772205832183e-05,0.0006210683030414511,,RPS9
ENSG00000109475,8767.860808801819,-0.15136774901345698,0.0350617731586789,-4.317173245300878,1.5804011405060832e-05,0.0006334441713980757,,RPL34
ENSG00000161016,3009.5601824143982,-0.16594858535521442,0.03845161483380037,-4.315776751444508,1.5904265422476792e-05,0.0006334441713980757,,RPL8
ENSG00000145741,655.2799100338393,-0.13727685792573457,0.03182680662183938,-4.313246363571265,1.6087467815661003e-05,0.00063619659957536,,BTF3
ENSG00000034510,3803.3150537708275,0.13162588338209666,0.030530887073994237,4.311236783362697,1.6234394588818882e-05,0.0006372058874455828,,TMSB10
ENSG00000163644,86.52666685346523,0.2810907830380745,0.06522157539600423,4.309782174554701,1.6341542665839014e-05,0.0006372058874455828,,PPM1K
ENSG00000196937,50.20604041148038,0.3279510486873581,0.07624569030079476,4.30124046872115,1.698446207625928e-05,0.0006576761148418176,,FAM3C
ENSG00000185880,7.926251454179813,0.5711368033539288,0.13286746588838141,4.2985451670593795,1.7192286895248248e-05,0.0006579779000956682,,TRIM69
ENSG00000105202,94.20932533145518,-0.20093697227283058,0.046750383534466367,-4.298081792734199,1.7228259220582416e-05,0.0006579779000956682,,FBL
ENSG00000008282,90.97315419981766,-0.22439425604308236,0.052347885100279795,-4.286596404290706,1.8143148601265183e-05,0.0006882054190520726,,SYPL1
ENSG00000213626,81.46825888716108,0.30958714449085284,0.07225326709739967,4.284749422797998,1.8294526324829787e-05,0.000689258640454398,,LBH
ENSG00000196735,437.4180354006792,0.2446682751566603,0.057343322780171464,4.266726504402413,1.9836208956041876e-05,0.0007423268532811376,,HLA-DQA1
ENSG00000118181,3888.3320277609605,-0.11049571995660541,0.02597749794207147,-4.253516647484888,2.1043928580240066e-05,0.000782272971756124,,RPS25
ENSG00000166441,4850.805133727726,-0.11543338480845924,0.027179278654172457,-4.24710995009201,2.165457050072933e-05,0.0007996416232587202,,RPL27A
ENSG00000147168,135.63067332841945,0.20946852514687472,0.04942804689207058,4.237847503953841,2.256729608479545e-05,0.0008278634405843383,,IL2RG
ENSG00000272325,25.673637051862478,0.32600842812246406,0.0770429736278256,4.231514085857138,2.3212345458243026e-05,0.0008459610344781903,,NUDT3
ENSG00000104859,22.68860118133643,-0.25453039629727076,0.06032835811580618,-4.219083765029287,2.4529713232897417e-05,0.0008881667596534805,,CLASRP
ENSG00000198938,4227.05938533155,-0.21527363102184913,0.05104189372402268,-4.217587070452509,2.4693048180499984e-05,0.0008883124945449543,,MT-CO3
ENSG00000143297,52.053302621576385,0.5757374860019553,0.13661673856758044,4.2142528949126845,2.5060635817822346e-05,0.0008957570853857526,,FCRL5
ENSG00000182628,11.495081225488295,0.42480128066333556,0.10092177604806124,4.209213286744335,2.5626139857573285e-05,0.0009101360244957238,,SKA2
ENSG00000173812,1629.6752024747127,-0.20425572159029592,0.0485639192094077,-4.2059151097246685,2.6002783099905952e-05,0.0009142413330174217,,EIF1
ENSG00000133316,69.04032461363674,0.40690368073782723,0.09675893752816653,4.20533431983353,2.6069650636615864e-05,0.0009142413330174217,,WDR74
ENSG00000171604,63.87603827812257,-0.2408865825079635,0.057823936904114734,-4.165862710237256,3.101773346483124e-05,0.0010809680112493687,,CXXC5
ENSG00000087086,1886.9203882147997,-0.1096740993515677,0.026357887505631665,-4.160959383718994,3.1691345042982107e-05,0.0010975834780103616,,FTL
ENSG00000131469,2336.1367120468967,-0.13675189969777618,0.032906438000370956,-4.155779476837772,3.241803966679817e-05,0.001115290621224316,,RPL27
ENSG00000173821,71.69412606932443,0.28329307105313395,0.06818975963135425,4.154481150610675,3.2602649078113974e-05,0.001115290621224316,,RNF213
ENSG00000065978,577.8423107474097,-0.11326629980558878,0.02728368517038129,-4.1514296583567365,3.304048181037903e-05,0.001123376381552887,,YBX1
ENSG00000187109,436.9411197867287,-0.17367776638464424,0.041908359975599954,-4.144227225445319,3.409615370686734e-05,0.0011522433519363172,,NAP1L1
ENSG00000123136,31.808661658193635,-0.21284359092309096,0.05139429674733506,-4.141385414211889,3.45214321647393e-05,0.0011595873840396767,,DDX39A
ENSG00000174021,75.07540774845384,0.20311193225804294,0.0491035523844977,4.136399962829709,3.5279705191183536e-05,0.0011779618930900563,,GNG5
ENSG00000164898,23.794414789566446,0.32120093376752634,0.07775783417263489,4.130785498145546,3.6152580006740704e-05,0.0011999213459380129,,FMC1
ENSG00000181896,15.695660470436575,-0.40661419760848405,0.0986742291569028,-4.12077399623688,3.77601700645214e-05,0.0012458621791702445,,ZNF101
ENSG00000232112,463.2864102959475,-0.15001183058435147,0.03646608956470398,-4.113735044668731,3.8930825389386486e-05,0.0012703440359702017,,TMA7
ENSG00000163682,3168.249299971605,-0.15923352594639617,0.03870927907466362,-4.113575084652487,3.895782463251515e-05,0.0012703440359702017,,RPL9
ENSG00000076662,96.4997216299243,-0.16947944271846097,0.04122312177629359,-4.111271427675437,3.9348629374873314e-05,0.0012756276592691487,,ICAM3
ENSG00000187837,54.48961789708275,0.40032018008530745,0.09784866187239341,4.091217727712759,4.291140220016415e-05,0.0013830865818966202,,H1-2
ENSG00000168028,1733.0636181293337,-0.1304845065099521,0.031935350012073524,-4.085895612874791,4.390711681063988e-05,0.0014070464559547584,,RPSA
ENSG00000124406,11.384043493316746,0.414031394168227,0.10140189454465087,4.083073556243214,4.444394772271226e-05,0.001410383773080149,,ATP8A1
ENSG00000205542,8288.86440552177,0.1375749425059079,0.03370177731883857,4.082127218525251,4.4625356160336196e-05,0.001410383773080149,,TMSB4X
ENSG00000196954,71.84976796877399,0.16714214897650914,0.040952412636687134,4.081374898698281,4.4770073141174026e-05,0.001410383773080149,,CASP4
ENSG00000178057,36.71765156199369,0.2572013811828088,0.06305008977377988,4.079318238968932,4.516796930592282e-05,0.0014149247014035148,,NDUFAF3
ENSG00000125652,47.972824232046506,-0.20356036105706513,0.05011948524186925,-4.061501431523345,4.875811924121406e-05,0.0015188562731229586,,ALKBH7
ENSG00000121858,14.300513573534568,0.44947460250906124,0.11106033499778128,4.047120896205118,5.1851464186470086e-05,0.0016015324694804585,,TNFSF10
ENSG00000091972,17.009844801002057,0.47228427299941045,0.11671393910085096,4.0465112962327145,5.198661710472794e-05,0.0016015324694804585,,CD200
ENSG00000204482,81.0049057161369,0.21319103979658133,0.05286331527734037,4.0328730553145,5.509904746767224e-05,0.0016880894982403318,,LST1
ENSG00000173193,68.45946971487368,0.3403900036928322,0.08452779625477255,4.026959400040117,5.650278432185358e-05,0.0017216367507030359,,PARP14
ENSG00000172575,15.125762410429259,0.44897689949032193,0.11170377346019879,4.019353022575348,5.8358173771021524e-05,0.001768506396452261,,RASGRP1
ENSG00000204628,1573.2677509580642,-0.10960367854997274,0.027295221440281448,-4.015489626628308,5.93225081945683e-05,0.0017880124632049343,,RACK1
ENSG00000164902,16.175984449681543,-0.326901974591605,0.08144219003670061,-4.013914341501523,5.972002652479116e-05,0.0017903164940980402,,PHAX
ENSG00000143878,41.00587538421565,0.42963584833519886,0.1070859156761125,4.012066812172174,6.0189458742713774e-05,0.0017947402243281925,,RHOB
ENSG00000063046,111.44720267884699,-0.23560225014993538,0.05876021948396468,-4.009553609891295,6.083364097171774e-05,0.0018042999045654155,,EIF4B
ENSG00000171490,120.39096800132067,-0.19012856683387022,0.0474973639840884,-4.002928813008722,6.256313143886223e-05,0.001845777888376168,,RSL1D1
ENSG00000233927,4823.596168909619,-0.14546753101419707,0.03643364370420654,-3.9926704063750207,6.53333501909827e-05,0.0019166153810820433,,RPS28
ENSG00000071082,3619.0590005337726,-0.11327904860035162,0.028379940134748365,-3.9915182365607915,6.565163877092365e-05,0.0019166153810820433,,RPL31
ENSG00000085117,48.276198187292,-0.2809398171898655,0.07063812230334668,-3.9771699477430067,6.974032329855e-05,0.0020253752224620564,,CD82
ENSG00000123349,1196.171647118825,-0.10909442560878621,0.027506322828445732,-3.966158118960414,7.304041749747688e-05,0.002104643199407529,,PFDN5
ENSG00000100083,21.384091252970812,-0.2763969879908057,0.06969940680748954,-3.9655572500669476,7.322467372400656e-05,0.002104643199407529,,GGA1
ENSG00000115232,49.24948106297379,0.26855268057356435,0.06783936525635727,3.958655561689504,7.537284215475367e-05,0.0021552767582302896,,ITGA4
ENSG00000100897,16.62543111036166,0.30446324863139557,0.07699910211223218,3.9541142724965375,7.681869108858457e-05,0.0021854133750507532,,DCAF11
ENSG00000182117,80.03019634909994,0.216668742587165,0.054905485779711695,3.946213015152431,7.939698372685453e-05,0.0022472973668068064,,NOP10
ENSG00000042980,114.59727653259039,-0.273960275960726,0.06947394846768831,-3.9433526091890734,8.035038131387644e-05,0.002262796597000884,,ADAM28
ENSG00000124383,25.564154437611553,-0.30704352821435094,0.07801507635135277,-3.935694773040196,8.295635245496644e-05,0.0023244453331100145,,MPHOSPH10
ENSG00000137710,10.837367510618417,-0.39402071127288213,0.10022302699885749,-3.9314389424435747,8.443894264171446e-05,0.002354157720850999,,RDX
ENSG00000072042,10.784583137242919,0.3328817801055329,0.08472948221945094,3.9287597585379177,8.538508714451682e-05,0.002368692765760327,,RDH11
ENSG00000220205,250.3674092845472,-0.1821406726374758,0.046447335651641435,-3.921445010399407,8.801953675176714e-05,0.002425224639687739,,VAMP2
ENSG00000114956,65.96933227683473,0.1611428029542245,0.04110053760518117,3.9206981792352686,8.829279086381117e-05,0.002425224639687739,,DGUOK
ENSG00000105640,6319.814816737137,-0.12327541151455076,0.03152300422289373,-3.910649208523768,9.204837638598149e-05,0.0025159889545501605,,RPL18A
ENSG00000177410,390.0552136197388,-0.14202706170805102,0.036332874317101915,-3.909051083282964,9.26593708274643e-05,0.0025203348865070288,,ZFAS1
ENSG00000116251,1676.3561883293419,-0.11660441083161874,0.02986279928177705,-3.904671150596835,9.435359816663813e-05,0.0025539595309571565,,RPL22
ENSG00000181381,10.432987772037682,0.4588129559289471,0.11762594216166194,3.9006102522721293,9.595051644122273e-05,0.002584638066068879,,DDX60L
ENSG00000198242,5240.3714146931015,-0.09997397571106784,0.025651874502972478,-3.897336067954141,9.725661330092196e-05,0.002598627941705427,,RPL23A
ENSG00000114779,37.226724244737674,-0.20902971595965997,0.053638977057465634,-3.8969743165630817,9.740194401299035e-05,0.002598627941705427,,ABHD14B
ENSG00000164088,7.28245271212516,-0.43580588700230893,0.11195006021615014,-3.8928597819497974,9.906941857615911e-05,0.002630528942765063,,PPM1M
ENSG00000168002,50.49302462413221,0.19258763086932443,0.049496131934662034,3.8909632599887214,9.984705208418973e-05,0.0026386121441774497,,POLR2G
ENSG00000204220,29.64527839234803,0.25881741439456607,0.06674479671046385,3.877716723257173,0.00010544138708972081,0.0027733074264730344,,PFDN6
ENSG00000196683,708.5867373304649,-0.17418854083986857,0.044998227657874465,-3.8710089242678527,0.00010838582349575764,0.002837367848884247,,TOMM7
ENSG00000235750,35.32619435120219,0.39649340999825305,0.1024669682332587,3.869475371767263,0.00010906979781554442,0.002841930806633064,,KIAA0040
ENSG00000105372,6472.47748844691,-0.10639491712994524,0.02752560597210726,-3.8653069886184968,0.00011094955946542833,0.002867416355911461,,RPS19
ENSG00000272677,8.598556410320707,0.45833806054717097,0.11858595653625588,3.865028152865984,0.00011107638681436077,0.002867416355911461,,HNRNPD-DT
ENSG00000131100,27.11760778497986,0.23843584297025827,0.06171257972499749,3.863650556057969,0.00011170499083559452,0.0028703549718860602,,ATP6V1E1
ENSG00000239569,27.102054718078836,0.3576452592971246,0.09274351102514616,3.856283370597797,0.00011512402677381638,0.0029446402444532113,,KMT2E-AS1
ENSG00000184203,92.15109926545085,0.15165949060609504,0.039373135616558336,3.8518519856547773,0.00011722787591502097,0.002984760895443639,,PPP1R2
ENSG00000122008,24.069621433833138,-0.2761260053207567,0.0718660485410642,-3.8422316368622744,0.00012192068949777162,0.0030901352938162477,,POLK
ENSG00000035720,34.00587731453064,0.26276959150115414,0.0685554310479814,3.832950759470009,0.00012661530483148534,0.003194601537286707,,STAP1
ENSG00000123562,41.699619930804516,0.21675581960341428,0.05667885108752409,3.8242804052025967,0.000131154581704052,0.0032942249891071804,,MORF4L2
ENSG00000175334,51.69383412787064,0.24884226817410457,0.06513755067654217,3.8202582932508014,0.00013331199237006297,0.0033329490894541836,,BANF1
ENSG00000164463,53.93582556943601,-0.2510620884783203,0.06573703619889233,-3.819187827676215,0.00013389178551609346,0.0033329490894541836,,CREBRF
ENSG00000107020,19.650457239955422,0.24733186766123413,0.06480311964848162,3.8166660648879622,0.00013526704525770536,0.003352217974919845,,PLGRKT
ENSG00000173221,33.51121322974746,0.3240022067599993,0.08492262372704015,3.8152637370391793,0.00013603756082504218,0.003356395748497501,,GLRX
ENSG00000175602,61.88389697898462,0.18216968153542096,0.04777954291543784,3.8127129398837534,0.00013744972018832094,0.003376297972555408,,CCDC85B
ENSG00000111540,10.421169052745276,0.34470907441359,0.09072231965600497,3.799606047559582,0.00014492628651499196,0.0035443376035420838,,RAB5B
ENSG00000174748,3698.0390147005473,-0.09283300502276279,0.024484209513612912,-3.7915459337639144,0.00014971245092023448,0.0036454001149835258,,RPL15
ENSG00000136147,36.74610346005167,0.24086867515996455,0.06356927067469846,3.7890740699630827,0.0001512098277776023,0.0036516732861215334,,PHF11
ENSG00000114391,1488.2624999997274,-0.09280846445998268,0.024494449277154662,-3.788959017198347,0.00015127986533250973,0.0036516732861215334,,RPL24
ENSG00000142864,118.13619805215049,0.16349718737851146,0.043204908381305696,3.7842271515903727,0.00015418695457928002,0.003705803701439937,,SERBP1
ENSG00000204161,8.012329312794144,-0.6159221583814909,0.1629789870353042,-3.779150733389152,0.0001573641488863033,0.0037659334514593443,,TMEM273
ENSG00000153064,253.94863170947028,-0.14782145467250535,0.039166172115047214,-3.7742124565630952,0.00016051392670953158,0.0038248959629587527,,BANK1
ENSG00000034713,103.91396204966674,0.1716883440242638,0.04552273144914118,3.771485993015976,0.00016227826860027548,0.00385048351368143,,GABARAPL2
ENSG00000075785,52.90588036360295,0.16634807176673405,0.04413680490952013,3.768919660309472,0.00016395564481046536,0.0038737994723015033,,RAB7A
ENSG00000239713,31.752758692498738,0.2884605011243473,0.07672381927551787,3.7597255174234188,0.00017009988246094465,0.004002012424481971,,APOBEC3G
ENSG00000117394,16.911235260559508,-0.32983960223431075,0.08809467924728438,-3.7441489662325824,0.00018100624398751584,0.004240717716278942,,SLC2A1
ENSG00000134333,65.60287371187867,0.16713600044153887,0.04477663193587497,3.7326612837002986,0.00018946730187092072,0.00441875088655064,,LDHA
ENSG00000145050,15.539288186665463,0.2652682477321546,0.07108504966514724,3.731702361913306,0.0001901901385889802,0.00441875088655064,,MANF
ENSG00000140398,20.94956338726465,0.5293583500808141,0.1419966231195564,3.72796435894896,0.0001930326685790578,0.0044661832365013535,,NEIL1
ENSG00000026025,177.47147008821227,0.1888037384865828,0.05081224798129754,3.715713159474381,0.0002026313551429579,0.0046688943647815425,,VIM
ENSG00000124562,48.52182655912246,0.19629522647048284,0.05294237548338218,3.707714749824495,0.00020913804249588188,0.004798986522456944,,SNRPC
ENSG00000102524,7.622337968347464,0.3966716251351373,0.10721398698954565,3.699812275182122,0.0002157590059517241,0.004899427074241288,,TNFSF13B
ENSG00000125245,20.946435352239654,0.38857962968892285,0.10502997731257939,3.6997021196383986,0.00021585267386351297,0.004899427074241288,,GPR18
ENSG00000255760,19.401400639131246,0.41645892513714683,0.11257620201705286,3.699351352020761,0.00021615119445182152,0.004899427074241288,,LINC02422
ENSG00000158481,25.72445691487518,-0.4800912991862398,0.12985235145965432,-3.6972091285956123,0.00021798276213178637,0.004920938792092473,,CD1C
ENSG00000161970,4534.440805241048,-0.10037302408332156,0.027178149210300286,-3.6931515574018943,0.00022149192773717794,0.00497999592363913,,RPL26
ENSG00000112110,23.422340047919068,0.2754515421671541,0.07461491574799788,3.6916418038647345,0.00022281111378994397,0.004989537230894489,,MRPL18
ENSG00000147789,9.151384913501206,-0.3696086215738377,0.10016459845630649,-3.690012512105935,0.00022424302231018284,0.005001516369606318,,ZNF7
ENSG00000168003,24.36978397880724,-0.2839250349726431,0.07713034204462518,-3.6811069087230686,0.0002322236015168968,0.005158284907568295,,SLC3A2
ENSG00000167658,563.09442348554,-0.20074389718318708,0.054548155902705744,-3.680122524054559,0.00023312191476097745,0.005158284907568295,,EEF2
ENSG00000198712,4219.532360253473,-0.18057599477560277,0.04908801415585978,-3.678616824918897,0.00023450227132046692,0.005168318833529343,,MT-CO2
ENSG00000156482,3877.6107102744904,-0.11420879067014184,0.03112287745285714,-3.6696089827535294,0.00024292175847511206,0.00533280206794183,,RPL30
ENSG00000100721,283.5052255180797,0.5754561199681265,0.15729910548259984,3.6583559595116864,0.000253838336268043,0.005550598286394541,,TCL1A
ENSG00000163319,33.4141312405432,0.267672139623516,0.07320389763726626,3.6565285218809294,0.00025565397724443815,0.005568463191855419,,MRPS18C
ENSG00000028116,13.123990746891847,0.35516595707981674,0.09719859498975915,3.654023570168242,0.00025816255291407134,0.005601223327038373,,VRK2
ENSG00000172053,29.723167457031344,-0.2046806976879186,0.05612092588887871,-3.647136864655319,0.00026517869242183295,0.005731148794357134,,QARS1
ENSG00000026297,199.67713913707456,-0.11816566026517344,0.032478962706966055,-3.6382214952889917,0.0002745272815577084,0.005896771029741413,,RNASET2
ENSG00000113460,26.29818096566481,-0.24218821113976316,0.06657512170620854,-3.6378185263937364,0.00027495704227632127,0.005896771029741413,,BRIX1
ENSG00000105193,2919.9205193590165,-0.11528792478280285,0.03172532838020344,-3.633939526209675,0.00027912631192506893,0.005963250250169289,,RPS16
ENSG00000177954,15464.251612175789,-0.14714759853428827,0.04053941659342584,-3.629741394900853,0.0002837053081650613,0.006034098012239779,,RPS27
ENSG00000079950,96.72037847152407,0.317547107134987,0.08750452014798878,3.6289223299316102,0.00028460684670356205,0.006034098012239779,,STX7
ENSG00000119471,9.878214960725595,0.36895447665030806,0.10172561372015292,3.6269574904242066,0.0002867804851200807,0.006057151458445341,,HSDL2
ENSG00000155307,17.694642970270486,-0.40126421865848017,0.11075931129775622,-3.6228486251576126,0.00029137635605007065,0.006130998344661109,,SAMSN1
ENSG00000177383,12.234653726880879,0.36671514183716925,0.10126184042682612,3.62145444218116,0.00029295139910005786,0.0061409661706087314,,MAGEF1
ENSG00000197451,19.502864387743003,0.2539223854147898,0.0701509223244021,3.6196585447667373,0.0002949920233004624,0.006160582479113777,,HNRNPAB
ENSG00000173207,21.280489197041664,0.27351522437252385,0.07566422219811512,3.6148554287172385,0.0003005152728452502,0.0062229305632620375,,CKS1B
ENSG00000025708,59.084834961553646,0.24063726815197295,0.06658409169411002,3.6140354554578917,0.0003014678090024307,0.0062229305632620375,,TYMP
ENSG00000167641,58.16501098781141,0.3577774259491946,0.09900540379923832,3.6137161429560987,0.00030183950826160715,0.0062229305632620375,,PPP1R14A
ENSG00000204592,570.1256040850458,0.11715760347264541,0.03242489002626388,3.613199717184816,0.000302441567906028,0.0062229305632620375,,HLA-E
ENSG00000006451,13.836317528594666,0.2802332451767167,0.07772593590254005,3.6054020054271074,0.00031167008495597574,0.0063892367415975026,,RALA
ENSG00000068784,7.941241011119799,0.4225263849973102,0.11746113798962128,3.5971589602226066,0.00032171189211575293,0.006570935935668272,,SRBD1
ENSG00000173486,29.39300549359104,0.24027801018288242,0.06685042877932001,3.5942628128244962,0.00032531134218782295,0.006600572470586515,,FKBP2
ENSG00000164054,34.15334072465792,0.2551072748863122,0.07097970546416403,3.5940875383754562,0.0003255303854754827,0.006600572470586515,,SHISA5
ENSG00000132185,87.48838212131709,0.2617412748902613,0.07287239577399438,3.5917753507380596,0.0003284329146966442,0.0066352968563351015,,FCRLA
ENSG00000124508,13.753213363311461,0.33311631302896894,0.09286195372413557,3.5872205964840616,0.0003342215578818588,0.006727867894401605,,BTN2A2
ENSG00000051523,851.4779106120544,0.10899402363338329,0.030399401608005455,3.585400299612494,0.00033656156472343287,0.006750601744236913,,CYBA
ENSG00000173451,11.787541916997155,0.36126301427100144,0.10081201495784281,3.583531332272974,0.00033898008068112905,0.006774741684150451,,THAP2
ENSG00000153487,7.53065796819188,-0.35368497728249776,0.09896147981800645,-3.5739661324076457,0.00035161442937476744,0.007002150207834654,,ING1
ENSG00000100027,8.11966252799434,0.4100805613127853,0.11480416192404963,3.5720008267999908,0.00035426429281296975,0.00702981386734918,,YPEL1
ENSG00000138756,14.390497314282358,0.34373380608436094,0.09639937830427954,3.5657263784355884,0.00036284979546668107,0.007174647019582318,,BMP2K
ENSG00000186470,29.644889580445415,0.3520419996558753,0.09881180791319367,3.5627523379103105,0.0003669868687974918,0.007230808411359768,,BTN3A2
ENSG00000132965,75.05115381604315,0.23316468699253975,0.0655273113022418,3.5582825292049294,0.00037328767165143985,0.007325316993982108,,ALOX5AP
ENSG00000184897,49.15824229559202,0.373815739596404,0.10507841585214184,3.5574931023171152,0.0003744109295704628,0.007325316993982108,,H1-10
ENSG00000088986,79.79177878330601,0.3031322148634372,0.08527160163782951,3.5549023243508184,0.0003781195290222244,0.0073720087196780535,,DYNLL1
ENSG00000197111,209.13741294281144,-0.1300796444306923,0.03662755238387336,-3.5514151496501505,0.0003831655155398609,0.007444358587631582,,PCBP2
ENSG00000134905,10.172324970375453,-0.33364867766818157,0.09451058412948755,-3.5302784417357365,0.00041512253665508205,0.008037233556905339,,CARS2
ENSG00000101132,46.79305649325371,-0.1858234404175976,0.05266323238207849,-3.5285232602021988,0.0004178852201910519,0.008062726601333236,,PFDN4
ENSG00000093010,15.68705176440489,0.2604825424757069,0.07388881876281697,3.5253309883306643,0.0004229539698029801,0.00813238391593592,,COMT
ENSG00000060138,81.00820043046114,0.4033647458801277,0.11451709504224382,3.522310321715128,0.00042780305371642604,0.008197353359184851,,YBX3
ENSG00000145425,4096.844716136294,-0.17408442540999494,0.04949721844550397,-3.517054712916049,0.0004363638256950372,0.008332755794779203,,RPS3A
ENSG00000215039,8.364719371143547,0.40448694166812477,0.11518689460198524,3.5115708524462077,0.0004454667007128074,0.008477550591039638,,CD27-AS1
ENSG00000011007,17.760605972655057,-0.34797388896961606,0.09916163597174595,-3.5091584115127348,0.00044952707767725614,0.008525724439212177,,ELOA
ENSG00000129518,76.47005057271838,-0.18413116782668074,0.052557210548914345,-3.503442551527961,0.000459285712656985,0.008681278419577452,,EAPP
ENSG00000197381,13.198895923280299,0.40001948521086694,0.11467144335369242,3.488396705507992,0.00048592653421974106,0.009132161463229186,,ADARB1
ENSG00000168906,14.916281512756488,0.31517892834400496,0.09035761805461158,3.4881278981204744,0.00048641534336066496,0.009132161463229186,,MAT2A
ENSG00000166501,121.6618910014877,-0.1845504043789144,0.05294522713659257,-3.4856853839307496,0.000490877961644389,0.00918501850378897,,PRKCB
ENSG00000117616,128.55280190400734,0.176827007538698,0.050758394140958674,3.4836998004239517,0.0004945338435621971,0.00922247729666492,,RSRP1
ENSG00000205544,75.81870306582032,-0.15783966424824614,0.04535450742199011,-3.480131815337887,0.000501167140889423,0.009315026591998076,,TMEM256
ENSG00000135940,200.6302694966459,0.10659542326757633,0.030646444234145746,3.4782313554278352,0.0005047340850801162,0.009350157004673515,,COX5B
ENSG00000167004,73.80574562959532,0.1642655655469219,0.0472560016608826,3.476078376789483,0.0005088035657160422,0.009394333385538581,,PDIA3
ENSG00000054277,20.681644093498765,0.2743794612212696,0.07914014025107087,3.467007517939759,0.0005262871700736337,0.009685073466437563,,OPN3
ENSG00000168118,28.300193501975684,-0.19399030909954157,0.05599559539236094,-3.4643851492291877,0.0005314450186005712,0.009747820472752583,,RAB4A
ENSG00000141959,23.655357006419774,0.23630808455852223,0.06850995767755141,3.4492516499678563,0.0005621425569554658,0.010246094129203194,,PFKL
ENSG00000162704,106.61377208845771,0.18697014556729663,0.05420708312807754,3.44918292551425,0.0005622856534318826,0.010246094129203194,,ARPC5
ENSG00000197329,33.367423286061985,-0.4512173147174065,0.1310343736543117,-3.4435034268777853,0.0005742293166393764,0.010429650389515188,,PELI1
ENSG00000166710,8441.406327607889,0.11257534020456844,0.032716843974297645,3.4408985259399607,0.0005797859246906419,0.010496384143100711,,B2M
ENSG00000165410,8.479425234437045,-0.36501090132143177,0.10611390206327512,-3.4398028366139792,0.0005821381027906097,0.010504861039354175,,CFL2
ENSG00000170473,24.978753331496367,-0.199199548940548,0.05798644423126755,-3.4352778753958373,0.000591946514070065,0.010593257362407918,,PYM1
ENSG00000128340,159.55132148293367,0.16366711723094132,0.047646716973221204,3.435013525127594,0.0005925242552392388,0.010593257362407918,,RAC2
ENSG00000174500,7.162768797990851,0.4201158367899906,0.12230743192570935,3.434916670028464,0.000592736064754532,0.010593257362407918,,GCSAM
ENSG00000204642,85.6443160189074,0.18576362202242241,0.05427478079496865,3.4226508021132895,0.0006201368820199103,0.011047550332725304,,HLA-F
ENSG00000254999,129.7838402661285,0.1527426246313493,0.044639123146509516,3.421720989680613,0.0006222613337520541,0.011050092984081064,,BRK1
ENSG00000230989,26.94360861310158,0.24292382682561867,0.07106460735084298,3.4183517770852365,0.0006300162238105319,0.011152287187198495,,HSBP1
ENSG00000164985,76.64545623149355,-0.18167336886310598,0.05317227431830436,-3.4166935906400675,0.0006338657843828423,0.011184922828223825,,PSIP1
ENSG00000204267,19.09347953173428,0.2545328158931852,0.07465964463664886,3.409242263768295,0.0006514360082647417,0.011458697735281386,,TAP2
ENSG00000110200,21.069838982852474,-0.20826780884564297,0.0612529386401659,-3.4001276260250117,0.0006735440731169113,0.011810319973899048,,ANAPC15
ENSG00000183011,66.41898193406061,0.17342014926930663,0.05114485079147294,3.3907645947853635,0.0006969793941497114,0.012175876629367121,,NAA38
ENSG00000172725,20.24217409496203,-0.39207370763601335,0.11565372367475542,-3.390065578334631,0.0006987590605088735,0.012175876629367121,,CORO1B
ENSG00000118640,100.89280364628094,0.15899427947514716,0.046930105352483285,3.3878952173870207,0.0007043116556126511,0.01221489961271073,,VAMP8
ENSG00000165312,12.652282390819027,0.33502052971544166,0.09889964673347332,3.3874795389137775,0.000705379783947786,0.01221489961271073,,OTUD1
ENSG00000117450,66.47507767950063,0.21608701458559224,0.06382491931007069,3.385621430021874,0.0007101728130220246,0.012259825403748635,,PRDX1
ENSG00000111276,34.43168393107107,0.22864459514794158,0.06773104971623208,3.3757722064825133,0.0007360883640679144,0.012667989870502131,,CDKN1B
ENSG00000150779,21.52453300715236,0.2590228495669805,0.07675153151888595,3.3748232047101734,0.0007386312570515557,0.012672639659444538,,TIMM8B
ENSG00000147677,230.1905344134856,-0.09675319926556607,0.0286959982169359,-3.3716617395265915,0.0007471615307415861,0.012779670844831545,,EIF3H
ENSG00000198899,2274.889109507738,-0.22892795066727128,0.0679194541422468,-3.3705799547183797,0.000750101352126445,0.012790719080908432,,MT-ATP6
ENSG00000103811,67.97172360361311,-0.24347535954872057,0.07231793231660506,-3.3667356318042256,0.0007606356892784145,0.012930806717733046,,CTSH
ENSG00000136560,52.4902556744257,-0.17606573124038563,0.0523702022896757,-3.361944837763122,0.000773955831667897,0.013117257499635849,,TANK
ENSG00000146232,10.076447944798916,-0.37832123751217267,0.1125973539610789,-3.3599478513762016,0.0007795718599869094,0.013172402094809113,,NFKBIE
ENSG00000169612,34.6865964205849,-0.22589150195632204,0.06737772945700936,-3.352613746066541,0.0008005233959654643,0.013485554247442383,,RAMAC
ENSG00000059378,10.276541788131967,0.3250968671976483,0.09709607719338648,3.348197750050727,0.0008133895005690119,0.013661023660159066,,PARP12
ENSG00000211450,155.30258971920435,0.13234787954162242,0.03956880781479123,3.3447527699368638,0.0008235594655709042,0.013790293033103187,,SELENOH
ENSG00000126653,43.27714542994309,-0.1901208209149191,0.056872817188693775,-3.3429119623902657,0.0008290419714666595,0.013840533032629021,,NSRP1
ENSG00000188243,537.5668752830653,-0.1174126033132077,0.035161317713746906,-3.339254924092429,0.0008400343691456643,0.013959692765220579,,COMMD6
ENSG00000169740,16.60949561066092,-0.2246763425569644,0.06729104860181308,-3.3388741478299795,0.0008411866515627896,0.013959692765220579,,ZNF32
ENSG00000169554,44.75764087393529,0.2312437649387705,0.06935972375413098,3.333977594237433,0.0008561355387398584,0.014133874671733689,,ZEB2
ENSG00000111653,20.628209647009562,0.2621382394699332,0.07863099782210312,3.33377734901701,0.0008567520873468413,0.014133874671733689,,ING4
ENSG00000198856,37.99922267605572,0.19977020594002992,0.0600007286011218,3.329463001492534,0.0008701362399470167,0.014312329421665384,,OSTC
ENSG00000050130,12.97413886249965,0.28921882612971084,0.08707994539301697,3.321302336885751,0.0008959842211242914,0.014694141226438378,,JKAMP
ENSG00000152689,35.84651069818508,0.23531771535895327,0.07087995576577141,3.319947266002533,0.0009003445344687666,0.014722349337823586,,RASGRP3
ENSG00000107201,9.980845781010979,0.390989540483664,0.1178327790072601,3.3181729547393073,0.0009060836066650048,0.01477287190281891,,RIGI
ENSG00000247271,13.88296802196672,0.26283525541170616,0.07923573254163059,3.317130377681712,0.0009094716537643674,0.014784880295597998,,ZBED5-AS1
ENSG00000004534,47.976215720906,0.1798578377584195,0.05426074650916294,3.3146952323637335,0.0009174308973173809,0.014870914777446847,,RBM6
ENSG00000133997,26.875698772186396,-0.21028694570253473,0.06346823856529873,-3.313262672103037,0.0009221433087927747,0.014903974173415978,,MED6
ENSG00000136942,3203.535014510126,-0.09028745927874642,0.02729694391086084,-3.30760320912053,0.0009409803102527461,0.01516446881494021,,RPL35
ENSG00000133818,37.76231747988498,-0.20811592488395375,0.06297876661678636,-3.304541134479482,0.0009513201448933901,0.015286919677018855,,RRAS2
ENSG00000170606,52.416218797700054,0.3252001903648261,0.0984452317390603,3.30336152010698,0.0009553314028491441,0.01530038101566983,,HSPA4
ENSG00000069493,57.43404354057844,0.2814024773715587,0.08521760943579797,3.3021634757727427,0.0009594213619322767,0.01530038101566983,,CLEC2D
ENSG00000172264,27.866457240478415,0.48290541557041894,0.14625163317552894,3.3018804992819693,0.0009603897696349428,0.01530038101566983,,MACROD2
ENSG00000198786,694.5640200011011,-0.18618374782351949,0.05647292310986425,-3.296867552991929,0.000977695948877737,0.015531716840291343,,MT-ND5
ENSG00000166925,28.408377965975923,0.21059611204919962,0.06391344814861255,3.295020346258244,0.000984145539720054,0.01558976002692904,,TSC22D4
ENSG00000198763,2361.2219500806573,-0.1770049784380707,0.053771729878615254,-3.291785085539245,0.0009955365789512123,0.0157255296437166,,MT-ND2
ENSG00000102409,28.17533053425071,0.23097027964981165,0.07025470709132392,3.287612876238655,0.0010104067470019158,0.015915333393453905,,BEX4
ENSG00000241468,132.62910591392773,0.14004107876763106,0.042622254005420725,3.285632870326861,0.001017535386499022,0.01596946221875594,,ATP5MF
ENSG00000142512,10.615819219114385,-0.3143661619299455,0.09569542856396412,-3.2850697953645596,0.0010195711172663407,0.01596946221875594,,SIGLEC10
ENSG00000165175,14.849678945391378,0.4224890557667883,0.1286893873657431,3.283013964205523,0.0010270357806586208,0.016041320764572743,,MID1IP1
ENSG00000179344,730.2511949306856,0.22685103236162563,0.0691462908170413,3.280740437138785,0.0010353497690957407,0.016112398741184697,,HLA-DQB1
ENSG00000154832,15.156864739386524,0.2650265952844498,0.08079606886644604,3.280191709853265,0.001037365700876131,0.016112398741184697,,CXXC1
ENSG00000184220,19.249480710803994,0.2557626498655177,0.07804271004164928,3.277213845201225,0.001048369362156106,0.016238076564951243,,CMSS1
ENSG00000213402,431.8914437924732,0.12786768173906365,0.03903826514679698,3.275444778558634,0.0010549573660454594,0.016294853942020723,,PTPRCAP
ENSG00000169871,9.134504728650452,0.35871089322644417,0.10958035781949826,3.2734962758318047,0.001062257904401496,0.016362293024703704,,TRIM56
ENSG00000170476,50.219600435091024,0.25265314605163347,0.07726702651170102,3.269870182119312,0.0010759685094414737,0.016527824817205668,,MZB1
ENSG00000197958,4078.267755068655,-0.1104603138051626,0.03379218549071758,-3.2688123659686075,0.0010799989461831461,0.016544159681091273,,RPL12
ENSG00000173801,7.40483051212406,0.509360198263709,0.15587230214574982,3.26780442228554,0.0010838523495713352,0.01655770055125963,,JUP
ENSG00000113732,159.08401836960445,0.17072601622385913,0.05244444703805206,3.2553687924287895,0.0011324520883898813,0.01723508005976902,,ATP6V0E1
ENSG00000105926,12.726318223808166,0.4062436618786096,0.12481037321748147,3.2548870050306795,0.0011343748891562465,0.01723508005976902,,PALS2
ENSG00000111906,32.1454886595525,0.18113082599382524,0.05571509521412584,3.251018871953787,0.0011499222432818051,0.017423821816683005,,HDDC2
ENSG00000152558,96.87740455674628,0.2659474035181143,0.08182787766799833,3.2500831146708626,0.0011537128430094033,0.01743388296103098,,TMEM123
ENSG00000198886,2992.26971968403,-0.17506786331388904,0.0539493366738447,-3.24504199879744,0.0011743330231766206,0.01764448478658945,,MT-ND4
ENSG00000135900,22.039764746127062,0.2765288639972667,0.08522739748442215,3.244600588065717,0.0011761546899982148,0.01764448478658945,,MRPL44
ENSG00000105617,25.183465197395726,-0.2580023639220709,0.07952331157796978,-3.244361418086931,0.0011771428157480767,0.01764448478658945,,LENG1
ENSG00000118217,14.712090941306002,-0.26293983406638627,0.08117344264070651,-3.239234723975207,0.0011985089680607256,0.017915602112067965,,ATF6
ENSG00000166794,103.24623940041556,0.11712496202774576,0.03616739693284098,3.238412823716188,0.0012019674793862748,0.017915602112067965,,PPIB
ENSG00000112306,5681.90588655475,-0.1028303279586375,0.0317600569801031,-3.2377249204262513,0.0012048692238209265,0.017915602112067965,,RPS12
ENSG00000115268,4605.813806788849,-0.06880053682286576,0.021254982867551217,-3.2369133041221905,0.0012083011411282989,0.017918848837583497,,RPS15
ENSG00000092094,21.093035002963827,0.22448196621758068,0.06950621908607398,3.2296673473144955,0.0012393432637103595,0.018313464105312604,,OSGEP
ENSG00000231500,8776.205931262502,-0.1300856019646732,0.040284470847538105,-3.2291748961280713,0.0012414794533371887,0.018313464105312604,,RPS18
ENSG00000140391,31.733718875643252,0.2472056999840962,0.07660533663858364,3.2270036374931435,0.0012509386989514293,0.018404311834704933,,TSPAN3
ENSG00000102401,15.811475244485296,0.23878287904199377,0.07414191527619056,3.22061924287347,0.0012791396710798964,0.018769691594582902,,ARMCX3
ENSG00000070423,38.1587674529551,-0.18804875262790802,0.058411851436668515,-3.219359564929984,0.0012847727420172061,0.01880286826637255,,RNF126
ENSG00000135365,12.813501340975405,0.28791884412600505,0.08951902165108981,3.2162867602396314,0.0012986100078906837,0.018955626712037835,,PHF21A
ENSG00000116731,89.35713323670112,-0.2083993186692293,0.06481308379361808,-3.215389647757351,0.0013026756940920186,0.01896532550980965,,PRDM2
ENSG00000171262,10.784784951736604,-0.33313498452723816,0.10370044646037134,-3.212473966103359,0.0013159707474380959,0.01907902104229965,,FAM98B
ENSG00000198586,52.97192658423786,-0.2343918084060307,0.07296975012227688,-3.2121777587734037,0.00131732838975706,0.01907902104229965,,TLK1
ENSG00000082512,37.9723587564729,-0.20401051044666213,0.06355729236413975,-3.2098678665828255,0.001327960015259663,0.019183173691937516,,TRAF5
ENSG00000143870,49.16846994328632,0.15938075798900492,0.04971728960770457,3.2057410861815376,0.001347151434762207,0.019410119897245646,,PDIA6
ENSG00000145494,50.96417931127436,0.1623545423185983,0.05073292627289857,3.2001809129888055,0.0013734135004401344,0.019737509480552036,,NDUFS6
ENSG00000150753,25.944259317869708,0.23712379563366454,0.07418362498098437,3.196443901123016,0.0013913287896812972,0.01986150145345867,,CCT5
ENSG00000106588,76.93621500365973,0.15402950351600367,0.04819093918737692,3.1962336927508974,0.0013923429054803216,0.01986150145345867,,PSMA2
ENSG00000170142,24.377314657088736,0.21172107484253805,0.06624244969380415,3.1961540646698174,0.0013927272360656994,0.01986150145345867,,UBE2E1
ENSG00000121310,8.070129268172217,-0.3496424650603764,0.1094839564722321,-3.193549779588524,0.001405351053757836,0.019990401723861465,,ECHDC2
ENSG00000148908,29.404555734056768,-0.20439828576601107,0.06407317665986276,-3.190075729366044,0.0014223551682063117,0.020180794956535353,,RGS10
ENSG00000204525,957.2337915766506,0.22722150476089853,0.07126355766818464,3.1884670397579766,0.001430293148506502,0.0202419152184575,,HLA-C
ENSG00000137818,7258.129518559148,-0.09501075882517629,0.029845548887011044,-3.1834146922499897,0.0014554899496047548,0.020546359389863576,,RPLP1
ENSG00000181163,562.7479847520563,-0.09241539857122524,0.02906809500124934,-3.1792726206259214,0.0014764515617402994,0.02078963108147452,,NPM1
ENSG00000130511,41.660192601979084,-0.1694564560916645,0.053403942060610776,-3.1731076312557596,0.0015081660263265146,0.02116628983696936,,SSBP4
ENSG00000163399,20.00621750500833,-0.26349254978937103,0.08305912830606159,-3.1723490862850956,0.0015121112605761986,0.02116628983696936,,ATP1A1
ENSG00000165629,65.63085056131177,0.14118502180150144,0.04451155391341004,3.1718735786253127,0.0015145892476597514,0.02116628983696936,,ATP5F1C
ENSG00000137720,8.723223471940651,0.3176904885012952,0.10033109123298563,3.166421142211686,0.0015432718339657165,0.021513209365482087,,CFAP68
ENSG00000122565,86.27737130671116,0.1495407593819773,0.0473250603124155,3.1598641057145365,0.0015784274077371657,0.02194840704624049,,CBX3
ENSG00000150316,66.03467213487208,-0.16153146044989183,0.051230249415702,-3.15304848780187,0.001615749663899084,0.022315041119767565,,CWC15
ENSG00000112514,128.66751173952994,-0.11853869993638995,0.03759641512210024,-3.152925606109438,0.0016164299560333844,0.022315041119767565,,CUTA
ENSG00000106400,48.03534864119703,0.15471897515648594,0.049079057563745185,3.1524438902587493,0.001619099353000511,0.022315041119767565,,ZNHIT1
ENSG00000225889,8.49449725797346,-0.37677453719912257,0.11952987269049173,-3.1521370241457136,0.001620801946468053,0.022315041119767565,,ENSG00000225889
ENSG00000117602,19.24853885191485,-0.23588987645586865,0.07485343587072153,-3.1513566974169525,0.001625138879622118,0.022319641361509678,,RCAN3
ENSG00000134001,13.172618007065855,0.2690702585165659,0.08540401555784528,3.1505574621877233,0.0016295919727186525,0.022325810417393628,,EIF2S1
ENSG00000198258,171.62542720335728,0.1271181621496693,0.04035762590629287,3.149792865537417,0.0016338625778045113,0.022329455229994986,,UBL5
ENSG00000167106,8.738954453977327,-0.3819086912926763,0.12133036873945657,-3.1476760126954084,0.001645739910687869,0.02243678665524586,,EEIG1
ENSG00000196465,14.218010268684086,-0.23905671111059343,0.07598692547140998,-3.1460242617730114,0.0016550627565829503,0.022487159118492833,,MYL6B
ENSG00000070756,564.4851025091926,-0.1678741566635851,0.05337899464087296,-3.1449478918256317,0.0016611641504381863,0.022487159118492833,,PABPC1
ENSG00000196151,7.432169020989745,0.39587122850567,0.12590166768572603,3.144288997774344,0.0016649092903506958,0.022487159118492833,,WDSUB1
ENSG00000086730,56.23355683607889,0.2191465274053022,0.06969924588377326,3.1441735793058543,0.0016655661255268184,0.022487159118492833,,LAT2
ENSG00000169567,506.67186776251043,-0.10277660145434173,0.03270392351859466,-3.1426382646689297,0.0016743261591099612,0.02255082768888199,,HINT1
ENSG00000147457,23.31203532524927,-0.28543687579137733,0.09086685246641782,-3.1412651373268146,0.0016821966878739212,0.0226022379074337,,CHMP7
ENSG00000183617,75.69759116960766,-0.17261561250708274,0.05503655745213867,-3.1363809892578063,0.0017104684212998044,0.022926855570114684,,MRPL54
ENSG00000269404,64.61803464220485,0.22451780866307963,0.07177810031290623,3.1279430311519363,0.0017603429778072597,0.023538782839935924,,SPIB
ENSG00000254505,77.29875646898729,0.13202835112972927,0.0422193485061712,3.1272001061416352,0.0017647976434330634,0.02354189392292527,,CHMP4A
ENSG00000120533,69.46515607275585,0.11920742695137013,0.03817432539906562,3.1227120769051733,0.0017919295304364292,0.023846775803612243,,ENY2
ENSG00000118971,7.766262334153629,0.34537407327105435,0.11069579099582415,3.1200289565127473,0.001808332625499296,0.024007768380438273,,CCND2
ENSG00000138801,8.500100767109533,-0.3531523424561682,0.11345903240237465,-3.1125978688390163,0.0018544851455245402,0.024562017034310775,,PAPSS1
ENSG00000173064,9.6670392515078,0.4055090498547594,0.1303581536482768,3.1107302344038668,0.0018662534661122835,0.02465931120152155,,HECTD4
ENSG00000176209,27.83505462630616,-0.1801940004080529,0.05798799948233813,-3.107436056022867,0.0018871780687533543,0.024876843762100954,,SMIM19
ENSG00000272449,11.612278532115623,0.3122640102249642,0.1005709562957862,3.1049124093696983,0.0019033537988945213,0.025030898072254365,,ENSG00000272449
ENSG00000166669,66.84540350794443,-0.21123490472291664,0.06805095156866751,-3.104069816125464,0.0019087828300849903,0.02504323073071507,,ATF7IP2
ENSG00000131323,15.817159416300107,-0.24962568399289242,0.08052329215227988,-3.100043196455731,0.0019349242153230437,0.02532661367286688,,TRAF3
ENSG00000197043,81.495156007327,0.18525072649749344,0.05982099083823263,3.0967512222999907,0.0019565399738099877,0.025538210820027035,,ANXA6
ENSG00000255198,79.92480104623527,-0.23711689865484242,0.07658345662461302,-3.096189557192641,0.001960250041422448,0.025538210820027035,,SNHG9
ENSG00000140332,15.60776410335376,-0.30464824046353317,0.09846188426574726,-3.0940728255950476,0.0019742901787810846,0.025634166724495266,,TLE3
ENSG00000250850,20.18822854342676,-0.30108392975595843,0.09732180661793648,-3.093694416688607,0.001976809844249097,0.025634166724495266,,ENSG00000250850
ENSG00000198356,22.783412217131037,0.197654622651608,0.06392394066372613,3.0920281290444254,0.0019879401059165066,0.0257008360081703,,GET3
ENSG00000170043,126.00170302008314,0.12844463223639235,0.041547051607538424,3.0915462654174712,0.0019911695042197936,0.0257008360081703,,TRAPPC1
ENSG00000074201,52.81703991515175,0.15600079255631366,0.050535340090341725,3.0869643357981165,0.002022118559273207,0.026040030222880838,,CLNS1A
ENSG00000111880,30.29326822762278,0.37088366533578787,0.12035341084809245,3.0816215570650463,0.002058763978785233,0.026450847801166955,,RNGTT
ENSG00000198189,67.1221785451502,-0.15745803922349383,0.05113158283671081,-3.079467336779649,0.002073711079736893,0.026581639035891762,,HSD17B11
ENSG00000146834,9.921795807487516,0.3493785862919455,0.11368547906899094,3.0732032723363227,0.0021177417990978355,0.027083780439838372,,MEPCE
ENSG00000063322,10.53798495430507,0.28184282851972026,0.0917401120550466,3.072187532871191,0.002124961782506605,0.027113928831251327,,MED29
ENSG00000198087,15.320380605434611,0.32165359844571184,0.10475754306266576,3.070457640012608,0.002137310018742685,0.027193060526551637,,CD2AP
ENSG00000204308,18.01330968283817,0.25638463208826545,0.08351415947823979,3.069954049589259,0.002140917067997878,0.027193060526551637,,RNF5
ENSG00000139726,45.19640223839022,0.18084988047552583,0.059011373669196364,3.0646614242421637,0.002179165393111124,0.027615968709062792,,DENR
ENSG00000241106,88.42409779203582,0.17054445586804345,0.05568652915949961,3.0625800968769865,0.00219437740245317,0.02774568797296797,,HLA-DOB
ENSG00000198918,7002.125260837105,-0.14679924604614547,0.04797553615411925,-3.0598771335157045,0.002214278101712385,0.027933969898525472,,RPL39
ENSG00000204852,12.751905519509336,-0.3627248894051693,0.11866400213121442,-3.0567390522028832,0.0022375897864243765,0.028160800262980266,,TCTN1
ENSG00000089157,1238.605973070855,-0.0961867212310664,0.03147367528071298,-3.056100705531822,0.002242359274885803,0.028160800262980266,,RPLP0
ENSG00000138639,68.43252790211679,-0.3895123137145835,0.1274956738926266,-3.0551021993312517,0.0022498384255528418,0.028191233844680103,,ARHGAP24
ENSG00000100632,117.64046153468794,0.1278520265095111,0.0418724942036343,3.0533654357378657,0.002262901849296431,0.02820026729362137,,ERH
ENSG00000233184,11.46743329048291,0.2680215569678993,0.08778311022568847,3.0532246610859626,0.002263963753512067,0.02820026729362137,,DPH5-DT
ENSG00000086598,72.55605930105699,-0.15680872892796813,0.0513707047555876,-3.0524932385887116,0.002269488438408274,0.02820026729362137,,TMED2
ENSG00000144744,17.709217333639636,0.21647819170894014,0.07093179491573856,3.051920397137833,0.0022738239278561408,0.02820026729362137,,UBA3
ENSG00000119013,45.408995670389814,0.19946806351392452,0.06536392936394332,3.051653495359736,0.002275846535532571,0.02820026729362137,,NDUFB3
ENSG00000096093,12.416384022453741,-0.2688126235165754,0.08818722896048038,-3.048203540186519,0.002302139392377925,0.02846281430576344,,EFHC1
ENSG00000071073,21.1818996049978,-0.2980151787272244,0.09779195399358877,-3.0474406794935525,0.002307990754516429,0.028472027538016833,,MGAT4A
ENSG00000203668,7.696654878977611,0.41834607147482666,0.1375778756494498,3.0407946735620333,0.0023595467747646193,0.029043781050965823,,CHML
ENSG00000127528,193.13652289866963,0.19893278635907188,0.06552805027667806,3.035841681831233,0.0023986527568502277,0.02946010522510324,,KLF2
ENSG00000122359,53.7842376216359,-0.13477694896012493,0.04444895696633621,-3.032173489744639,0.0024279961211615304,0.029754959058454274,,ANXA11
ENSG00000115825,33.687487090880666,-0.1988756240450153,0.06562402554379658,-3.0305306996488417,0.0024412436781923812,0.029851699012282275,,PRKD3
ENSG00000181817,60.8096909439764,0.20991845549200805,0.06948586912955175,3.021023671742943,0.0025192166424681034,0.03073775054354955,,LSM10
ENSG00000169764,38.490763497388016,0.1587761041585224,0.05259274925314005,3.0189732693816658,0.002536329088132241,0.030855444821334815,,UGP2
ENSG00000110848,491.8731715037124,0.3912348663392182,0.12963651304367016,3.0179372859822635,0.0025450156678832703,0.030855444821334815,,CD69
ENSG00000143198,42.81698821363814,-0.2367083499532616,0.07843520592788156,-3.017883961073637,0.0025454635254329293,0.030855444821334815,,MGST3
ENSG00000095585,56.085030422279395,0.2026583441992934,0.06718075693654052,3.016612992180575,0.0025561593111369696,0.030917883555097055,,BLNK
ENSG00000130589,7.169002261790923,0.42581847067369366,0.14121941130580493,3.015297024228496,0.0025672770806444887,0.03098514502526768,,HELZ2
ENSG00000168209,48.857400872698705,0.2831522723766147,0.09395991802305614,3.013543203678978,0.002582162724226393,0.031097493197162783,,DDIT4
ENSG00000149923,50.66873955291264,0.16319040642041074,0.05417184673346898,3.01245787730524,0.0025914139766671884,0.03114164727132811,,PPP4C
ENSG00000102738,23.244335017829037,0.23949241711738561,0.07959485594214238,3.0088931537419077,0.0026220130943665275,0.03144160218104894,,MRPS31
ENSG00000182196,155.59855805374946,-0.08870666718199231,0.02949425448065176,-3.007591435822998,0.002633268950188858,0.03150881473444865,,ARL6IP4
ENSG00000106211,70.66277812066224,0.40680465265142957,0.13542965183440667,3.0038078599569915,0.0026662364786383874,0.03183497774065877,,HSPB1
ENSG00000138744,22.642194724273143,-0.22836606369526008,0.07606986966657873,-3.0020567235912146,0.002681622027839642,0.031950265870157785,,NAAA
ENSG00000167261,21.41368875464085,-0.20091983478607814,0.06710530928353288,-2.994097440742775,0.002752580217001327,0.03272577247334627,,DPEP2
ENSG00000163512,7.795781981129811,0.3032184325184936,0.10131970562816052,2.9926896316822496,0.002765308121534969,0.03280714486314678,,AZI2
ENSG00000115541,91.37544266845117,0.15514820554613526,0.0518801651735941,2.9905110175921794,0.0027851108193846356,0.032915376977138214,,HSPE1
ENSG00000087460,96.60921150395251,0.1436442875547282,0.04803534183317678,2.990387537026264,0.0027862370755396765,0.032915376977138214,,GNAS
ENSG00000240505,39.60332605631328,-0.35500521003298274,0.11878822825002318,-2.9885554761013404,0.0028029960954211227,0.03301371672613494,,TNFRSF13B
ENSG00000169241,30.566928342592128,0.20284037163504345,0.0678808104974587,2.988184291680449,0.0028064027489576693,0.03301371672613494,,SLC50A1
ENSG00000163527,20.83093042083916,0.23373321412722484,0.07827289151646007,2.986132358200577,0.0028253032871370844,0.03316608658752923,,STT3B
ENSG00000115758,55.66908844076963,-0.20290656111597738,0.06804490486629848,-2.9819508384157305,0.002864179879091314,0.03355182144078397,,ODC1
ENSG00000023318,42.77116573594197,0.1628119774584536,0.05467973624388163,2.9775560132968164,0.0029055654696880794,0.03390074191571336,,ERP44
ENSG00000168884,18.23115961776432,0.23120969627476803,0.07765237029894001,2.977496957075168,0.0029061252933484548,0.03390074191571336,,TNIP2
ENSG00000127540,229.34049025418247,0.10590862519285697,0.0356162881795604,2.9736008609015077,0.0029432765764730905,0.0342454257502603,,UQCR11
ENSG00000077312,30.63742496080081,0.17823255545769984,0.05994812128349088,2.973113279311112,0.002947956305617816,0.0342454257502603,,SNRPA
ENSG00000117691,32.007184011394614,-0.17460319371049338,0.05876761347099836,-2.97107851413193,0.0029675590326174927,0.034349270287299796,,NENF
ENSG00000184436,12.317816885770393,-0.24703008420062272,0.08314971726036702,-2.970907085914634,0.0029692159753368906,0.034349270287299796,,THAP7
ENSG00000140299,47.342827954761326,-0.19044093634203219,0.06417972459901604,-2.967306848570551,0.003004209737722266,0.03468213974645829,,BNIP2
ENSG00000137288,20.369270615132574,0.21506397165879812,0.07249757038678857,2.9664990221243306,0.0030121131894119487,0.0347015354218203,,UQCC2
ENSG00000273015,15.139448157346065,0.2174073871708402,0.07337773141885894,2.962852393593678,0.003048026940698074,0.03504288293058239,,LINC00938
ENSG00000124256,21.111164517889847,0.26879557195272397,0.09078308836806197,2.9608551194353048,0.003067862171914175,0.035153443040335144,,ZBP1
ENSG00000166595,54.16848352742069,0.12377579238719881,0.04180745625050659,2.960615246370054,0.0030702522884941204,0.035153443040335144,,CIAO2B
ENSG00000182240,15.373681428972315,-0.28421303491772004,0.09617113529514076,-2.955284182156062,0.0031238116569895567,0.03563066058159408,,BACE2
ENSG00000163565,183.205597451908,0.1650659163391957,0.05586733242014761,2.9546052977404638,0.003130692976847951,0.03563066058159408,,IFI16
ENSG00000130921,15.12577408936414,-0.2651783220974883,0.08976200544870286,-2.954237940339159,0.003134422350727968,0.03563066058159408,,MTRFR
ENSG00000125731,9.21046873485717,-0.3105070457561377,0.10511637956304985,-2.953935885604702,0.003137491812331903,0.03563066058159408,,SH2D3A
ENSG00000167461,35.117870607274774,0.17177815255534054,0.058240988534205784,2.9494374473821425,0.003183530110340111,0.03608000791718793,,RAB8A
ENSG00000092820,205.33818491098063,-0.24848979184694708,0.08431384491498646,-2.9472003334387016,0.003206653855249061,0.03626836084557559,,EZR
ENSG00000125148,37.547836086013056,0.23659883410556007,0.08036336868711727,2.944112945622304,0.0032388177911836314,0.03655799191020229,,MT2A
ENSG00000112303,9.823778600513027,0.2802550886118913,0.09521319598250949,2.9434479718900906,0.0032457837456360225,0.03656260639528578,,VNN2
ENSG00000169926,22.62972932290531,-0.21536281742591268,0.07320234215994055,-2.942020857138208,0.0032607796393195965,0.03665747433235095,,KLF13
ENSG00000172775,31.91586505057364,0.19539847004886385,0.0664858668988006,2.9389474660273827,0.003293288898019722,0.03694844848160558,,PSME3IP1
ENSG00000178982,283.3661400258311,-0.08083817638590858,0.027519485482939313,-2.937488654576197,0.0033088227858319454,0.03703143321893598,,EIF3K
ENSG00000153048,22.458466411739824,0.1979196704950652,0.0673882224979785,2.937006841232566,0.0033139679297433744,0.03703143321893598,,CARHSP1
ENSG00000075415,95.18258405581489,-0.11794447896708912,0.04029447068807321,-2.9270636132713763,0.003421788843698722,0.038097900961025805,,SLC25A3
ENSG00000118922,13.318396753913698,-0.2600761049871532,0.08885576086462982,-2.926947025791322,0.0034230718044250233,0.038097900961025805,,KLF12
ENSG00000182809,10.449440521129635,-0.5266637330111271,0.180003508885074,-2.9258525918368834,0.0034351366231770786,0.038156019543496796,,CRIP2
ENSG00000118363,118.33926310900276,0.13037776838857099,0.04459200036078291,2.923792773002254,0.0034579486852569724,0.03833304546519459,,SPCS2
ENSG00000145592,3469.426341618018,-0.10403292806631775,0.0356172748518011,-2.920855918909725,0.003490712209029499,0.03861946682053271,,RPL37
ENSG00000138398,99.63679881307858,-0.11864042709077603,0.040647166125189566,-2.9187871726499783,0.0035139604411387935,0.03879269314943452,,PPIG
ENSG00000110057,15.344390347031025,0.24655031749758274,0.08450173105843885,2.917695465044095,0.0035262855824263846,0.03879269314943452,,UNC93B1
ENSG00000196470,9.95826182508939,-0.29720885115702905,0.10188105625256529,-2.9172140738337267,0.0035317328701571947,0.03879269314943452,,SIAH1
ENSG00000165632,26.69318640335675,-0.19615834318629463,0.06726696455026841,-2.916117064264228,0.003544174936602834,0.03879269314943452,,TAF3
ENSG00000140350,67.23689347756331,0.12806757984696576,0.04391825312841098,2.9160444854788197,0.0035449995156846877,0.03879269314943452,,ANP32A
ENSG00000126768,27.586620003597048,0.17395091650902267,0.059658641711919674,2.9157706497744083,0.003548112178301938,0.03879269314943452,,TIMM17B
ENSG00000239672,22.27916343125256,0.22062169124102535,0.07568328940726343,2.915064778088939,0.003556147218901756,0.03880445575850527,,NME1
ENSG00000125352,20.602300976616995,0.20641188676039715,0.07082758529801254,2.9142866567016674,0.003565023867755465,0.03882533805977436,,RNF113A
ENSG00000066136,15.295549421329307,0.20850257297096653,0.07169090139926358,2.9083547409979738,0.0036333592719222036,0.039492419688573505,,NFYC
ENSG00000169499,48.37340124612114,0.21886284340961062,0.07527463944683496,2.907524300587175,0.0036430203854034776,0.03952039235215913,,PLEKHA2
ENSG00000171858,2241.0063555154493,-0.1272308597222211,0.0437953770692986,-2.9051207738410447,0.003671114146030076,0.03971792585571523,,RPS21
ENSG00000078369,20.135037711330344,0.20879134325805868,0.07187930216215477,2.9047491694763496,0.0036754752047254407,0.03971792585571523,,GNB1
ENSG00000122085,26.517582773916885,-0.18925648456752373,0.06518599953584203,-2.9033302536607186,0.003692170622493164,0.0398211671006226,,MTERF4
ENSG00000113369,52.278124711013696,-0.2676329553685271,0.09220241647877388,-2.902667474340431,0.003699992695936663,0.03982849280413674,,ARRDC3
ENSG00000026508,94.44954275491008,-0.15444303119962596,0.05334238694209872,-2.895315340261553,0.00378777813408322,0.04069489571415807,,CD44
ENSG00000123395,10.475811666124796,0.28093449696637723,0.09723850134476843,2.889128206226637,0.0038631153509819426,0.04137653175382459,,ATG101
ENSG00000143753,30.710941885978045,-0.20584270350036274,0.07125325855036459,-2.8888882794723707,0.0038660640322350447,0.04137653175382459,,DEGS1
ENSG00000134825,150.89572900832837,0.12183024604213497,0.04219466133788664,2.887337928050709,0.0038851670752091945,0.0415013249259894,,TMEM258
ENSG00000198015,27.68561982569362,0.21504002559085175,0.07452239976120904,2.885575696433571,0.003906984945687192,0.041654585195318894,,MRPL42
ENSG00000114450,7.817166404157008,0.3492213424436657,0.12109882265902926,2.8837715741213064,0.003929436686392118,0.04181400565519552,,GNB4
ENSG00000132704,44.832043129828655,-0.23334555479113014,0.08132516955695479,-2.869290725889115,0.004113934704225831,0.04369390459192997,,FCRL2
ENSG00000151651,10.174623678651011,0.28420683141841047,0.09917100791402263,2.865825783124103,0.004159230693089315,0.04409100825982133,,ADAM8
ENSG00000162373,11.52418848369175,0.2767750086713868,0.09689845337679084,2.856340829250842,0.004285548215973443,0.04528686375817714,,BEND5
ENSG00000142634,16.382999111232895,0.23834008546261784,0.08344836925677725,2.856138323437172,0.00428828265141993,0.04528686375817714,,EFHD2
ENSG00000102309,35.49285107872274,0.19081544274002363,0.06684482153785372,2.8546032190686046,0.004309062669989907,0.04540944232543393,,PIN4
ENSG00000142197,19.775842431782173,0.31373608361502126,0.10992550105685107,2.8540791772489964,0.004316177265509323,0.04540944232543393,,DOP1B
ENSG00000103490,49.50995623859349,0.17868016324630684,0.06274476635525257,2.847730155446645,0.004403224242963729,0.046145851699801635,,PYCARD
ENSG00000115685,38.84839349678428,0.15021873525572746,0.052752895985719216,2.8475922022630433,0.004405133159717507,0.046145851699801635,,PPP1R7
ENSG00000065413,63.38055053704214,-0.17241954992439865,0.06055825243655567,-2.8471685193530867,0.004411000530128098,0.046145851699801635,,ANKRD44
ENSG00000156738,613.7860480100633,0.13804152532457084,0.04852952032152383,2.8444856740804547,0.004448318613695412,0.046449109719036735,,MS4A1
ENSG00000126264,58.48586599817763,0.19218447442800707,0.06759177858848758,2.8433113973529975,0.004464742508912112,0.04653346584989521,,HCST
ENSG00000125534,306.78307635381464,-0.17548331444169296,0.061745892190486845,-2.842024112313816,0.004482810100489862,0.0466346065677826,,PPDPF
ENSG00000144381,44.960439683950696,0.18682841477476225,0.065771667192956,2.840560726956472,0.004503429775962993,0.04676187044836061,,HSPD1
ENSG00000123329,26.133944316725987,0.19308598819608258,0.06800318423678937,2.8393668673477213,0.004520315332079213,0.04684995964995109,,ARHGAP9
ENSG00000114446,83.03360041760637,-0.19259451147181184,0.06788089672861204,-2.837241709428281,0.0045505148436780895,0.047075455970962944,,IFT57
ENSG00000143106,27.43495747907338,0.20504659398419572,0.07229594357238943,2.83621160264523,0.004565218815468403,0.04714011132417003,,PSMA5
ENSG00000112773,11.208727745281731,0.32139436525720017,0.11337175439342394,2.8348715866378305,0.004584410900293114,0.04725078591503587,,TENT5A
ENSG00000172354,43.44939460727452,0.13834455118363018,0.04881174693402984,2.8342470793066656,0.004593380208268911,0.047255881995032195,,GNB2
ENSG00000136930,52.20930173618527,0.12664011410236103,0.04474787816262907,2.830080873155764,0.0046536239343660715,0.047707456844820466,,PSMB7
ENSG00000231721,37.30880938052543,-0.18872943361261466,0.06668817460410613,-2.8300284830557376,0.004654386033641021,0.047707456844820466,,LINC-PINT
ENSG00000126524,100.99123338789578,-0.2280903588214566,0.08068643265333393,-2.826873754617927,0.004700485500360008,0.048069491826785805,,SBDS
ENSG00000123131,11.293636800146412,0.2256749136938349,0.0798444026684653,2.8264337405202435,0.004706948087773503,0.048069491826785805,,PRDX4
ENSG00000163110,9.184493356249853,-0.25541599737575327,0.09039581891176397,-2.825528884528019,0.004720263198068501,0.04811734477592315,,PDLIM5
ENSG00000092148,29.661105187816137,-0.18801993619170354,0.06661297783188323,-2.822572152024569,0.00476401009035814,0.04847467201430108,,HECTD1
ENSG00000145860,59.15048311761595,-0.21179018669638155,0.07507100276484073,-2.8211983175422937,0.004784461505029717,0.04859409353742387,,RNF145
ENSG00000196405,138.61515127088595,0.10843896840220399,0.03847225386212917,2.8186279075515186,0.004822939105832441,0.048895833552948534,,EVL
ENSG00000109436,15.204904776437349,-0.31980402637571975,0.11357611347204694,-2.8157683565605467,0.004866073826141176,0.0492436073585539,,TBC1D9
ENSG00000196743,8.55839912068689,0.35882117138874864,0.12749703368643012,2.8143491735756285,0.00488761073006667,0.04937195186748505,,GM2A
ENSG00000167380,11.856381350365133,0.22753397934237785,0.08092466359840576,2.8116765547711253,0.004928403469649334,0.04963260449578631,,ZNF226
ENSG00000198604,55.190392047957246,0.1535839631034479,0.054627190377031086,2.811492995400782,0.004931216443806603,0.04963260449578631,,BAZ1A
ENSG00000185947,12.342352545546525,-0.2619116424314559,0.09327702295487299,-2.807890240645519,0.0049867219886821175,0.050100832088092774,,ZNF267
ENSG00000105483,35.4040525485586,0.1634915488216204,0.05828926202348889,2.80483133850173,0.00503429150969868,0.05048778679510762,,CARD8
ENSG00000151466,9.913365402362759,0.28955460566859537,0.10330509000110928,2.802907443045509,0.005064420119690889,0.05069875509406894,,SCLT1
ENSG00000198888,1401.6829478378284,-0.17096460864734198,0.061052830225616354,-2.800273271780432,0.005105936176490033,0.0510227600718789,,MT-ND1
ENSG00000171862,17.99562136942309,0.22382352057041535,0.08024787246331483,2.789152082165616,0.005284624273630959,0.05271389078670166,,PTEN
ENSG00000173272,76.18108172244094,-0.16680091610856845,0.05984407793133798,-2.7872585203827063,0.005315605460160963,0.052928242939031304,,MZT2A
ENSG00000131171,144.60233238533564,0.0853342806589016,0.03062432846438309,2.786486592127159,0.005328282229156127,0.052959896095854844,,SH3BGRL
ENSG00000124126,12.254789252314884,-0.2720722948174284,0.09786999610359781,-2.779935686616694,0.0054369665077012835,0.05385757992145534,,PREX1
ENSG00000124614,1466.6282778330863,-0.21322737587263108,0.07670383341508918,-2.7798790018581387,0.005437915619759569,0.05385757992145534,,RPS10
ENSG00000145687,21.129986376710477,0.22874465324660714,0.08230686816232624,2.7791684746827587,0.005449825161170459,0.05387983173525972,,SSBP2
ENSG00000054148,39.0665182271578,0.1584641407346257,0.057069981944932124,2.776663586253289,0.005491999044060942,0.0542006843711218,,PHPT1
ENSG00000123352,8.4225775472588,0.29892340364629777,0.10772324479211076,2.7749201597405815,0.005521526098755954,0.05439581188456396,,SPATS2
ENSG00000170144,151.82831303386112,0.11261325881692988,0.04060570482332258,2.7733358971828146,0.005548481683533334,0.05456496272906856,,HNRNPA3
ENSG00000136244,14.444531394645342,0.6365059821031657,0.22965478155501343,2.771577311795234,0.005578542324435967,0.054607007481590156,,IL6
ENSG00000182472,8.280778553183323,-0.2811181216911466,0.10144422582087932,-2.771159417072378,0.00558570724469426,0.054607007481590156,,CAPN12
ENSG00000112149,96.33858159136132,-0.4081759308477451,0.14731171781784125,-2.770831383233724,0.005591337291147594,0.054607007481590156,,CD83
ENSG00000224877,47.11038375215285,-0.13001788839938663,0.04692436669478221,-2.7707968707405923,0.005591929926827112,0.054607007481590156,,NDUFAF8
ENSG00000168894,47.792077948952056,0.14488195629648665,0.05244023872947002,2.7628012344472195,0.0057307653304409,0.055864943151291015,,RNF181
ENSG00000067066,162.10506457136432,0.14332027606864775,0.05190534870067746,2.761185112061046,0.005759202332723508,0.056044174881791066,,SP100
ENSG00000149823,32.74691190491467,-0.16472365113645707,0.05969356371648481,-2.759487637876903,0.005789207741013482,0.05623801805555953,,VPS51
ENSG00000231074,11.736852042121786,0.2519374479769059,0.09141550079444875,2.755959829431957,0.0058520183565804835,0.05666928520099189,,HCG18
ENSG00000158062,10.137838397531652,-0.277272005615811,0.10061228500145583,-2.755846421853941,0.005854047666606316,0.05666928520099189,,UBXN11
ENSG00000168461,15.339062408416746,-0.2891871177973119,0.10495721987911283,-2.7552856118939753,0.005864092102039512,0.05666928520099189,,RAB31
ENSG00000142684,20.062866824631435,-0.19608214527635684,0.07124276702521146,-2.7523095110408486,0.005917656244291942,0.057087977886110496,,ZNF593
ENSG00000012660,72.78003691549567,-0.1499923691092303,0.054776516622276915,-2.7382604509800155,0.006176513911349393,0.05948228250377239,,ELOVL5
ENSG00000108468,19.85769863981501,0.23800183643239545,0.08697014380357915,2.736592421531684,0.006207915418520087,0.05968161443735863,,CBX1
ENSG00000147364,21.59764141713219,0.19256034281256273,0.07038594702534745,2.7357782476552845,0.0062232947990320175,0.0597264919094708,,FBXO25
ENSG00000172059,7.574844837529411,-0.3431764287024335,0.1254975204634626,-2.734527562258459,0.006246986512883814,0.059749313162749056,,KLF11
ENSG00000237765,23.841042985762396,0.16232437988178255,0.05936116656835139,2.7345213927841905,0.006247103582116696,0.059749313162749056,,FAM200B
ENSG00000161920,12.38575415624447,0.26406902369856855,0.09663874881783552,2.7325376924771643,0.006284847979456187,0.06000738413261592,,MED11
ENSG00000179010,42.447732031350164,0.18628061828895923,0.06820734215008548,2.7310933459195903,0.006312458958432685,0.06011125484784932,,MRFAP1
ENSG00000139193,32.53129138735416,-0.3577761130571286,0.13101314502295597,-2.7308413441600803,0.006317287543192199,0.06011125484784932,,CD27
ENSG00000143314,17.598733565191125,0.22520903186753824,0.082537361014206,2.7285707841904006,0.006360943694574405,0.06034433556678453,,MRPL24
ENSG00000232442,39.426645073753726,-0.20379803889251782,0.07469392256237224,-2.728442045901911,0.006363427064790047,0.06034433556678453,,MHENCR
ENSG00000067829,26.77853766502343,0.16622613628427382,0.06094035792373773,2.7276855920717322,0.006378036743015647,0.06038019164525509,,IDH3G
ENSG00000159445,7.363501655721578,-0.2740990984232985,0.10059721236988482,-2.7247186275447315,0.006435630645312743,0.060822163522481106,,THEM4
ENSG00000168010,16.63457663301547,-0.19381069785333954,0.07117889584095363,-2.7228674393376617,0.006471802029182909,0.06106052134471049,,ATG16L2
ENSG00000136758,49.714612929229546,0.22172005781685694,0.08151345122139039,2.72004257572981,0.0065273511372972055,0.061480591117515575,,YME1L1
ENSG00000132823,41.03251780806465,-0.26819721735205415,0.09864004098950213,-2.7189487622029405,0.006548975187641029,0.061580245609251905,,OSER1
ENSG00000198900,26.42043663042569,0.19363108012181288,0.07124370760919045,2.7178692212929474,0.006570380227052659,0.06158436771095701,,TOP1
ENSG00000100297,16.90813646641473,-0.2031797816168392,0.07475856654750848,-2.7178127002705446,0.006571502652083827,0.06158436771095701,,MCM5
ENSG00000143669,58.56641894648437,-0.19019254196565424,0.06999994992534173,-2.7170382574345218,0.0065868993342105085,0.061625085046237905,,LYST
ENSG00000162144,79.62931500551028,0.1721490364708347,0.06340757587053479,2.7149600675844727,0.006628376232265894,0.061909256065518635,,CYB561A3
ENSG00000131495,78.99680895235046,0.10658177576083458,0.039269291418892925,2.7141252594529073,0.006645103493741359,0.061961700804518086,,NDUFA2
ENSG00000267858,16.396022686598762,0.3306280573015706,0.12187928307481774,2.7127502637064964,0.006672737381092762,0.06211549855922077,,MZF1-AS1
ENSG00000133114,7.444290434668649,0.29861502818695296,0.11010260159965421,2.7121523365338063,0.006684786381178198,0.06212394810241605,,GPALPP1
ENSG00000152942,11.827358017458169,-0.24545445953715367,0.09052828470697936,-2.7113565702878066,0.006700852428594838,0.06216963917112282,,RAD17
ENSG00000233429,15.485014558803329,-0.25270071965048574,0.09323633381562987,-2.710324498067337,0.0067217410515161115,0.06225984734759774,,HOTAIRM1
ENSG00000087502,23.424216808915368,0.18746429049628127,0.06925305514064323,2.7069461428895463,0.0067905272586657635,0.06279266997399717,,ERGIC2
ENSG00000213719,223.62750840186982,0.11602988124702966,0.042892939450994406,2.7051044468424674,0.006828291599130985,0.06294327680446024,,CLIC1
ENSG00000176386,29.838867276507806,0.17049389089451153,0.06302797689474507,2.70505098361687,0.006829390686280209,0.06294327680446024,,CDC26
ENSG00000172115,156.08999148550163,0.18034239981368533,0.0667710798142129,2.7009058459961826,0.006915091153312212,0.06356816074226787,,CYCS
ENSG00000149806,2848.94870689188,-0.05629785302850243,0.020845882138681278,-2.700670216495039,0.0069199916733422885,0.06356816074226787,,FAU
ENSG00000006459,15.55513323022755,-0.22303426222305373,0.08262376361416376,-2.6993960631541616,0.006946545046408343,0.0636768209846548,,KDM7A
ENSG00000082701,9.916987295318012,-0.2563898722213025,0.09499412950397572,-2.699007544572236,0.006954659967656882,0.0636768209846548,,GSK3B
ENSG00000026950,10.043294570021615,0.2808022208602856,0.10407475356569348,2.6980820154720733,0.006974025648694775,0.06374945412642961,,BTN3A1
ENSG00000108953,40.76429798278347,-0.16323214002081132,0.06055206656175312,-2.695731942597557,0.007023416147867803,0.06409585669478048,,YWHAE
ENSG00000108654,621.2887675647271,0.11382217865769136,0.04229074782848501,2.6914203342847065,0.007114848882176603,0.0648241787042757,,DDX5
ENSG00000173511,8.8563183922397,-0.2470602500275951,0.09181707671716094,-2.690787583976943,0.007128356642754202,0.06484129957585225,,VEGFB
ENSG00000198804,4766.746653894871,-0.13208236075015523,0.04914984297520581,-2.687340442100408,0.007202350333134407,0.06540766361165709,,MT-CO1
ENSG00000185627,33.26302256177218,0.14920852935808754,0.05555861723722449,2.685605523999925,0.007239850912015159,0.0656413149356041,,PSMD13
ENSG00000120280,13.422577527178985,0.2753540070341378,0.10256733692343396,2.684616909179267,0.007261298293654654,0.06572889494386096,,TASL
ENSG00000146285,8.126636782031538,0.2949915216684454,0.10992568569947483,2.683554073748704,0.007284419426173013,0.06576743515087152,,SCML4
ENSG00000028528,14.6208994170531,0.24708398518645439,0.09208470379708139,2.6832250634256334,0.0072915901601295985,0.06576743515087152,,SNX1
ENSG00000100934,11.31439559266747,0.23037015243470566,0.08586940997516304,2.6827964987920394,0.007300940164703994,0.06576743515087152,,SEC23A
ENSG00000110852,87.77063056323053,0.20626187578642183,0.07707757805247299,2.676029540601322,0.007450007829646162,0.06689594941148792,,CLEC2B
ENSG00000139437,7.539936847136849,0.3169122287123991,0.11842668923758658,2.6760203358941546,0.0074502124434243176,0.06689594941148792,,TCHP
ENSG00000135116,10.39000019699855,0.4204305100991753,0.15727419684465213,2.673232599715364,0.007512414148292353,0.06731863398186029,,HRK
ENSG00000133142,20.442091891722,-0.2449962014044237,0.09166171802625162,-2.6728301266866676,0.007521432742234391,0.06731863398186029,,TCEAL4
ENSG00000188822,16.32349110351823,-0.22017111087865793,0.08244405477708942,-2.6705517028966144,0.007572670820186252,0.06766860976499767,,CNR2
ENSG00000148834,35.81927539487039,0.1579980149265624,0.05920260018683204,2.668768169437677,0.007612997736191,0.06792012060320163,,GSTO1
ENSG00000137752,23.890372394338705,0.2096948726931206,0.07858968957944977,2.668223704855468,0.007625346751569819,0.06792161898842382,,CASP1
ENSG00000165782,28.53900271759905,-0.17875046576635417,0.06704008380933973,-2.6663222300663567,0.007668615130776537,0.06819808288550235,,PIP4P1
ENSG00000067057,8.75016939839695,0.2761009323678071,0.10357238999090912,2.6657773600864223,0.007681054236098516,0.06819993379058173,,PFKP
ENSG00000112679,39.78207305658004,-0.20175491877963772,0.07572200422605573,-2.664415989008046,0.007712212720887972,0.06836772357976365,,DUSP22
ENSG00000221983,2011.874312299402,-0.07132766898950595,0.02678035331816782,-2.663432709124012,0.007734788017273586,0.06845901267351986,,UBA52
ENSG00000100220,19.226169272502744,0.18365473636331506,0.06898953936802295,2.662066424064865,0.007766255105892021,0.06862858711640873,,RTCB
ENSG00000162702,15.372781403242728,0.21891633458809764,0.08233025520079858,2.6590022593052063,0.007837243743874794,0.06912006706929388,,ZNF281
ENSG00000162086,23.00300724646182,-0.21283962023747724,0.08005710593921318,-2.6585974816412286,0.007846664715721489,0.06912006706929388,,ZNF75A
ENSG00000129071,72.79246456509905,-0.13206916313021333,0.049710177702403366,-2.656783162612354,0.007889016732447332,0.06938352886455257,,MBD4
ENSG00000122591,12.11323658478937,0.23796561061728028,0.08966231938376099,2.6540202423135053,0.007953905526889035,0.06975467311328892,,HYCC1
ENSG00000120805,9.953156154973376,0.2395249145106499,0.09025320631978428,2.653921387146818,0.007956236029421047,0.06975467311328892,,ARL1
ENSG00000177606,701.9953198997057,0.2770018914283214,0.1044040987904752,2.6531706574492486,0.0079739543861702,0.06980026633796708,,JUN
ENSG00000111231,7.574292905950468,0.2853012549294324,0.10758723074516831,2.6518133513929594,0.008006078577401335,0.06997162092098722,,GPN3
ENSG00000213741,6682.520458221582,-0.1247807924826373,0.04711227843516187,-2.6485832701631375,0.008082993375204827,0.07053328804404087,,RPS29
ENSG00000122705,30.888855760560407,0.15391732850168457,0.05814763472088703,2.6470092763101922,0.008120712537128044,0.07075170797972809,,CLTA
ENSG00000129347,9.46573530567654,-0.25838890063424585,0.09763756528185509,-2.6464086838743066,0.008135146602824769,0.0707668915091278,,KRI1
ENSG00000162368,100.94994033569127,-0.21781746245207814,0.08233769239143672,-2.6454161651332795,0.008159050189305198,0.07086427391832677,,CMPK1
ENSG00000167264,13.832119436563197,-0.22333002088822512,0.08446192679187722,-2.644150203186023,0.008189630536278962,0.07101925329749843,,DUS2
ENSG00000257949,17.879137909714746,-0.19402579724056976,0.07339607199794665,-2.6435447014929885,0.008204293156634257,0.07103592956737985,,TEN1
ENSG00000109919,13.305005321251786,0.20364371987663318,0.0771897060700027,2.6382238026913902,0.00833415594179131,0.07204845508748581,,MTCH2
ENSG00000144848,24.662597325483684,0.1644180231277858,0.062346473385772844,2.637166373636543,0.008360181708041132,0.07216156842730241,,ATG3
ENSG00000248275,26.34871651874261,-0.19228932426720524,0.07293121679863873,-2.6365846164079674,0.008374531074196258,0.07217370211702988,,TRIM52-AS1
ENSG00000135686,15.062544565379094,-0.19521307866242008,0.07406315770056868,-2.635764997377653,0.00839478481773864,0.0722366051600473,,KLHL36
ENSG00000173264,8.132921082235017,0.2842575366372597,0.10788463857506148,2.634828650229806,0.008417976657489407,0.07232455753799835,,GPR137
ENSG00000163902,12.526620453070157,0.22769392509329156,0.08644662482068866,2.633924986262728,0.008440413308165622,0.07240576093281771,,RPN1
ENSG00000015153,21.29951168774845,0.18790465035534715,0.071362077277262,2.6331163206654433,0.008460536616692193,0.07246690042192884,,YAF2
ENSG00000125726,8.946864885256838,-0.44552872858476894,0.1693245788418322,-2.631211201776807,0.008508114413808613,0.0727626471953939,,CD70
ENSG00000185338,14.71588675073801,0.34432715993443985,0.13089979418529676,2.6304637228613474,0.008526846951713884,0.07281117703331794,,SOCS1
ENSG00000162645,8.754168609474368,0.2988115968061329,0.11378026988494438,2.626216277288618,0.008633993825991549,0.07361337855310227,,GBP2
ENSG00000245904,35.09649048595705,0.22300461052520013,0.08496236151261423,2.6247459057748883,0.008671365165057579,0.07376219766503989,,BTG1-DT
ENSG00000101940,15.834948357849687,-0.17668764387210306,0.06732268011717642,-2.6244891552828085,0.008677905607651751,0.07376219766503989,,WDR13
ENSG00000166562,42.2628156152535,-0.15106392451066644,0.05757965613191036,-2.623564200602226,0.008701504401349659,0.07385021087051095,,SEC11C
ENSG00000100532,14.513950848131227,-0.23288723744956796,0.0888343316817558,-2.6215904711691187,0.008752052928340422,0.07416633302192431,,CGRRF1
ENSG00000122694,13.97793697995581,0.2209996453373399,0.08439712854249468,2.618568299110611,0.008829961342829621,0.07471299612688614,,GLIPR2
ENSG00000171700,44.82513802343958,0.1593731094195577,0.06092217825281723,2.616011344147692,0.008896360183579005,0.075098034167285,,RGS19
ENSG00000144218,66.80006302704949,-0.1847872808582521,0.07064329481692387,-2.61577947825252,0.008902403261222271,0.075098034167285,,AFF3
ENSG00000109046,58.15960748584943,0.1291080927761652,0.04941028040391993,2.6129803700916154,0.008975645734574074,0.07538391741797955,,WSB1
ENSG00000143851,15.128997030456208,0.2801024555310834,0.1072008632443687,2.612874999826994,0.008978413370732893,0.07538391741797955,,PTPN7
ENSG00000135108,19.29176967013296,-0.21488377126529457,0.08225350262424794,-2.6124573958501296,0.008989389577607271,0.07538391741797955,,FBXO21
ENSG00000169018,8.632842805087888,-0.28016085405718605,0.10724188415013364,-2.6124201031844416,0.008990370352036656,0.07538391741797955,,FEM1B
ENSG00000185963,8.70555293802281,0.3185779669892315,0.12201526253378886,2.6109681721252693,0.009028629616482205,0.07553449374091031,,BICD2
ENSG00000163171,9.827846801309608,-0.2681943857653281,0.10272848435409052,-2.6107110160498435,0.009035420969366425,0.07553449374091031,,CDC42EP3
ENSG00000180964,20.37562827158813,0.19028318883443318,0.07302135587366235,2.6058566916184223,0.00916447965600522,0.0764987104219837,,TCEAL8
ENSG00000107951,8.044770959177923,-0.28833287038191635,0.11076565751761627,-2.6030890516409353,0.009238795283996086,0.07698381855877637,,MTPAP
ENSG00000172869,37.925608146631916,-0.16732897491179696,0.06429137976880012,-2.602665793043064,0.00925020775365498,0.07698381855877637,,DMXL1
ENSG00000205220,38.37063735363642,0.1946733568991285,0.07485593810583285,2.6006401339048795,0.009305000673700301,0.07732441692481799,,PSMB10
ENSG00000115649,23.87923077446406,-0.16846848882287613,0.06480530148796601,-2.5996096762879777,0.00933298493937353,0.07733045563502244,,CNPPD1
ENSG00000129103,30.208720975743155,-0.14265071635286652,0.05487427010115318,-2.599592050881215,0.009333464247196933,0.07733045563502244,,SUMF2
ENSG00000152056,7.93842546158342,-0.35271302372268204,0.1358505145632808,-2.5963318936004773,0.009422500062484828,0.07795051466620667,,AP1S3
ENSG00000243646,14.429686630223632,0.2070516592140405,0.07976316807890596,2.595830434032084,0.00943626208746225,0.07795051466620667,,IL10RB
ENSG00000059588,7.500750603526214,0.3147158873205597,0.1212764126134521,2.595029656126645,0.009458275763057054,0.07801678351302682,,TARBP1
ENSG00000109323,16.126405055396077,-0.20867940220572714,0.08047172558521865,-2.5932015336832563,0.00950870324571299,0.07831688227192857,,MANBA
ENSG00000153814,17.597565518169585,0.20804209491657868,0.08027169905729183,2.5917240741110272,0.00954963298249356,0.0785379845285901,,JAZF1
ENSG00000106460,10.46382803061877,0.25117911364052486,0.09702979827868988,2.588680159048521,0.009634453474480656,0.07911886976981462,,TMEM106B
ENSG00000153147,34.20845166774148,0.1826234141280765,0.07056601930256629,2.5879795393451506,0.00965407148981401,0.07916338621647488,,SMARCA5
ENSG00000128284,11.537464406112836,0.22595523687233005,0.08738402004940898,2.5857729679244517,0.009716090479461778,0.07955494935899982,,APOL3
ENSG00000139508,8.08652700197648,0.28317877669705777,0.10965742543260036,2.5823949046762023,0.009811724084237809,0.08022019573857773,,SLC46A3
ENSG00000198840,2651.899261961476,-0.18469128081633873,0.07158617946124804,-2.579985162028631,0.009880456041262432,0.08066386952573838,,MT-ND3
ENSG00000166347,34.16606806074735,0.2872847024196529,0.1113978727165499,2.5789065393613417,0.009911359826352889,0.08068740799884755,,CYB5A
ENSG00000174547,34.45281868685251,-0.12739793033190233,0.04940569613337081,-2.5786081424293923,0.009919924435896591,0.08068740799884755,,MRPL11
ENSG00000167088,73.90386364690137,-0.121447365589031,0.04710237212338908,-2.5783704750768868,0.009926750697132248,0.08068740799884755,,SNRPD1
ENSG00000184428,8.066199179030797,-0.29757392114820813,0.1154627426781905,-2.5772289332982923,0.009959596315776784,0.08083654884537314,,TOP1MT
ENSG00000166377,10.294479074377847,-0.32399677733839977,0.12586766633516047,-2.574106494321274,0.010049933444701228,0.08145120477856692,,ATP9B
ENSG00000272047,28.983654325012107,0.19999720634316134,0.07774599667160872,2.57244379010188,0.010098335264873819,0.08172469874736779,,GTF2H5
ENSG00000175768,35.91503753032998,-0.17893158273655638,0.06959088892190861,-2.571192659104332,0.010134892815289414,0.08190168454790402,,TOMM5
ENSG00000000938,29.357515702285372,0.22489551629672883,0.0876586644571616,2.565582280878056,0.010300278843389686,0.08311773492147741,,FGR
ENSG00000108946,55.700031959143,-0.18179698886008938,0.07088588071122365,-2.5646431565222088,0.0103281963823354,0.08322257662991647,,PRKAR1A
ENSG00000040341,10.472364217585552,-0.2163629919260555,0.08447013694565697,-2.561414006766089,0.010424704532264142,0.08387900789596661,,STAU2
ENSG00000205302,143.67403248544278,-0.10307743322006822,0.040286714032832675,-2.5585961946676186,0.010509573918152233,0.08442076802295718,,SNX2
ENSG00000173960,15.711529298710069,0.23472424628592253,0.09177111855139145,2.557713690222463,0.010536280079430922,0.08442076802295718,,UBXN2A
ENSG00000267100,53.13568352465484,0.21579939359663575,0.08437327019996685,2.5576748783730388,0.010537455979910008,0.08442076802295718,,ILF3-DT
ENSG00000122224,39.930305132104124,-0.27446254768742995,0.10736293032355033,-2.5563995585841965,0.010576159927326719,0.08460927941861375,,LY9
ENSG00000118705,32.29242492575837,0.14462606668448327,0.05658949034139149,2.5557054112342628,0.010597279302280348,0.08465677562967797,,RPN2
ENSG00000113648,43.153868769469376,0.13132295230670407,0.05143236382226565,2.5533135665417905,0.010670338554425328,0.08507822726658248,,MACROH2A1
ENSG00000105810,6.955402447653667,0.33403931303969536,0.1308428845484304,2.5529803488553746,0.010680552203480584,0.08507822726658248,,CDK6
ENSG00000166411,9.502466649934746,0.2445232500158024,0.0958165029127844,2.551995142615215,0.010710801200406992,0.08519747146001339,,IDH3A
ENSG00000184924,50.32380531325842,-0.13417158592751566,0.05260499219791713,-2.5505485377265797,0.010755354657905065,0.08541687603629025,,PTRHD1
ENSG00000170035,21.68078661101635,-0.16456529162208827,0.06453272955136438,-2.550105857386734,0.01076902149453229,0.08541687603629025,,UBE2E3
ENSG00000118620,24.102281727586938,-0.2066774782080673,0.08117374138008919,-2.5461125074957116,0.010893007391325163,0.08627756990629135,,ZNF430
ENSG00000095015,38.20495544012413,-0.19482149925422734,0.0765368031253796,-2.5454616772414496,0.010913334220472281,0.0863159597352531,,MAP3K1
ENSG00000134996,58.877712913755225,0.1406264077575432,0.05533433874897476,2.541394926493971,0.011041112717146102,0.08694295452344761,,OSTF1
ENSG00000113328,35.290240906252194,-0.18477272573915748,0.07270594779029102,-2.541370154091184,0.011041895129228332,0.08694295452344761,,CCNG1
ENSG00000167797,25.632494422142365,0.21779245170385741,0.08570093873713357,2.5413076555891867,0.01104386930212083,0.08694295452344761,,CDK2AP2
ENSG00000152818,50.662995679128954,0.1903854162531951,0.0749342631063026,2.540699118947926,0.011063107865053951,0.08694295452344761,,UTRN
ENSG00000143368,17.62569818500825,-0.19301112238908227,0.0759747717478383,-2.5404633399846177,0.011070569890898099,0.08694295452344761,,SF3B4
ENSG00000105369,902.4109028696267,0.10399322045585811,0.04095681448033611,2.539094452909334,0.011113981373681367,0.08716112537221843,,CD79A
ENSG00000136104,50.23880715338459,0.14343763135493995,0.05656485969975781,2.535808134525508,0.011218818162185524,0.08785973324767764,,RNASEH2B
ENSG00000115561,34.18868740067945,-0.14670623343427633,0.05798867350161012,-2.5299118702931334,0.01140911798523203,0.08922474317763505,,CHMP3
ENSG00000185432,24.000095230144858,0.21161807007132338,0.08381571715995327,2.5248017584514972,0.011576357138826588,0.09040583670321715,,TMT1A
ENSG00000168899,35.42328031374567,0.16656023490466199,0.06602750312332091,2.522588724786004,0.011649455829798405,0.09076620041702252,,VAMP5
ENSG00000174695,28.249036188834122,0.1412521181211684,0.0559986590863188,2.5224196512176507,0.011655057298885963,0.09076620041702252,,TMEM167A
ENSG00000110696,157.42380561121468,0.07394715432518932,0.029337135413689285,2.5205990047236897,0.01171552755896962,0.09110987680448342,,C11orf58
ENSG00000151233,8.423984005764774,0.25809230221303164,0.10247359951592122,2.518622390862069,0.011781492999238845,0.09149527153726435,,GXYLT1
ENSG00000121350,8.773788161290089,-0.27456403922067874,0.10921773076198897,-2.5139145201525763,0.01193993698157968,0.09259678527022017,,PYROXD1
ENSG00000115977,7.8136744674426675,0.2844575496426921,0.11322989391939194,2.5122124537641684,0.01199768352877169,0.09291539355059854,,AAK1
ENSG00000117632,26.30447396691921,0.19432327590128076,0.07742588600997773,2.50979725148045,0.012080049763133973,0.0934235193886755,,STMN1
ENSG00000162729,7.519474129872973,0.27847420784380544,0.11101051443091425,2.5085390268784833,0.012123157547028559,0.09358849629429232,,IGSF8
ENSG00000168067,9.209200283117724,0.2373816096285621,0.09464238670525185,2.50819551252282,0.012134950290669539,0.09358849629429232,,MAP4K2
ENSG00000042493,68.82776148731665,0.15706713424552515,0.06277044956632663,2.5022464444763868,0.012340798738439135,0.09504460464853123,,CAPG
ENSG00000100280,15.48091771382414,-0.20844938686971634,0.08342268752877188,-2.498713396134878,0.012464507213901733,0.09583447779477831,,AP1B1
ENSG00000165322,7.589305138640838,-0.3018773624975557,0.12084970342816598,-2.4979569989345816,0.012491134487882635,0.09583447779477831,,ARHGAP12
ENSG00000198818,42.61538516680386,0.1626518432502214,0.0651223936805698,2.4976330576551105,0.012502553514112356,0.09583447779477831,,SFT2D1
ENSG00000130764,7.939270642065108,0.2646964423385828,0.10599040592920804,2.49736228499187,0.012512105422273783,0.09583447779477831,,LRRC47
ENSG00000204438,16.407366682912194,0.1830295762523199,0.07332824751189389,2.4960309630014326,0.012559163838248368,0.09600184376635723,,GPANK1
ENSG00000130414,35.36043625180972,-0.1228940438858043,0.049240924366691266,-2.495770448390186,0.012568390593515204,0.09600184376635723,,NDUFA10
ENSG00000162869,9.934077677775669,0.2283200118636136,0.09155877628648162,2.4936988142918675,0.012641976398152564,0.09643181996730328,,PPP1R21
ENSG00000023902,26.890992868619065,0.18323317884493293,0.07359590301247763,2.489719826032532,0.012784383130424251,0.09738486384596397,,PLEKHO1
ENSG00000136448,39.642833211854146,0.17163095092278696,0.06896853125362887,2.4885400312734136,0.01282687959207615,0.09757528049852197,,NMT1
ENSG00000198001,18.19644585016239,-0.18598264161883066,0.07477355190587531,-2.4872784143375313,0.012872461564682023,0.09759862326433331,,IRAK4
ENSG00000130165,30.810091442797727,-0.16147046377489932,0.06492473850315365,-2.4870406488746357,0.012881068016466731,0.09759862326433331,,ELOF1
ENSG00000104783,9.21716758749196,-0.3351942306401488,0.13477841833951615,-2.4870022572588097,0.0128824581640153,0.09759862326433331,,KCNN4
ENSG00000173113,142.2443991602425,0.11309368718916565,0.04549931166488063,2.48561314558213,0.01293284680695571,0.09784742713105161,,TRMT112
ENSG00000058729,7.569381852475709,-0.2744130035911246,0.11045152230265903,-2.484465563445822,0.012974605646414816,0.09803035377291194,,RIOK2
ENSG00000043093,13.050225334021283,-0.2232606221342509,0.08990102259945752,-2.4834047008448388,0.013013314937468157,0.09818977549570018,,DCUN1D1
ENSG00000174446,10.504195002431732,0.21411785788924464,0.08631861105682335,2.4805526324825977,0.013117889579745193,0.09884507067116108,,SNAPC5
ENSG00000077150,26.01567168528613,0.21492952585852632,0.08667538814639172,2.479706528634378,0.013149055635217823,0.09888488376043493,,NFKB2
ENSG00000136709,29.89889333483791,-0.14511822424649443,0.05852847212367225,-2.47944665187664,0.013158641275151133,0.09888488376043493,,WDR33
ENSG00000128829,10.80692397110526,-0.2600337507134113,0.10490286414971467,-2.4788050623889335,0.013182332978087817,0.09892959446274248,,EIF2AK4
ENSG00000244754,203.91527486780006,0.08552676491911884,0.0345133921005232,2.478074733135904,0.013209347432253804,0.09899908774495592,,N4BP2L2
ENSG00000140464,8.51806500624102,0.2505807131941801,0.10126708182711773,2.4744537778028333,0.013344008672547746,0.09967700448492932,,PML
ENSG00000234127,8.25971987515553,0.23542988541635185,0.09514534998339551,2.47442345272195,0.013345141549688706,0.09967700448492932,,TRIM26
ENSG00000203710,8.167113968239848,-0.2679654327161519,0.10830379586931158,-2.4742016710060786,0.01335342940284114,0.09967700448492932,,CR1
ENSG00000115307,42.60301535476506,-0.11103404032469641,0.044923617783102235,-2.4716184003876296,0.013450300345445993,0.10013582594992204,,AUP1
ENSG00000063180,8.635080015872257,-0.249023795383495,0.10075389004571604,-2.47160477149322,0.013450813062498497,0.10013582594992204,,CA11
ENSG00000198832,24.888128624152454,-0.258043813657154,0.10442856641429671,-2.471007910167258,0.013473283847241996,0.1001693743096285,,SELENOM
ENSG00000130175,34.051071476148834,-0.13824913501392078,0.05602790277064544,-2.4675050854545515,0.013605828873700087,0.10102010892110744,,PRKCSH
ENSG00000234545,87.81687767685591,-0.14097945242067342,0.05719732790992084,-2.464790883984995,0.013709323566807789,0.10165317580920244,,FAM133B
ENSG00000115128,89.32111671157159,0.08641722559475466,0.035104807028446885,2.4616920846403514,0.013828332835371436,0.1023260329969443,,SF3B6
ENSG00000080608,21.668989229602253,-0.19882538612344725,0.08077495159847725,-2.4614732932528978,0.013836769885167863,0.1023260329969443,,PUM3
ENSG00000126804,28.41086466758128,-0.20926539010321654,0.08507507321638484,-2.459773258977502,0.013902481749616653,0.10267581223293042,,ZBTB1
ENSG00000154582,47.21515454945571,0.10876196810435253,0.04423182688710044,2.458907437442322,0.013936054345609256,0.10278761776602806,,ELOC
ENSG00000168495,8.861903995602475,0.2397537730329745,0.09758506159661215,2.4568696182623304,0.014015354255914799,0.10323595156008047,,POLR3D
ENSG00000125901,22.673610162024975,0.18833868495995082,0.07671394379650956,2.4550775991850404,0.01408541792426715,0.10361515876743223,,MRPS26
ENSG00000152234,88.08663632267275,-0.10956016042072729,0.04465082505778405,-2.4537096521495854,0.014139109246155267,0.10387308716279547,,ATP5F1A
ENSG00000127603,31.13809775264042,0.21076890232417234,0.08592646802664287,2.4528984742957207,0.014171032851118287,0.10397063049715206,,MACF1
ENSG00000147443,8.46387879448846,-0.24108425224325167,0.09836014082219771,-2.4510360622505765,0.01424456813577958,0.10408618889576314,,DOK2
ENSG00000085449,9.498880080842286,0.2443011988282942,0.09967406451534405,2.451000669192997,0.014245968845176534,0.10408618889576314,,WDFY1
ENSG00000198830,283.84099199614104,-0.07619759352547985,0.03109223647748456,-2.4506951624614826,0.014258064577941557,0.10408618889576314,,HMGN2
ENSG00000103187,190.11363297743333,-0.1360222963073433,0.055505492076784034,-2.4506096823567587,0.014261450558888637,0.10408618889576314,,COTL1
ENSG00000158615,13.17339731671261,0.3219899979572044,0.1315091019048046,2.4484236702512274,0.014348282789718081,0.10458303900061179,,PPP1R15B
ENSG00000127922,61.84651229668189,0.13605368801367737,0.055597294296419214,2.447127863602528,0.014399974352318112,0.10482273775116227,,SEM1
ENSG00000100644,51.19370210300397,-0.24514417009805317,0.10019552769188621,-2.446657807441288,0.014418766114623647,0.10482273775116227,,HIF1A
ENSG00000163539,10.91852606899556,-0.2479796378948742,0.10142227946562304,-2.4450213424647647,0.01448435703531908,0.1049023903846588,,CLASP2
ENSG00000189306,20.661580244828524,0.22792536914853606,0.09322130680090929,2.4449922122987537,0.014485526976935096,0.1049023903846588,,RRP7A
ENSG00000139192,12.345132528686598,0.24377014709748127,0.0997147614305282,2.444674625905987,0.014498287462478894,0.1049023903846588,,TAPBPL
ENSG00000103769,47.113960447514344,0.13214797354923435,0.054059123071200706,2.4445082724553937,0.014504975428007879,0.1049023903846588,,RAB11A
ENSG00000135486,656.7579807692657,-0.08045937387805883,0.03293269525361983,-2.443145732787087,0.014559856551943386,0.10507304536277892,,HNRNPA1
ENSG00000106537,65.70762865186283,0.21129486180229876,0.08650261933168191,2.4426411990152443,0.014580224841051403,0.10507304536277892,,TSPAN13
ENSG00000139163,22.059091413049664,0.1750531072893463,0.07166904486067355,2.4425204442120583,0.014585103499065798,0.10507304536277892,,ETNK1
ENSG00000011009,12.123640026287704,0.21649938472332597,0.0887823374259899,2.438541167085206,0.014746678924797895,0.10609997636732009,,LYPLA2
ENSG00000165669,55.033035264490316,-0.118960464096673,0.04882305806538012,-2.436563148858275,0.014827580226849232,0.10651352150213769,,FAM204A
ENSG00000160201,86.03506237247302,0.10527525847054145,0.04321806912289018,2.435908419952595,0.014854444777622341,0.10651352150213769,,U2AF1
ENSG00000163541,24.25608931480424,0.16887445928135295,0.06933196069541142,2.4357375384672992,0.014861463365972582,0.10651352150213769,,SUCLG1
ENSG00000145246,12.060629502982666,0.23691166069584813,0.09730439596812765,2.4347477659020593,0.014902173646190202,0.10653835117915905,,ATP10D
ENSG00000267216,14.384218466556266,0.19240351201977998,0.07902476424681859,2.434724277301793,0.014903140946869451,0.10653835117915905,,ZNF8-ERVK3-1
ENSG00000113448,8.860809148339566,-0.29003577359612936,0.11917911366414538,-2.4336124399571335,0.014948991638961353,0.1067292924185,,PDE4D
ENSG00000256683,22.076057791834753,-0.20968955881405224,0.08618679436378426,-2.4329662143944866,0.014975698189374113,0.10678323926336324,,ZNF350
ENSG00000259494,8.866134831144443,0.25749911306385503,0.10588248250570692,2.431933091953867,0.015018481333648684,0.10684344091006824,,MRPL46
ENSG00000115020,22.703969353746913,0.200648991845779,0.08251716016420937,2.4316032137616825,0.015032164741139128,0.10684344091006824,,PIKFYVE
ENSG00000179820,27.972721288864,0.4085066036791196,0.16801462263918684,2.4313753009248,0.01504162502051714,0.10684344091006824,,MYADM
ENSG00000213585,36.74839196745249,0.14489254167434917,0.05960929480019893,2.4307038383863864,0.015069526794529185,0.10690544708179991,,VDAC1
ENSG00000159593,21.44542792265975,-0.15107254294238864,0.06227067944280234,-2.4260622221274093,0.015263653077182622,0.10814501849856455,,NAE1
ENSG00000101109,148.3627301652627,-0.11370083084747164,0.04692288580721846,-2.423142330047831,0.015386896841440952,0.10887986902014563,,STK4
ENSG00000099940,9.8116362720181,0.22154827295442253,0.09145515512974867,2.4224798770513156,0.01541497947946164,0.108940336600099,,SNAP29
ENSG00000129562,91.85103919911367,0.12222109401049046,0.050476194538318975,2.4213611015724723,0.015462508929349174,0.10913791112664684,,DAD1
ENSG00000142227,343.3403820647329,-0.1556400739519091,0.06432359385208052,-2.419642072702301,0.015535790567803251,0.10951652112019081,,EMP3
ENSG00000118939,10.773453186682948,0.2012638922639641,0.08322868007223262,2.4182035818577314,0.015597347659339546,0.10981162948040064,,UCHL3
ENSG00000015475,12.427138815987114,0.19227638140273223,0.07954899320802902,2.417081268394047,0.0156455235585782,0.10990311086403794,,BID
ENSG00000177455,60.45428523856504,0.14233992557437936,0.05889157848077248,2.416982686596725,0.01564976148243295,0.10990311086403794,,CD19
ENSG00000118515,9.310940789309504,-0.3789737006972249,0.15689191887282447,-2.415508098950708,0.015713273037208757,0.11021032761695099,,SGK1
ENSG00000143742,70.10325268379157,0.1274514964174904,0.05280437167607696,2.4136542557371694,0.015793441033299535,0.1106334512583897,,SRP9
ENSG00000099341,54.9674339687776,0.10958210545002094,0.04541162382159601,2.41308493791204,0.015818132832026315,0.11066738854627194,,PSMD8
ENSG00000104903,28.069660552845605,0.21784302429103738,0.09032549917794552,2.411755553787489,0.01587592159419868,0.11093250477349856,,LYL1
ENSG00000116489,76.10273611233222,0.18569243246418615,0.07703901767965565,2.4103686425018314,0.015936408884755067,0.1112157896638226,,CAPZA1
ENSG00000125863,16.271469122779433,-0.19042001874532596,0.07920768843653622,-2.4040597889420376,0.016214121191890096,0.11298743737379227,,MKKS
ENSG00000132334,10.699785756540923,-0.23844566716254179,0.0992000917450538,-2.403683937867234,0.016230799378839242,0.11298743737379227,,PTPRE
ENSG00000100281,16.226491640745248,-0.21315988686492446,0.08870867162335805,-2.402920514580188,0.01626472228934595,0.11299383716736282,,HMGXB4
ENSG00000168275,10.897044462121865,0.22381321388778155,0.09315350273004938,2.402627999253796,0.016277736783388487,0.11299383716736282,,COA6
ENSG00000159352,57.44438347637795,0.11001384200243568,0.04579528684105547,2.4022961660720132,0.016292511671908125,0.11299383716736282,,PSMD4
ENSG00000080822,23.480729048372513,-0.15392855542321462,0.0641476242727057,-2.399598693925598,0.016413054629319652,0.11368843802867873,,CLDND1
ENSG00000184840,43.102617901373556,0.14310661308969957,0.059664519456078875,2.3985211712807866,0.016461424854157983,0.11388201611263636,,TMED9
ENSG00000159461,20.379796955496907,-0.19593693087866668,0.08171296263084835,-2.397868398969252,0.01649078881221406,0.11394378985985824,,AMFR
ENSG00000123144,166.5309017758932,0.07002535999048289,0.02922836864717788,2.3958011764452047,0.016584083409743072,0.11429307184419717,,TRIR
ENSG00000172809,2103.630443405563,-0.09522417830814925,0.039750387526418345,-2.3955534583118894,0.016595294071808046,0.11429307184419717,,RPL38
ENSG00000102241,18.78446006435157,0.17322425896915314,0.0723157718128105,2.3953869899576596,0.016602831455129072,0.11429307184419717,,HTATSF1
ENSG00000105223,12.41101234114943,0.18639643171708045,0.07784902208600278,2.39433234641228,0.016650653683916977,0.11448094320779416,,PLD3
ENSG00000108528,15.288532830334178,0.1866759448316477,0.0779942944611626,2.393456420387306,0.016690463968286218,0.11461333385118713,,SLC25A11
ENSG00000138381,17.603562958024103,-0.19875587295778802,0.08311285167911908,-2.3913975870439614,0.016784365881475253,0.11511638887466914,,ASNSD1
ENSG00000164172,14.218237368845717,0.18665787941868042,0.07808781881583911,2.390358473949579,0.016831934954115554,0.11530082224096846,,MOCS2
ENSG00000038210,9.763771658435335,0.2180519720056143,0.09124953121379967,2.389622928524572,0.016865678638701507,0.11539021360662527,,PI4K2B
ENSG00000181722,30.788330982035774,-0.15347952084010344,0.06425080434464087,-2.388756411777203,0.01690550689394898,0.11551652834707626,,ZBTB20
ENSG00000181192,9.758133665542795,0.2517597732530541,0.10541289332939108,2.3883204919379515,0.01692557454439765,0.11551652834707626,,DHTKD1
ENSG00000104408,469.94601088149255,-0.09638510289273891,0.04037761463130503,-2.387092545531675,0.016982215719586878,0.11563662958611502,,EIF3E
ENSG00000160058,19.816795213047758,-0.20918870783933552,0.08763519580358857,-2.3870398864421714,0.016984648427372347,0.11563662958611502,,BSDC1
ENSG00000100100,56.95430429477643,-0.23944778475482306,0.1003669949632007,-2.385722366626758,0.017045613911304134,0.1159101745968681,,PIK3IP1
ENSG00000132589,21.487033846514237,0.1556034383720266,0.06530607737337031,2.3826792946451962,0.017187160152815264,0.11663226634008153,,FLOT2
ENSG00000164758,51.344962125517775,-0.1677851915110228,0.07042280578327118,-2.382540565443928,0.01719363754152565,0.11663226634008153,,MED30
ENSG00000197223,35.629831150445725,-0.1489169738355693,0.06258257237258553,-2.379527849206831,0.017334833093105517,0.11732467069612515,,C1D
ENSG00000269858,21.16566938237897,0.16750174209337218,0.07040020309441412,2.3792792453842013,0.01734652958073943,0.11732467069612515,,EGLN2
ENSG00000003402,49.8849933674049,0.1830450756618456,0.07694144537818319,2.3790178981190313,0.01735883309259384,0.11732467069612515,,CFLAR
ENSG00000163297,8.963739415578766,-0.24000701177117023,0.100919127713621,-2.3782113183958544,0.017396852919707214,0.11743928799066275,,ANTXR2
ENSG00000113558,261.13855699769823,0.07681908217315755,0.03232299622519543,2.3766077141474247,0.01747265912640538,0.11769456270407316,,SKP1
ENSG00000171204,21.522439164465766,0.15547040798345227,0.06541939598853654,2.3765185482711484,0.017476882697089774,0.11769456270407316,,TMEM126B
ENSG00000131143,706.2027019239067,-0.05790541794438584,0.024370509521174727,-2.376044616304544,0.01749934672775006,0.11770368800233333,,COX4I1
ENSG00000118816,300.32880155245607,-0.10430103842820974,0.043933575293584326,-2.3740621547693834,0.017593588607525284,0.11819500009103734,,CCNI
ENSG00000116478,48.9027284190052,-0.12098788276944422,0.050992748236364675,-2.372648797210024,0.017661047898934856,0.11850541887420067,,HDAC1
ENSG00000114520,8.29140608262127,0.22856489947391273,0.09635501060351659,2.372112234146451,0.017686717261141783,0.11853501856745984,,SNX4
ENSG00000113269,11.723915289969995,-0.21653561596734888,0.09147667385998186,-2.367112913383664,0.01792746241310929,0.12000423819387444,,RNF130
ENSG00000140105,10.426673033054694,0.30275208360184197,0.12808254544180048,2.363726318504575,0.018092172371416713,0.1209615745120139,,WARS1
ENSG00000188938,11.97674372033995,0.19653954363468934,0.083223167747257,2.3615965235974476,0.018196434269500038,0.12148934135576916,,FAM120AOS
ENSG00000172936,8.6488647789157,0.23714473737016423,0.1004427005213655,2.3609952354847366,0.018225964774871845,0.12148934135576916,,MYD88
ENSG00000117505,21.869907782705113,0.15191075067555274,0.06434765495587791,2.3607814578435744,0.01823647394454426,0.12148934135576916,,DR1
ENSG00000136490,317.95520867980053,0.08671622676551932,0.036741598376802555,2.360164788592026,0.01826681873513071,0.12154627836168119,,LIMD2
ENSG00000103253,8.830981731006174,-0.27589405828504127,0.11697143205598191,-2.358644785617396,0.018341803216954538,0.12189975534891359,,HAGHL
ENSG00000153391,11.21389600275347,0.2029395996960999,0.08610688977645388,2.3568334685291834,0.01843151049537538,0.12209335944216984,,INO80C
ENSG00000097033,36.40555121429422,0.1547023046084333,0.06564204119614254,2.35675645957098,0.01843533293610326,0.12209335944216984,,SH3GLB1
ENSG00000108312,24.34566556405301,0.17888572677386383,0.07590815070809205,2.356607625204523,0.018442722491572985,0.12209335944216984,,UBTF
ENSG00000113742,13.073554883785105,0.26203454787002733,0.11120642533302676,2.356289639607782,0.01845851901179146,0.12209335944216984,,CPEB4
ENSG00000168374,24.484301517917693,0.1611401638574436,0.06843755366359709,2.3545576256206298,0.01854476806996353,0.12251851511625196,,ARF4
ENSG00000173660,292.2654168930321,-0.07642841043251102,0.03248844420469434,-2.3524798525583956,0.018648700002727277,0.12305935055054118,,UQCRH
ENSG00000123975,12.701228410219873,0.27553745808944063,0.11719737141738715,2.3510549320098706,0.018720269962714857,0.12338560911595514,,CKS2
ENSG00000007312,519.3446883390287,0.17247076965175137,0.07344474491591614,2.348306469703258,0.018858996861760225,0.12415320720327629,,CD79B
ENSG00000115525,11.77773401307846,0.2067069442018709,0.08809967716650835,2.346284922374856,0.018961606244090733,0.12468150520878529,,ST3GAL5
ENSG00000131149,7.7443337166864366,0.26125992973484574,0.1114356104381685,2.3444922920739883,0.019053004340630817,0.12499448534415304,,GSE1
ENSG00000110851,12.949412058435035,-0.29201783469819,0.12455590238455407,-2.344472073243175,0.01905403740002333,0.12499448534415304,,PRDM4
ENSG00000141933,13.157687596686854,0.21832742802515348,0.09320131998942444,2.342535792947215,0.019153196739423915,0.12542466071557734,,TPGS1
ENSG00000105185,36.15903335836691,-0.12798792916529772,0.05464166916970219,-2.3423136794705517,0.019164600238463395,0.12542466071557734,,PDCD5
ENSG00000183624,8.10298604840008,0.28775421938426626,0.1229504118770044,2.340408746837922,0.019262645093977217,0.1259185334630914,,HMCES
ENSG00000132153,13.649324103182254,-0.17995739701277724,0.07696868977394547,-2.3380597687359135,0.019384147842175667,0.1264878563671711,,DHX30
ENSG00000162961,38.120528774536965,0.17096653436493628,0.07312985944102018,2.337848529612205,0.019395107100776774,0.1264878563671711,,DPY30
ENSG00000164934,14.806493982439111,0.16594489108603705,0.07124172659220195,2.3293215791347937,0.019842036028424246,0.12925139356833365,,DCAF13
ENSG00000163191,62.27928984304237,0.17829645248970097,0.07660414673865633,2.3275039287100134,0.0199384601361367,0.12972795066405862,,S100A11
ENSG00000087470,13.975777373210848,-0.20156978430762862,0.08662684423190678,-2.3268743782009498,0.019971952254196783,0.1297944123186495,,DNM1L
ENSG00000205981,42.344781933915264,-0.10842081807336182,0.0466052485218112,-2.3263649806012943,0.019999088165180146,0.12981945938189116,,DNAJC19
ENSG00000118680,170.2734431284662,0.0788121885549936,0.0339206649709686,2.323426991258748,0.020156225519047666,0.13068734127233697,,MYL12B
ENSG00000138764,19.979313685133658,-0.20642661386707217,0.08894001151717361,-2.320964550664723,0.020288757158641885,0.13131036493718626,,CCNG2
ENSG00000234745,1685.894353423381,0.14496218361857793,0.062463045312704996,2.320767149485947,0.02029941437874006,0.13131036493718626,,HLA-B
ENSG00000129559,150.70590033137086,0.0758864771138783,0.03272442546486409,2.3189552157411257,0.020397464737808367,0.13173062676871797,,NEDD8
ENSG00000168282,7.4716527868384315,0.250765462195823,0.10815165937870963,2.3186464603167045,0.020414213752937498,0.13173062676871797,,MGAT2
ENSG00000188846,2188.11540767262,-0.07452861914916323,0.032148532003013694,-2.3182588599123815,0.02043525684270822,0.13173062676871797,,RPL14
ENSG00000261740,23.07956650368493,0.18716896052443086,0.08076145044776624,2.317553232225384,0.0204736144265539,0.13176052402011534,,BOLA2-SMG1P6
ENSG00000156467,533.0647501806245,-0.08365183737744787,0.036103817520605534,-2.3169803949320666,0.020504799753219786,0.13176052402011534,,UQCRB
ENSG00000152082,115.67751875938579,-0.09638257965832919,0.041600330134175335,-2.3168705476005194,0.02051078458562771,0.13176052402011534,,MZT2B
ENSG00000109171,13.019940706924116,-0.22386925059202642,0.09678547493972761,-2.3130459475602017,0.020720113053787053,0.1329520717927694,,SLAIN2
ENSG00000226777,91.2078154232425,0.11560250574898646,0.05000269605274835,2.3119254535202707,0.020781791762347474,0.13319456421476955,,FAM30A
ENSG00000159884,29.298346519924323,0.14514264915780561,0.0628696849956076,2.3086269506193013,0.020964291096926085,0.13420997377320304,,CCDC107
ENSG00000105373,535.1474789757328,-0.08719061315357564,0.037794736386138346,-2.306951218359438,0.02105753973404313,0.1346495833884113,,NOP53
ENSG00000100354,142.3196501626462,-0.09372146684761795,0.04063317083507592,-2.306526045629558,0.021081256509699255,0.1346495833884113,,TNRC6B
ENSG00000143390,13.938465172756185,0.1907346288680694,0.08278250084233929,2.304045262311256,0.021220102928826593,0.1353813431706374,,RFX5
ENSG00000139146,40.942828743238366,-0.15183105263475416,0.06592371903014939,-2.303132391018719,0.02127139534735825,0.1354306356757002,,SINHCAF
ENSG00000020922,7.882462748702308,-0.2442961952385458,0.1060801409775229,-2.3029399564081388,0.021282221635416283,0.1354306356757002,,MRE11
ENSG00000064012,22.38928701825944,-0.16357489124060337,0.07103884811083279,-2.30261181861224,0.0213006935953352,0.1354306356757002,,CASP8
ENSG00000163874,8.054399507475813,-0.2720644534780821,0.11825802350918051,-2.3006003770810652,0.021414229710395704,0.13581490824607642,,ZC3H12A
ENSG00000104814,23.082827497318192,-0.15502961962596964,0.06739360320257555,-2.3003610470265663,0.02142777374885968,0.13581490824607642,,MAP4K1
ENSG00000084754,56.080917992538595,-0.12977673649184338,0.05641859753507289,-2.3002474744461177,0.021434203596941762,0.13581490824607642,,HADHA
ENSG00000162517,14.782507089756573,0.17661369539433597,0.0768210014167772,2.2990288090121758,0.021503303460322233,0.13609809318360588,,PEF1
ENSG00000013374,45.452850320206124,0.16198028584716456,0.07050579005808837,2.297404024743388,0.021595732397008183,0.13633634598129155,,NUB1
ENSG00000133112,2030.4097592522273,-0.11590766061357041,0.05045756417017929,-2.2971315108007633,0.02161126869109206,0.13633634598129155,,TPT1
ENSG00000145088,112.12136350737896,0.22684063832080528,0.09875180581680335,2.297078381955084,0.02161429875313159,0.13633634598129155,,EAF2
ENSG00000170340,11.281731879123608,0.21873372325695054,0.09533082990560075,2.294469936677849,0.021763519988579005,0.13712247170205258,,B3GNT2
ENSG00000165264,31.136556580167223,0.15046457787859513,0.06559196745392142,2.293948233589685,0.021793472394781504,0.13715621001501316,,NDUFB6
ENSG00000105671,8.585436330039592,0.22322719244754105,0.09735278883756945,2.292971728010686,0.021849632685617383,0.13735462441375706,,DDX49
ENSG00000130724,40.877023565813,0.11141927456291946,0.04860181872618048,2.292491875471749,0.0218772758361514,0.13737352484502277,,CHMP2A
ENSG00000144029,28.350313248598468,0.15061956016966743,0.06576415223021095,2.2902988187609497,0.022004000253773415,0.13796656296043758,,MRPS5
ENSG00000136888,310.21907858919184,0.07258759331172357,0.03169761242520965,2.290001919955126,0.022021205350571994,0.13796656296043758,,ATP6V1G1
ENSG00000232119,33.37999063464762,0.12637793549518836,0.05520249689383163,2.289351797587075,0.02205892040238041,0.13804774429144015,,MCTS1
ENSG00000196507,8.742167911398612,-0.22333672226546336,0.09762513009908215,-2.287697051351362,0.022155169543939483,0.13849464728363964,,TCEAL3
ENSG00000197756,3131.721564302689,-0.08529598633977606,0.03729340453722626,-2.2871600862998083,0.022186480779005827,0.13853506923150782,,RPL37A
ENSG00000164442,20.83687413077447,0.17672747463661997,0.07745978501736915,2.2815384085689314,0.02251660660965482,0.1401826729112461,,CITED2
ENSG00000120963,69.53009218705245,0.12754243536325088,0.05590595282683983,2.281374861068805,0.022526274304824852,0.1401826729112461,,ZNF706
ENSG00000163719,22.340415995778155,-0.14664984603532874,0.06428972485765912,-2.281077518375126,0.02254386020620191,0.1401826729112461,,MTMR14
ENSG00000132963,131.45212581487965,0.11470333852604052,0.05028734288240223,2.2809584271389354,0.022550907030378,0.1401826729112461,,POMP
ENSG00000083457,61.9066843290257,-0.11443828026767806,0.05021017479332859,-2.2791850603731305,0.022656066795421557,0.1406795417052011,,ITGAE
ENSG00000047188,14.820980183230027,-0.21451158774962134,0.09425620179919611,-2.2758352623482314,0.022855871351545296,0.14176233443405625,,YTHDC2
ENSG00000167323,10.50631045828562,0.20367658558056406,0.08952191685677319,2.2751588966356455,0.02289639959791782,0.1418198960377931,,STIM1
ENSG00000125952,39.087692218224454,-0.12202895581169129,0.053646961231182975,-2.274666691480009,0.02292593206365887,0.1418198960377931,,MAX
ENSG00000172922,47.51734697787427,0.12723595370760632,0.05594244369708922,2.2744082184995187,0.02294145377081947,0.1418198960377931,,RNASEH2C
ENSG00000006576,24.077368708954324,-0.17267191700800147,0.07593758347288548,-2.2738663664436496,0.022974022463848245,0.14186395266712937,,PHTF2
ENSG00000101856,9.307438559438333,-0.21164342052554644,0.09320018977410406,-2.270847527655487,0.023156209660256027,0.1428307799398093,,PGRMC1
ENSG00000212694,14.770759910834212,-0.18500652352811892,0.08150691781295119,-2.2698260281745304,0.02321814068065975,0.1430545330777445,,LINC01089
ENSG00000107833,9.009913492857065,-0.2052207058738917,0.09055485502259836,-2.266258455415538,0.023435563467355234,0.14423477030239823,,NPM3
ENSG00000180817,50.28790289501806,-0.1441104399673311,0.06360450701769427,-2.265726860004445,0.023468111926459555,0.1442758457573743,,PPA1
ENSG00000041357,82.52357436376805,0.10866118331749888,0.04800448857114877,2.2635629823750576,0.023601006779025012,0.14474135479527558,,PSMA4
ENSG00000166226,35.97079233049788,0.1297935347953962,0.057343183135720524,2.2634518646828403,0.02360784868025859,0.14474135479527558,,CCT2
ENSG00000138190,18.762640503731735,0.1604376414996823,0.07088888956172981,2.2632268962257296,0.023621706037249064,0.14474135479527558,,EXOC6
ENSG00000173473,37.49474079863381,-0.14424859543875254,0.06385171818113683,-2.2591184630230776,0.023876016957863032,0.1461390456169531,,SMARCC1
ENSG00000148303,1704.263633014423,-0.07722770263900167,0.03419685391216202,-2.2583277057406685,0.023925236209475745,0.14627973366670696,,RPL7A
ENSG00000115661,14.380118827622372,0.166473196499352,0.0737816254268476,2.256296137910454,0.02405209110769186,0.1468942606971411,,STK16
ENSG00000124767,43.99684510557047,-0.16032399405601322,0.07107037506949929,-2.2558484305061475,0.024080125092277124,0.1469045705848329,,GLO1
ENSG00000100028,59.154698906218734,0.12071017019016514,0.05353759665501705,2.254680406518646,0.024153396376944625,0.14719053354955544,,SNRPD3
ENSG00000101161,33.19743758688931,-0.15084455723370296,0.06691887773077586,-2.254140570626005,0.02418732607101585,0.14723638665063798,,PRPF6
ENSG00000184068,8.84711351162559,0.29384641985380394,0.13049486668941282,2.2517852794407585,0.024335844382902833,0.14797891851588463,,SREBF2-AS1
ENSG00000124702,12.905706942805619,0.19053035839596147,0.08470644578051963,2.2493017696627136,0.02449330331659544,0.1487741386637649,,KLHDC3
ENSG00000135916,33.69083293248507,0.25214348671701253,0.11218000113392762,2.2476687838145732,0.02459731794062116,0.14924335673221284,,ITM2C
ENSG00000196456,17.31738119643952,0.19696680693380653,0.08764983541671237,2.247201104227635,0.02462717765386226,0.14926211151949562,,ZNF775
ENSG00000162244,2581.5273512992712,-0.06300759429833923,0.028050549736013387,-2.2462160239749376,0.024690174347160476,0.14948144642754269,,RPL29
ENSG00000213923,9.176737956680673,-0.21362203030456267,0.09516291220536748,-2.244803415048428,0.024780755449641017,0.14982020459304213,,CSNK1E
ENSG00000132465,282.53709165217464,-0.2425187473753903,0.10806556531937854,-2.244181545329883,0.02482072292793198,0.14982020459304213,,JCHAIN
ENSG00000122566,331.5554872115151,0.06581932712530418,0.029330099557583308,2.244088091009789,0.024826734046623194,0.14982020459304213,,HNRNPA2B1
ENSG00000110011,33.798154576346754,0.11935931518682846,0.05320365254737777,2.243442122334349,0.024868318184899308,0.14990891048540383,,DNAJC4
ENSG00000164219,8.605567931211784,-0.2304294301625292,0.10274952931455583,-2.2426324645935467,0.024920524957181542,0.150061390022942,,PGGT1B
ENSG00000014641,39.625887091315974,0.12464301120059558,0.05560004303320413,2.241779041900368,0.024975656411470665,0.15006806420002852,,MDH1
ENSG00000125826,42.44057162281245,0.1161550769195975,0.05182623810029555,2.2412407532804335,0.025010484363027427,0.15006806420002852,,RBCK1
ENSG00000172667,9.368518617713644,0.22882747309105475,0.10210778791596402,2.2410383944404186,0.025023588106053537,0.15006806420002852,,ZMAT3
ENSG00000165819,9.8699376207637,0.2047357460963322,0.09136112225718558,2.240950428782957,0.025029286173964584,0.15006806420002852,,METTL3
ENSG00000156990,11.807767585360759,0.18616409682740648,0.08308919015446284,2.240533292975023,0.025056321881139182,0.15006879786168859,,RPUSD3
ENSG00000266964,20.449604394046407,-0.30286586077223454,0.13525996885679284,-2.239138921382536,0.025146878493011393,0.1504495648895188,,FXYD1
ENSG00000165678,69.15366645305483,0.08936553842955361,0.039941744899044736,2.237396955376652,0.02526040735726062,0.15096680752849434,,GHITM
ENSG00000092964,10.73718483797957,0.23453879521793985,0.10485758334143952,2.236736607348937,0.025303559921361744,0.15103440739193214,,DPYSL2
ENSG00000118418,71.05205114424636,0.10352197779420694,0.046289660745776,2.236395258171199,0.02532589148340325,0.15103440739193214,,HMGN3
ENSG00000189227,12.548587449917694,0.18249387828190614,0.08172314085838868,2.233074700324291,0.02554401867547869,0.15205230157061092,,C15orf61
ENSG00000120265,28.58292853227303,0.164011358731852,0.07345689294750181,2.232756548103221,0.025565003143008042,0.15205230157061092,,PCMT1
ENSG00000100796,33.86684821880664,-0.15548340223870674,0.06964374191760214,-2.232553822605689,0.025578382150866757,0.15205230157061092,,PPP4R3A
ENSG00000173198,48.94411732315774,0.16063173391115138,0.07200576446282014,2.230817700631355,0.025693206967399223,0.1525722279555038,,CYSLTR1
ENSG00000104872,27.329602931922995,0.16228911734876014,0.07277920324698212,2.2298831274370907,0.0257552028055167,0.1527776711101714,,PIH1D1
ENSG00000112972,9.672843232950154,0.3132842421693065,0.1405534233697645,2.22893355891536,0.025818325837460073,0.1529893569284563,,HMGCS1
ENSG00000186625,7.563518052301921,-0.21869848239247167,0.09814682365935057,-2.228278758684372,0.025861931900923937,0.15308506611417394,,KATNA1
ENSG00000163479,167.80689454870813,-0.0659740478253293,0.02962570898425849,-2.226918783965115,0.02595270220635922,0.15345945652455886,,SSR2
ENSG00000031698,23.195468108828656,0.1732963289257489,0.07783513194304313,2.22645384673544,0.025983797146703378,0.15348056450213773,,SARS1
ENSG00000117360,9.733211874878425,-0.21681650160075078,0.09740202347987824,-2.2259958659436037,0.026014458327044274,0.15349906839322633,,PRPF3
ENSG00000013275,23.41603330742131,0.1473560823889351,0.06627824201463635,2.2232949744864117,0.026195916176377756,0.15440637272672555,,PSMC4
ENSG00000184205,25.53628991530525,0.20625130998338967,0.09282116391560584,2.2220289132650386,0.02628135168547682,0.15474637486612328,,TSPYL2
ENSG00000179021,20.433395919106832,-0.14844697295624723,0.06686945341330465,-2.2199519418639597,0.02642203004816986,0.15529200968245432,,C3orf38
ENSG00000120709,15.176165119433291,0.2721970030452972,0.12262017262712022,2.219838687334344,0.026429719725367493,0.15529200968245432,,FAM53C
ENSG00000197894,20.879433640003164,0.14547611431779528,0.06557149031162175,2.2185878897434703,0.026514774188386984,0.15562776934152192,,ADH5
ENSG00000244509,50.31764984084528,0.1411627776180892,0.06365457286501008,2.2176376537385294,0.026579548366676274,0.15584391345172124,,APOBEC3C
ENSG00000113141,76.09988929507105,0.11286339276358942,0.05091936198284806,2.2165123121850367,0.026656435610722142,0.1561305514342297,,IK
ENSG00000159720,29.428095166211786,0.1379084873854275,0.062238410157825136,2.2158099320936535,0.02670452196136064,0.1561922733155093,,ATP6V0D1
ENSG00000135441,114.34899160413524,0.0804754199474773,0.03632789913939598,2.2152511390400034,0.026742831546042338,0.1561922733155093,,BLOC1S1
ENSG00000109083,24.338986118999102,0.12925049591997886,0.05835206207548391,2.215011626372023,0.02675926651706996,0.1561922733155093,,IFT20
ENSG00000110367,59.90014790003977,-0.12028936794761581,0.05431961660354329,-2.214473802817108,0.026796202882916148,0.1561922733155093,,DDX6
ENSG00000165637,56.643434630538096,-0.08968093023508054,0.04050050664049903,-2.214316256118211,0.026807031126783072,0.1561922733155093,,VDAC2
ENSG00000109854,19.681022824199072,0.14838706242675465,0.06703234428602485,2.213663627719655,0.026851926775718113,0.15629054666117348,,HTATIP2
ENSG00000150593,77.96175653980222,-0.1219308878555446,0.05509156255421635,-2.213240688817834,0.02688105626901923,0.15629694447971973,,PDCD4
ENSG00000105887,136.72244506584892,0.09754826771962807,0.04410342152413402,2.211807255503936,0.026979985581683488,0.15670874958694492,,MTPN
ENSG00000159140,281.5187900436836,-0.09719621154147594,0.04395311465254908,-2.2113611813364176,0.027010835729293727,0.15672468264988745,,SON
ENSG00000065518,93.45953892894367,0.07157251151889024,0.03237456409446474,2.210763712834898,0.02705220389736978,0.15680154774608512,,NDUFB4
ENSG00000177879,53.09223466599531,-0.11215870330729882,0.05077392527838604,-2.2089823209915127,0.02717587059911943,0.15735478137143297,,AP3S1
ENSG00000116288,115.9686479835686,0.0826759812711667,0.037438775619274105,2.2082982123112953,0.027223491873561538,0.15746700278732276,,PARK7
ENSG00000126353,53.76722091230147,-0.20841377328392677,0.09446041284827157,-2.2063610246833716,0.0273587317081066,0.15808527254342217,,CCR7
ENSG00000203791,12.283600352516473,-0.1815125419850179,0.08228802084462478,-2.2058197550740424,0.027396622525544374,0.15814033871887725,,EEF1AKMT2
ENSG00000085231,48.73308637523069,0.11002044074548095,0.0498948220638003,2.205047261312973,0.02745077827782019,0.15828907929382147,,AK6
ENSG00000140563,10.903171137582982,0.2278787270441635,0.10343764393578164,2.2030541142800972,0.027590934778586425,0.15893290529483256,,MCTP2
ENSG00000169413,48.12559769607098,0.22991329108715844,0.10456339615699815,2.198793263580995,0.027892625721911802,0.16029064223336714,,RNASE6
ENSG00000122873,13.521356254803646,0.20717020945605555,0.09422956354187123,2.198569129145958,0.027908574068824278,0.16029064223336714,,CISD1
ENSG00000115875,197.0369084236351,-0.11158857539592994,0.050764064511017774,-2.1981804741365987,0.027936247557626758,0.16029064223336714,,SRSF7
ENSG00000129993,8.58578374011895,-0.2451876858525158,0.1115450298594042,-2.198104982010943,0.027941625583004455,0.16029064223336714,,CBFA2T3
ENSG00000205581,259.49868845073473,0.05563549499499031,0.02531900867768664,2.1973804623725752,0.027993285442204134,0.16035804696900152,,HMGN1
ENSG00000012779,27.832477819558786,0.17735355011574755,0.08072648463255895,2.1969685775740637,0.02802269043355542,0.16035804696900152,,ALOX5
ENSG00000219481,7.688218676024549,-0.2945816902430002,0.1341000814894333,-2.1967301359635067,0.028039725254995908,0.16035804696900152,,NBPF1
ENSG00000067064,53.751494424227175,0.18600530708351515,0.08468918579099893,2.196328909603054,0.028068409942924224,0.16035804696900152,,IDI1
ENSG00000035687,20.834663557877438,0.16445693519014898,0.07490004252305668,2.195685471600684,0.02811446375777153,0.16045675528488643,,ADSS2
ENSG00000125107,60.58757577059607,-0.1888574391631304,0.08605544867397123,-2.194601760530396,0.02819217715715857,0.16073576669561981,,CNOT1
ENSG00000051620,29.292878770173537,-0.16258359017635088,0.07417083911002263,-2.19201497687224,0.028378425221021217,0.16163237899123015,,HEBP2
ENSG00000178425,17.143284188439676,-0.15809248087795028,0.07221670273971524,-2.1891401141332922,0.028586657706292026,0.16242770732191109,,NT5DC1
ENSG00000065150,9.338199810220281,-0.22064689281083216,0.10079856562318192,-2.188988419097972,0.02859768176046291,0.16242770732191109,,IPO5
ENSG00000125995,58.29373231610995,0.10367494531333828,0.047364347932710125,2.188881507682273,0.028605453477424082,0.16242770732191109,,ROMO1
ENSG00000121410,27.80046247076391,-0.15122568517446447,0.0691358891680084,-2.187368774660121,0.02871561376160005,0.1628873472377232,,A1BG
ENSG00000182179,10.491701857096118,0.20950763695108338,0.09583227478470165,2.1861907945080783,0.028801649473791765,0.16320934701815334,,UBA7
ENSG00000161618,12.766720398737831,0.19848542497478586,0.09089084226507387,2.1837780355904655,0.028978562328778,0.16404514065509251,,ALDH16A1
ENSG00000138495,72.60259841075442,0.1092617576148684,0.05004920061266676,2.1830869679707883,0.02902940610164124,0.16416629657479873,,COX17
ENSG00000184226,25.799425071803665,0.24908764706831943,0.11413323117256742,2.1824287677591756,0.02907790310057893,0.16427394902616832,,PCDH9
ENSG00000247982,176.99599118000296,-0.13231401586027974,0.06068867823578324,-2.180209220346222,0.029241956458471666,0.16503355183445143,,LINC00926
ENSG00000117614,172.20132378950447,-0.08428664232844259,0.038717185762898454,-2.176982667196127,0.02948186069746484,0.16621926718813343,,SYF2
ENSG00000130402,16.017483771955845,0.16521541845796883,0.07592584284684108,2.176010331439379,0.029554488039455238,0.16646042960404284,,ACTN4
ENSG00000114126,14.662334423259901,0.1848238775616018,0.0849777748322926,2.1749672538067735,0.029632570383086212,0.16673179864388366,,TFDP2
ENSG00000135624,37.270929792996746,0.12992464514271898,0.059776575740664514,2.1735043122306936,0.029742381615813995,0.16718096763082543,,CCT7
ENSG00000134882,21.204154164690276,0.1485969096505823,0.06840799072040324,2.17221567372044,0.02983939899719084,0.16755739054213104,,UBAC2
ENSG00000070961,96.13866790667487,-0.12635640733681275,0.05819840676353884,-2.171131726169087,0.029921216426752377,0.16784778953276785,,ATP2B1
ENSG00000177981,13.709868583821347,-0.18075302043180563,0.0833074791858913,-2.169709397021551,0.030028867727262692,0.16828237833891133,,ASB8
ENSG00000083099,29.290172035489288,-0.13036536338785593,0.06015639891570225,-2.167107169605318,0.030226683371273006,0.1692208699580505,,LYRM2
ENSG00000139921,19.65444975243591,0.19710364583848172,0.09097816486103025,2.1664939729171153,0.030273459925230537,0.1693127507954719,,TMX1
ENSG00000054118,92.85459802211689,-0.11187730018249548,0.05169033078721322,-2.1643757832203865,0.030435520845838657,0.16992009021634072,,THRAP3
ENSG00000144048,15.04876988669299,-0.17359364995911702,0.0802215393310631,-2.1639281844582943,0.030469861468388468,0.16992009021634072,,DUSP11
ENSG00000161980,13.051131091553396,0.22111143440044237,0.10218280098529468,2.163881125476908,0.03047347385515436,0.16992009021634072,,POLR3K
ENSG00000172175,22.314982670557118,0.17010383226113537,0.07862876496450566,2.1633791696705793,0.030512028364182195,0.16996510505362628,,MALT1
ENSG00000072401,19.936517760682413,0.17074883113258688,0.07894167398792203,2.162974541922068,0.03054313773613302,0.16996859881903964,,UBE2D1
ENSG00000130770,132.11922377486846,0.084315911933488,0.0390011250534348,2.161884094829781,0.03062711126515889,0.17026597449105282,,ATP5IF1
ENSG00000064886,18.72944689251601,0.4119851009918025,0.19060561321703742,2.1614531389623153,0.030660353086439777,0.17028100479082492,,CHI3L2
ENSG00000175857,66.33509481673498,0.1539662263097385,0.07134048507226268,2.158188665997743,0.030913166246523145,0.17151424377175428,,GAPT
ENSG00000245532,191.7556980901525,0.15779091694599456,0.07320369272664992,2.1555048805420514,0.031122347120209084,0.17250318841181497,,NEAT1
ENSG00000134215,17.252580742189338,0.23060634787618448,0.10702719380924713,2.154651912925891,0.031189083410809792,0.17265228892489626,,VAV3
ENSG00000006125,37.92888801700687,0.14483692987363744,0.06722936904102382,2.1543699121325526,0.03121117418154509,0.17265228892489626,,AP2B1
ENSG00000166974,16.949852229424945,0.1573711463605376,0.07306491761415043,2.1538537440307692,0.031251643426220665,0.17270482036135423,,MAPRE2
ENSG00000069667,8.274707338568316,-0.26980607060408485,0.12534008372199562,-2.1525920726406635,0.03135075210991336,0.1730327922768337,,RORA
ENSG00000141452,10.263363938827279,0.18815512970808107,0.08742014375732879,2.1523086284367645,0.03137305469725231,0.1730327922768337,,RMC1
ENSG00000130177,12.598893597779314,-0.18788570462394327,0.0873229659834095,-2.151618448915715,0.03142741786834996,0.17316134588331955,,CDC16
ENSG00000165406,11.45205958630872,0.21809152650204644,0.10144136542941465,2.1499269610462783,0.031560992623136684,0.17372566127009886,,MARCHF8
ENSG00000127838,50.0619893589445,0.10555377368941464,0.049107368208732,2.1494488004479466,0.03159884055527698,0.17376246048937322,,PNKD
ENSG00000123545,16.348138057554877,0.16022011751001344,0.07461724254571629,2.1472264592443255,0.03177525722185144,0.1745604278512745,,NDUFAF4
ENSG00000135334,36.85880909703886,-0.14516392337975279,0.0676324523152807,-2.146364924090662,0.031843875486539955,0.1747652064103807,,AKIRIN2
ENSG00000142867,23.894620860904453,-0.17147252327192342,0.07990458444897809,-2.145966022530468,0.03187568960671807,0.17476779276997045,,BCL10
ENSG00000175727,13.575732883760855,0.20206923521982087,0.09429203028855598,2.143014999268136,0.03211189398391265,0.17588990260736437,,MLXIP
ENSG00000103121,16.50969830630127,0.1470593970060239,0.0686554057115717,2.1419929790209866,0.0321940470127772,0.17611329239553264,,CMC2
ENSG00000107742,19.29443692409845,-0.19127859508316497,0.08931064840463523,-2.14172216303423,0.032215846169914505,0.17611329239553264,,SPOCK2
ENSG00000182180,22.07581232855928,0.13508977421907853,0.06312622206746085,2.1399945980406154,0.032355203306785804,0.17653325765115044,,MRPS16
ENSG00000010671,46.20997051651143,0.13985945415583215,0.06535534663805828,2.1399848880059036,0.032355988041512865,0.17653325765115044,,BTK
ENSG00000124575,29.749924361507805,0.37347252138653847,0.17464366337115403,2.1384830928152936,0.032477554903497366,0.17697923965464543,,H1-3
ENSG00000251562,52307.52756088363,-0.06233708825835867,0.02915411929465969,-2.1381914380029743,0.03250120900400949,0.17697923965464543,,MALAT1
ENSG00000151575,8.169291222279108,-0.3909631585324291,0.18293534338219458,-2.1371657947781904,0.03258450905001497,0.17725972923208144,,TEX9
ENSG00000136732,82.38086222206738,-0.1166117650317283,0.054589177811887615,-2.13617001951501,0.0326655581800702,0.1775274389981203,,GYPC
ENSG00000168675,11.520882326170979,0.2952367298180012,0.13823815687021548,2.135710837747811,0.03270299048351004,0.17755781395915482,,LDLRAD4
ENSG00000138433,62.83548350752316,-0.11838183969780701,0.05547554116293751,-2.133946550428541,0.032847156342442244,0.1781097664237214,,CIR1
ENSG00000073803,18.93450520288428,-0.15543042323886921,0.0728459860030114,-2.133685488620386,0.03286853472919823,0.1781097664237214,,MAP3K13
ENSG00000131732,9.70831628325744,0.20036212610284218,0.09394022926002679,2.132868183110766,0.03293554103173708,0.1782995891193844,,ZCCHC9
ENSG00000091490,56.41760861952543,-0.15817661992371546,0.07419802286487791,-2.131817180786219,0.03302187867869907,0.17859359409546655,,SEL1L3
ENSG00000167881,8.51054606128932,0.20506145493614406,0.09626365602640324,2.1302063873399915,0.03315457796706754,0.17913752591508586,,SRP68
ENSG00000164733,15.306170687949521,0.17891620600092525,0.08404570117137874,2.12879663691656,0.03327108930132443,0.17959302414732334,,CTSB
ENSG00000012124,112.09248050937012,0.12016911755356051,0.05649679393675954,2.127007732298464,0.033419440737913295,0.1802193438632539,,CD22
ENSG00000163714,84.14468636968242,-0.09384128396002979,0.04413415901180678,-2.126273300799169,0.03348050980755307,0.18026404878617305,,U2SURP
ENSG00000069509,9.572306666044598,0.2006187264239977,0.09436235086956887,2.12604629468484,0.033499405006477544,0.18026404878617305,,FUNDC1
ENSG00000197008,10.823866435575956,-0.18826302007316525,0.0885634224378922,-2.12574237637655,0.03352471639011145,0.18026404878617305,,ZNF138
ENSG00000142192,15.031840418179826,-0.16285300528279345,0.07667964654178391,-2.1238100673045275,0.03368602884129342,0.18095693335168794,,APP
ENSG00000060762,21.517895856130487,-0.12911485042336557,0.060846934771194475,-2.1219614580238444,0.033840974747099545,0.1816143168333273,,MPC1
ENSG00000135535,66.20000646777308,0.15557622938906387,0.0733322827990843,2.1215244289518633,0.033877694389797534,0.18163656145914522,,CD164
ENSG00000105856,28.73706097318345,-0.19279764131792249,0.09092160369824435,-2.120482189885145,0.03396540193352146,0.18193187433363656,,HBP1
ENSG00000157869,9.22141216679681,0.18472057729901065,0.08714699623773511,2.119643651229205,0.034036108329670606,0.1821356430386212,,RAB28
ENSG00000125691,1716.5658987391919,-0.06790012601902436,0.03205232663277039,-2.118414890655803,0.03413994587542572,0.1823076476185648,,RPL23
ENSG00000171223,904.1287244005273,0.2076571575894438,0.09803818860123117,2.118125197458371,0.0341644660711398,0.1823076476185648,,JUNB
ENSG00000080845,12.816384945093624,-0.17495952571166673,0.08260198715833944,-2.118103107813708,0.03416633639910334,0.1823076476185648,,DLGAP4
ENSG00000173928,9.623457657540124,0.19994321089954134,0.09445338012485234,2.11684548118075,0.03427296393427632,0.1827017656764099,,SWSAP1
ENSG00000161265,35.35506790807636,-0.132689815522623,0.06271739831899835,-2.115677931149587,0.03437220876971316,0.183055812893907,,U2AF1L4
ENSG00000166405,43.73366983278107,-0.17382658891387698,0.082238453737831,-2.1136898982563674,0.03454176186469699,0.1837832673259069,,RIC3
ENSG00000175895,49.22179981247865,0.2155006908857475,0.10203142336952303,2.112101191662077,0.034677770818614104,0.18430005682036074,,PLEKHF2
ENSG00000143256,53.98095904317492,0.09762445723685245,0.04622843335544372,2.11178381249116,0.03470499635247108,0.18430005682036074,,PFDN2
ENSG00000106399,48.568559483209675,0.11072074056879887,0.052459274279768056,2.110603741453215,0.03480638581676012,0.1846626140002421,,RPA3
ENSG00000186063,54.676170449121656,0.1462054387864265,0.06930026633697577,2.1097384831898878,0.034880887798540886,0.184804739336364,,AIDA
ENSG00000176014,7.802724908398167,0.36275141302668784,0.1719589726465908,2.1095230300788823,0.03489946027998409,0.184804739336364,,TUBB6
ENSG00000084093,28.627968113706984,-0.14949052866716434,0.07092048769308618,-2.1078609796663557,0.03504301630335174,0.18538886044353825,,REST
ENSG00000129292,22.69911289721647,0.14247083042193737,0.06761863909218581,2.1069757146059107,0.03511968471788801,0.1855526611566965,,PHF20L1
ENSG00000213625,12.325732395668227,0.171914138812688,0.0816021551540269,2.106735275412691,0.03514053267243033,0.1855526611566965,,LEPROT
ENSG00000170315,605.9436017847722,0.0670847417091761,0.03185370102911781,2.1060266010487516,0.03520204173498718,0.18570159386403834,,UBB
ENSG00000137547,11.124980970828162,-0.20038500851999422,0.09521065471050086,-2.1046489925868936,0.03532187359282742,0.18615762490889007,,MRPL15
ENSG00000178209,8.150584989613403,-0.2119965636189753,0.10078479895181994,-2.1034577220352446,0.035425777270295486,0.18639721605807924,,PLEC
ENSG00000173726,91.64093872830489,-0.10157679970688761,0.0482926045371134,-2.103361387949675,0.035434191000997844,0.18639721605807924,,TOMM20
ENSG00000213654,191.94764059467596,0.07206566217504093,0.03428341196343487,2.1020563020945198,0.035548344126548406,0.18682145791671434,,GPSM3
ENSG00000150776,10.092537633379967,-0.19612362134138597,0.09342971364300517,-2.0991568281026107,0.035803078286020085,0.18798301744147644,,NKAPD1
ENSG00000111666,57.92899238953787,-0.1708089629008211,0.08139897836514501,-2.0984165444263287,0.03586836505566516,0.18814863927600087,,CHPT1
ENSG00000164162,9.397190315796065,0.20133219515945286,0.09598885146679673,2.097453944733313,0.035953410033829084,0.18841749468856295,,ANAPC10
ENSG00000188906,16.313867887322658,-0.1900090439211308,0.09071354136595582,-2.094605072847921,0.03620611389886436,0.1892678320880135,,LRRK2
ENSG00000075407,12.392195638547259,0.19923234170765475,0.09512175831893922,2.0944980962151387,0.0362156324810177,0.1892678320880135,,ZNF37A
ENSG00000112343,61.94995206617167,0.1324330825162241,0.06323394391868936,2.0943353254466595,0.03623011961370302,0.1892678320880135,,TRIM38
ENSG00000234184,159.1141291945828,-0.3124929105219842,0.1492507620681832,-2.0937441537432555,0.036282777393213624,0.1892678320880135,,LINC01781
ENSG00000105329,23.381080236379077,0.14862817551348598,0.07098778180139993,2.093714886447613,0.03628538602978595,0.1892678320880135,,TGFB1
ENSG00000162585,57.095672318659226,-0.08923942770430299,0.042645139316509366,-2.092604904910122,0.03638443836091857,0.1896071292527869,,FAAP20
ENSG00000117091,199.51398751788093,0.10051190891755611,0.04805185461678294,2.091738388021564,0.03646192451422525,0.18983351175660132,,CD48
ENSG00000123240,14.7318608219522,0.21117378422899752,0.10100919964773845,2.0906391196588956,0.03656042620642666,0.19016878407372673,,OPTN
ENSG00000173692,10.302592734384644,0.17887317215522255,0.08560707900246053,2.0894670655692074,0.03666569962960989,0.19041411296594035,,PSMD1
ENSG00000076928,47.73675743765864,-0.1273042955875411,0.06092998568827367,-2.0893537746561712,0.03667588904688306,0.19041411296594035,,ARHGEF1
ENSG00000204435,60.93114974630259,0.08677266190607315,0.04154302103840303,2.0887422179975577,0.036730934295012514,0.19046713532138607,,CSNK2B
ENSG00000124772,34.09723900916944,0.18612375596170855,0.089119176788243,2.088481544257967,0.036754418508933184,0.19046713532138607,,CPNE5
ENSG00000096746,61.34815060666546,-0.09633833805647593,0.046137055935993196,-2.0880902801888337,0.03678969166925277,0.19047290691527713,,HNRNPH3
ENSG00000163444,20.51280761200745,0.12523933358208375,0.060021083603270325,2.0865890127858324,0.036925301317924826,0.19099766247564826,,TMEM183A
ENSG00000253982,8.13707697337104,-0.19816149811121295,0.09499324328767203,-2.0860588737991836,0.036973290427416074,0.191068644507203,,CLN8-AS1
ENSG00000176102,19.901148646833388,0.13511647528250617,0.06479182080757656,2.0853940142195553,0.03703354974260391,0.19120284570811055,,CSTF3
ENSG00000124201,11.318886258656262,0.22790022428934756,0.10939054083744346,2.08336317331141,0.037218132403147176,0.19197808166507738,,ZNFX1
ENSG00000217555,43.284382340718956,-0.11862736057783728,0.05696711686499172,-2.082383085297721,0.03730749220363666,0.1922611613008115,,CKLF
ENSG00000198937,23.59909952964254,-0.20608965253074954,0.09901398433254988,-2.081419649153535,0.03739551169966313,0.19253681739364878,,CCDC167
ENSG00000213593,12.716484148370938,0.16072401813723083,0.07725089271709022,2.0805457708539055,0.03747550199782527,0.19277066341316762,,TMX2
ENSG00000176155,28.055079146731664,0.12178506509291646,0.05871394217007309,2.0742103253797723,0.03805978170839193,0.19559570765529347,,CCDC57
ENSG00000100216,60.83574805121237,-0.08983394650486896,0.04332690748685865,-2.073398534896963,0.03813520518681963,0.19580285830728014,,TOMM22
ENSG00000139318,8.575285197855822,0.2815404322973957,0.13588938898676445,2.071835294842761,0.03828080392206172,0.196369606871588,,DUSP6
ENSG00000170791,35.69601270308593,0.10906041859841768,0.05266782033639101,2.0707220823236163,0.03838477537703238,0.19654990197320063,,CHCHD7
ENSG00000139722,23.856685829116707,0.19888415434453,0.09607056421371715,2.070188261849855,0.03843471805801819,0.19654990197320063,,VPS37B
ENSG00000213619,25.651582899195752,0.12619333125327023,0.06096531091436053,2.069920244162079,0.03845981382860672,0.19654990197320063,,NDUFS3
ENSG00000198833,74.37919103058204,0.15448619045009593,0.07464467034130778,2.0696211764847794,0.03848783339753048,0.19654990197320063,,UBE2J1
ENSG00000181991,16.94944982626932,0.14316541657808446,0.06918219705471558,2.0693967909815902,0.03850886740447773,0.19654990197320063,,MRPS11
ENSG00000115947,13.5921733074394,-0.16424710241940832,0.0793813783992594,-2.069088566254232,0.03853777646850298,0.19654990197320063,,ORC4
ENSG00000105379,48.969477509054585,0.10176033946977876,0.04918755143957409,2.0688230353322075,0.0385626959753733,0.19654990197320063,,ETFB
ENSG00000310560,41.361880899705916,-0.11125636938894443,0.05384041547097636,-2.0664099341677473,0.038789788712459985,0.19738184967717365,,PAXX
ENSG00000071575,10.532362771528337,0.21139183227468306,0.10230271525483502,2.0663364774640454,0.038796719377005434,0.19738184967717365,,TRIB2
ENSG00000107581,54.85374296019797,-0.1244194586706845,0.06023336755178138,-2.065623486246617,0.03886404501913662,0.19754413402616755,,EIF3A
ENSG00000113810,19.309396494146583,0.1546596778288564,0.07492417384460287,2.064215991885738,0.03899724192197891,0.19804063839431185,,SMC4
ENSG00000212907,278.20372910540516,-0.18364138876668232,0.08900862912321329,-2.0631863514319533,0.03909492638066883,0.19820841387266663,,MT-ND4L
ENSG00000189057,11.618350539569107,-0.37755635818830563,0.1830027514316473,-2.063118479010002,0.0391013728945361,0.19820841387266663,,FAM111B
ENSG00000142875,28.866492125070245,0.13935709440239274,0.06758476411639862,2.061960209883746,0.03921152438372306,0.19858624883164375,,PRKACB
ENSG00000257103,66.12197259017549,0.11927547269756537,0.057879695125617636,2.0607481162210526,0.03932707663233197,0.1989907253193131,,LSM14A
ENSG00000125686,7.350527325425523,0.229621498031904,0.11145798172995243,2.0601619952911556,0.039383056790454805,0.19909331338492836,,MED1
ENSG00000166986,9.01650186600538,0.2071629798900879,0.10062416334167919,2.0587796510331793,0.039515351878667664,0.19926504511524787,,MARS1
ENSG00000118308,36.055040140857145,0.14661223082150424,0.0712268209307659,2.058385154716012,0.03955317564781536,0.19926504511524787,,IRAG2
ENSG00000115520,27.448265974540252,-0.16956224045411736,0.08237669923641538,-2.0583762401973105,0.039554030714655,0.19926504511524787,,COQ10B
ENSG00000152795,304.247042219892,-0.06181700305700714,0.0300369356580117,-2.0580329418696475,0.03958697129764267,0.19926504511524787,,HNRNPDL
ENSG00000145439,15.564519318253513,0.1665597214678151,0.08094788693122945,2.0576166689727,0.03962694525808834,0.19926504511524787,,CBR4
ENSG00000154978,35.36471746935095,-0.1628346162611959,0.07914510932697189,-2.0574185524019923,0.03964598207605698,0.19926504511524787,,VOPP1
ENSG00000023041,17.569294827362928,0.15199795719129397,0.07389298260813436,2.057001244588571,0.039686106149874244,0.19926504511524787,,ZDHHC6
ENSG00000167965,9.529228800139533,-0.18004700713253555,0.08753631196891272,-2.0568265109966783,0.03970291698763278,0.19926504511524787,,MLST8
ENSG00000005486,12.906978977646693,-0.16822005987178054,0.08184516040054138,-2.0553452280932647,0.039845671749899704,0.19980167776748267,,RHBDD2
ENSG00000132773,8.171119539816038,-0.2526184290645394,0.12296353131834528,-2.054417487494933,0.03993530194227289,0.2000711982301111,,TOE1
ENSG00000156171,101.87249819071877,-0.09811194825241913,0.04776969816579158,-2.053853216989305,0.0399899004430362,0.20016488767537688,,DRAM2
ENSG00000105248,10.911567515289821,-0.201901325839264,0.09833088536166536,-2.053284937857134,0.04004495080512818,0.20026066877972623,,YJU2
ENSG00000175155,11.457587647763003,-0.21197957604337994,0.10326068171715656,-2.0528585761618108,0.040086295531958645,0.20028779918118406,,YPEL2
ENSG00000126432,93.64086687062562,0.07876973809198246,0.03842439708465642,2.0499928188446885,0.04036513158269368,0.2015004240869292,,PRDX5
ENSG00000152133,16.839592137593684,0.226077439113614,0.11050470708818372,2.045862525414435,0.04076989825140818,0.20333895585854384,,GPATCH11
ENSG00000133773,71.99941931604353,-0.10850865171194134,0.053070063676683654,-2.0446301397526803,0.040891335748180366,0.2037623665164019,,CCDC59
ENSG00000164967,8.136089785308455,0.23211356937032335,0.11365071289719482,2.042341516856886,0.041117666568420766,0.20470723998706625,,RPP25L
ENSG00000138629,20.62734548012098,-0.12975008035176605,0.06357162062596487,-2.041006333866713,0.041250197532155086,0.20518385498599176,,UBL7
ENSG00000198276,11.986085007327922,-0.17528780241502823,0.08592180654268475,-2.0400851596148377,0.04134184455628962,0.20539461826299116,,UCKL1
ENSG00000108651,14.379386399036406,0.1703669268620135,0.08353287772566123,2.039519426369252,0.041398214418731226,0.20539461826299116,,UTP6
ENSG00000232859,11.936068967976041,-0.1821714909178115,0.08932292768414976,-2.039470667172697,0.04140307584784829,0.20539461826299116,,LYRM9
ENSG00000138768,11.946612688202139,0.17165582363070633,0.08421685828586696,2.038259644500573,0.04152397342818044,0.20581126740936367,,USO1
ENSG00000100603,41.0965547665249,-0.12617614826048174,0.061943770088410025,-2.0369465416844217,0.04165539941677857,0.2062793136305127,,SNW1
ENSG00000100664,92.59717472491177,-0.14458150212835646,0.07103355741263372,-2.035397175569892,0.04181092530647594,0.20672550635033443,,EIF5
ENSG00000112062,9.741839663904637,0.21116320592049662,0.10378163653621375,2.0346875706359953,0.041882319630244164,0.20672550635033443,,MAPK14
ENSG00000204227,10.941834454040709,0.17085380451554677,0.08397160159466942,2.0346617340974085,0.04188492102537857,0.20672550635033443,,RING1
ENSG00000152240,19.735655863061496,0.13058201753264131,0.06419014296323057,2.0343001511531353,0.04192134196128348,0.20672550635033443,,HAUS1
ENSG00000160888,269.42918151413704,0.22869462434253218,0.11243763340981372,2.0339686758523627,0.0419547538088618,0.20672550635033443,,IER2
ENSG00000158417,77.84611560069311,0.09659014982912434,0.04749156867612795,2.033837847888908,0.04196794712851122,0.20672550635033443,,EIF5B
ENSG00000160221,18.09839144834243,0.16157344047823805,0.07946469688106955,2.0332732247133105,0.04202492672185306,0.20682346990384173,,GATD3
ENSG00000130592,190.98872477878086,-0.07630030959514146,0.03754641610842641,-2.0321595908062617,0.04213750227156675,0.20703679765174912,,LSP1
ENSG00000171522,15.027606655893395,0.2763741213944423,0.13602100773302284,2.0318488004213253,0.0421689651005249,0.20703679765174912,,PTGER4
ENSG00000140740,50.48590446049576,0.0902563901600269,0.04442312962721389,2.0317431688724437,0.0421796632231684,0.20703679765174912,,UQCRC2
ENSG00000162777,8.971748113114463,0.20965545194179794,0.10321683427956656,2.0312137395527796,0.04223331722190079,0.20711783362297168,,DENND2D
ENSG00000165527,148.1611371188145,-0.10453183050811111,0.0515192908672759,-2.0289842648922756,0.04245989302780587,0.20804601364063752,,ARF6
ENSG00000100614,15.33864309704069,0.15556708263282518,0.07669378283465514,2.02841843084222,0.04251756059644971,0.20804758434666062,,PPM1A
ENSG00000086504,23.43846668659534,0.12604278047486708,0.06214520066175713,2.028198141331792,0.04254002953933928,0.20804758434666062,,MRPL28
ENSG00000167747,16.07780827630299,-0.1668822257832904,0.08229379651419373,-2.02788342319955,0.042572147370792644,0.20804758434666062,,C19orf48P
ENSG00000032742,7.215899337161578,-0.23733954587938205,0.117122264977331,-2.0264255129058433,0.04272119869252268,0.20848044686562792,,IFT88
ENSG00000091009,44.921258911604596,-0.11211446843591852,0.055330035723604676,-2.026285849443049,0.04273550049630787,0.20848044686562792,,RBM27
ENSG00000163832,11.858633408200017,0.1662779714803517,0.08214441044000251,2.0242152885350553,0.04294800519240864,0.20933398335041137,,ELP6
ENSG00000185608,33.07139334859885,0.12483040820460786,0.061716169297691324,2.0226532143056635,0.043108913667931584,0.20962597748167058,,MRPL40
ENSG00000184182,14.279683288876344,0.1453042002993738,0.07184016101412719,2.022604045539376,0.04311398677746971,0.20962597748167058,,UBE2F
ENSG00000124733,23.308641011890135,0.1291817411288265,0.06387373548861984,2.0224547717557924,0.04312939156191405,0.20962597748167058,,MEA1
ENSG00000066336,43.08459802304858,0.10779089481316438,0.05330443792259428,2.0221748697489743,0.043158289481520416,0.20962597748167058,,SPI1
ENSG00000171206,8.84449667393128,-0.19374790796183333,0.09590677969762405,-2.020169049286024,0.04336585552774077,0.21035784550125178,,TRIM8
ENSG00000111912,21.730620370819558,-0.21130726726972965,0.10460807318931414,-2.019990052654129,0.043384419355530765,0.21035784550125178,,NCOA7
ENSG00000148950,13.500821228304845,-0.15683219468625578,0.07769213881733159,-2.0186365966188284,0.04352500436522789,0.21045542911539564,,IMMP1L
ENSG00000078589,52.72662235287757,-0.10738485896898058,0.05319866766673048,-2.0185629392394953,0.043532666268861465,0.21045542911539564,,P2RY10
ENSG00000164032,81.2941075150513,0.10158288100080136,0.05033477288033842,2.01814521428945,0.043576139930789404,0.21045542911539564,,H2AZ1
ENSG00000171861,8.82174932800143,-0.2226705429771692,0.11033429914801121,-2.0181443548978475,0.04357622940757039,0.21045542911539564,,MRM3
ENSG00000022277,41.6819023696305,0.1146063480429355,0.056792585829742684,2.017980804510495,0.04359326051439777,0.21045542911539564,,RTF2
ENSG00000078808,26.36372193913665,-0.11362189032308884,0.05635259218680126,-2.0162673253157117,0.04377202969420625,0.2111356726426419,,SDF4
ENSG00000138785,7.970415749805998,-0.20081495297960097,0.09967538212580487,-2.014689572257102,0.043937185494940745,0.21174913251494346,,INTS12
ENSG00000070718,8.293051198813176,-0.21836360869576796,0.10848491111252986,-2.012847744966694,0.044130649296791204,0.2124978415189186,,AP3M2
ENSG00000138814,74.31297820723846,-0.13555636776297394,0.06737290172261785,-2.012031013909352,0.044216667803006565,0.21252299085320445,,PPP3CA
ENSG00000083799,41.198245084142286,-0.15072914850313113,0.07492715860498012,-2.011675756954605,0.04425412777633368,0.21252299085320445,,CYLD
ENSG00000170275,10.958393214892702,-0.1762789519855892,0.08763253701399468,-2.0115696520053725,0.0442653211771027,0.21252299085320445,,CRTAP
ENSG00000101745,126.19699596630775,-0.0970769139131673,0.04826764799006601,-2.0112211378757623,0.0443021040276504,0.21252299085320445,,ANKRD12
ENSG00000100319,9.304208748296222,-0.18458441524835398,0.09178780263213475,-2.0109906758322516,0.04432644160012137,0.21252299085320445,,ZMAT5
ENSG00000119878,11.303906464533252,0.2040968550021266,0.10151032653233168,2.0106018961245335,0.0443675236257748,0.21253720939632326,,CRIPT
ENSG00000196247,14.872727003766823,-0.23948641804819298,0.11916787677837765,-2.0096558277494334,0.044467628120184684,0.21283390077094402,,ZNF107
ENSG00000132780,36.11997254732507,0.14401059506472674,0.0716764950376507,2.009174625364702,0.044518617727824575,0.21289520793340466,,NASP
ENSG00000134287,13.697584063765653,0.16325060492022853,0.08128874168549391,2.0082806245401734,0.04461347962407754,0.21314082265421325,,ARF3
ENSG00000134294,44.182448880162,0.13280990988576857,0.06614136541915676,2.0079704893316634,0.04464642770088254,0.21314082265421325,,SLC38A2
ENSG00000100266,7.75168235848636,0.2149047372212627,0.10708045470132126,2.0069464387380025,0.044755366391173335,0.21331634275413716,,PACSIN2
ENSG00000174840,8.405520869745727,-0.21270474188465427,0.10599669435919405,-2.0067110882142756,0.044780434683773185,0.21331634275413716,,PDE12
ENSG00000119559,22.565913318632365,0.14403966763686943,0.07180408780733455,2.0060092960634512,0.044855256191333626,0.21331634275413716,,C19orf25
ENSG00000196924,30.891625349560798,-0.12112639035950182,0.060383127506027874,-2.0059641718195222,0.044860070714072595,0.21331634275413716,,FLNA
ENSG00000185475,25.89458484567461,0.13171660648340305,0.06566691059766872,2.005829195931127,0.04487447454279105,0.21331634275413716,,TMEM179B
ENSG00000119720,12.283634684127952,-0.1989366567153079,0.09922012274967143,-2.005003130435723,0.0449627123745121,0.21355373441250378,,NRDE2
ENSG00000107262,30.253678025673352,0.12044946113304804,0.060114107503681714,2.0036804360053266,0.045104303293189714,0.21404391077687304,,BAG1
ENSG00000008128,45.073916531329665,-0.1371033166364561,0.06847305510280707,-2.002295887493349,0.04525291805717561,0.21456655704660815,,CDK11A
ENSG00000063241,9.522551946882945,0.19771329594014955,0.09880633816127408,2.0010183518534723,0.04539041221934833,0.21503563172054907,,ISOC2
ENSG00000120694,13.896388809456237,0.19289294040612437,0.09643126743710956,2.0003153078115985,0.0454662270831288,0.21506961864216498,,HSPH1
ENSG00000204842,12.112768845006068,0.19138161456494662,0.09567949108299999,2.000236543889296,0.045474727471146434,0.21506961864216498,,ATXN2
ENSG00000119048,59.296755033552586,-0.10435283616429013,0.05220047469458749,-1.9990782990927507,0.04559988271844581,0.21527479097087568,,UBE2B
ENSG00000171657,7.848422294057709,-0.22723247747832728,0.11368223077141439,-1.9988390088441623,0.045625775598996735,0.21527479097087568,,GPR82
ENSG00000204237,21.31936821233574,0.13616598250711365,0.06812510421928823,1.9987636579433083,0.04563393165846038,0.21527479097087568,,OXLD1
ENSG00000211460,22.63398706101616,-0.14310531822191583,0.07162010671846131,-1.998116517536939,0.0457040294009794,0.21542321888407534,,TSN
ENSG00000130066,314.148667388722,0.10345946384673423,0.051799356293770846,1.9973117669644824,0.045791325887196095,0.21549189734223745,,SAT1
ENSG00000057608,103.39616861201986,0.10656791604799204,0.05335679800632696,1.9972697018916954,0.045795892817530735,0.21549189734223745,,GDI2
ENSG00000146729,19.42782299325317,-0.12691196051065534,0.06359007850333447,-1.9957824160258029,0.04595761160416782,0.21607052470897115,,NIPSNAP2
ENSG00000071626,19.846811241572436,-0.1301448382652073,0.06526940157323083,-1.9939640187935177,0.04615598681300036,0.21682037276267058,,DAZAP1
ENSG00000074800,110.6954660348183,0.08522639650372506,0.04278220083841473,1.992099397261468,0.04636015309362519,0.21759613943607245,,ENO1
ENSG00000140632,13.017919660706534,0.19651076788573055,0.0987327649325501,1.990329836503395,0.04655461335771457,0.21829052218776862,,GLYR1
ENSG00000166902,16.27017012605544,0.1492868472089681,0.07501696127211663,1.9900412477045664,0.046586391930316474,0.21829052218776862,,MRPL16
ENSG00000173915,146.4732810844711,0.09292390289678687,0.046764442744305516,1.9870631925385698,0.04691539448330941,0.21947276968540652,,ATP5MK
ENSG00000160633,26.71442850198419,0.14316934617029187,0.07205138955209531,1.987044900317657,0.04691742135312134,0.21947276968540652,,SAFB
ENSG00000147408,12.437687084222251,-0.24836704601166976,0.12504063352390182,-1.9862906881721274,0.04700105600609062,0.21967970518856772,,CSGALNACT1
ENSG00000171055,10.449988845990237,-0.16361337148889243,0.08246718241448081,-1.9839815875674052,0.04725789256803263,0.22069514988220262,,FEZ2
ENSG00000134758,20.184452653247167,-0.18399469442745323,0.0927875297693666,-1.9829679148134653,0.04737101357828003,0.2210383026882757,,RNF138
ENSG00000104518,28.482894963024535,0.12739910835509047,0.06427727746063935,1.9820240275905312,0.04747655149726461,0.22134552771634403,,GSDMD
ENSG00000214194,25.66057395641522,0.16189237522494396,0.0817279090885189,1.9808701462018257,0.047605837779761406,0.22176286671674988,,SMIM30
ENSG00000101557,13.023832201839456,-0.17479163799326633,0.08833772288317962,-1.9786749339737442,0.04785261687524926,0.2226805978655587,,USP14
ENSG00000223482,23.383429238151773,0.14903614041681698,0.07533135427917477,1.9784078202616062,0.04788271822826486,0.2226805978655587,,NUTM2A-AS1
ENSG00000173465,21.895825679594402,0.13338532950451606,0.06743503589240422,1.977982627863336,0.0479306664763965,0.22271783022698907,,ZNRD2
ENSG00000116120,8.156013128204943,0.20222476746208698,0.10226777255481244,1.9774046350105123,0.047995910479870965,0.2228353012787348,,FARSB
ENSG00000013441,86.68851937039538,0.12535358964429758,0.06344022464922036,1.9759323100984336,0.04816244419596665,0.22329163036831584,,CLK1
ENSG00000132424,356.7844624611441,-0.06217178355514165,0.03146619600282256,-1.975827759719184,0.0481742882591614,0.22329163036831584,,PNISR
ENSG00000103174,7.821716805762576,-0.19979235583405916,0.10124775334495756,-1.9733016213540449,0.048461208318302265,0.22443496476981184,,NAGPA
ENSG00000188825,8.698302719732652,0.30871967632328046,0.15649053665490956,1.9727689796608223,0.0485218888845278,0.22452950408309297,,LINC00910
ENSG00000092199,262.4032850515532,-0.06088109695188563,0.030905437532679852,-1.9699153874624518,0.04884806860666187,0.2256250489589111,,HNRNPC
ENSG00000159023,33.519637453738824,-0.1770603873375442,0.08988352170361812,-1.9698870714187526,0.04885131447134107,0.2256250489589111,,EPB41
ENSG00000072858,13.94318230433036,-0.19902654300810926,0.1010661965197958,-1.969269150928481,0.048922191722067,0.2256250489589111,,SIDT1
ENSG00000184293,52.79348637938209,-0.2654988704431856,0.1348284399560221,-1.9691607388603263,0.04893463579340592,0.2256250489589111,,CLECL1P
ENSG00000004779,40.43802195004045,0.12338546267880074,0.0626662042662232,1.9689314858552067,0.04896095933290574,0.2256250489589111,,NDUFAB1
ENSG00000125827,24.890451775589565,-0.1389709520091452,0.07071172737246725,-1.9653168883448286,0.04937757211713397,0.22735701248979273,,TMX4
ENSG00000103653,48.875982375677815,0.12176593012655595,0.06197973371943102,1.9646087974137523,0.04945953297083202,0.22754649822224368,,CSK
ENSG00000173020,16.55695375491429,0.13702207389834525,0.0698367092448484,1.962035086990484,0.049758399413040055,0.22873275773051224,,GRK2
ENSG00000131269,10.0373995947507,0.1819084631746311,0.0927713891480468,1.960825043638586,0.04989943557657483,0.22900426568330734,,ABCB7
ENSG00000113441,32.29020790738601,0.1600424150547115,0.0816199957435635,1.9608236143204203,0.04989960236822425,0.22900426568330734,,LNPEP
ENSG00000151292,57.39874414136722,-0.1292505520385424,0.06596270181776412,-1.9594490291744617,0.05006022358845603,0.22938263695953956,,CSNK1G3
ENSG00000183735,9.113582273809776,0.2065623644111952,0.10542592884318905,1.9593127295889123,0.05007617388198743,0.22938263695953956,,TBK1
ENSG00000172057,15.767466199927119,0.2330332462798889,0.11895140640964008,1.9590625559934813,0.05010546122968421,0.22938263695953956,,ORMDL3
ENSG00000102879,342.1918890437843,0.07346248056723724,0.03753045881206693,1.9574096052248986,0.050299330101232505,0.23008126714066648,,CORO1A
ENSG00000113851,39.43269060875397,-0.09908179478579668,0.050637026042578956,-1.9567064365605153,0.050381992715968965,0.23027048474118275,,CRBN
ENSG00000120333,13.810725459669065,0.15798720075324652,0.08082403631659098,1.954705653828081,0.05061782238430694,0.2306747254120825,,MRPS14
ENSG00000128708,19.603812200446747,0.1504233971375471,0.07696054217085355,1.954552201615276,0.050635947720133044,0.2306747254120825,,HAT1
ENSG00000165714,11.362417691241351,0.22249125082762058,0.11384051285288806,1.9544118807259583,0.05065252678076537,0.2306747254120825,,BORCS5
ENSG00000197302,11.786962728586504,0.17554815319406944,0.08983780157013606,1.9540566457096527,0.050694518501463254,0.2306747254120825,,KRBOX5
ENSG00000256043,8.717833064174819,0.18760361856532287,0.09601291218475518,1.953941551156391,0.05070812988412884,0.2306747254120825,,CTSO
ENSG00000132305,15.693144883981107,0.17007171486433806,0.08704429211741968,1.953852581567523,0.05071865375810853,0.2306747254120825,,IMMT
ENSG00000075151,11.746748920629004,0.21575275559149704,0.11048241682604316,1.9528243659912345,0.05084041027695305,0.23072951432073424,,EIF4G3
ENSG00000241058,11.405456592951207,0.17519680575488458,0.08971613344188434,1.9527904183295228,0.05084443437287193,0.23072951432073424,,NSUN6
ENSG00000135521,14.805073410441391,-0.161493500163431,0.08270255517895406,-1.9527026681822217,0.05085483735656069,0.23072951432073424,,LTV1
ENSG00000273344,15.22670323807243,0.154650727011155,0.07922105273687968,1.9521417813621231,0.05092137391521393,0.2308435617489698,,PAXIP1-DT
ENSG00000198668,272.7846264368577,-0.08800539478179564,0.04511114159746944,-1.9508571866142355,0.05107403682683017,0.23134754617904552,,CALM1
ENSG00000067334,45.710149746146286,-0.1370156770903759,0.07024623918839354,-1.9505055170699357,0.051115896450788054,0.23134921965064464,,DNTTIP2
ENSG00000100351,9.503820330398034,0.1888061191472495,0.09691805278118143,1.9481006244887122,0.05140292411667738,0.23245961465903736,,GRAP2
ENSG00000005483,148.14402649062768,-0.11217465956114671,0.05762596998357438,-1.94659906970973,0.05158282023534179,0.2329666824752851,,KMT2E
ENSG00000198355,24.71827779442072,-0.22361694607876775,0.11488347397396492,-1.946467479991458,0.051598610627147976,0.2329666824752851,,PIM3
ENSG00000066379,21.12546540085966,0.12257045338665834,0.06299165551448008,1.9458204802774663,0.05167630760431486,0.23312871456444959,,POLR1H
ENSG00000134308,67.09164635727615,0.07830593768243373,0.040260100559598666,1.945001045551644,0.05177485247169061,0.23338446029276222,,YWHAQ
ENSG00000096060,12.150240407290797,0.337902957217388,0.17377779925131234,1.9444541171149412,0.051840713307291245,0.23349258271523102,,FKBP5
ENSG00000175203,19.824525097777812,-0.12795684942671254,0.06586889921652303,-1.9425988736519664,0.05206464311400121,0.23416597918987217,,DCTN2
ENSG00000162613,35.85488895763139,0.12213612509719297,0.06287510135866184,1.942519732898485,0.052074213449684624,0.23416597918987217,,FUBP1
ENSG00000162600,13.88254489470488,0.18198064217306872,0.09374496532609532,1.9412311001454037,0.052230252426337345,0.23467839446354316,,OMA1
ENSG00000163931,54.28118667799295,-0.11708811042456757,0.06033639546163838,-1.9405884214447593,0.052308219628767534,0.2348394787842253,,TKT
ENSG00000168958,40.71870345453964,0.09144649013461761,0.04714337405147274,1.9397527642967014,0.052409743726060186,0.23495099636148722,,MFF
ENSG00000188820,125.5637759614419,-0.16866248112369756,0.0869763742581013,-1.9391758113898123,0.05247993390988841,0.23495099636148722,,CALHM6
ENSG00000047249,20.32223802632935,-0.1395680759088255,0.07197397517756628,-1.9391464145824724,0.05248351233149425,0.23495099636148722,,ATP6V1H
ENSG00000099624,167.12298232231248,-0.052929876170046575,0.027297542892242777,-1.9389978203894613,0.05250160356284309,0.23495099636148722,,ATP5F1D
ENSG00000100591,19.765055544840415,0.1711014218988768,0.08829269734841334,1.9378887160247298,0.05263680093499168,0.23532137767378658,,AHSA1
ENSG00000123338,21.244314708574002,0.1432789544293432,0.07396843800410953,1.9370282555024745,0.052741889532188155,0.23532137767378658,,NCKAP1L
ENSG00000105327,10.948360256719406,-0.2608181221573103,0.13466098593400053,-1.9368499372575618,0.052763689575708546,0.23532137767378658,,BBC3
ENSG00000151353,15.60211984289105,0.14891617098902782,0.0768921419470436,1.9366890714474818,0.052783362457596475,0.23532137767378658,,TMEM18
ENSG00000244187,18.379604673944463,0.1387734418228368,0.07165862828647179,1.9365908215275647,0.05279538082315405,0.23532137767378658,,TMEM141
ENSG00000116586,44.30484743386,0.11398802232197856,0.05890251598532876,1.9351978504682263,0.052966021429447285,0.2358933989541518,,LAMTOR2
ENSG00000028277,114.44768920066849,0.11232903023742473,0.058059187580007623,1.9347330701558878,0.05302306000785792,0.23595896456808918,,POU2F2
ENSG00000213123,8.947338439280948,-0.20780237624179065,0.10751394886676495,-1.9327945669571365,0.0532615099090885,0.23669484277117306,,DYNLT2B
ENSG00000166797,75.18664222369178,0.08775245350948097,0.04540410318339855,1.9326987509262503,0.053273319167471696,0.23669484277117306,,CIAO2A
ENSG00000159596,7.32245928196884,0.21911744964749,0.11341326142343651,1.9320267039089842,0.053356209973190565,0.23672749179242394,,TMEM69
ENSG00000078618,32.002153284131154,0.11860734755140143,0.06139252958576387,1.9319508147275453,0.05336557696970533,0.23672749179242394,,NRDC
ENSG00000146833,10.693284744564723,-0.17441037269164963,0.09033928659991128,-1.9306148991862961,0.05353069395889175,0.2369687169038061,,TRIM4
ENSG00000068912,21.15318874128572,0.1307544630038964,0.067728460443544,1.9305689535478012,0.05353638034536574,0.2369687169038061,,ERLEC1
ENSG00000197622,92.57497053589742,-0.11530733230606857,0.05972989151444418,-1.930479520093961,0.053547450376398076,0.2369687169038061,,CDC42SE1
ENSG00000185262,30.422670207350183,0.18023688191175524,0.09347750240313138,1.928131125438772,0.053838818357130766,0.23803341959504828,,UBALD2
ENSG00000100227,8.22101470285816,0.20293380220473833,0.10526414917886234,1.9278529659696202,0.05387341741910885,0.23803341959504828,,POLDIP3
ENSG00000204252,22.814822838349468,0.14886215469592706,0.07723611339253726,1.9273646505147746,0.05393420177408606,0.2381133088616816,,HLA-DOA
ENSG00000007255,52.313630026104974,-0.1033805656252162,0.05364823207822692,-1.9270078737072325,0.05397864869170389,0.23812100087416213,,TRAPPC6A
ENSG00000128699,58.201616273228,0.07707942082554742,0.040008332973191375,1.9265841662834713,0.054031473471506296,0.23816560954712973,,ORMDL1
ENSG00000010270,13.176450496071,0.1559813428184049,0.08100836921063824,1.925496641128791,0.05416725576988643,0.23843281810293598,,STARD3NL
ENSG00000137409,25.497638405849184,0.1091768807464357,0.05671306018371352,1.9250747604303742,0.0542200060309549,0.23843281810293598,,MTCH1
ENSG00000124155,12.675613423882192,0.15844605940488563,0.08230657100648926,1.9250718073578028,0.054220375422260186,0.23843281810293598,,PIGT
ENSG00000167315,9.242145465769543,-0.18563395608106623,0.09645808838329421,-1.9245037838964325,0.054291466893680314,0.23855730449106496,,ACAA2
ENSG00000112531,12.838355239938194,0.16410804416048225,0.08543429093807929,1.9208685687977884,0.054748279213763955,0.24037512196531322,,QKI
ENSG00000183291,140.7010977556355,0.07544092582877553,0.03928317336049563,1.9204386859601636,0.054802510945352524,0.24042391898606266,,SELENOF
ENSG00000253729,32.85259819807199,-0.13198831373069556,0.06876800533799174,-1.9193273540795428,0.05494291829635074,0.24071457686707645,,PRKDC
ENSG00000171148,18.666526584963293,0.1249002226903202,0.06507826382952407,1.9192310203219753,0.054955103362946255,0.24071457686707645,,TADA3
ENSG00000009307,77.94507507069548,-0.12590662213508932,0.06563946497377422,-1.9181543022234329,0.05509144869976448,0.24112238457604923,,CSDE1
ENSG00000048544,21.554718016874126,-0.11942487920236737,0.06228396330533579,-1.9174258166088218,0.055183857039312646,0.2413020035406692,,MRPS10
ENSG00000136436,29.62121920670951,0.13273156915192252,0.06924116758130588,1.9169458544450964,0.0552448107773908,0.2413020035406692,,CALCOCO2
ENSG00000086300,52.181677679960096,-0.12910831783201496,0.06735589055881794,-1.916808118204187,0.05526231322120419,0.2413020035406692,,SNX10
ENSG00000246067,14.898775068813968,0.17774846734371166,0.09276166645154109,1.91618449886913,0.05534161573140268,0.24145919351979758,,RAB30-DT
ENSG00000188529,46.06169692143718,-0.1459461866164435,0.07619163537037082,-1.9155145562500766,0.05542691458857683,0.2416422797075093,,SRSF10
ENSG00000149932,55.704257670435844,-0.08297145718843112,0.04333880619132066,-1.914484142044678,0.05555832346458326,0.24202104291839358,,TMEM219
ENSG00000144645,21.208419845912506,-0.15682594565085695,0.08192967907218689,-1.9141530569487546,0.0556006018612737,0.24202104291839358,,OSBPL10
ENSG00000076984,14.658499925054953,-0.1674695478036782,0.08752332739303116,-1.913427571733437,0.05569333748744828,0.24214176914830732,,MAP2K7
ENSG00000183474,7.623493961455807,-0.20519379394485074,0.10724843445094422,-1.9132567761509567,0.05571518827426081,0.24214176914830732,,GTF2H2C
ENSG00000143614,10.792687621618759,0.17954674344151955,0.09388444593164552,1.9124226772584056,0.05582200161007807,0.24241704125996522,,GATAD2B
ENSG00000133398,78.18615821615461,-0.08818194491384479,0.046126132449255,-1.9117567468041436,0.05590740197766344,0.24248693556864145,,MED10
ENSG00000089737,152.21944832673756,0.10200682600023087,0.053361481703012664,1.91161906949956,0.05592507158200734,0.24248693556864145,,DDX24
ENSG00000111481,32.35427142318391,0.11253515766512197,0.05898363977629618,1.9079046001896038,0.05640354762014603,0.24403138494009777,,COPZ1
ENSG00000142669,448.3638182734435,-0.0757166474545175,0.039686024513271696,-1.9078919691035452,0.056405180477794116,0.24403138494009777,,SH3BGRL3
ENSG00000111639,32.98883875925357,0.12815091630491654,0.06717086422279218,1.9078348594692163,0.056412563699387734,0.24403138494009777,,MRPL51
ENSG00000148229,27.221482524890057,0.12164206798106302,0.06378965635941268,1.9069246477154558,0.05653034590985412,0.2442285647192022,,POLE3
ENSG00000115464,41.52338990104705,-0.13453853735593102,0.07055702282944215,-1.9068057573964212,0.05654574552591285,0.2442285647192022,,USP34
ENSG00000100101,16.423293362458633,-0.13000869467568707,0.06820892957945154,-1.9060362840652636,0.05664549825887578,0.24447004511725337,,ENSG00000100101
ENSG00000131196,13.353736705829515,-0.15172118332780213,0.07961998728873304,-1.9055665354178228,0.05670646734335234,0.2445438993863362,,NFATC1
ENSG00000161010,11.66854898317941,-0.17454004942792725,0.0916501308613317,-1.9044168053836115,0.056855922232273086,0.24466845022910433,,MRNIP
ENSG00000108622,23.537020387965377,0.16553680399899032,0.08692378464159758,1.904390204378794,0.05685938400664856,0.24466845022910433,,ICAM2
ENSG00000115233,17.89615963400384,0.12954041727919885,0.06802407935070984,1.9043317971468743,0.05686698556257518,0.24466845022910433,,PSMD14
ENSG00000117419,13.694230517798237,-0.13452653289863015,0.07068951286361883,-1.9030621014205036,0.05703244239863182,0.24514017754323747,,ERI3
ENSG00000080824,261.1926419831381,0.08819668687289303,0.046350611427201614,1.9028160396851501,0.05706455352423283,0.24514017754323747,,HSP90AA1
ENSG00000164751,14.122237807431988,-0.1604541822086504,0.08434330106322176,-1.9023939090121422,0.057119676727551694,0.24518808116460986,,PEX2
ENSG00000115317,12.677234395724692,0.1595617173842699,0.08397732503444304,1.9000571561290642,0.05742561934731211,0.24619153260779514,,HTRA2
ENSG00000184277,20.65197332221492,-0.13797710245156086,0.0726233757031352,-1.8998993246413398,0.057446332687031025,0.24619153260779514,,TM2D3
ENSG00000227500,11.956350288408803,-0.16768568451250201,0.08830572916349404,-1.8989219170824083,0.057574743180962666,0.24619153260779514,,SCAMP4
ENSG00000213445,20.99711602562373,0.15643841413837176,0.08238526922446941,1.8988639062662391,0.057582372060474604,0.24619153260779514,,SIPA1
ENSG00000198858,28.286511659135336,-0.11415211475267459,0.060120994436562665,-1.8987063640992077,0.05760309433746828,0.24619153260779514,,R3HDM4
ENSG00000086061,53.06511988769075,0.1470856084610388,0.07747095462346922,1.8985903707514191,0.057618355461472856,0.24619153260779514,,DNAJA1
ENSG00000095794,17.247555542545296,0.2915255944685388,0.15357559688441386,1.898254673155858,0.05766254178705067,0.24619167917656548,,CREM
ENSG00000134056,42.94174418881951,-0.08913105571315705,0.04705007746266779,-1.8943870131537763,0.05817365895113726,0.24799659429238674,,KGD4
ENSG00000170222,16.466131071003137,0.17238276402969172,0.09099680233560388,1.894382655271001,0.05817423696815672,0.24799659429238674,,ADPRM
ENSG00000036549,10.787176246240602,-0.18212929139612463,0.09628597924033089,-1.891545299046374,0.05855159000830216,0.24931010283618138,,ZZZ3
ENSG00000111142,60.32709669550621,-0.09207027000767713,0.04867852671547568,-1.8913939311644477,0.058571778105343905,0.24931010283618138,,METAP2
ENSG00000132510,20.09214221706589,0.3085368123730991,0.16319221570153383,1.8906343727656072,0.05867316853027967,0.24939195034052405,,KDM6B
ENSG00000150347,128.10527448997627,-0.1228321132467125,0.06497060493170975,-1.8905797995235027,0.05868045890365272,0.24939195034052405,,ARID5B
ENSG00000068878,19.560706568812883,0.15374315613018322,0.08134157306887285,1.8900932245311641,0.05874549312702609,0.24947819472680688,,PSME4
ENSG00000099795,83.5132995649449,0.07529995477487454,0.039854798316088874,1.8893573159665675,0.05884396626351584,0.2496763216128,,NDUFB7
ENSG00000110719,14.404925093402527,0.1590066237807964,0.08417165759724536,1.8890755905227667,0.058881700667294125,0.2496763216128,,TCIRG1
ENSG00000176978,45.85363536814829,-0.09148868897173403,0.048473287292981795,-1.8874042607995396,0.05910597248039199,0.2504368560415393,,DPP7
ENSG00000167815,48.881008796523986,-0.10751857605015104,0.05698235484006574,-1.8868749168392036,0.05917715157729945,0.2505480616514971,,PRDX2
ENSG00000017797,25.770867450743214,0.12694505785396312,0.06733100149784021,1.8853879346802105,0.05937748176700496,0.25115478773937305,,RALBP1
ENSG00000105404,103.9622793021982,0.07687987366665242,0.040781985861162696,1.885142963081312,0.05941053892184955,0.25115478773937305,,RABAC1
ENSG00000052841,27.76918899926499,0.11692754330824136,0.06204669712952416,1.8845087445049968,0.05949619310753192,0.25132634300575607,,TTC17
ENSG00000164221,15.24528388626043,0.1759274521598768,0.09338841572753362,1.8838252131094697,0.0595886219135555,0.25152623451172257,,CCDC112
ENSG00000100519,54.370519473159874,0.1237502782259075,0.06576923654810643,1.881583012376786,0.059892654511216614,0.2526183370306686,,PSMC6
ENSG00000128272,86.5448606196204,-0.12336324060081705,0.06559367655269006,-1.880718494285373,0.060010222510084726,0.25274358935937624,,ATF4
ENSG00000113407,9.980319966892534,0.21163053958090125,0.11252765374722627,1.8806980553979407,0.06001300436008145,0.25274358935937624,,TARS1
ENSG00000198130,11.180793018342102,0.1559186970880192,0.08292895896086216,1.880147767942006,0.060087941850492904,0.2528681990629045,,HIBCH
ENSG00000148484,21.09585283483693,0.114679130460412,0.06122825103862673,1.872977400384424,0.061071505819981275,0.2566357210909875,,RSU1
ENSG00000102978,25.6377234282931,-0.11482993256507976,0.06131192741961294,-1.872880814514193,0.061084845050908346,0.2566357210909875,,POLR2C
ENSG00000219545,8.674468247406057,-0.16986349833892728,0.09070914558408036,-1.872617113138575,0.061121276472172054,0.2566357210909875,,UMAD1
ENSG00000130312,26.21188466748406,0.12744254146111952,0.06807407000028168,1.8721157918219402,0.061190585686031605,0.25673341293100993,,MRPL34
ENSG00000166888,24.549197186588653,0.12098678920406775,0.06468120099141443,1.8705093187760558,0.06141312415409233,0.2574733686339991,,STAT6
ENSG00000169019,23.527845630458312,0.14354845218239073,0.07682826526990946,1.868432818027103,0.06170176624520317,0.2584891424367039,,COMMD8
ENSG00000076513,28.6265951836911,-0.13494133273839184,0.07231815923419638,-1.8659398160480756,0.06204978619228135,0.25962478227293806,,ANKRD13A
ENSG00000174469,13.950915538283716,-0.36467704353399283,0.19545091466541087,-1.8658241848511037,0.06206596749817547,0.25962478227293806,,CNTNAP2
ENSG00000136485,15.768690347617952,0.1414563251731347,0.0758354587800712,1.8653058536029854,0.06213854512962888,0.25973352896762414,,DCAF7
ENSG00000167085,37.19517314463342,0.11249207371827659,0.060333951124873185,1.8644904174343186,0.06225286602142171,0.26001646512018534,,PHB1
ENSG00000184983,53.51253539571853,-0.10622122209373784,0.05698405143698977,-1.864051772647162,0.06231443420605996,0.2600788062372682,,NDUFA6
ENSG00000175938,11.540946102493669,0.16659319333366174,0.08947402875577119,1.8619167556252043,0.06261482486705754,0.2611370706497478,,ORAI3
ENSG00000146112,29.89269982334572,0.1428205320598944,0.07671989176955184,1.861584118091473,0.06266173364045532,0.2611373892221068,,PPP1R18
ENSG00000128534,82.16010584308104,0.07376823867683421,0.039660369384231633,1.8599987801970235,0.06288569854038617,0.2616908837951446,,LSM8
ENSG00000024862,14.08101973079241,0.15247931956450164,0.08197902779571528,1.8599796028865705,0.06288841181590635,0.2616908837951446,,CCDC28A
ENSG00000108829,12.160392345041846,-0.17949363290109582,0.09652885030832976,-1.8594817231093321,0.06295888753496738,0.26178878217373464,,LRRC59
ENSG00000214078,34.90841110890169,0.13217393625168716,0.0711087711808056,1.8587571414448079,0.06306156992612694,0.2620203531356809,,CPNE1
ENSG00000116266,20.104844510732153,0.14884755599375857,0.0801020619323283,1.8582237760559486,0.06313724297001153,0.26213943916663013,,STXBP3
ENSG00000137845,12.57326033518732,0.17074220504925022,0.09193135739345717,1.8572792776080784,0.0632714310522135,0.262501115734481,,ADAM10
ENSG00000124942,57.32806706650677,-0.15102114515950965,0.08134249597885636,-1.8566082014346486,0.06336691625780365,0.26270180301376445,,AHNAK
ENSG00000101473,9.175449591282346,0.17444876487762792,0.09403472110604862,1.8551526800498672,0.06357442681437667,0.2633662733409839,,ACOT8
ENSG00000165506,14.851413277333117,-0.17197635532652678,0.0927387849691186,-1.854416740350801,0.0636795616554088,0.26360473955142305,,DNAAF2
ENSG00000198492,32.550347374641156,-0.11636637107672264,0.06276204663883608,-1.854088215866388,0.06372654033631964,0.26360473955142305,,YTHDF2
ENSG00000198520,13.945799619409074,0.19897496558510971,0.107383403373612,1.8529396474130106,0.06389100955901243,0.2640891544114554,,ARMH1
ENSG00000042429,20.953995677116247,0.13733706581117025,0.07416683797991794,1.8517314415959978,0.06406439672588737,0.26460968603225776,,MED17
ENSG00000123505,45.174853615459995,-0.12743048497034676,0.06883306855581939,-1.8512974598395022,0.06412677133474884,0.26467126348079906,,AMD1
ENSG00000177156,48.48604613950387,0.10998720432844354,0.059484106409480444,1.8490183507390479,0.06445516297941575,0.26582987335297503,,TALDO1
ENSG00000269821,13.16263039122418,-0.19757826745836446,0.1069059931834777,-1.8481495898856692,0.0645807055947844,0.26615078669365694,,KCNQ1OT1
ENSG00000114013,26.251290171258816,0.20857074715628757,0.11290151417575177,1.8473689097881294,0.06469369194825682,0.2663041476902912,,CD86
ENSG00000105643,22.068545615655125,-0.1925500628790328,0.10423704228136366,-1.8472326023918513,0.06471343617653239,0.2663041476902912,,ARRDC2
ENSG00000163428,15.941020379109887,-0.1723017001260644,0.09331272656241117,-1.8464973265015716,0.06482002720984427,0.26654607059151303,,LRRC58
ENSG00000100647,7.754684790529346,0.19724368210505974,0.10691809950943697,1.8448109628777147,0.06506504213052217,0.2673018318574876,,SUSD6
ENSG00000173276,9.93415383110456,-0.2539605767199454,0.13767988101969048,-1.8445728950305007,0.06509969290933791,0.2673018318574876,,ZBTB21
ENSG00000213047,7.1354669000963,-0.21406681218822884,0.11607540405837388,-1.8442047557342593,0.06515330555572271,0.26732511536328907,,DENND1B
ENSG00000141552,57.035624029339345,0.08401626488456336,0.04560970613307932,1.8420698576619188,0.06546493216941766,0.2684062218946124,,ANAPC11
ENSG00000176340,124.05380217709482,0.0575932532187059,0.031277270019193094,1.8413772424308186,0.06556629540940885,0.2685825532866012,,COX8A
ENSG00000146425,30.983962568454256,0.14001901053517266,0.07605108089885049,1.8411179549361152,0.06560427503162676,0.2685825532866012,,DYNLT1
ENSG00000101017,57.64168193691748,0.11515810346032965,0.06258729951283458,1.8399596141181092,0.06577416673635679,0.2690805236404442,,CD40
ENSG00000123472,10.259207671957848,0.16191114215094268,0.08803013430139145,1.8392695119219356,0.06587555501826549,0.2692977234471029,,ATPAF1
ENSG00000164091,14.255915067904438,-0.17017406798605683,0.09256789342294405,-1.838370321430229,0.0660078553117587,0.2696408800134553,,WDR82
ENSG00000123146,22.957237232797073,0.1777444463931806,0.09674577202687105,1.8372321877157818,0.06617562584250614,0.27008178731850346,,ADGRE5
ENSG00000184752,62.630356131189494,0.09645498338049141,0.05251385858725281,1.8367529253297878,0.06624637821502867,0.27008178731850346,,NDUFA12
ENSG00000182934,21.27575809225626,0.13260773946634574,0.07220074790374913,1.836653266294765,0.06626109846694991,0.27008178731850346,,SRPRA
ENSG00000105819,30.962743602385824,-0.09438907541878783,0.051408364766258485,-1.836064536344471,0.06634811248776243,0.27023891543591183,,PMPCB
ENSG00000181396,7.315354570959524,0.18774575737898047,0.10228775008979181,1.8354666830991062,0.06643657123500406,0.27033629948806276,,OGFOD3
ENSG00000075539,21.83958277248127,0.137371875396024,0.07485195060786412,1.8352477695029017,0.06646898611874714,0.27033629948806276,,FRYL
ENSG00000101224,12.31037145287699,0.17853636265886544,0.0973700898415343,1.833585271918983,0.06671558011719568,0.2710624267540809,,CDC25B
ENSG00000170638,24.161726612810657,0.12820165682637005,0.06992605457481098,1.8333889650418131,0.06674474747728712,0.2710624267540809,,TRABD
ENSG00000006652,48.51828685111453,0.17487582792096784,0.0954015712074193,1.8330497675007673,0.06679517033966599,0.2710697742459808,,IFRD1
ENSG00000110330,29.26413231630023,-0.12961806008635562,0.07085606007607294,-1.8293150924168555,0.06735241900132867,0.27308119460525626,,BIRC2
ENSG00000164144,9.457613233325915,-0.1741574817752772,0.09522450235853788,-1.8289145909058369,0.06741240406847616,0.27308119460525626,,ARFIP1
ENSG00000030066,16.8023045262174,-0.13780461886804315,0.07535472510712043,-1.8287455587177466,0.06743773403361511,0.27308119460525626,,NUP160
ENSG00000114861,190.08816762825134,-0.09068032033277074,0.049598363581776696,-1.8282925843563165,0.06750565217633396,0.2731578494450204,,FOXP1
ENSG00000152457,16.695112285924857,0.14683074072798974,0.08034009082191479,1.8276148212660217,0.06760737982437247,0.27337110217599775,,DCLRE1C
ENSG00000128590,36.45777294801086,0.1291713757187878,0.07071660042833458,1.826606128354435,0.06775901129289391,0.2736546099227246,,DNAJB9
ENSG00000132286,10.154564621331877,-0.18245815459689915,0.0998952080667748,-1.8264955659828577,0.06777564854793448,0.2736546099227246,,TIMM10B
ENSG00000106635,25.286925789516474,-0.1396585595446017,0.07651498226595087,-1.825244617572756,0.06796412352948147,0.27421704254731455,,BCL7B
ENSG00000180376,33.603054311826234,0.12867891092855602,0.0705681278711505,1.823470663179691,0.06823213640079599,0.2748971759222445,,CCDC66
ENSG00000243156,17.053633425017367,-0.17274970195723383,0.09474598654903196,-1.823293083426116,0.06825901331597499,0.2748971759222445,,MICAL3
ENSG00000189180,28.883802355025313,0.1365252389426305,0.07488771470162953,1.8230658992143043,0.06829341061751625,0.2748971759222445,,ZNF33A
ENSG00000119655,118.19496858705699,0.072538525453729,0.039794562682755344,1.8228250435118611,0.06832989344121787,0.2748971759222445,,NPC2
ENSG00000113580,40.139040457976165,0.12293018726975308,0.0674983990171721,1.8212311559934735,0.06857172633981827,0.2755242815034235,,NR3C1
ENSG00000265681,632.8581080334963,-0.16058975469941528,0.0881805815471194,-1.8211464687790015,0.0685845951805509,0.2755242815034235,,RPL17
ENSG00000135945,12.852923366006719,-0.17045142407633837,0.0936600952292022,-1.819893772894579,0.06877518341474709,0.27601169633464445,,REV1
ENSG00000100376,12.014874584754002,0.3809351330740387,0.20945218325125234,1.8187212334620582,0.06895397056883631,0.27601169633464445,,FAM118A
ENSG00000055211,18.16695196327982,-0.13885045494683235,0.07634715666743089,-1.8186722467172756,0.06896144830039361,0.27601169633464445,,GINM1
ENSG00000069345,25.226849304776216,0.12132125714770332,0.0667162099685682,1.818467463977061,0.06899271520274841,0.27601169633464445,,DNAJA2
ENSG00000153914,42.048274663696446,-0.1129191013984607,0.06210813652835659,-1.8181048041411685,0.06904811587515891,0.27601169633464445,,SREK1
ENSG00000119421,14.263408818612936,0.17400127998278472,0.09571107978398236,1.8179847137395326,0.06906646918777253,0.27601169633464445,,NDUFA8
ENSG00000124164,6.988915033132448,-0.1953870272801884,0.10747866823636477,-1.8179144800203277,0.06907720480370394,0.27601169633464445,,VAPB
ENSG00000111850,8.14698897422535,0.17589262245021323,0.0967794587152044,1.8174582167050277,0.06914698058142713,0.27601169633464445,,SMIM8
ENSG00000173145,20.346143597122058,0.1397724639948271,0.07690669102914217,1.8174291745546982,0.06915142392028306,0.27601169633464445,,NOC3L
ENSG00000112078,10.544819454259521,-0.17778109044614365,0.09785124119506992,-1.8168506426171,0.06923998599438992,0.2761674977859215,,KCTD20
ENSG00000143157,7.712814415236733,-0.18949345670435883,0.10447594482664775,-1.8137520270218837,0.0697159112453284,0.27753094550082996,,POGK
ENSG00000095380,11.246923451363536,0.2023191218787912,0.11156815617548389,1.8134127946021306,0.06976817763681872,0.27753094550082996,,NANS
ENSG00000140030,33.16926298136253,0.12078220278172569,0.06660803749209829,1.8133277503642724,0.06978128565793762,0.27753094550082996,,GPR65
ENSG00000120925,9.234093670357803,0.20113339555873636,0.11099646185966244,1.8120703325934648,0.06997532974755001,0.27753094550082996,,RNF170
ENSG00000117748,30.40181107863958,0.11537910539692006,0.06367493839089886,1.8120018379697618,0.06998591251024591,0.27753094550082996,,RPA2
ENSG00000135250,45.226801740842575,-0.09659653197542804,0.05331735349701513,-1.8117278079234713,0.07002826466690912,0.27753094550082996,,SRPK2
ENSG00000143924,66.71384236917352,-0.12186294506458474,0.06726371013945902,-1.8117190504645697,0.07002961850493175,0.27753094550082996,,EML4
ENSG00000146830,10.880555681198672,-0.18660761478770116,0.10301658146615775,-1.8114328017087629,0.07007388226103309,0.27753094550082996,,GIGYF1
ENSG00000092841,464.80067796644255,0.04913053184085407,0.027123135626033468,1.8113883482445647,0.07008075833198069,0.27753094550082996,,MYL6
ENSG00000153094,11.453680282348657,-0.277721058716807,0.1533643576300397,-1.8108579008086911,0.07016285078245743,0.27753094550082996,,BCL2L11
ENSG00000104904,706.7896933626653,0.05450444303099438,0.03009946897311525,1.8108107847243942,0.07017014631787427,0.27753094550082996,,OAZ1
ENSG00000125991,54.10535719975492,-0.07542530431364748,0.04165410985352206,-1.8107529984167914,0.07017909489888276,0.27753094550082996,,ERGIC3
ENSG00000229124,8.837356523840109,0.17199403433577398,0.09508744976514696,1.8087984771973145,0.07048231696872777,0.27853252970774345,,VIM-AS1
ENSG00000130244,12.47367789815757,-0.14178717789338874,0.07841679001681467,-1.8081226974859053,0.07058740632441629,0.27875026746809156,,FAM98C
ENSG00000241553,80.72015617328778,0.08078305025847766,0.04470725175669972,1.806933933181695,0.07077258091672714,0.2792837304965821,,ARPC4
ENSG00000162909,22.70698326786726,0.16938758450828723,0.09384559876842073,1.8049603469021345,0.0710808873159834,0.28016180543643127,,CAPN2
ENSG00000144674,36.33787366918308,-0.16087780572575425,0.0891355723927846,-1.804866468090096,0.07109558010985477,0.28016180543643127,,GOLGA4
ENSG00000267321,14.2087923965304,0.15082787718983484,0.08358834976389447,1.804412667744568,0.07116663864779871,0.2802437691385068,,SNHG30
ENSG00000198887,25.08024228811131,-0.15818624081767088,0.0877874335135245,-1.801923515548507,0.07155743988781715,0.28158382838000595,,SMC5
ENSG00000141480,22.890431291955515,-0.10933437840037992,0.060732197555701875,-1.8002704134014167,0.07181795025457718,0.28187354037187856,,ARRB2
ENSG00000126067,33.28081400448699,0.10764833054799099,0.05979566642228181,1.8002697685108116,0.07181805203351098,0.28187354037187856,,PSMB2
ENSG00000181788,28.398517438062576,0.1710639045413139,0.0950286135319513,1.8001304889479148,0.0718400363992956,0.28187354037187856,,SIAH2
ENSG00000148248,8.206660752100275,0.173595947854005,0.09643580955669138,1.8001191533727288,0.07184182588808834,0.28187354037187856,,SURF4
ENSG00000134900,12.873387876709197,-0.15039241557412697,0.08355815599579304,-1.7998532133918665,0.07188381893988725,0.28187354037187856,,TPP2
ENSG00000138029,21.627994159284533,-0.10815566181586221,0.06012748032898442,-1.7987725616322863,0.07205466534580059,0.2822531479243714,,HADHB
ENSG00000136273,14.53966540790384,-0.16063802440276975,0.08931277735416777,-1.7986007059859235,0.07208186561052814,0.2822531479243714,,HUS1
ENSG00000168876,47.8385557854715,-0.0960885634698088,0.05343537276935048,-1.7982201393928217,0.07214212930335163,0.28229088631262367,,ANKRD49
ENSG00000181904,24.3515466872425,-0.13614330010709827,0.07573006241986963,-1.7977444591591643,0.07221751249627248,0.28238769262217067,,C5orf24
ENSG00000111716,117.91443346524004,-0.07065975765821769,0.039371152132623655,-1.794708913272257,0.07270008969205556,0.2840754731064484,,LDHB
ENSG00000101220,17.596317334632637,-0.11645568998599425,0.06496608420999889,-1.7925613249146797,0.0730430951641287,0.28521589540278824,,ADISSP
ENSG00000124762,14.305795079109766,0.29192188857382717,0.16290823164724483,1.7919406872326964,0.07314246755500299,0.2854040581432447,,CDKN1A
ENSG00000105701,60.17841990370922,-0.08091136904030917,0.04519115552680689,-1.790424876219716,0.0733856341724314,0.28615265464718703,,FKBP8
ENSG00000174799,19.113083519599485,0.15059346492104608,0.08415884810955734,1.7893955098459124,0.07355114195461254,0.2865976013549403,,CEP135
ENSG00000108599,11.181197481819222,0.16034470371852796,0.08964152630646648,1.7887324137068064,0.07365792015013181,0.2868132421488373,,AKAP10
ENSG00000182944,44.36981870499295,0.08440969067020018,0.04720227364963623,1.7882547628264662,0.07373491465857579,0.2869126895577241,,EWSR1
ENSG00000103342,21.84027364151994,-0.13136453025044773,0.07352937341002047,-1.7865585433174054,0.07400886719707837,0.2876380542062419,,GSPT1
ENSG00000257727,39.636791349249556,0.09123359363715823,0.05107526397383208,1.7862578974413308,0.07405751052094428,0.2876380542062419,,CNPY2
ENSG00000197728,1263.4327857433034,-0.3701309971467659,0.20722359159068038,-1.7861431428033028,0.07407608426114838,0.2876380542062419,,RPS26
ENSG00000171735,40.11038288120603,-0.09155294953732615,0.051291312641751526,-1.7849601583953487,0.07426777955693055,0.2881817249891752,,CAMTA1
ENSG00000121966,1092.8319901592147,0.13767544416199629,0.07714586421621865,1.7846121183648924,0.07432425440554163,0.28820030776446465,,CXCR4
ENSG00000066322,11.559885841533598,0.1511634200278568,0.08475941824412535,1.7834409810656515,0.07451454721976644,0.2887373977049463,,ELOVL1
ENSG00000163743,9.31326533137577,0.17444378317834433,0.0978335680176415,1.7830667603463914,0.07457543650739112,0.2887726624758423,,RCHY1
ENSG00000054967,9.425203116599425,0.1697087964947116,0.09523483649020804,1.7820033377403959,0.07474868743781872,0.2892426656164311,,RELT
ENSG00000112308,44.6641376687195,0.1398005519229259,0.07849017144806689,1.7811217550394205,0.07489256245411442,0.28959842457984886,,C6orf62
ENSG00000132300,13.045654100802432,-0.1470516687083426,0.08275962065422304,-1.776852860681145,0.07559245198568486,0.292102226106846,,PTCD3
ENSG00000121022,20.932033375206746,0.12578807145801937,0.07083330862022864,1.7758322166260734,0.07576057592932371,0.292546661331164,,COPS5
ENSG00000100852,21.946387870047356,-0.14660970464933712,0.08257987895449222,-1.775368364612525,0.07583708398480278,0.292546661331164,,ARHGAP5
ENSG00000153561,7.196305419551096,0.19940612839981828,0.1123288211729127,1.775200044989911,0.07586486231794533,0.292546661331164,,RMND5A
ENSG00000196998,16.22285225963118,0.12693876286572917,0.07153263297483303,1.7745573955091154,0.07597099721441139,0.29275347648068967,,WDR45
ENSG00000090266,115.61496691225936,0.0755003286625041,0.04256518593253877,1.7737577555085509,0.07610322853007093,0.293060498814693,,NDUFB2
ENSG00000169084,9.796869933873323,0.15831526479930608,0.08931980874889939,1.7724541399810918,0.0763192015098633,0.2936893496335388,,DHRSX
ENSG00000163584,135.33810512353912,0.07873291786218854,0.044440920343049875,1.7716311285731867,0.07645580892385453,0.29401213142028476,,RPL22L1
ENSG00000197989,13.757779048430546,-0.15967069340521395,0.09015370372056632,-1.7710941072384259,0.0765450537754902,0.29415246027025044,,SNHG12
ENSG00000144136,8.20468418823758,-0.1909341275340657,0.10789551142392444,-1.7696206729479251,0.07679035265982817,0.29473868244145185,,SLC20A1
ENSG00000132819,26.39037735283573,-0.19484778575988593,0.11011193126413901,-1.7695428962414674,0.07680331879258062,0.29473868244145185,,RBM38
ENSG00000125971,62.14303935944591,0.08087587811983436,0.045736094773164974,1.7683162176602618,0.0770080541790242,0.2953211211157077,,DYNLRB1
ENSG00000122545,255.8993122334237,-0.07029653320908413,0.03978627404364293,-1.7668538936813596,0.0772527002573016,0.29605570902729467,,SEPTIN7
ENSG00000114784,103.77121162643613,-0.11482839153382769,0.06504409828906316,-1.7653929342446664,0.07749775007476088,0.29657718082715884,,EIF1B
ENSG00000122965,9.459527286309022,-0.18801229504420783,0.10650870124597134,-1.7652294398934787,0.07752521268073435,0.29657718082715884,,RBM19
ENSG00000104131,45.11944922761963,0.09163236774348316,0.05191365536555119,1.7650918067366237,0.0775483374544472,0.29657718082715884,,EIF3J
ENSG00000197520,12.162624883415736,0.24008216923100467,0.13607826548320662,1.7642947488967895,0.07768236760369464,0.2968861423976705,,FAM177B
ENSG00000170906,119.29597218444906,0.09500272884385694,0.05388919613682988,1.7629271849339858,0.07791277137500587,0.29756274875824157,,NDUFA3
ENSG00000117151,17.024933758188627,0.13123828493894824,0.07447305738691529,1.762225018601243,0.078031286637602,0.2978113992411148,,CTBS
ENSG00000109534,10.48366795185277,0.16312372888318383,0.09270841272926855,1.7595353439988815,0.07848662248541817,0.29925860622036904,,GAR1
ENSG00000168497,13.481118007108066,-0.17609854527876873,0.10009286960445657,-1.7593515499622367,0.07851781579992825,0.29925860622036904,,CAVIN2
ENSG00000087338,13.173776921927166,0.15267335670906051,0.08679493150238804,1.7590123532139652,0.07857541037643562,0.2992735575539652,,GMCL1
ENSG00000221968,10.367924548189459,0.18875247201201595,0.10733299312938312,1.7585689778024434,0.07865074600691381,0.2993560134706835,,FADS3
ENSG00000101294,13.594112943722449,-0.13368635759720307,0.07606996035363563,-1.757413267677795,0.07884739347635286,0.2998997721856368,,HM13
ENSG00000232388,83.14664464859665,-0.06727130640823775,0.038294367006010833,-1.7566893427871149,0.07897077503951225,0.3000569564120389,,SMIM26
ENSG00000107290,35.34097814443163,0.13314087586760362,0.07579725966462172,1.7565394376618466,0.07899634361780364,0.3000569564120389,,SETX
ENSG00000102871,25.969470835057074,0.13236300829772427,0.07538775263542315,1.7557627554947117,0.07912892631467994,0.30016538323803493,,TRADD
ENSG00000269893,207.79935585263186,-0.11128261937552736,0.06339054695848212,-1.7555081114604099,0.07917243442615264,0.30016538323803493,,SNHG8
ENSG00000247596,19.369801932214155,0.14238527077436192,0.08111149717241896,1.7554264899301897,0.0791863842796179,0.30016538323803493,,TWF2
ENSG00000134086,15.908995918467511,-0.14095568690487248,0.08032225084625487,-1.7548772030140978,0.07928031435177901,0.300278019342265,,VHL
ENSG00000114850,31.706715158474367,0.10415824330504199,0.05936217584859077,1.754623071275354,0.07932380245537238,0.300278019342265,,SSR3
ENSG00000068028,28.667178570415597,-0.10993557560537152,0.06269840754931053,-1.7534029954255264,0.07953285721456545,0.30081909563803205,,RASSF1
ENSG00000155508,18.464874755135273,0.12364047642724815,0.07053608117870577,1.752868522905326,0.07962457776818868,0.30081909563803205,,CNOT8
ENSG00000166783,23.187255549625842,-0.12886071150519224,0.07352796347382445,-1.7525401958272098,0.07968096443192069,0.30081909563803205,,MARF1
ENSG00000255112,80.75278298596353,0.14043575559687854,0.0801496956170211,1.7521682960334877,0.079744873445176,0.30081909563803205,,CHMP1B
ENSG00000254709,621.9380649886151,0.13248271095540326,0.0756107485744786,1.7521676937889892,0.07974497697148901,0.30081909563803205,,IGLL5
ENSG00000138081,15.485065333769796,-0.13838800715556304,0.07899294688237346,-1.7519033358969807,0.07979043085520973,0.30081909563803205,,FBXO11
ENSG00000180628,37.029411256019415,-0.10343916122417214,0.05907176229564242,-1.751076270697321,0.07993277304862517,0.3011521233237392,,PCGF5
ENSG00000170515,60.076042878919864,0.08393535491745498,0.04796342719668888,1.7499866006916491,0.08012062586753971,0.3014774547688179,,PA2G4
ENSG00000136783,8.366450976612732,0.1736654384776999,0.09924033259357991,1.749948170658738,0.08012725752643259,0.3014774547688179,,NIPSNAP3A
ENSG00000102898,38.850556327045624,0.08596066734967271,0.04914866450084047,1.748992942589574,0.08029223933872583,0.3017909382337238,,NUTF2
ENSG00000163617,19.891232386821358,-0.22240347626809148,0.127172057223427,-1.748839179957226,0.08031882215546021,0.3017909382337238,,CCDC191
ENSG00000135070,25.41825521376398,-0.14874782193433955,0.0851005161581905,-1.747907399972019,0.08048006327163586,0.30219315340245223,,ISCA1
ENSG00000037474,7.056483221836624,0.2024362279408161,0.11586198778042907,1.747218667821016,0.08059941476370135,0.30243764247806104,,NSUN2
ENSG00000187239,97.92085295776015,-0.10198665734495191,0.058398170528884276,-1.7464015810993319,0.08074119541224044,0.30276590828423183,,FNBP1
ENSG00000148832,7.535314790201001,0.18053316968399113,0.10340322387025311,1.7459143238175832,0.08082584050644442,0.3028796281343643,,PAOX
ENSG00000081870,30.504618459206053,0.10451014421367093,0.059881324461244,1.7452877863667042,0.08093478687282282,0.3030841985244191,,IFT25
ENSG00000140307,47.605685095322116,0.08105782376414601,0.04647070915193636,1.7442777449151208,0.08111067038878109,0.303538992005264,,GTF2A2
ENSG00000151304,16.343473231741537,0.1240800597779322,0.07117682748179088,1.7432648260373154,0.08128736643554241,0.3039962141144094,,SRFBP1
ENSG00000073578,22.267039480981538,0.11031632530243492,0.06332653334272995,1.742023753382981,0.08150428793757813,0.304603156528107,,SDHA
ENSG00000126214,11.831519815775827,-0.13828004501416832,0.07941385188257757,-1.741258505111062,0.08163827618697764,0.3048995499119808,,KLC1
ENSG00000100380,142.1754800240118,-0.06468350295703104,0.03716449336855122,-1.740465080892682,0.08177738644499893,0.3052146631976667,,ST13
ENSG00000091164,34.161415903298035,0.08635113141608376,0.04962315505774124,1.7401378714353422,0.08183481172075578,0.30522468906684563,,TXNL1
ENSG00000099956,71.02563993222043,-0.1138968159423412,0.06547543243892616,-1.73953514623338,0.08194067564268608,0.30541524557728444,,SMARCB1
ENSG00000137106,25.325378083080828,0.13594328993436744,0.0781896597140621,1.7386351396272748,0.08209896144144292,0.30569277010889095,,GRHPR
ENSG00000113643,7.4682980292637335,-0.1906412983500081,0.10965922480654816,-1.7384884735992057,0.0821247793441748,0.30569277010889095,,RARS1
ENSG00000147421,15.864109733758289,0.14746385269296178,0.08485042284662771,1.7379271398506952,0.08222365283178311,0.30584825054750486,,HMBOX1
ENSG00000197345,28.609043458704086,0.09960053952448965,0.05731980417191054,1.737628747400688,0.08227625104398445,0.30584825054750486,,MRPL21
ENSG00000114744,31.918782082968423,-0.10457577707416349,0.06027162536974787,-1.7350747790958563,0.08272756087872003,0.30732103894719714,,COMMD2
ENSG00000135452,7.902711655957515,0.18991705681886373,0.10951401859021774,1.7341803292736435,0.08288609203505315,0.3077049595122879,,TSPAN31
ENSG00000178449,65.72337497289836,0.07859575490989545,0.04535356691333828,1.732956419063498,0.08310341514264885,0.30830648225908847,,COX14
ENSG00000051596,11.200722149698766,0.17696698654777732,0.10215740559280712,1.732297189037439,0.08322066220932751,0.3083389542212654,,THOC3
ENSG00000198843,64.51510620460654,-0.10147408483561458,0.05858178896670514,-1.7321779792912642,0.08324187850688487,0.3083389542212654,,SELENOT
ENSG00000100483,17.633096506464945,0.14963943047062297,0.08639815998446365,1.7319747376278796,0.08327806044785253,0.3083389542212654,,VCPKMT
ENSG00000182247,26.80575274699706,0.12239711246846165,0.07075180617125332,1.72995035875412,0.08363914477349153,0.3093887115682907,,UBE2E2
ENSG00000233559,7.317909966117271,0.24522490858384394,0.14179196101725697,1.7294697585429297,0.08372505440829865,0.3093887115682907,,LINC00513
ENSG00000183921,12.362867146066566,0.2701484012857949,0.156204530369583,1.7294530488111863,0.08372804263926661,0.3093887115682907,,SDR42E2
ENSG00000174106,8.694212611735699,0.1845674338206022,0.10676849347766017,1.728669458647184,0.08386827046440284,0.3097016398076227,,LEMD3
ENSG00000175354,49.17958026753103,0.09384553734940852,0.05438259022877081,1.7256540549949764,0.084409668372386,0.31149458030736227,,PTPN2
ENSG00000122483,11.437608323999369,0.17382408456380974,0.10080889758810335,1.7242930804981154,0.08465494781901824,0.31219311444368103,,CCDC18
ENSG00000160799,87.30380921537747,-0.08008601465913125,0.04648056773923291,-1.7229999235042248,0.08488853887032989,0.3127599528921718,,CCDC12
ENSG00000131844,8.992985711249487,0.1584205623147844,0.09196829622775748,1.7225562374501244,0.0849688046788232,0.3127599528921718,,MCCC2
ENSG00000167565,14.12829444114454,0.17352463879974483,0.100739328256641,1.7225113746805796,0.08497692407310622,0.3127599528921718,,SERTAD3
ENSG00000114388,8.05055934772084,-0.17247527484343045,0.10018144280238146,-1.7216289765725998,0.08513675062714655,0.31314150494523035,,NPRL2
ENSG00000206560,8.821388021359562,-0.1851083533383066,0.10754911021692977,-1.721151880893645,0.08522326696019585,0.31325308936720636,,ANKRD28
ENSG00000083168,25.002450702339793,-0.14569158242257196,0.08473073614988152,-1.719465556924418,0.08552963407609512,0.3140020707395871,,KAT6A
ENSG00000081154,91.27175745379108,-0.08097195095018013,0.047092857212792494,-1.7194104529334988,0.08553966023196427,0.3140020707395871,,PCNP
ENSG00000152778,12.491984802908808,0.16572796926677436,0.0966945431651064,1.713933008440746,0.08654102999376172,0.3174689363455364,,IFIT5
ENSG00000077147,12.165238069211211,0.16132109418895124,0.094203311630502,1.7124779521733633,0.08680862432913845,0.31818140293158576,,TM9SF3
ENSG00000187954,11.426111597816522,-0.1371860072343429,0.08011999998846732,-1.7122567056176958,0.08684937146016383,0.31818140293158576,,ZFTRAF1
ENSG00000103496,13.696242127827363,0.13574895121143932,0.07933149786426216,1.7111608234563855,0.08705142854209671,0.3187122557785498,,STX4
ENSG00000115419,17.812221709696537,0.16193585284364923,0.09470783851076471,1.7098463589710498,0.0872942878132214,0.3193916987181906,,GLS
ENSG00000099783,129.67723660898915,-0.0680868929357109,0.03983953267283965,-1.7090284038931187,0.08744568822163222,0.31973584099922703,,HNRNPM
ENSG00000077238,87.17625033928783,-0.19579754178986733,0.11462327372534045,-1.7081831239529603,0.08760236888439991,0.3200988262774665,,IL4R
ENSG00000092931,8.603924031538478,0.16163820230119502,0.09465376081806577,1.7076786057331648,0.08769599400236835,0.32021451570271436,,MFSD11
ENSG00000099917,9.393316709927992,0.15886849039461906,0.09304736356640746,1.707393786404656,0.0877488845039002,0.32021451570271436,,MED15
ENSG00000162924,137.2965459571328,-0.1333047228013998,0.07812465425488697,-1.706308003187881,0.08795074878929957,0.32074125261552283,,REL
ENSG00000106803,118.80302101211785,0.0827915204513963,0.048547451264786524,1.7053731616071144,0.08812485051402077,0.32116612187332017,,SEC61B
ENSG00000184898,7.688470199109161,0.21636329507160657,0.12693966517461383,1.7044577419830491,0.08829560434437551,0.3212340765549265,,RBM43
ENSG00000106268,23.28918365039966,0.10970726697189091,0.06436869463318161,1.7043574923661353,0.08831432016577484,0.3212340765549265,,NUDT1
ENSG00000102265,21.867417456445935,-0.11841452302258268,0.0694779530297967,-1.7043467439491022,0.088316327001202,0.3212340765549265,,TIMP1
ENSG00000124172,769.024204608904,0.057799918592438104,0.03394643776101042,1.702679939478801,0.08862798100065788,0.32215751112103547,,ATP5F1E
ENSG00000100888,12.766267018845127,-0.1573342134779602,0.0925239836707153,-1.7004695132658663,0.08904264617714806,0.32324423916510625,,CHD8
ENSG00000162734,10.581749831732806,-0.16923464434042437,0.0995223800353719,-1.7004682191108733,0.08904288941133486,0.32324423916510625,,PEA15
ENSG00000120688,10.963642710500395,0.14758976558260964,0.08681844402357622,1.6999816944718622,0.08913436880672666,0.323365803816726,,WBP4
ENSG00000005302,35.914756182105826,0.12554907464963785,0.07389584446682905,1.6990004722930707,0.08931909462599383,0.3238252741446955,,MSL3
ENSG00000138185,21.079591612371036,-0.14117371274806126,0.0831162839695782,-1.6985084751831896,0.0894118344635727,0.32395087002526407,,ENTPD1
ENSG00000137492,12.536181585922378,-0.16290467535401476,0.09601769505722373,-1.6966109763094017,0.08977023326403055,0.3250381952469054,,THAP12
ENSG00000168066,184.9644407391232,-0.09369929262994942,0.05527087649066076,-1.695274230828997,0.09002341089030913,0.3257433738639609,,SF1
ENSG00000118507,11.055558306043844,0.1847353038322757,0.10906393356730903,1.6938257936411758,0.09029839117185777,0.3265264780637347,,AKAP7
ENSG00000082146,16.887847458207748,0.13768325164410292,0.08134741704391776,1.6925337846900612,0.09054424409664215,0.32720330854366597,,STRADB
ENSG00000135999,10.586011381085124,-0.18876175941177667,0.11154888753878893,-1.6921886320572985,0.09061001333058988,0.3272289082457054,,EPC2
ENSG00000129317,22.06086129834359,-0.11424064471751062,0.0675356786013697,-1.6915598848397992,0.09072992060379519,0.3274498623215288,,PUS7L
ENSG00000186908,9.058944821151027,-0.18338990938491687,0.10846479689016729,-1.6907781569961324,0.09087918049458553,0.3277763974371338,,ZDHHC17
ENSG00000118007,24.65480114074881,-0.1280500099951642,0.0757510693120738,-1.6904053125327243,0.09095043939972762,0.32782136399022704,,STAG1
ENSG00000166747,8.805307986639187,-0.18611757721147135,0.11019660293224745,-1.6889592987353943,0.09122723009459774,0.328606611761936,,AP1G1
ENSG00000168883,8.06657880070708,0.16920640265386608,0.10023509173495729,1.6880954536489423,0.09139290704485292,0.3289908648690122,,USP39
ENSG00000060971,21.017534303650642,0.11100936308966554,0.06578207883257639,1.6875320005042442,0.09150110205654495,0.3291678355272869,,ACAA1
ENSG00000103642,9.844420420313549,0.1583215305300037,0.0939085217359284,1.6859122857370201,0.09181269522762679,0.32988573344624766,,LACTB
ENSG00000100097,140.67269316542848,-0.14415702002937336,0.0855084887399041,-1.6858796378434866,0.09181898463209763,0.32988573344624766,,LGALS1
ENSG00000069974,9.871334102706724,0.15880632684489435,0.09421821530607172,1.685516185262112,0.0918890247906608,0.32992479216530884,,RAB27A
ENSG00000172590,65.28099887241257,0.08106323486850414,0.048102797891087415,1.6852083126649833,0.09194838782714267,0.3299254893977783,,MRPL52
ENSG00000169139,33.51179652110967,0.0986904349432195,0.05857460991752536,1.6848671306932868,0.0920142094612963,0.32994934530944575,,UBE2V2
ENSG00000077721,25.053593466105486,0.10854803562475618,0.06445188949027658,1.6841715034767457,0.09214852877831409,0.33021863526213324,,UBE2A
ENSG00000092330,25.538114850845535,0.11405831062292275,0.06778125210806929,1.682741275435132,0.09242518766083813,0.33099733230368233,,TINF2
ENSG00000130741,131.94050395603242,-0.0869654825423229,0.05171513182458022,-1.681625463845152,0.09264148966535912,0.33118304957892625,,EIF2S3
ENSG00000244045,8.452038496218705,0.1710309736706466,0.10170858324774479,1.681578567012818,0.09265058958980366,0.33118304957892625,,TMEM199
ENSG00000167578,21.510876691553552,0.11357969079093728,0.06754541247973447,1.6815307897485174,0.09265986109244281,0.33118304957892625,,RAB4B
ENSG00000178878,9.827572980186805,0.19198174583299174,0.11419958793839773,1.6811071677119516,0.09274210041311635,0.33118304957892625,,APOLD1
ENSG00000130520,51.382499064634146,-0.07920475193096965,0.04713235280758727,-1.6804752407399326,0.09286488763800965,0.33118304957892625,,LSM4
ENSG00000104894,1059.9415114077433,0.06393293206225416,0.038045329944420024,1.6804409938263913,0.09287154574594592,0.33118304957892625,,CD37
ENSG00000185787,176.33159721402131,-0.07886165409311709,0.04693219588254095,-1.6803316488852822,0.09289280658921102,0.33118304957892625,,MORF4L1
ENSG00000159322,32.18329071685515,-0.10486690187828672,0.062449281457118325,-1.6792331221664265,0.09310661910191535,0.3317332320206262,,ADPGK
ENSG00000176731,70.99604742922173,0.0895594835806059,0.05336729125819796,1.6781718065341815,0.09331356395152679,0.33205211548938013,,RBIS
ENSG00000178927,40.83281704464864,0.09496275595442777,0.056597006983786356,1.677875933998281,0.09337132157442966,0.33205211548938013,,CYBC1
ENSG00000138035,10.49676721247322,0.16482255919702277,0.09823389839132085,1.6778582739375958,0.09337476992240819,0.33205211548938013,,PNPT1
ENSG00000188647,23.704540198637602,-0.11834664802057161,0.07056785549958314,-1.6770617044083296,0.09353041637515669,0.3320564267714536,,PTAR1
ENSG00000178149,10.382743386313908,-0.1495289649411717,0.08916284481826464,-1.6770322351866156,0.09353617853147196,0.3320564267714536,,DALRD3
ENSG00000182512,13.260213315112479,0.13973435384580712,0.08332709150375998,1.6769378520730185,0.09355463530451104,0.3320564267714536,,GLRX5
ENSG00000241837,193.85774035087167,-0.05125873071295536,0.030594912457713903,-1.6754004700553238,0.09385568445966859,0.332767167420006,,ATP5PO
ENSG00000064601,15.54603068443466,-0.1329710593063977,0.07937121418329111,-1.6753058482805747,0.09387423858530658,0.332767167420006,,CTSA
ENSG00000164062,8.355178193454751,0.16212953284331913,0.09688371332920474,1.6734446613582328,0.09423979197961174,0.33385074973209344,,APEH
ENSG00000133030,9.36916400079328,0.16281064154979077,0.09731809483169486,1.6729739914387032,0.09433241622897441,0.3339667002493723,,MPRIP
ENSG00000205670,21.894680590842515,0.10982570987531252,0.06569846834445452,1.6716631702812401,0.09459076050939574,0.33461868946058726,,SMIM11
ENSG00000140280,23.606004375811576,0.15183212031854856,0.09084745891008879,1.671286375426482,0.09466512626690289,0.33461868946058726,,LYSMD2
ENSG00000204130,10.223172342200057,-0.1666209790916684,0.09970575904994466,-1.6711269306741303,0.09469660903314324,0.33461868946058726,,RUFY2
ENSG00000166801,17.687828937049968,0.1501014193515564,0.08995726056132299,1.6685859308625093,0.09519946902642865,0.3361825454663497,,FAM111A
ENSG00000146828,7.936425302468045,0.16699847298641965,0.10011464338041005,1.6680723952825576,0.09530135628408105,0.3362278892847585,,SLC12A9
ENSG00000162980,67.16205811609008,-0.06921657557068195,0.04149890105320771,-1.6679134582849822,0.09533290763256871,0.3362278892847585,,ARL5A
ENSG00000010810,12.665303861385919,-0.14486021887841058,0.08687440633357268,-1.6674671516279385,0.09542155084583709,0.33631984408976506,,FYN
ENSG00000138078,15.122600304602184,-0.15787899068770303,0.09469851111412586,-1.6671750044457958,0.09547961140496738,0.33631984408976506,,PREPL
ENSG00000121067,20.60683832218396,0.11704417625865746,0.07024015971519501,1.666342683918148,0.09564517970398256,0.3366903548165447,,SPOP
ENSG00000143321,8.195553668978121,0.17058643077994878,0.10239526243992556,1.6659601891252578,0.09572134404543974,0.3366989435765275,,HDGF
ENSG00000227057,14.241214085728775,0.1402260301144597,0.08421721560480547,1.665051843704725,0.09590241306612524,0.3366989435765275,,WDR46
ENSG00000183718,8.65646486680418,0.17269009757384207,0.10372201904686722,1.6649318935433695,0.0959263443373129,0.3366989435765275,,TRIM52
ENSG00000272256,24.090131639374746,0.2002043748046719,0.12025525247495424,1.6648285266904976,0.09594697090482601,0.3366989435765275,,ENSG00000272256
ENSG00000138050,10.587573042718013,0.14474011164484415,0.08694062329765428,1.6648156656216353,0.09594953754359796,0.3366989435765275,,THUMPD2
ENSG00000246705,21.218665488372732,0.12265149979908127,0.07369342757008243,1.664347878003635,0.0960429296484528,0.33681470171054895,,H2AJ
ENSG00000072756,8.416760812204226,0.1680149438297797,0.10105955894688251,1.6625339114936106,0.09640576975268553,0.3378746525084692,,TRNT1
ENSG00000015479,89.27486508132986,-0.08311917687384876,0.050020938068512134,-1.6616876868643085,0.09657541125308991,0.33825659117288276,,MATR3
ENSG00000163219,32.32186596176117,-0.12285203498476621,0.07395367607069263,-1.6612025461361979,0.0966727743967266,0.33838505338113467,,ARHGAP25
ENSG00000077549,114.3827881418146,0.06561218802868218,0.0395230299908713,1.6601001503132913,0.09689430669552193,0.33848576748345266,,CAPZB
ENSG00000166478,8.623745739527005,0.16334704832454813,0.09842514761950738,1.6596068410891927,0.09699357120085904,0.33848576748345266,,ZNF143
ENSG00000141524,34.99362879299699,-0.0879399987459607,0.05299196380021125,-1.6594968829143513,0.09701570824745598,0.33848576748345266,,TMC6
ENSG00000067560,160.12464654670697,0.05518547495001696,0.03325457999640134,1.6594849478173797,0.09701811129317645,0.33848576748345266,,RHOA
ENSG00000178074,8.512333187500433,0.1783764661749443,0.10748913167388227,1.6594837393991737,0.09701835460212274,0.33848576748345266,,C2orf69
ENSG00000120656,22.235102706060488,0.11938066629925966,0.07195046072260643,1.659206419254393,0.09707420452825902,0.33848576748345266,,TAF12
ENSG00000124209,8.96535249332454,-0.16469599862849515,0.09927743327019688,-1.6589469852655523,0.09712647560500794,0.33848576748345266,,RAB22A
ENSG00000110711,34.323051196043615,0.08814581979981058,0.05314958731215089,1.658447868694156,0.0972271015137706,0.3386248082703216,,AIP
ENSG00000149182,24.704874923064782,-0.11116449676030797,0.06706957979404342,-1.6574503240018914,0.09742846427605258,0.3389147294105881,,ARFGAP2
ENSG00000081721,12.846644765621374,-0.13121629634885892,0.07916837288462922,-1.6574332851336768,0.09743190660781434,0.3389147294105881,,DUSP12
ENSG00000067082,282.69055933389313,0.14995875316793408,0.0904950587918892,1.657093273045914,0.09750061896377199,0.33894230133540687,,KLF6
ENSG00000090060,127.24155835869928,-0.0564257857860732,0.034064257414487285,-1.6564513677634352,0.0976304458831811,0.3391821596539675,,PAPOLA
ENSG00000103423,8.989637289289268,0.1684602703467984,0.10172852147368387,1.6559787550866678,0.09772612123289998,0.33930314570028036,,DNAJA3
ENSG00000131174,132.64597147193143,0.0612587593239912,0.03703029902918103,1.6542874599991046,0.09806911967023357,0.3402821476547744,,COX7B
ENSG00000164466,13.914570074762757,-0.1332147324025243,0.08059534117926337,-1.6528837827762624,0.09835451825492714,0.3409761388672882,,SFXN1
ENSG00000104133,20.861766531795457,0.11875887110077815,0.07185738046739056,1.6527024827278787,0.09839142888046391,0.3409761388672882,,SPG11
ENSG00000196262,402.8251147374899,0.040731212093575095,0.024670122511630775,1.6510340422659955,0.09873162391477475,0.3419425682911702,,PPIA
ENSG00000002330,18.176532821784022,0.11655750547415561,0.07066659949946705,1.6494002300908035,0.09906566762778772,0.3428865069475756,,BAD
ENSG00000106144,8.908532364592434,0.18316549973290913,0.1111246989841858,1.6482879270518924,0.09929360098491476,0.34330454531007526,,CASP2
ENSG00000092978,7.710090923785,-0.1823359204214959,0.11062663056885304,-1.6482100149295575,0.09930958242201424,0.34330454531007526,,GPATCH2
ENSG00000197961,8.851653341085166,-0.1802448833407606,0.1094143231207613,-1.6473609505569318,0.09948387671429174,0.3436939879547031,,ZNF121
ENSG00000143384,52.7344640266137,0.12638115726192867,0.0767571984685917,1.646505601864073,0.09965970771405652,0.3440882540022162,,MCL1
ENSG00000183978,16.740223594870315,0.14087347283720306,0.0855789195714569,1.6461235260112879,0.0997383297481743,0.34414661304196775,,COA3
ENSG00000047932,11.615011954668436,0.14715210260262074,0.08941475516317074,1.64572505213582,0.09982037879618291,0.344216717481457,,GOPC
ENSG00000163807,35.50255024069113,-0.1128588980129588,0.0686473650760831,-1.6440383092326305,0.10016828943087595,0.3452029554181485,,KIAA1143
ENSG00000154102,43.48443230981738,-0.14194316150104222,0.08639272685330962,-1.6429989730739065,0.10038314573277736,0.34572972242493305,,C16orf74
ENSG00000185418,21.567928333738728,-0.14608439466238618,0.0890168248683697,-1.6410874559770359,0.10077926226598448,0.3468797323426725,,TARS3
ENSG00000106392,28.537768925883746,0.11491209514050917,0.07016565964085948,1.6377255730036997,0.10147895346045965,0.3490040923345901,,C1GALT1
ENSG00000129255,10.916627391282965,0.14394500300025642,0.08790945658142538,1.6374234194807995,0.10154202810005238,0.3490040923345901,,MPDU1
ENSG00000077348,10.661425595548936,0.16795584580786416,0.10258764866405767,1.6371936387573012,0.10159001579003714,0.3490040923345901,,EXOSC5
ENSG00000162076,11.74169412504354,-0.1287033983772965,0.07863190540054188,-1.6367834115388176,0.1016757330445046,0.3490040923345901,,FLYWCH2
ENSG00000171291,12.140489530187486,-0.15154751422781568,0.09259789501104193,-1.6366194308169126,0.10171001303271289,0.3490040923345901,,ZNF439
ENSG00000107438,85.50542514016182,0.07278525444529628,0.044485898595794236,1.6361421651079675,0.10180983726705523,0.3490040923345901,,PDLIM1
ENSG00000131013,17.17204820840376,-0.142277024393267,0.08696512630711936,-1.636023891816271,0.10183458720021128,0.3490040923345901,,PPIL4
ENSG00000137876,196.8954235367207,-0.0763012496014285,0.04665390764799404,-1.6354739280817605,0.10194973583371199,0.34906726150114953,,RSL24D1
ENSG00000153179,17.297115265561352,-0.1490207785952394,0.0911299665532216,-1.6352554953282956,0.10199549892884784,0.34906726150114953,,RASSF3
ENSG00000124356,14.859025893406503,0.1265076491163769,0.07738490891332991,1.634784493421887,0.10209423255840512,0.34906726150114953,,STAMBP
ENSG00000120992,38.521997134057294,0.09546310160505968,0.05839648100016553,1.634740655088259,0.10210342602374012,0.34906726150114953,,LYPLA1
ENSG00000168397,14.398332827886096,0.12457077436854663,0.07622060689533483,1.6343450864882991,0.10218641167225821,0.3490676417118223,,ATG4B
ENSG00000174842,9.36087399222119,-0.16039431938486445,0.09815317217513654,-1.634122625182912,0.10223310501875069,0.3490676417118223,,GLMN
ENSG00000091039,51.14000558414413,-0.09763627140496316,0.05975857860936894,-1.6338452767291183,0.10229134263936829,0.3490676417118223,,OSBPL8
ENSG00000129968,12.928031883931387,-0.14417383444315335,0.0883010187677136,-1.6327539189827458,0.10252076227138324,0.3492844284154975,,ABHD17A
ENSG00000273247,18.52867327680354,-0.13753060258665425,0.08423365600519592,-1.6327274525300284,0.10252633099330308,0.3492844284154975,,RAB33B-AS1
ENSG00000182150,7.197987856491428,-0.19343201947563538,0.1184773903813736,-1.632649224067023,0.10254279220160858,0.3492844284154975,,ERCC6L2
ENSG00000163960,12.029748663072013,-0.1534485392159377,0.09404754164647793,-1.6316060635879934,0.10276250005088737,0.34981910884233697,,UBXN7
ENSG00000119231,14.271140518476512,-0.13884323545228283,0.08511451898737911,-1.6312520719628418,0.10283714191340182,0.3498596115369912,,SENP5
ENSG00000122417,35.740155052504335,0.09089240985368685,0.055741257430710144,1.6306128358634857,0.10297203900586412,0.35010493261993797,,ODF2L
ENSG00000102531,9.827168658888272,-0.16573574361214027,0.10167336863233394,-1.6300801856134566,0.10308455088539283,0.35012973627401406,,FNDC3A
ENSG00000123268,13.895009941444869,-0.13643213287167869,0.08371085755152559,-1.6298021172188109,0.10314332618438575,0.35012973627401406,,ATF1
ENSG00000173575,87.9118047689277,-0.09890165118104204,0.060689044170907445,-1.629645886373221,0.1031763603775296,0.35012973627401406,,CHD2
ENSG00000081019,30.653471172306954,0.10993895986417551,0.06748218355417128,1.629155342549372,0.1032801379728791,0.35012973627401406,,RSBN1
ENSG00000254772,34.00668404047695,-0.24700801709666007,0.15162301377984613,-1.6290931761540581,0.10329329558299016,0.35012973627401406,,EEF1G
ENSG00000109787,51.735512455775336,-0.1385156748636939,0.08511638822530156,-1.627367863601606,0.10365899255388696,0.35115585812908484,,KLF3
ENSG00000118707,7.171345908795813,0.17625529458724865,0.10837518293515978,1.6263436869370833,0.10387656310638428,0.3516577072704598,,TGIF2
ENSG00000122482,35.837669042677746,-0.11057618168999248,0.06800180990346556,-1.626077038934183,0.10393326785898811,0.3516577072704598,,ZNF644
ENSG00000204209,13.891576199374175,0.14245133999514153,0.08764641990979798,1.6252955926978705,0.10409959008750477,0.35200686132682024,,DAXX
ENSG00000116754,97.80718794577757,-0.07187531154062524,0.04425065082925952,-1.6242769359021423,0.10431671735927008,0.35252728242138787,,SRSF11
ENSG00000063244,17.39374009376362,-0.10946903890957031,0.06742622397807507,-1.6235380309175589,0.10447444034935008,0.35284644420834405,,U2AF2
ENSG00000108961,23.372700723155894,-0.09298401565137154,0.05729949527518324,-1.6227719843745898,0.10463815672712243,0.35301223258531556,,RANGRF
ENSG00000147854,15.050703220617459,0.13955745340977088,0.08600239383728712,1.6227159173476922,0.10465014714195241,0.35301223258531556,,UHRF2
ENSG00000109103,24.174173016305488,0.10421736778983451,0.0642702424090208,1.6215493186813756,0.10489988187725317,0.35364071423673743,,UNC119
ENSG00000006625,13.636809500188937,0.13370759868960205,0.08248927247193695,1.6209089337657778,0.105037170598348,0.3538895850491773,,GGCT
ENSG00000109320,9.872906639258037,-0.16681569222648304,0.10294964160048092,-1.6203620491837027,0.10515452714967445,0.35397780747724755,,NFKB1
ENSG00000169964,10.925398024372008,0.13793700596189068,0.08514170344262369,1.6200874587251515,0.10521349104257376,0.35397780747724755,,TMEM42
ENSG00000131238,18.732462734654863,0.1122193256577788,0.06927547350112882,1.6198997998324791,0.10525380286895201,0.35397780747724755,,PPT1
ENSG00000204261,63.72092873819731,0.09044777076095993,0.05585138363582981,1.6194365273152487,0.10535337294248354,0.35409910037811226,,PSMB8-AS1
ENSG00000111913,194.5426156545777,-0.09221644021176638,0.056971058513154094,-1.6186541485879966,0.10552169745103582,0.3542462764986318,,RIPOR2
ENSG00000174718,68.78223484601793,-0.1271164143974332,0.07853273391164851,-1.6186424191018574,0.10552422260836215,0.3542462764986318,,RESF1
ENSG00000043462,8.94386314116383,-0.19732458054840085,0.1219660715654015,-1.6178645258947288,0.10569179673264323,0.3544097579091435,,LCP2
ENSG00000113163,12.504045286805566,-0.15095632955098015,0.0933081204513587,-1.6178262815793547,0.1057000407824436,0.3544097579091435,,CERT1
ENSG00000089248,205.94687085604045,0.050526212858277894,0.03124693805060027,1.616997248705054,0.10587887479908953,0.35479603718733366,,ERP29
ENSG00000165280,22.999668940164632,0.11827271809755929,0.0731627875757618,1.6165693246048762,0.1059712778877813,0.3548923997010621,,VCP
ENSG00000107099,47.86085010649758,0.09684509326409174,0.05992980304052931,1.6159754971762108,0.10609961098053375,0.35510890205729667,,DOCK8
ENSG00000170006,64.4138945153924,-0.09608273939692694,0.0594717687980968,-1.615602517610032,0.10618027924415636,0.35516570909743006,,TMEM154
ENSG00000102760,8.297128252261077,0.2945676256972329,0.18240908703903835,1.6148736363895668,0.10633806252387705,0.3554802377896513,,RGCC
ENSG00000117906,41.94165504430504,0.10154138712968015,0.06289686406784738,1.614410966819373,0.10643831451310254,0.3556021819802635,,RCN2
ENSG00000006837,8.600787006495304,0.1648486071624688,0.1021547458992024,1.6137146219826866,0.1065893408624072,0.35569821813860864,,CDKL3
ENSG00000084207,118.66209137645193,0.08657087392048145,0.053647765963445754,1.6136901950300908,0.10659464177001704,0.35569821813860864,,GSTP1
ENSG00000127804,11.842529837229728,-0.16551363641376968,0.10259810076511942,-1.6132231998395803,0.10669602486525183,0.3557528057060532,,METTL16
ENSG00000114933,17.29201024642949,-0.14311655742076537,0.088737691620854,-1.6128046020427689,0.10678696598701329,0.3557528057060532,,INO80D
ENSG00000185088,92.8467991311469,0.07396574194007413,0.045863584061195874,1.612733576193729,0.10680240257387609,0.3557528057060532,,RPS27L
ENSG00000154889,13.515978515013472,-0.1265255819391646,0.07847783482233094,-1.612246084841801,0.10690840049555143,0.35589327830638495,,MPPE1
ENSG00000076924,8.827294552461744,0.16721175187529527,0.1037753210662382,1.6112862880816006,0.10711733799106293,0.3563211540434352,,XAB2
ENSG00000119844,28.359578297394847,-0.11911214509450817,0.07393361993167816,-1.6110687560622536,0.10716473732619096,0.3563211540434352,,AFTPH
ENSG00000173674,100.83207206256047,-0.07195507212012112,0.044706722552498246,-1.6094911013802375,0.10750899923582952,0.35725278887901396,,EIF1AX
ENSG00000170860,96.33325747151991,0.051932770835012694,0.032287643289195776,1.608441048789419,0.10773861752853889,0.3578025797135991,,LSM3
ENSG00000166848,80.19165931568604,-0.08085077536320653,0.05032134436050641,-1.6066894950974413,0.10812249917591235,0.35886372345529005,,TERF2IP
ENSG00000118518,7.970250853424603,0.15423232837261472,0.09603499429907325,1.6060013279357592,0.10827361818468599,0.35915151397847056,,RNF146
ENSG00000047849,21.460966291065642,0.14851844816063345,0.09250896057790305,1.6054493233178644,0.10839495717103946,0.3593402385170726,,MAP4
ENSG00000069998,8.040507866424154,-0.14971570937558773,0.09331445847109088,-1.6044213493664559,0.10862120819455974,0.35977010488633804,,HDHD5
ENSG00000213463,8.867305979135567,-0.13909602303445115,0.086710353079532,-1.6041455039039023,0.10868198369694472,0.35977010488633804,,SYNJ2BP
ENSG00000095574,8.332280048463664,-0.18436968440040352,0.11494503855016956,-1.6039812307334387,0.10871818987329261,0.35977010488633804,,IKZF5
ENSG00000079785,21.33850753748658,0.12794421269294248,0.07980352865571776,1.6032400427418385,0.10888166803913718,0.3600973789953908,,DDX1
ENSG00000117410,83.33256998644396,0.06987358532862643,0.04359146155895799,1.6029190770335044,0.10895252129406768,0.360118114247612,,ATP6V0B
ENSG00000129355,44.363713176604676,-0.09252672979558964,0.057766084195533494,-1.6017483456623818,0.1092112696554223,0.3607595021318926,,CDKN2D
ENSG00000088832,88.90705543255469,0.06803728085731708,0.04251543921361341,1.6002958481852307,0.10953296747589153,0.36160794946451813,,FKBP1A
ENSG00000153879,12.751405598576508,-0.16334033843434637,0.10213809178108545,-1.5992107898827488,0.10977377365708216,0.36198612311803885,,CEBPG
ENSG00000257621,75.91117445739326,-0.0740005958334797,0.046273663533618344,-1.5991946645788577,0.10977735548647843,0.36198612311803885,,PSMA3-AS1
ENSG00000102007,98.60521113562547,-0.08328551059926005,0.052089274984799844,-1.5988994015286944,0.10984295705463808,0.3619883738396347,,PLP2
ENSG00000108091,21.024508653384807,0.1717902181922267,0.10751669817919914,1.5978003519593047,0.1100874163023093,0.36241554239834617,,CCDC6
ENSG00000214706,11.101240848012425,-0.12812006809059276,0.08018869559515784,-1.5977322880699063,0.11010256973149182,0.36241554239834617,,IFRD2
ENSG00000100568,22.538467395148242,0.11290008955938477,0.07068473955371563,1.5972342866678928,0.11021349260527126,0.36251375471682673,,VTI1B
ENSG00000173762,12.917342847497045,-0.15589053122541605,0.09763289900380022,-1.5967008335924577,0.11033240976125669,0.36251375471682673,,CD7
ENSG00000075711,17.801837415084883,-0.12244927129438571,0.07670181614589068,-1.5964324894404205,0.11039226724140326,0.36251375471682673,,DLG1
ENSG00000142178,29.108390561541963,0.19531235843681008,0.12234307763445804,1.5964316266456273,0.11039245973980844,0.36251375471682673,,SIK1
ENSG00000121864,11.303023692179776,-0.16231795286621692,0.10173370193696699,-1.5955180021541655,0.11059644761224757,0.36283539597995434,,ZNF639
ENSG00000185298,16.14008728721463,-0.13011210875672785,0.08155401837501022,-1.5954101508331904,0.11062054755486414,0.36283539597995434,,CCDC137
ENSG00000134884,220.22314353000357,-0.06433586399679449,0.040373714004212156,-1.5935086871146507,0.11104612107019167,0.36379181618477613,,ARGLU1
ENSG00000134046,13.709825830019584,0.14405990234805477,0.09040725562778947,1.593455097687685,0.11105813381516579,0.36379181618477613,,MBD2
ENSG00000175701,17.792913655337912,0.15024684397034888,0.09430310375521578,1.593233287001319,0.11110786638498453,0.36379181618477613,,MTLN
ENSG00000100162,9.742735491069249,-0.16517042043972027,0.10373417377798623,-1.5922469368023409,0.11132923065839516,0.36421248449889065,,CENPM
ENSG00000115241,32.74440833334084,0.08857842268815298,0.05563910414354813,1.5920174138609753,0.11138079184571563,0.36421248449889065,,PPM1G
ENSG00000124333,10.563876058904011,0.13808876892201025,0.08675071693661268,1.5917882156859802,0.11143229888004079,0.36421248449889065,,VAMP7
ENSG00000151881,7.801163946450114,-0.1642309937385829,0.10323216693343892,-1.5908897257235164,0.11163439519162252,0.36465927802488995,,TMEM267
ENSG00000184900,54.918104161033526,-0.08445453810319237,0.05315303918744731,-1.588893869367629,0.11208435552249825,0.36578665900166646,,SUMO3
ENSG00000125977,77.01082863444098,0.07393278828691192,0.04653439943365194,1.5887771022450652,0.11211072457565424,0.36578665900166646,,EIF2S2
ENSG00000119705,45.78296006907638,0.0917999189683056,0.057836635380609576,1.5872278593696103,0.11246104718927809,0.366657155063126,,SLIRP
ENSG00000156802,9.062207454549254,-0.17343590362615602,0.10928428671421767,-1.5870159273647193,0.11250903735886093,0.366657155063126,,ATAD2
ENSG00000110315,27.186650239469763,0.09810069959578815,0.061828449182064975,1.5866595538716006,0.1125897714530512,0.36670593786344247,,RNF141
ENSG00000100060,23.010369763367216,-0.12470958415129439,0.07863960659178743,-1.5858368264563292,0.1127763294127879,0.3670991318188589,,MFNG
ENSG00000171853,7.61404368555813,0.16270186455788224,0.10265810952462866,1.584890519719229,0.11299121086236821,0.36758400919986295,,TRAPPC12
ENSG00000100347,14.391124552447607,-0.11643393013549161,0.07349480212362974,-1.5842471409016319,0.11313748948482612,0.36765590353320005,,SAMM50
ENSG00000130939,8.521306100817698,0.15538334828833808,0.09808233872346762,1.5842133284201587,0.11314518121645827,0.36765590353320005,,UBE4B
ENSG00000099800,43.16930964783294,0.0874550186725936,0.05521497018630618,1.5839004961426792,0.11321636447764294,0.3676729460264048,,TIMM13
ENSG00000137497,10.490822605280405,0.15006043310028822,0.09478523769614326,1.5831624918359417,0.11338443309717577,0.368004423137283,,NUMA1
ENSG00000100077,17.442999702242577,0.13024191445957992,0.08241385799598742,1.5803399771179396,0.11402902936055694,0.3697502737533698,,GRK3
ENSG00000120129,780.9510818082978,0.14090329704796864,0.08916650901590112,1.5802266860401728,0.11405496249207245,0.3697502737533698,,DUSP1
ENSG00000106052,86.12004088176549,-0.08100136663635137,0.0512731171728442,-1.579801874797114,0.11415224615118394,0.3698506243689725,,TAX1BP1
ENSG00000160194,15.75332543020966,-0.1194042624071398,0.07560223967713295,-1.579374670870438,0.11425014360900974,0.36995284597203154,,NDUFV3
ENSG00000156265,22.575842795663892,-0.13266596494246044,0.08402327530249165,-1.5789192276169974,0.11435458512349564,0.36998917420804994,,MAP3K7CL
ENSG00000103429,20.38167747360934,-0.13182123163532414,0.08349914908301462,-1.578713472927345,0.11440179309415836,0.36998917420804994,,BFAR
ENSG00000204256,47.984213137219584,0.09015870699529811,0.057118216412689826,1.5784580236869539,0.11446042423043153,0.36998917420804994,,BRD2
ENSG00000183741,12.943713615199048,-0.1405253138714092,0.08912349147438067,-1.576748302234147,0.11485345138376454,0.37103788924905157,,CBX6
ENSG00000035115,18.766485723062736,-0.1535451945360151,0.09739821829306902,-1.5764682067797287,0.11491794023190675,0.37103788924905157,,SH3YL1
ENSG00000162607,27.996887992528116,-0.10757758328443778,0.0682662159606327,-1.5758539091499504,0.1150594751390317,0.37127988042548654,,USP1
ENSG00000214160,7.717239473499959,0.16600314562094612,0.10536147074534434,1.5755583558829676,0.11512761980089471,0.3712849092017287,,ALG3
ENSG00000174886,104.03115559145459,0.06086811759943266,0.03867635864589531,1.5737809796603628,0.11553809277261913,0.3723932978613435,,NDUFA11
ENSG00000204070,8.531264262811721,0.163491778269637,0.10394723972291783,1.572834244617186,0.11575720401344529,0.37288398011494567,,SYS1
ENSG00000198218,9.2763055998675,-0.15809462362855758,0.10056252441060765,-1.5721027744196254,0.1159267181884311,0.37321442299000684,,QRICH1
ENSG00000188229,20.88278122772366,-0.1358063864633051,0.0864715840080953,-1.5705319616972804,0.11629140469001818,0.37377163576707484,,TUBB4B
ENSG00000117009,13.867409764326409,0.15662170175863083,0.09972878696747596,1.5704763541314213,0.11630433127783228,0.37377163576707484,,KMO
ENSG00000113712,50.347299599952436,0.06948169016186155,0.04425451147377716,1.5700476143100721,0.11640403445731336,0.37377163576707484,,CSNK1A1
ENSG00000125743,288.7051734230262,-0.05212312047882153,0.03319853823197801,-1.570042636052412,0.11640519254229399,0.37377163576707484,,SNRPD2
ENSG00000178381,19.58930836077159,-0.126539533894666,0.08060280886890352,-1.5699146924330674,0.11643495898985096,0.37377163576707484,,ZFAND2A
ENSG00000164327,43.79825794428238,0.09783957911565035,0.06233719384886692,1.5695217104712316,0.11652642475518996,0.37385002556670843,,RICTOR
ENSG00000142534,2722.3258212676265,-0.058839990916107546,0.03750212063660408,-1.5689776982551902,0.11665313564720868,0.3738828418027088,,RPS11
ENSG00000198917,7.701797417432936,0.1578404652322168,0.1006056830851819,1.5689020778137825,0.1166707576644034,0.3738828418027088,,SPOUT1
ENSG00000121058,22.90297144925229,-0.11767449359748795,0.07504572869234262,-1.568037190762797,0.11687245316101139,0.3743140716977596,,COIL
ENSG00000158411,37.175520139062094,0.10709683117015477,0.06843834665804838,1.5648658449518538,0.1176143686945518,0.3764740067972565,,MITD1
ENSG00000168710,9.152124713252896,0.1584389531048627,0.10128823270304473,1.5642384991489737,0.11776156908074852,0.37672892093760973,,AHCYL1
ENSG00000164096,141.66731795721282,0.056982676402583886,0.03643832877785708,1.5638114675888,0.11786185040772884,0.37683353089076604,,C4orf3
ENSG00000134291,8.138022783367044,-0.14648608140470268,0.09371079393063127,-1.5631719171340916,0.11801216359776379,0.37709789353646467,,TMEM106C
ENSG00000234769,31.39088786871704,-0.09368585070743446,0.05996502147417887,-1.5623416519207933,0.11820752466804031,0.377505817611107,,WASH4P
ENSG00000241343,1225.0633115486492,-0.11695853591859381,0.07495287605817422,-1.560427592235649,0.11865886860241899,0.37873030986095496,,RPL36A
ENSG00000113522,23.505715735023884,0.12652091173708094,0.08111488714316585,1.5597742435833577,0.11881324011962122,0.3790060794662517,,RAD50
ENSG00000225331,10.53949930690008,0.1789704377929317,0.11479326496747069,1.5590674055977682,0.11898042721302865,0.37917429129472113,,LINC01678
ENSG00000198563,29.224321200456806,-0.16567383081029327,0.10631305522698967,-1.5583582887027567,0.11914833856837341,0.37917429129472113,,DDX39B
ENSG00000028203,9.801117855623755,-0.15016562179861984,0.09637612179831648,-1.5581206111703385,0.11920465962136162,0.37917429129472113,,VEZT
ENSG00000168056,7.484257654596541,-0.17000907290671682,0.10912600110251992,-1.5579153564602763,0.11925331441451205,0.37917429129472113,,LTBP3
ENSG00000104522,15.73089042838887,0.11436906702860722,0.07341345130767182,1.5578761792480318,0.11926260298155034,0.37917429129472113,,GFUS
ENSG00000073050,7.1425667144397895,0.1660154314039526,0.10656851077289278,1.5578282008439308,0.11927397900483157,0.37917429129472113,,XRCC1
ENSG00000116473,49.291277078044494,0.07682626893878858,0.04933090923323857,1.55736575978259,0.11938367069319218,0.3792118165128079,,RAP1A
ENSG00000103145,11.679112441418214,-0.12565417875306603,0.0807178361963521,-1.5567089589394214,0.11953960063971253,0.3792118165128079,,HCFC1R1
ENSG00000099901,74.84775484809333,0.056535936175936566,0.036317807294134384,1.5567001531248161,0.11954169229627115,0.3792118165128079,,RANBP1
ENSG00000108671,17.81469734802356,0.11172930283181585,0.07177654459541889,1.5566269379725328,0.11955908429658824,0.3792118165128079,,PSMD11
ENSG00000197457,19.266948011947846,-0.13708343337382112,0.08809336248334192,-1.5561153475069478,0.11968066612597192,0.3792118165128079,,STMN3
ENSG00000101150,12.959023298204475,-0.12678473455263617,0.08147805107025581,-1.5560599804150188,0.1196938301762091,0.3792118165128079,,TPD52L2
ENSG00000101336,17.759358433956557,0.1619821803470403,0.10416666838725404,1.555028905646181,0.11993918525320815,0.37975987363502056,,HCK
ENSG00000258289,77.7522743051687,0.06281870810816084,0.04040409628867913,1.554760875217548,0.12000303037032034,0.37975987363502056,,CHURC1
ENSG00000168175,49.74037608233197,-0.11888155362371461,0.0765286777845069,-1.5534248998586775,0.12032165806217883,0.38038744149991843,,MAPK1IP1L
ENSG00000186591,15.005174252660865,0.14005525861440296,0.09016293341008606,1.5533573866479338,0.12033777740420663,0.38038744149991843,,UBE2H
ENSG00000156671,13.924755589211069,-0.1720809696207825,0.11081774986198895,-1.5528285841852052,0.1204640918877955,0.3805709781112452,,SAMD8
ENSG00000125375,19.98160706255745,-0.09856891754185958,0.06351769278065297,-1.5518340359472713,0.12070193970821919,0.3809221836713477,,DMAC2L
ENSG00000179218,77.34146319104023,0.08931260139867422,0.05757562164036624,1.5512225288082206,0.12084836499250493,0.3809221836713477,,CALR
ENSG00000182087,14.955318067243288,-0.12156235289008924,0.07837394459554496,-1.5510556922638195,0.12088833810082113,0.3809221836713477,,TMEM259
ENSG00000103495,10.65342673814824,0.14871280056895678,0.09588906813094276,1.5508837813073724,0.1209295378321241,0.3809221836713477,,MAZ
ENSG00000100599,18.778222798392054,-0.12498885083401173,0.08059849417906105,-1.5507591315084768,0.12095941794835115,0.3809221836713477,,RIN3
ENSG00000166340,28.11337420656556,0.09563374975080002,0.061673258303664,1.550651812166675,0.12098514836476987,0.3809221836713477,,TPP1
ENSG00000197249,18.471147527107565,0.1276241416760333,0.08237912951509405,1.5492290635657808,0.12132666520805185,0.381586103008959,,SERPINA1
ENSG00000172785,11.611132171737367,-0.15448606549854557,0.09971969262691045,-1.549203185739221,0.12133288390152158,0.381586103008959,,ZNG1A
ENSG00000182552,12.014057176505458,0.1208055508337571,0.07801399084974885,1.5485113569747089,0.12149922953059011,0.38189385787067104,,RWDD4
ENSG00000124151,55.809152894737736,-0.1053070919859473,0.06802554501291593,-1.5480521613748597,0.12160973850339146,0.38202586022248497,,NCOA3
ENSG00000171314,35.03553903600941,0.09198270789135427,0.059472174707866005,1.5466511581791593,0.12194738652922732,0.3828708486976191,,PGAM1
ENSG00000141905,7.358242042004953,-0.16885636301605403,0.10922958129358762,-1.5458849243612987,0.12213236207328676,0.38323581931381373,,NFIC
ENSG00000106603,28.210330297428055,0.10032251252656954,0.06490986040668889,1.5455666041800857,0.12220927179736378,0.383261473308268,,COA1
ENSG00000155660,17.256504578564215,0.11507903611213735,0.07450728329925085,1.5445340511199988,0.12245900874761637,0.3833923158300648,,PDIA4
ENSG00000182208,15.71950392699227,-0.11436780710538504,0.07405132401611288,-1.5444397331842394,0.12248184068089235,0.3833923158300648,,MOB2
ENSG00000085365,9.027497800360917,0.14698539964723487,0.09519446655452016,1.5440540292649552,0.12257524424157967,0.3833923158300648,,SCAMP1
ENSG00000108559,28.02211268580611,0.11246969051133274,0.07285519961722296,1.5437428090547005,0.12265065109927692,0.3833923158300648,,NUP88
ENSG00000163492,9.490763649686652,0.22373968971194363,0.14493511608185494,1.5437231208038102,0.12265542266726803,0.3833923158300648,,CCDC141
ENSG00000110172,15.157102081743188,0.14348170119791215,0.09294724664940568,1.543689634391441,0.12266353863716563,0.3833923158300648,,CHORDC1
ENSG00000198060,8.560574254087946,0.15392741526163364,0.0998106957778684,1.5421935901960204,0.12302655723517168,0.38431153117272676,,MARCHF5
ENSG00000122862,92.4920509411882,0.11657802767162322,0.07566897634537212,1.5406317529595215,0.12340643532998916,0.38528235352744655,,SRGN
ENSG00000162194,21.554338198335817,0.10610607339101644,0.06890462830670184,1.5398976236941153,0.12358531013488337,0.3856248960895969,,LBHD1
ENSG00000100307,11.987463324456138,-0.15791668878382883,0.10269960600287124,-1.5376562280035804,0.12413269149637339,0.3871162683354463,,CBX7
ENSG00000110880,13.510059571601666,0.1606077708631241,0.1044872861933612,1.5371034765503235,0.12426797176746171,0.38727151061512405,,CORO1C
ENSG00000100359,19.40604620024674,0.11175358621115872,0.07273037732411711,1.5365462180010123,0.12440447150249703,0.38727151061512405,,SGSM3
ENSG00000100749,18.378696988665673,-0.10625920155956003,0.0691581882780755,-1.536465951541508,0.12442414229688378,0.38727151061512405,,VRK1
ENSG00000086062,49.35654553287649,-0.14099806990981575,0.09177658799356854,-1.536318499002126,0.12446028461662524,0.38727151061512405,,B4GALT1
ENSG00000004455,16.99089909841166,0.1120836513231236,0.07300957495422536,1.5351911224438222,0.12473688834064504,0.3878800466373954,,AK2
ENSG00000152904,20.126162479185034,0.11412773875056252,0.07435444675579461,1.5349147728231638,0.12480476428431708,0.3878800466373954,,GGPS1
ENSG00000114023,32.69605477291726,-0.07883053977008636,0.051375495329966235,-1.5343996055665508,0.12493137459333387,0.3878800466373954,,FAM162A
ENSG00000152944,9.007369479372992,-0.16380525881885777,0.10675673285277974,-1.5343787173100305,0.12493651031673529,0.3878800466373954,,MED21
ENSG00000184602,19.017532682711675,-0.13010687596716633,0.08480959374539652,-1.5341056385407876,0.12500366639300564,0.3878800466373954,,SNN
ENSG00000111364,7.383595137263781,-0.16698386644895494,0.10889984339355328,-1.5333710430187832,0.12518445927294422,0.3879809993213601,,DDX55
ENSG00000088930,44.331441265745966,0.09137108117712844,0.05959736262417218,1.5331396752122235,0.12524144388871725,0.3879809993213601,,XRN2
ENSG00000133606,37.67619757700857,-0.08995370484102534,0.058673413497939614,-1.5331254733318722,0.12524494239211767,0.3879809993213601,,MKRN1
ENSG00000115761,8.504468945899594,-0.15239495859308924,0.09945949612793824,-1.5322313557375986,0.12546535349120488,0.38819415213237457,,NOL10
ENSG00000152219,35.608789523122795,-0.11735154542345393,0.07660098776192832,-1.5319847544025946,0.12552619693737324,0.38819415213237457,,ARL14EP
ENSG00000009413,16.739763126336562,0.12932506773219277,0.08443052233590125,1.531733597687357,0.1255881879545977,0.38819415213237457,,REV3L
ENSG00000100442,35.910978615739666,0.09638298961208806,0.06292479248779947,1.531717242147057,0.1255922256898859,0.38819415213237457,,FKBP3
ENSG00000171130,8.934872740211711,-0.15694471527549125,0.10248974464506361,-1.5313211660250774,0.12569003693390085,0.38828124428998956,,ATP6V0E2
ENSG00000134061,16.492510798277685,0.20814909370112514,0.13606316242416575,1.529797558667918,0.1260668460966863,0.3892296422121389,,CD180
ENSG00000157514,1020.7137944715337,0.11097750953211358,0.07262581685458676,1.5280724450138101,0.12649455203824975,0.3901185696523961,,TSC22D3
ENSG00000125351,29.53371072802672,0.09700130854118015,0.06347954465892892,1.5280719019388258,0.12649468686003087,0.3901185696523961,,UPF3B
ENSG00000122140,9.245117147615636,-0.1366693686607428,0.08950061498968127,-1.5270215593099525,0.12675565045237627,0.39070730067576015,,MRPS2
ENSG00000171425,32.9319186720124,-0.09029704684676818,0.05916807068289954,-1.5261110562603721,0.12698220904437407,0.39118939095659105,,ZNF581
ENSG00000115935,56.583518853495605,0.06858837545091627,0.04496200877474749,1.5254740017184976,0.12714091331290034,0.3914620279584386,,WIPF1
ENSG00000137880,13.351178674901936,0.12266919710107448,0.0804407305288863,1.524963737829605,0.12726814253811408,0.3916375070598919,,GCHFR
ENSG00000196233,18.324599747102152,-0.11222258365075884,0.07367567025627163,-1.5231973222694355,0.1277093458320964,0.39277844035287895,,LCOR
ENSG00000108100,11.174501675882373,-0.1323537754271559,0.08692157159432806,-1.5226804232770275,0.1278386780905304,0.3929594647369336,,CCNY
ENSG00000084463,43.62448380638656,-0.11251194991510167,0.0739492598738496,-1.5214749965995111,0.1281406812025445,0.3935820448501909,,WBP11
ENSG00000205937,81.31621709053195,0.0605629775018081,0.0398168077098516,1.5210405099056554,0.1282496717766045,0.3935820448501909,,RNPS1
ENSG00000117984,22.418760566481676,-0.11447756392539883,0.07526331693190695,-1.5210273555837333,0.1282529726493538,0.3935820448501909,,CTSD
ENSG00000173545,20.43332003393647,-0.12174813838429922,0.08007764849411406,-1.5203760434255018,0.1284164919244902,0.3937865177553309,,ZNF622
ENSG00000127663,16.861337283039575,0.15237767187786416,0.1002353131596511,1.5201994893273056,0.1284608457311598,0.3937865177553309,,KDM4B
ENSG00000080503,14.974323835998552,0.13026044009781199,0.08572971625505586,1.5194316018762042,0.12865389244641565,0.39416159575890863,,SMARCA2
ENSG00000101265,11.047336659269932,0.13702043276164674,0.09021254171616865,1.5188623461330633,0.12879714865485598,0.39426386536706054,,RASSF2
ENSG00000187630,13.715949398578344,0.12637344129804087,0.08320955778426538,1.5187370857766729,0.12882868771499,0.39426386536706054,,DHRS4L2
ENSG00000106245,55.71411172442052,-0.08352133677554832,0.05503434594689381,-1.5176220474418545,0.12910970556234191,0.3949071410946893,,BUD31
ENSG00000179085,29.919333941028857,0.09129453860271676,0.06020291374001643,1.5164471772407582,0.12940631749726253,0.3955973828754034,,DPM3
ENSG00000198146,20.18141896616522,-0.11795048589239215,0.07780846472702992,-1.5159081509471974,0.12954257897365037,0.3957969426614107,,ZNF770
ENSG00000155330,22.931139068113833,-0.11366161487113675,0.07505615791113802,-1.5143542919650281,0.12993600546781914,0.3965747328284059,,C16orf87
ENSG00000104064,11.14550288416959,-0.19107196566338794,0.12617499824832298,-1.5143409416764348,0.12993938968391275,0.3965747328284059,,GABPB1
ENSG00000197324,26.84648653697353,0.1005968287807006,0.06647705959494564,1.5132562931280606,0.13021457008281292,0.3971971787646416,,LRP10
ENSG00000213551,16.925236985669628,-0.10466803836534937,0.06922319806296655,-1.512037023631032,0.13052444414256015,0.3977980504112937,,DNAJC9
ENSG00000135596,10.214584251411969,0.15304428748749924,0.10122512867282434,1.511919910540817,0.1305542382088715,0.3977980504112937,,MICAL1
ENSG00000171940,9.621973871841242,-0.17580593625853586,0.1163811420417686,-1.5106050101780235,0.13088911671568093,0.398600608851249,,ZNF217
ENSG00000104969,7.649453683407539,-0.1490326324845047,0.09869871481926054,-1.5099754111025343,0.13104969854249282,0.39880870690380266,,SGTA
ENSG00000144635,15.750974679493755,0.1178634821969887,0.07807838176803929,1.5095533427824588,0.13115743430834045,0.39880870690380266,,DYNC1LI1
ENSG00000053371,22.160495374579895,-0.10680072561078842,0.07075256187689376,-1.509496232752912,0.13117201729942146,0.39880870690380266,,AKR7A2
ENSG00000056586,13.391877204834515,-0.13945423216338174,0.0924056228643828,-1.5091530995689395,0.13125966249910115,0.3988576992343259,,RC3H2
ENSG00000198860,8.752455765360008,0.14825844823904705,0.09829879040491817,1.5082428545491975,0.13149238289471776,0.39934723693951324,,TSEN15
ENSG00000234608,18.753403785413596,-0.09868198520296964,0.06546914737324289,-1.507305183621511,0.13173244952519078,0.3998585403116297,,MAPKAPK5-AS1
ENSG00000128016,215.3564582275026,0.14105550582527832,0.0936139519583454,1.5067786678639803,0.13186739924173677,0.40005039073554094,,ZFP36
ENSG00000158050,55.93111496965824,0.21901251087775242,0.14541127843945206,1.5061590354488716,0.132026352612015,0.4001301023465387,,DUSP2
ENSG00000136840,7.003578299682941,0.1846102031232668,0.1225821568534586,1.506012031946541,0.13206408497809918,0.4001301023465387,,ST6GALNAC4
ENSG00000131236,84.28759213190364,0.06847723594714093,0.045474618815490996,1.5058341934647304,0.13210974313027762,0.4001301023465387,,CAP1
ENSG00000162894,98.26854546657655,0.08278782227630037,0.054988137075814215,1.5055578653657185,0.1321807117149075,0.4001301023465387,,FCMR
ENSG00000213614,24.566501139194205,0.093220393378752,0.06192907343102841,1.505276733755323,0.13225294427771936,0.40013153407084273,,HEXA
ENSG00000125870,102.49965869813666,-0.061614578480355287,0.040970127875677,-1.5038903141167497,0.13260961138058636,0.40099305480376873,,SNRPB2
ENSG00000120438,24.96549577604698,0.09053308496910802,0.060277605727042174,1.5019356505146058,0.1331137284484647,0.4022337201579388,,TCP1
ENSG00000168291,19.373064056416855,0.11290651790406353,0.07518378073787886,1.5017403593695484,0.1331641763650565,0.4022337201579388,,PDHB
ENSG00000132879,9.380965824353462,-0.13735088224504055,0.09149382874530547,-1.501203787496848,0.1333028606457479,0.4024346242342665,,FBXO44
ENSG00000168439,11.880825706824528,0.14646281956622537,0.09766698802643045,1.4996143786740908,0.13371432092438826,0.4030066576839874,,STIP1
ENSG00000175348,34.38520868235071,0.07845864000347752,0.05232169974609493,1.4995430267789291,0.13373281525829459,0.4030066576839874,,TMEM9B
ENSG00000083520,13.670674073496176,-0.14308499381052728,0.09544012702799666,-1.49921210570638,0.1338186155156014,0.4030066576839874,,DIS3
ENSG00000169230,90.32404088344065,0.0647844198425637,0.0432140843399097,1.4991505855588163,0.13383457097444357,0.4030066576839874,,PRELID1
ENSG00000140983,18.1327397383954,-0.09979427541228048,0.06658051841196529,-1.498850982126722,0.1339122951760766,0.4030066576839874,,RHOT2
ENSG00000184162,7.486975594167878,-0.14103393683623908,0.09409801618483052,-1.498798195269233,0.13392599294986166,0.4030066576839874,,NR2C2AP
ENSG00000213658,8.278472627529275,-0.16118758849843007,0.10767899286671229,-1.4969269697567849,0.1344122617317564,0.404251764517947,,LAT
ENSG00000105968,54.13713728649392,0.07242520239080594,0.04839498650536339,1.496543498008402,0.13451208151824087,0.40433389032113803,,H2AZ2
ENSG00000153187,129.12609051552917,0.06901045322920166,0.0461664436124028,1.4948184834982985,0.13496182110931917,0.4051704560383457,,HNRNPU
ENSG00000166326,29.99422485875671,0.1160668317575294,0.07765722649700468,1.494604391543731,0.1350177193622363,0.4051704560383457,,TRIM44
ENSG00000075131,9.964785553488259,-0.23269874390784254,0.15574928542854893,-1.494059785042126,0.13515999381896507,0.4051704560383457,,TIPIN
ENSG00000140694,12.435707474084976,-0.13551961875780308,0.09071891297555731,-1.493840857576375,0.1352172196470767,0.4051704560383457,,PARN
ENSG00000101126,10.64946909879713,0.16220108707919262,0.10859100139503611,1.4936881048654471,0.13525715902814184,0.4051704560383457,,ADNP
ENSG00000257815,25.46015216823392,0.10712221117103184,0.07172820339393846,1.4934461774081522,0.13532043307012498,0.4051704560383457,,PRANCR
ENSG00000125457,19.31437869786172,-0.1017519209526207,0.06814275429229168,-1.4932170266579743,0.13538038656030268,0.4051704560383457,,MIF4GD
ENSG00000132294,10.803935719336314,-0.13929749677135067,0.0933056273809767,-1.4929163511498007,0.13545908444055535,0.4051704560383457,,EFR3A
ENSG00000070190,40.137981621892365,0.1023093340619524,0.06853448977314622,1.492815287610708,0.13548554443343291,0.4051704560383457,,DAPP1
ENSG00000077454,28.479828626455898,-0.09232663183895065,0.061852304944602594,-1.4926950890777972,0.1355170194604582,0.4051704560383457,,LRCH4
ENSG00000113575,39.23222197064566,-0.10503478357548465,0.07039006255167368,-1.492181989444577,0.135651442562996,0.4052479096217834,,PPP2CA
ENSG00000132478,11.256436919739642,-0.12472698923643688,0.08359485543435845,-1.4920414490623384,0.1356882796384271,0.4052479096217834,,UNK
ENSG00000272211,106.99551322587931,0.19653655446657706,0.13185171654105793,1.4905877573871147,0.1360697605121425,0.40616969197842967,,ENSG00000272211
ENSG00000124299,14.767990640967263,-0.11463184216786801,0.07692778178932222,-1.490122807411811,0.13619194829245268,0.4063139884714857,,PEPD
ENSG00000027697,20.020723127000434,-0.11599866065776586,0.0778711558122257,-1.4896229476480196,0.13632340474679858,0.4063139884714857,,IFNGR1
ENSG00000105738,12.547558297453518,-0.13839362353216594,0.09290828990999256,-1.4895723908624146,0.136336705959496,0.4063139884714857,,SIPA1L3
ENSG00000104643,14.389083444467705,-0.1319502196532896,0.08860971898162445,-1.4891167827837593,0.13645661913843257,0.4064541176901175,,MTMR9
ENSG00000168081,49.73591095627044,-0.0839291981058325,0.05638169097348148,-1.4885895874479484,0.13659547520357895,0.4066504910492025,,PNOC
ENSG00000172086,25.39874606205604,0.10493218009429833,0.07051158163688977,1.4881552456823721,0.13670995680619022,0.4067741297499021,,KRCC1
ENSG00000143811,14.469348388979766,0.13652558447598073,0.09177948204507168,1.4875392782118213,0.136872437320671,0.40704037893336614,,PYCR2
ENSG00000140992,11.416927617541786,-0.13372601681716112,0.08994130717554018,-1.4868142460523224,0.13706387787224536,0.407392421650128,,PDPK1
ENSG00000133275,8.83953643451448,0.160541100924013,0.10802373261835932,1.48616509569424,0.13723545746629892,0.407685088349538,,CSNK1G2
ENSG00000176261,38.850154219396124,0.06776973579806375,0.04565831806415794,1.484280163426857,0.13773461056664257,0.40895004713503674,,ZBTB8OS
ENSG00000144659,11.25514710399236,0.12411001595958499,0.08366898178708992,1.4833455996321816,0.13798261292312422,0.40946836064893066,,SLC25A38
ENSG00000113649,21.41512344247393,-0.10995057200630157,0.07414794534747036,-1.4828539279281951,0.1381132244443002,0.4096379465433074,,TCERG1
ENSG00000171634,55.71535177747966,0.1038975270398925,0.07008143982255363,1.482525577427651,0.13820050309120224,0.40967889698912474,,BPTF
ENSG00000081237,266.5526512546374,-0.06863290267296739,0.04631071446265231,-1.4820091520789862,0.13833785978344806,0.4098681754264115,,PTPRC
ENSG00000047644,8.272459173846183,0.16225003303419763,0.10950966823361477,1.4816046441495274,0.1384455225869665,0.409969322328691,,WWC3
ENSG00000101421,42.67675224671186,0.07987930064478414,0.0539543818170832,1.4804970042209347,0.1387406596228074,0.41062522189850004,,CHMP4B
ENSG00000180992,27.668809925689967,0.08910407058289317,0.06022690373314388,1.4794728777308488,0.13901397498738066,0.4112158750820342,,MRPL14
ENSG00000165671,33.65050729424928,-0.09898575150151759,0.06692340000195725,-1.4790902957504048,0.1391161834630409,0.41130002067333826,,NSD1
ENSG00000149089,9.988569999232848,0.14672248458268994,0.0992554104510533,1.4782316038584566,0.13934579749031104,0.4117605547461443,,APIP
ENSG00000130332,195.07043538625658,-0.04843271925258397,0.032774511441949095,-1.4777556436918677,0.13947319475207243,0.41191871500929866,,LSM7
ENSG00000198695,43.13032992002859,-0.10022853630202117,0.06787854592978308,-1.4765863783485067,0.13978654530326703,0.41262560964055955,,MT-ND6
ENSG00000257698,11.344632228030182,0.1550079478762832,0.1050135352635291,1.4760758933340756,0.13992351957783508,0.4128113995587346,,GIHCG
ENSG00000143799,99.00964210301368,0.08637326597267078,0.05853970862246197,1.4754645693526556,0.14008768701154875,0.41307717756551865,,PARP1
ENSG00000112282,14.927768081580163,-0.1326768305175065,0.08996405605101708,-1.4747759976747574,0.14027277626600468,0.4134043342807834,,MED23
ENSG00000189079,10.741254217042234,-0.13791302184397516,0.09360364948165771,-1.4733722734923937,0.14065068230061592,0.414285793267703,,ARID2
ENSG00000170584,24.486942465411833,0.08343685914652167,0.0566460342843811,1.4729514643097894,0.14076412356323031,0.414285793267703,,NUDCD2
ENSG00000136371,9.871705629174372,0.14482302959447843,0.09832924108939445,1.4728378658268593,0.14079475936913508,0.414285793267703,,MTHFS
ENSG00000166266,20.293661495118442,-0.1002133840439998,0.06807435496033665,-1.4721165423071416,0.14098940913297692,0.4146397390957169,,CUL5
ENSG00000137210,64.45786422708372,-0.05587498617412145,0.03797236024969152,-1.4714646602610213,0.14116549795101535,0.41493875412486114,,TMEM14B
ENSG00000071051,14.151613200867244,-0.1585249940142251,0.10783013886476317,-1.470136231699021,0.14152486121247995,0.4156573762343218,,NCK2
ENSG00000105568,24.557506648481674,0.09568738579515013,0.06511524084464049,1.4695082833748896,0.14169497674490275,0.4156573762343218,,PPP2R1A
ENSG00000054116,25.762695062324784,0.0874964452139388,0.059541530949573686,1.4695027792960247,0.14169646853204154,0.4156573762343218,,TRAPPC3
ENSG00000262049,9.387818381439677,-0.13108342534832804,0.08920518792165248,-1.4694596626314664,0.14170815498949887,0.4156573762343218,,ENSG00000262049
ENSG00000162032,31.120117852503476,-0.07907992924420876,0.05383181262047567,-1.4690185114466983,0.14182776835041344,0.41567289906118526,,SPSB3
ENSG00000158092,17.022509379477253,0.10315992886797785,0.07023255799045179,1.468833427397057,0.1418779749729722,0.41567289906118526,,NCK1
ENSG00000137955,31.009629308898717,-0.09769585475994114,0.06652785357184805,-1.4684955175118133,0.14196967294234428,0.41567289906118526,,RABGGTB
ENSG00000163516,15.59994043618135,-0.1079870736001281,0.07354359625904662,-1.4683409445978048,0.14201163427395228,0.41567289906118526,,ANKZF1
ENSG00000112893,14.48927704790807,0.13010048223817974,0.08864168768636939,1.4677121525314274,0.14218242830209202,0.4157211644835883,,MAN2A1
ENSG00000108523,27.270471467848488,0.08654768657182364,0.05897472442454117,1.467538634836054,0.14222958735936606,0.4157211644835883,,RNF167
ENSG00000204469,12.601169140261936,0.13676232955792353,0.09319682523890072,1.4674569569011284,0.1422517901425191,0.4157211644835883,,PRRC2A
ENSG00000170892,9.420499804856304,0.13701969663656913,0.09340961506779755,1.4668692996659818,0.14241161341950181,0.4159702233772352,,TSEN34
ENSG00000055130,10.20409694500297,-0.1251931470784966,0.08539646689942493,-1.4660225606984643,0.14264214072352518,0.4164254328138096,,CUL1
ENSG00000163382,25.221325239141944,0.08608798153136349,0.05883319922277964,1.4632551462207597,0.14339757613653775,0.41841176584894535,,NAXE
ENSG00000111596,24.994114679140424,-0.09726880738497834,0.06648985076936545,-1.4629121025158625,0.1434914319462713,0.4184666446299209,,CNOT2
ENSG00000116161,37.57514512723028,0.08931879284524395,0.06108352572374031,1.4622402978047142,0.14367537234552116,0.41878404401391844,,CACYBP
ENSG00000167635,11.661106444727597,0.14734254617925957,0.10079110053834063,1.4618606741297653,0.14377939339477847,0.4188682850414236,,ZNF146
ENSG00000154016,8.47085835928825,-0.14588018541878628,0.09984259071220668,-1.4611017640686188,0.14398751619092365,0.41895910040446593,,GRAP
ENSG00000111726,9.817396078846835,0.1290829964585062,0.08835170453895251,1.4610130855098113,0.14401185038151082,0.41895910040446593,,CMAS
ENSG00000133226,212.67689104534315,-0.05193086556422834,0.03554656061617477,-1.4609251827474474,0.14403597479830724,0.41895910040446593,,SRRM1
ENSG00000108960,18.419695720095316,-0.1464255987406269,0.10026230095416788,-1.460425277967252,0.1441732297606921,0.41913757314545774,,MMD
ENSG00000072736,25.105074795978727,0.10973990406849743,0.07517316304117044,1.459828210346765,0.1443372933321891,0.41913757314545774,,NFATC3
ENSG00000166136,110.16282662798989,0.046715284205833416,0.03200529951940469,1.4596109052974215,0.14439704040383905,0.41913757314545774,,NDUFB8
ENSG00000029363,135.64036991169849,-0.09706316516710072,0.06649950214196704,-1.4596073961559077,0.14439800538242903,0.41913757314545774,,BCLAF1
ENSG00000072163,7.987241952676563,0.21210266930777177,0.14541495731029386,1.4586028372251714,0.14467445225870987,0.41968851226740395,,LIMS2
ENSG00000143353,33.25393689407663,-0.14874173483950848,0.10199584582452625,-1.4583116953155513,0.14475464802008528,0.41968851226740395,,LYPLAL1
ENSG00000159479,7.828972329911492,0.15166684835088287,0.10401693035900811,1.4580977137799966,0.14481361147820754,0.41968851226740395,,MED8
ENSG00000100325,18.819605047961254,-0.09751114830728377,0.0669269344184484,-1.4569791542761124,0.14512213452356373,0.4200870622619889,,ASCC2
ENSG00000163596,12.629123890334421,-0.17178556345152243,0.11791234255108125,-1.456892126259832,0.14514615983723475,0.4200870622619889,,ICA1L
ENSG00000204138,14.678546183776996,-0.13137100672471208,0.09017903589988126,-1.4567798980526145,0.14517714651701086,0.4200870622619889,,PHACTR4
ENSG00000144401,22.637269025968603,0.08971148460253202,0.06163153437580454,1.4556101111406237,0.14550043131111673,0.42080415196617577,,METTL21A
ENSG00000007168,28.14633295157218,-0.10748562557092152,0.07386348458961456,-1.4551929978406994,0.14561583885232976,0.4209196046866722,,PAFAH1B1
ENSG00000111640,306.7688435091099,-0.06629478357717614,0.045570599942114536,-1.4547709194389853,0.14573269147301368,0.42103911277384676,,GAPDH
ENSG00000197912,16.84991391147641,-0.10099855155425895,0.06948040315036172,-1.4536264468081623,0.1460499005256767,0.42173705092240976,,SPG7
ENSG00000142039,9.360712078754858,0.14286343886485048,0.098359743141265,1.4524584377947076,0.14637417763350125,0.42245466588219616,,CCDC97
ENSG00000066455,7.370303522027089,0.17252835113819864,0.11889570966957652,1.4510897964079004,0.14675485740561536,0.42333423946906945,,GOLGA5
ENSG00000116044,26.47694191650204,-0.13721426268247722,0.09460113616582692,-1.450450472835268,0.1469329408758136,0.42362878920555147,,NFE2L2
ENSG00000136718,21.315419139358728,0.09073669561042683,0.06257585421503455,1.4500272788705508,0.14705091235299517,0.4237498125479592,,IMP4
ENSG00000156273,27.331861480067353,-0.1959089067583795,0.13516757561874876,-1.4493779729463865,0.1472320566253004,0.4240526589579933,,BACH1
ENSG00000081059,24.433570598675615,-0.13383512919914556,0.09237668630705195,-1.4487976842370096,0.14739409069984027,0.4243001805587555,,TCF7
ENSG00000127947,10.884815162997215,-0.16466777416567618,0.11368340406760596,-1.4484768072897476,0.14748374771297534,0.4243392039461045,,PTPN12
ENSG00000204392,48.9342032692203,0.07150802380742319,0.049385497620871764,1.4479559233438157,0.14762937792345315,0.4245391497169545,,LSM2
ENSG00000242485,47.394955777036124,0.07355421754107799,0.050810686148621734,1.4476131522005276,0.14772527079265824,0.4245959329586919,,MRPL20
ENSG00000141522,57.91566142292623,-0.0793824240351272,0.05485015301896602,-1.4472598464343105,0.14782416061438391,0.4246612671745516,,ARHGDIA
ENSG00000176715,9.637215348343211,-0.14623439623870824,0.10108100192578202,-1.4467050529047958,0.14797954867146101,0.4248552293780687,,ACSF3
ENSG00000156232,27.061097960315703,-0.14836157592663127,0.10256768558222178,-1.4464748335156645,0.1480440657606864,0.4248552293780687,,WHAMM
ENSG00000100865,10.255398713370786,0.12370638189743115,0.08564832108557413,1.4443526776646554,0.1486397949307456,0.4263454200276942,,CINP
ENSG00000062650,23.000802537968788,-0.11189970135770322,0.07762562333587725,-1.4415304708540109,0.14943487531988847,0.4284055860070427,,WAPL
ENSG00000223865,1516.9135320358805,0.07430815875377386,0.05158082039952841,1.4406160696593582,0.14969317798519868,0.4287084498739899,,HLA-DPB1
ENSG00000129515,45.97413534908084,0.06538537895496747,0.0453872191356114,1.4406121414842372,0.14969428836166757,0.4287084498739899,,SNX6
ENSG00000110801,16.467909409059843,0.1159908957708339,0.0806609475259522,1.438005618933679,0.15043245986003628,0.43060133274104845,,PSMD9
ENSG00000198721,9.282451661456426,-0.14734450609224542,0.10251274178873622,-1.4373287019861483,0.15062461706709554,0.43093015123967404,,ECI2
ENSG00000137767,11.650890967248607,0.12537133941477685,0.08728388376193764,1.436362980326595,0.15089908141123912,0.43141331119049914,,SQOR
ENSG00000065883,20.75068531849359,0.13894762639848732,0.09674737362907718,1.4361901639955934,0.15094823711130986,0.43141331119049914,,CDK13
ENSG00000171467,16.014193360730086,0.1610963718482347,0.11239541388033876,1.433300223617177,0.15177205811741554,0.4335455922452403,,ZNF318
ENSG00000168273,18.782190503892117,-0.10832461421131637,0.07559894668269486,-1.432885231403795,0.15189063849579734,0.4336621609076119,,UQCC5
ENSG00000176788,28.51496109623459,0.12376948750925161,0.08641859259493162,1.4322090165179406,0.15208401207088754,0.43387741595734014,,BASP1
ENSG00000130119,8.968932712664625,-0.16359005786995143,0.11423268830743764,-1.432077457808547,0.15212165498504304,0.43387741595734014,,GNL3L
ENSG00000137714,22.78849502582941,-0.08484076406528608,0.059280758441788296,-1.4311686674622568,0.15238188107038306,0.43439742783663393,,FDX1
ENSG00000105220,13.469098125927124,-0.11025197348456794,0.07706526693647398,-1.430631176239878,0.15253594748854438,0.4346144318835582,,GPI
ENSG00000146963,20.44292531851975,0.0986251908755512,0.06896341708405558,1.4301088177713492,0.1526857898126498,0.4348191848801508,,LUC7L2
ENSG00000171530,167.2795210825744,0.053135127960824535,0.03716275589974314,1.4297951450148454,0.1527758229308656,0.4348534908945925,,TBCA
ENSG00000120008,21.52526954953066,-0.10501503624938482,0.0734656739672358,-1.4294435833559411,0.15287677925630058,0.43491883731282244,,WDR11
ENSG00000163811,27.863755253451608,-0.10359896465045429,0.0725010419510747,-1.428930700338971,0.15302415250826437,0.43511610116577365,,WDR43
ENSG00000100412,21.743688669071734,0.08480582540095243,0.059385237739272116,1.4280624045539416,0.1532738973847247,0.43560410388237764,,ACO2
ENSG00000135968,83.05657082463479,0.08520571760246495,0.059741030847777474,1.4262512111579146,0.15379584214224493,0.43686480681872525,,GCC2
ENSG00000170234,11.269861446132062,0.15148876391956487,0.10628353139741853,1.425326783254064,0.1540627615090234,0.4374001823698139,,PWWP2A
ENSG00000078668,21.575723098130126,-0.09440813697946938,0.06627461846169536,-1.4244991396522986,0.1543020339521194,0.43764187718812947,,VDAC3
ENSG00000162236,25.685258220202904,0.11800666754188537,0.08284138275387748,1.4244893508415264,0.15430486559394951,0.43764187718812947,,STX5
ENSG00000164022,65.86150464924535,-0.06352419532787408,0.04460488758833698,-1.4241532433428663,0.1544021164824594,0.4376950693981666,,AIMP1
ENSG00000235453,40.50613276673058,-0.08207807487863848,0.05768111591468519,-1.4229626729142735,0.15474697626290307,0.43830817793871435,,SMIM27
ENSG00000188677,15.683172114745854,-0.11081705343980054,0.07788310089107432,-1.4228639097817504,0.1547756101795783,0.43830817793871435,,PARVB
ENSG00000140941,73.53311365109327,0.06663173355548017,0.04688488471863062,1.4211772931800077,0.1552652241491443,0.43947151769321247,,MAP1LC3B
ENSG00000116209,96.19554192351941,0.06292460210385177,0.04431129131705984,1.420057963411818,0.15559080696031802,0.44011237003442116,,TMEM59
ENSG00000163563,37.15515041091895,0.13522057238869076,0.09523538728996796,1.4198563815042606,0.1556494967194904,0.44011237003442116,,MNDA
ENSG00000160075,83.97213138039736,-0.050397275023926845,0.03551063658894804,-1.4192163212194278,0.15583595906262943,0.44041627355966634,,SSU72
ENSG00000125354,98.28645832483045,0.06317889708521685,0.04454639429929793,1.4182718507076244,0.15611141171683635,0.44097124201270493,,SEPTIN6
ENSG00000136156,251.95212903223066,0.05762829089567024,0.04065692926298281,1.4174285156390172,0.15635768047612936,0.44144325384045435,,ITM2B
ENSG00000124784,8.513891724432977,0.1436732279988282,0.1013997290968138,1.4168995250633538,0.15651230540104794,0.4414805497054704,,RIOK1
ENSG00000140365,11.400434183429573,0.1331225090090107,0.09395722709570166,1.416841611060069,0.15652924081200054,0.4414805497054704,,COMMD4
ENSG00000178685,10.45474674227932,0.14803258579034523,0.10455040660699633,1.4158967965260802,0.15680572302007195,0.44189289836682577,,PARP10
ENSG00000037241,12.90163076053809,0.11377493090727661,0.08036085264153843,1.4158004447113903,0.15683393935938814,0.44189289836682577,,RPL26L1
ENSG00000168090,46.493790685515535,0.06677431407128855,0.04717423064905657,1.415482842063561,0.15692697559864321,0.4419317252212296,,COPS6
ENSG00000134644,20.048091216788986,0.12240730258410881,0.0865252057607935,1.4147010863229208,0.15715615574943298,0.44219198548245886,,PUM1
ENSG00000143543,117.93500038256717,-0.04590597547063929,0.032455530547818474,-1.4144269003091339,0.15723659640892126,0.44219198548245886,,JTB
ENSG00000173653,7.305450557763653,-0.15344490685720602,0.1085161459916093,-1.414028349929334,0.15735357871344546,0.44219198548245886,,RCE1
ENSG00000189403,480.07872481644426,-0.04212670663915298,0.029792818281801577,-1.4139886411781775,0.1573652376180319,0.44219198548245886,,HMGB1
ENSG00000112651,15.181169877830767,0.09964956497731918,0.07048531573930056,1.413763475869024,0.15743136088853138,0.44219198548245886,,MRPL2
ENSG00000155876,15.478998839641061,0.11452540236431856,0.08103249205526206,1.4133269193574252,0.1575596224303416,0.44219198548245886,,RRAGA
ENSG00000111786,57.846934399328234,0.06652329079511259,0.047070266913159936,1.4132762603161266,0.15757451132597666,0.44219198548245886,,SRSF9
ENSG00000160570,19.581807019854942,-0.1000733852619303,0.07088240401036336,-1.411822675304566,0.15800218007337508,0.44316909260017073,,DEDD2
ENSG00000078687,12.957022607563836,0.1295920779994608,0.09181213623312498,1.4114918061639128,0.15809964996446468,0.4432195315243112,,TNRC6C
ENSG00000168092,26.831672362001193,-0.11023684733361747,0.0781387761318748,-1.4107828761941543,0.15830864512966236,0.44344423853345466,,PAFAH1B2
ENSG00000152217,14.09522508340396,-0.1345632664656302,0.09538890741912309,-1.4106804460437044,0.15833885920374968,0.44344423853345466,,SETBP1
ENSG00000155329,42.44281974115234,-0.1011647598528128,0.07175704566531584,-1.4098233687693658,0.15859184454299569,0.4437600896715121,,ZCCHC10
ENSG00000102096,48.521525844767766,-0.11109591501756494,0.07881191307763055,-1.4096335272071663,0.15864792185675547,0.4437600896715121,,PIM2
ENSG00000171606,24.507213571751212,0.11982635017612427,0.08501398955162898,1.4094897887759255,0.15869039074695035,0.4437600896715121,,ZNF274
ENSG00000117362,46.613045793633496,-0.06962609271066737,0.04941683791741599,-1.4089548349294327,0.15884852357630097,0.443979632812759,,APH1A
ENSG00000139496,9.291282717140135,0.17150846419065405,0.12189937067727338,1.4069675933333565,0.1594369984570514,0.44537981065145876,,NUP58
ENSG00000165209,61.334357926670506,0.09556906423970424,0.06793732186177348,1.4067240453509604,0.15950923276021578,0.44537981065145876,,STRBP
ENSG00000152484,15.737796345954639,-0.13882421766803538,0.09875169468726723,-1.4057907371379519,0.1597862734112676,0.44593006033094507,,USP12
ENSG00000185825,49.30288820726202,0.07451358377418717,0.05304279159180543,1.404782469738994,0.16008597346689746,0.4465429655084644,,BCAP31
ENSG00000106244,44.417654993977735,0.06972305261669226,0.049661666196951545,1.4039612029966924,0.16033040286410638,0.4467138235812721,,PDAP1
ENSG00000133789,79.00385345340335,-0.08684275259797572,0.06186201954164138,-1.4038137332312435,0.1603743233917746,0.4467138235812721,,SWAP70
ENSG00000021355,48.404420624640075,0.06971969701126063,0.04967184341878325,1.4036059910934642,0.16043621010755615,0.4467138235812721,,SERPINB1
ENSG00000171497,11.835979916034894,0.12187915250269661,0.08685033657714168,1.40332389379334,0.1605202762396194,0.4467138235812721,,PPID
ENSG00000179119,12.61349029770543,-0.16366685299649134,0.11663566855383257,-1.4032315759475564,0.16054779455826207,0.4467138235812721,,SPTY2D1
ENSG00000170348,41.88664340647231,-0.06799141770762143,0.04846285251456511,-1.4029594664735672,0.16062892632580728,0.4467166549589533,,TMED10
ENSG00000115073,14.955290623430507,-0.10378820272419838,0.07399414523768867,-1.4026542558306925,0.1607199643508519,0.4467470195515206,,ACTR1B
ENSG00000007520,14.208146242221526,0.11206417170897288,0.07992148344307866,1.4021783240395775,0.16086200275592955,0.4469190470189652,,TSR3
ENSG00000100811,43.73833591178523,-0.08299866127082486,0.05921785780135699,-1.401581623388662,0.16104021772209232,0.44719136156294165,,YY1
ENSG00000167740,8.969414318205814,0.16731017629045286,0.11948309183895352,1.4002832845668538,0.1614285043278666,0.4480464609916297,,CYB5D2
ENSG00000157500,57.40102974043505,-0.08611935002641462,0.06152501362858928,-1.3997453222244702,0.16158959658011518,0.4482704430501106,,APPL1
ENSG00000011275,17.566752667209755,-0.11245286197429873,0.08036654195506333,-1.3992497280420046,0.16173810912129372,0.44845932195939026,,RNF216
ENSG00000186566,46.923045956294324,-0.07540672332334566,0.053915429086344065,-1.3986112064986795,0.1619296039593453,0.44876713304041227,,GPATCH8
ENSG00000172531,124.0688065212762,0.06321289418682173,0.04521296223309618,1.3981144137587493,0.16207871217168324,0.44895722755554185,,PPP1CA
ENSG00000179583,17.201890503783144,0.1158588814322696,0.08299217730001941,1.3960217119432352,0.16270795704060637,0.45047644908561124,,CIITA
ENSG00000089639,7.560932735816942,0.16334649388258737,0.11709132490293007,1.3950349781933318,0.16300529198163816,0.45107568639683093,,GMIP
ENSG00000120738,14.914511493493498,0.28087782529753774,0.20146571148790332,1.3941718579461726,0.16326571396998846,0.45143246660862246,,EGR1
ENSG00000125482,23.63553306078096,0.09672510001628333,0.06938319104271902,1.3940710792147046,0.16329614152611038,0.45143246660862246,,TTF1
ENSG00000011405,9.204646283279537,-0.15007156532734228,0.10770376887928414,-1.39337338784815,0.1635069088239549,0.4517911415274393,,PIK3C2A
ENSG00000039123,18.08412545600051,-0.11540870695935443,0.08286722385910132,-1.3926942593803215,0.1637122652965528,0.4519743897186369,,MTREX
ENSG00000136243,12.653305759967296,0.11790907183510035,0.08466720469514044,1.392617983074477,0.16373534204297824,0.4519743897186369,,NUP42
ENSG00000011454,10.008321942658169,0.14149227774930992,0.1016520658524595,1.3919272231483772,0.1639444372112815,0.45232671039679107,,RABGAP1
ENSG00000197530,11.481205294874426,0.11333536278703543,0.08143894254191378,1.3916605403944886,0.16402521671849202,0.45232671039679107,,MIB2
ENSG00000153130,13.314068744942569,0.13486694152977655,0.09696617558298738,1.390865842845913,0.1642661123169037,0.4524239969400467,,SCOC
ENSG00000104852,39.430638090424615,-0.06840452332166172,0.04918223206148267,-1.3908381229251507,0.16427451982681962,0.4524239969400467,,SNRNP70
ENSG00000100387,101.11395346756301,0.06774815981136718,0.0487137060993954,1.3907412356007962,0.164303908501362,0.4524239969400467,,RBX1
ENSG00000170456,11.462933760822828,0.14980395745339864,0.10785720720213823,1.3889100352157906,0.16486010859379596,0.45373147360266847,,DENND5B
ENSG00000129691,8.323245373931723,0.1345140430276389,0.09694806538752947,1.3874855830278547,0.16529374427458499,0.4546007175665071,,ASH2L
ENSG00000109971,120.80174512910342,0.08080913164676562,0.05824765462846601,1.3873370895739665,0.1653389984262691,0.4546007175665071,,HSPA8
ENSG00000108669,47.4927026131215,-0.085035242036981,0.061329185312705994,-1.386537936276216,0.16558270468171432,0.4546895777648891,,CYTH1
ENSG00000254682,13.827879717416165,-0.11455513483633441,0.08262230870911906,-1.3864915738391963,0.16559685145623204,0.4546895777648891,,DHCR7-DT
ENSG00000136045,53.03114737859442,-0.09057178159004504,0.06532738581861368,-1.3864289907685008,0.1656159491464293,0.4546895777648891,,PWP1
ENSG00000174428,11.40915697836985,-0.11921916113329403,0.0860118276010604,-1.3860786877620568,0.16572287731756885,0.45475923421395864,,GTF2IRD2B
ENSG00000186265,24.828372638281966,0.12826482015222776,0.09269396412518371,1.3837451161221823,0.16643651374908908,0.4564928680102906,,BTLA
ENSG00000189067,63.130831194293485,-0.08436325027933145,0.06101250615502528,-1.382720619031364,0.16675054711225668,0.45708784671923597,,LITAF
ENSG00000177674,10.66907581409103,0.12165434172062027,0.08800632637630286,1.382336324327903,0.1668684576144417,0.45708784671923597,,AGTRAP
ENSG00000115956,58.15831703891537,0.12424298380043433,0.0898855313964477,1.3822356264708522,0.16689936440465647,0.45708784671923597,,PLEK
ENSG00000138430,23.488838069383917,0.08443209233288011,0.06110604126097478,1.3817306863699983,0.16705440852825337,0.4572878654656558,,OLA1
ENSG00000166432,15.379889130119514,0.11624321443621674,0.08414598822821465,1.3814468982282355,0.16714159444694443,0.45730202680871546,,ZMAT1
ENSG00000134049,30.605830065724746,0.08923365625184605,0.06461266010241823,1.3810552933496443,0.16726196016120265,0.45740691018090535,,IER3IP1
ENSG00000161179,24.71280809856883,-0.09190383024813262,0.06659194650394455,-1.3801042779653352,0.16755454031189898,0.4579824101858572,,YDJC
ENSG00000168283,9.441299119778343,-0.14699786719169633,0.10658240603667622,-1.3791944905157487,0.16783479631076736,0.4585236767412243,,BMI1
ENSG00000066933,8.71970221870072,-0.16342073750008995,0.11854162858242623,-1.378593659074438,0.16802007269103625,0.45868164369549125,,MYO9A
ENSG00000122692,18.961109679503227,-0.09627527405834813,0.06984194656233154,-1.378473521960413,0.1680571373869958,0.45868164369549125,,SMU1
ENSG00000159840,9.01838776901034,-0.1404868620942999,0.10197056969089684,-1.3777196942231216,0.16828984840432037,0.45905494541593433,,ZYX
ENSG00000130638,21.04467889499098,0.08590982060488915,0.062376132850443494,1.3772867389979329,0.1684236135228474,0.45905494541593433,,ATXN10
ENSG00000143633,20.94096915289354,0.09959778108442634,0.0723174205056033,1.3772308302493905,0.1684408928122313,0.45905494541593433,,C1orf131
ENSG00000101166,24.524571396017446,-0.08697622470409601,0.06323985910695079,-1.3753386856381582,0.16902646829385382,0.46028367111381546,,PRELID3B
ENSG00000179912,33.65015506818332,-0.09459979880989733,0.06878781354390577,-1.3752406703480453,0.16905684333592075,0.46028367111381546,,R3HDM2
ENSG00000148803,15.981238471891018,0.10831720170669817,0.07878307100296607,1.3748791501491506,0.16916891423394376,0.46028543156923746,,FUOM
ENSG00000092201,35.89582023963042,-0.11146852547279268,0.08108535125594662,-1.3747060812617224,0.16922258513574906,0.46028543156923746,,SUPT16H
ENSG00000109736,24.289433972038456,-0.08579656136678669,0.06242557264876293,-1.3743816472380712,0.16932323073546007,0.46033463412039266,,MFSD10
ENSG00000171159,113.74314889824174,-0.048222385365073575,0.03510821833588368,-1.3735355324421596,0.16958592283272622,0.4608241255922424,,BBLN
ENSG00000089006,29.685350615811267,0.07695622814420143,0.05606360548375488,1.3726592765515313,0.16985829478273384,0.46133943093449775,,SNX5
ENSG00000147684,106.86054243745372,0.04251218555779987,0.03098289195253705,1.3721180586668487,0.17002668858083358,0.46157196471603124,,NDUFB9
ENSG00000049541,8.271298309380963,0.14110290358711758,0.1028873184995413,1.3714314421339173,0.17024050154676917,0.4619275117395547,,RFC2
ENSG00000164163,22.855146398150453,-0.09078363720285954,0.0662231718570065,-1.370874191874796,0.17041417782079105,0.4620422879268732,,ABCE1
ENSG00000173409,8.140676615283628,0.16248019047057108,0.11853257510346382,1.370764031142887,0.1704485269486331,0.4620422879268732,,ARV1
ENSG00000180822,23.123581717060063,0.08643442554235745,0.06307338689393253,1.370378693754151,0.1705687194947596,0.4621434304678229,,PSMG4
ENSG00000149311,77.43503550085565,-0.07814013982867687,0.057070659900328356,-1.369182342821084,0.17094228399431666,0.46278940294588855,,ATM
ENSG00000162521,50.80058117829376,0.06960499622978594,0.050841344860810114,1.369062844823355,0.17097963126837668,0.46278940294588855,,RBBP4
ENSG00000164167,41.08511612557324,0.08464529983233059,0.061838236051211755,1.3688181493765605,0.17105612616059473,0.46278940294588855,,LSM6
ENSG00000158985,82.9640509220487,-0.08459638974612917,0.06184153274894546,-1.3679542855051847,0.1713263858892392,0.4632957942378263,,CDC42SE2
ENSG00000185811,75.18556949775734,-0.0763094383442905,0.05583311562628042,-1.366741538392172,0.17170633295830495,0.4639670961864406,,IKZF1
ENSG00000167775,9.694655267980128,0.12695828795976982,0.0929034602879545,1.366561456013181,0.17176280552067225,0.4639670961864406,,CD320
ENSG00000075790,17.718528831682136,-0.09357013514770011,0.06851437521843223,-1.3657007722742425,0.1720329018531236,0.4639670961864406,,BCAP29
ENSG00000172845,16.706889560265335,-0.1160761934055612,0.08502852607422433,-1.3651441317968314,0.1722077536939215,0.4639670961864406,,SP3
ENSG00000167613,15.667789919769016,0.14095887433375745,0.10326675756772799,1.3649975815432078,0.17225381014419816,0.4639670961864406,,LAIR1
ENSG00000083642,19.812175538546718,-0.10342947052126858,0.0757778537281768,-1.3649036681915148,0.1722833292028333,0.4639670961864406,,PDS5B
ENSG00000174243,8.091338875445466,0.14411741142749443,0.10560731077661577,1.3646537381520545,0.17236190621824032,0.4639670961864406,,DDX23
ENSG00000067533,17.664396110674023,-0.10042741453177836,0.07360671273220487,-1.364378475875594,0.17244847860651769,0.4639670961864406,,RRP15
ENSG00000178974,7.599056828810221,-0.15120567297388382,0.11083496478722776,-1.3642416295629864,0.17249153006798335,0.4639670961864406,,FBXO34
ENSG00000151131,12.0911020079607,-0.11707969000270846,0.08583887267727178,-1.3639471995734698,0.17258418415950105,0.4639670961864406,,NOPCHAP1
ENSG00000100226,16.094200891121467,0.14468848282195282,0.10608404007187103,1.3639043415383465,0.17259767424541017,0.4639670961864406,,GTPBP1
ENSG00000158711,16.772847348665326,0.13523005946075634,0.09915780168086952,1.36378638058135,0.1726348079583,0.4639670961864406,,ELK4
ENSG00000127022,30.214763257193866,0.08578816310064724,0.06290755331326324,1.3637180049499702,0.17265633511242184,0.4639670961864406,,CANX
ENSG00000116698,9.422420575383734,0.13690052928000532,0.10041197968296038,1.3633884095528588,0.172760131981744,0.4640223968835282,,SMG7
ENSG00000173226,16.398887850751308,0.10183590284848085,0.07471809945010088,1.3629348658217693,0.1729030391897498,0.46418264156092676,,IQCB1
ENSG00000112992,9.168180552530316,0.13605018889526674,0.09988912477035194,1.362012022910904,0.1731940908448576,0.4647402553180587,,NNT
ENSG00000110274,9.531430475241704,-0.14199530355198328,0.1042769392938378,-1.3617133808642046,0.1732883567275837,0.46476954166089784,,CEP164
ENSG00000095139,11.424756897610456,-0.13745163843076585,0.10101210228234804,-1.360744260589314,0.17359452212073445,0.46522699831077136,,ARCN1
ENSG00000262246,11.727576712765845,-0.12899007592969888,0.09480065760085496,-1.360645370971937,0.1736257861342746,0.46522699831077136,,CORO7
ENSG00000100393,12.402091536499336,-0.15431537801468703,0.11346484537514016,-1.360028099491837,0.173821031991665,0.46551368272019,,EP300
ENSG00000122515,7.846202262307581,0.1408435683121431,0.10357824972810671,1.3597793811138728,0.17389974912233785,0.46551368272019,,ZMIZ2
ENSG00000137207,14.194596773493993,0.11425617250580411,0.08406064094002876,1.359211293515091,0.17407964361060146,0.4657196787391383,,YIPF3
ENSG00000112667,32.818492343285286,-0.09081954459687169,0.0668277742312861,-1.359008969572319,0.17414374644388508,0.4657196787391383,,DNPH1
ENSG00000132388,22.955982889937857,0.0971460684155832,0.07157756779305909,1.357213878745451,0.1747132621379286,0.46693716971654886,,UBE2G1
ENSG00000138964,36.225905657743425,0.06936950006307403,0.05111800265390661,1.35704637234633,0.17476647654204402,0.46693716971654886,,PARVG
ENSG00000138592,33.5618037417465,-0.10667199098450572,0.07878390738104706,-1.3539819809720135,0.17574212651642807,0.46931901219138067,,USP8
ENSG00000205339,9.291336958823484,0.13686465238352025,0.10116224824041463,1.3529222092638546,0.17608048339547944,0.469705390085033,,IPO7
ENSG00000146278,347.99598241276186,-0.06234047489923404,0.046081849413225316,-1.3528205940741294,0.17611295192059595,0.469705390085033,,PNRC1
ENSG00000271869,22.19682928243015,-0.10499154532773444,0.07761413362442082,-1.352737451606359,0.17613952128188737,0.469705390085033,,DCTN6-DT
ENSG00000055609,28.92375611069419,-0.10433157743509326,0.07718876078813601,-1.3516420832491087,0.17648984095528597,0.4704146047641848,,KMT2C
ENSG00000133193,8.716145151996013,0.13228838893354708,0.09794541068974001,1.3506338684167116,0.17681274600644692,0.47097113991636896,,VCF1
ENSG00000047346,20.560632051734878,-0.1085866786812,0.0804070104077557,-1.350462828185516,0.17686756940187887,0.47097113991636896,,ATOSA
ENSG00000165494,33.34300481091876,0.09026461726289829,0.06694561930508428,1.3483274663805078,0.17755308177359563,0.47253002763744417,,PCF11
ENSG00000204681,7.4855385803321965,0.1477559382028443,0.10960215296501204,1.3481116401975424,0.1776224781076189,0.47253002763744417,,GABBR1
ENSG00000036257,21.94081391420326,-0.12044806413354976,0.08938759514602797,-1.3474807543124958,0.177825447738165,0.47261408666432225,,CUL3
ENSG00000128609,59.80879844394778,-0.061274109288589694,0.045474520900009585,-1.3474382594007006,0.1778391254745888,0.47261408666432225,,NDUFA5
ENSG00000183864,13.582483978661395,-0.12460507929508179,0.0924902995904607,-1.347223220670953,0.17790835149003092,0.47261408666432225,,TOB2
ENSG00000120725,7.432598183421486,0.132458001415107,0.09834392703294668,1.3468854194802653,0.1780171381275335,0.4726257955830798,,SIL1
ENSG00000132432,120.03077217532392,0.05783819672337198,0.042948628229381454,1.3466832145247534,0.17808228058107078,0.4726257955830798,,SEC61G
ENSG00000120686,46.542132826518,-0.06744029553742252,0.05012187533718719,-1.3455261816068997,0.1784553721719292,0.4732954095947989,,UFM1
ENSG00000155465,8.379878902399586,0.1461473147077305,0.10862947252800607,1.3453744302224413,0.17850434834610152,0.4732954095947989,,SLC7A7
ENSG00000146457,63.09511527599915,-0.08064692355693995,0.06000507159456462,-1.3440017887462217,0.17894780847744007,0.47412700285901854,,WTAP
ENSG00000256060,16.64644524154284,0.10996216538712232,0.08184014200041581,1.3436213904243182,0.17907084887997415,0.47412700285901854,,TRAPPC2B
ENSG00000171222,113.5905927707115,0.050110148064627304,0.0372950334608211,1.3436145088130471,0.1790730753265949,0.47412700285901854,,SCAND1
ENSG00000163939,24.00239273690638,0.09271690155582,0.06903407915584013,1.3430598725959302,0.17925258761916785,0.4743770425080588,,PBRM1
ENSG00000126777,106.36493382201353,-0.06514719045374216,0.04852504549840155,-1.3425477459034667,0.1794184601591039,0.47459076558214575,,KTN1
ENSG00000163938,29.522042294999345,0.09700798050824519,0.07228390518821808,1.3420412228095422,0.17958262997129593,0.47462127151826083,,GNL3
ENSG00000133740,11.376086012527217,0.1429886933631235,0.10654998870735884,1.34198694056969,0.17960023007595594,0.47462127151826083,,E2F5
ENSG00000164151,12.846485127040893,0.12651206589436434,0.0943600148786641,1.3407380876003887,0.18000550383485703,0.47546693007255464,,ICE1
ENSG00000114209,46.477986604924965,0.07692815082562945,0.057413078133085334,1.339906399850354,0.18027577719228138,0.47559739519580374,,PDCD10
ENSG00000135720,9.573395722595238,-0.1354444474804137,0.10108743145649683,-1.339874260616687,0.18028622751766699,0.47559739519580374,,DYNC1LI2
ENSG00000100445,21.407409196927983,0.080257688925677,0.05990279361316739,1.3397987653790382,0.18031077715995858,0.47559739519580374,,SDR39U1
ENSG00000291237,32.59189985337386,-0.1004388897665905,0.07499955851272352,-1.3391930800439478,0.18050782461695836,0.47589202367099753,,SOD2
ENSG00000130475,8.256922030404818,0.1330671384039046,0.09941636849917716,1.3384831935900574,0.18073897532622274,0.47627624121881756,,FCHO1
ENSG00000107223,239.9830180245937,-0.03454514279359701,0.025820453735855887,-1.3378983633283517,0.18092957075984983,0.4765532765975072,,EDF1
ENSG00000136381,19.1569946847003,-0.10439091094277601,0.07804740021117522,-1.3375322004361754,0.18104897871909198,0.4766426370810467,,IREB2
ENSG00000138095,16.877051861464075,0.11021313451104729,0.08242532950553368,1.337127011468581,0.18118118149965678,0.4767655818981058,,LRPPRC
ENSG00000104231,27.846430817619822,-0.09317429757062497,0.06972446554678616,-1.3363214309345066,0.18144423462905723,0.4770068462790139,,ZFAND1
ENSG00000113845,13.40400810265336,0.11398591189922272,0.08529921780645852,1.3363066488822146,0.18144906418633555,0.4770068462790139,,TIMMDC1
ENSG00000131473,8.499461455878217,0.13678051407701694,0.10237710664372901,1.3360459048038087,0.18153426956076069,0.4770068462790139,,ACLY
ENSG00000147010,43.25706353874407,0.0723096181161695,0.05413211882009807,1.335798776997484,0.1816150528426016,0.4770068462790139,,SH3KBP1
ENSG00000267040,16.59081769765927,0.10442141248849883,0.07819945947051553,1.3353214100906936,0.1817711742043775,0.47719212211092693,,ATP8B1-AS1
ENSG00000156973,9.49703879568736,0.12049086524150117,0.09029443894515408,1.3344217722498806,0.18206566857106377,0.4777403143304713,,PDE6D
ENSG00000136261,16.28696564005425,0.10204944019467782,0.07649098893651124,1.334136760597781,0.18215904025538865,0.47776049316276914,,BZW2
ENSG00000103051,8.701213611813166,0.13802494747281954,0.10351698161571779,1.3333556032883993,0.18241513456620306,0.47820723570340773,,COG4
ENSG00000162434,134.73740312671583,-0.06676396855958078,0.050101373964012874,-1.332577597722897,0.1826704608740335,0.47865154597444115,,JAK1
ENSG00000073921,10.567844387331476,-0.11941219353326003,0.08963310705870514,-1.3322331162195582,0.1827835975976958,0.47872303438457103,,PICALM
ENSG00000134285,16.076991243116407,0.11231615984307772,0.08437930405021156,1.3310865870171407,0.1831605218641028,0.47907825938100246,,FKBP11
ENSG00000156831,7.758009550535163,0.13096155074318738,0.09838749098207543,1.3310792808716547,0.18316292562271363,0.47907825938100246,,NSMCE2
ENSG00000143771,13.532157439493833,0.11120199300780328,0.08355907622350853,1.3308188413949662,0.18324862679006682,0.47907825938100246,,CNIH4
ENSG00000163320,36.77404686456328,-0.07912628808262073,0.059458781342895076,-1.3307754766500237,0.18326289943681462,0.47907825938100246,,CGGBP1
ENSG00000093144,29.879715593466447,0.0869348671922085,0.06534897807131397,1.3303171642154572,0.18341379425439375,0.4792480397200091,,ECHDC1
ENSG00000137074,8.178524174275411,0.1307028681164856,0.09829735347801292,1.3296682310548789,0.18362760646217746,0.47951362590273666,,APTX
ENSG00000168234,19.166705421301284,0.09120358795468722,0.06860059859492647,1.32948676575298,0.1836874291478202,0.47951362590273666,,TTC39C
ENSG00000168918,21.056701532353753,-0.10018469350336001,0.07538946686609502,-1.3288951052181557,0.18388257894153393,0.4796858446295594,,INPP5D
ENSG00000175324,25.910568511083326,0.08078997940535516,0.060800795280456635,1.328765175400982,0.1839254547736725,0.4796858446295594,,LSM1
ENSG00000115762,10.953621310681566,0.10990363239457726,0.08273403852469062,1.3283968044395456,0.18404705458355985,0.47977857707243093,,PLEKHB2
ENSG00000120885,11.034164505400012,-0.1722781924199612,0.12988045377009957,-1.326436637840129,0.18469510982502046,0.4812429590580907,,CLU
ENSG00000110987,67.36654143818458,0.11620820626248662,0.08762941142495562,1.3261324522532645,0.1847958285067628,0.4812804949807143,,BCL7A
ENSG00000015133,20.470772441426536,-0.10133814566224342,0.076474303462482,-1.3251267559692061,0.1851291132322641,0.4816555064140908,,CCDC88C
ENSG00000165168,44.75825960092201,0.09235300121912622,0.06970650856158121,1.3248834739375634,0.18520980291873668,0.4816555064140908,,CYBB
ENSG00000197858,18.837439829266877,-0.09091606369274585,0.06862995701979134,-1.3247285535459057,0.1852611991343659,0.4816555064140908,,GPAA1
ENSG00000023697,9.532853111945323,-0.11572567039443621,0.0873628234638322,-1.3246557952919882,0.18528534097170457,0.4816555064140908,,DERA
ENSG00000068120,11.617294101053202,0.11081135590138448,0.08374599661698194,1.3231839177720677,0.18577422285424328,0.4827013358039425,,COASY
ENSG00000105287,17.298798446838436,0.10328308092007843,0.07812051354088105,1.3220993595495198,0.18613506704002447,0.4834136626991972,,PRKD2
ENSG00000134186,101.0869832336215,-0.059268345886958285,0.04483984971148501,-1.3217784240650041,0.18624194499265645,0.48346605459918635,,PRPF38B
ENSG00000103249,8.305473417696685,-0.13630442758390907,0.10338748013524035,-1.3183842705674838,0.18737504360413126,0.48618112756474446,,CLCN7
ENSG00000158717,16.302343164450974,-0.0929380382652448,0.07052115874438646,-1.3178745204983284,0.18754565640195164,0.4863974791150151,,RNF166
ENSG00000028137,17.988082443560344,0.1300255642118316,0.09872551712762874,1.317041105429099,0.18782484650553188,0.48668006167042005,,TNFRSF1B
ENSG00000015171,8.778741466127736,0.14142716435260916,0.10739886052323966,1.3168404549506951,0.18789210925746347,0.48668006167042005,,ZMYND11
ENSG00000150787,13.420623096195296,-0.13335768018762437,0.10128435605062476,-1.3166661208861166,0.18795056456026782,0.48668006167042005,,PTS
ENSG00000107960,8.81183524982757,0.12287337472501444,0.093350947143557,1.3162520411930825,0.18808946186526687,0.48668006167042005,,STN1
ENSG00000114416,36.98624324305934,-0.07396597015868324,0.05619458049293946,-1.3162473944969952,0.18809102096480546,0.48668006167042005,,FXR1
ENSG00000232956,30.570069957889615,0.09496740505322913,0.07218451434756908,1.3156201979272208,0.18830155088490308,0.48699881620325586,,SNHG15
ENSG00000172216,28.066891299728383,0.08765700067398316,0.06672277856166431,1.313749255705407,0.188930599304869,0.48837709900891246,,CEBPB
ENSG00000172428,77.04246667877322,-0.05364902503279011,0.04084387788817185,-1.3135144801793306,0.1890096448459887,0.48837709900891246,,COPS9
ENSG00000164180,8.706746176467757,0.1364589257979316,0.10392082470578647,1.3131047235649331,0.18914766241065584,0.4885073485881505,,TMEM161B
ENSG00000181852,10.0710575670709,0.1215370644589196,0.09258594068587712,1.3126946009142684,0.18928587764700444,0.4886379878517115,,RNF41
ENSG00000197061,81.08109778854762,-0.1134049926391934,0.08643245842266004,-1.3120648736454539,0.18949824661795445,0.4887159484478337,,H4C3
ENSG00000100092,10.041302123538847,-0.124256833850018,0.09471358024059526,-1.311922044699142,0.18954643861467557,0.4887159484478337,,SH3BP1
ENSG00000169251,13.068454187103205,0.11530684580361322,0.08789800563636063,1.31182550694773,0.1895790165876371,0.4887159484478337,,NMD3
ENSG00000133884,15.118144027537111,0.10080846507028705,0.07688357775650022,1.3111833243447633,0.18979583483550222,0.48904878698833665,,DPF2
ENSG00000175220,8.124219890961902,-0.1294866476563288,0.09881468633021559,-1.31039881282034,0.19006095503741027,0.4894017059162905,,ARHGAP1
ENSG00000171792,9.51937535263167,-0.12270654619164148,0.09365062597690121,-1.3102586865987085,0.19010833841726782,0.4894017059162905,,RHNO1
ENSG00000086589,23.848605926424835,-0.0900529579315586,0.0687700341619117,-1.3094796160714204,0.1903719381124046,0.4898541425541154,,RBM22
ENSG00000068903,15.671906278479263,0.09834202194052154,0.0751241807516125,1.3090594926509158,0.19051419916894063,0.4899940842094156,,SIRT2
ENSG00000048991,11.951816794011503,0.1252707212514584,0.09571679634862082,1.3087642506879977,0.19061422002646422,0.4900253069928836,,R3HDM1
ENSG00000176390,16.559577306154225,-0.10170944099082269,0.07779793759223999,-1.3073539497140572,0.19109252943379595,0.4906734678103796,,CRLF3
ENSG00000093000,10.405706650733903,0.12728681586886192,0.09736765371228108,1.3072803032205254,0.19111753119185693,0.4906734678103796,,NUP50
ENSG00000177556,28.750878683369187,0.07432609535206251,0.05686662472445167,1.3070249150923066,0.19120424985631013,0.4906734678103796,,ATOX1
ENSG00000111229,502.33618872031104,0.030842967797137598,0.023598591170066255,1.3069834370562132,0.19121833672022148,0.4906734678103796,,ARPC3
ENSG00000125871,14.017201554312889,0.12351455306168842,0.09463284349625456,1.3051975244363967,0.19182559694427004,0.4918706479817258,,MGME1
ENSG00000169564,129.8395970124533,-0.053555098357971176,0.041035476909010306,-1.3050926269657144,0.19186130906747734,0.4918706479817258,,PCBP1
ENSG00000197872,15.39631487101777,-0.13201712191309187,0.10117598586978858,-1.3048266421934862,0.19195188494140214,0.491876705162343,,CYRIA
ENSG00000060491,15.633804596366605,-0.1056571745783414,0.08101301044902352,-1.3042000783914198,0.1921653731737385,0.49219757501918504,,OGFR
ENSG00000119487,21.647300113921766,0.09666454288626924,0.07415928221489593,1.3034719322951163,0.19241369266994934,0.49260732338275365,,MAPKAP1
ENSG00000174796,7.836243098524398,0.1407962210941179,0.10809662337809832,1.3025034149461225,0.19274435133892942,0.4931937315588868,,THAP6
ENSG00000170633,7.912625243552243,-0.1272080838851034,0.09768082594919869,-1.3022830494007194,0.1928196439738833,0.4931937315588868,,RNF34
ENSG00000087269,8.77136587410463,-0.1495559445112598,0.11499662415754174,-1.300524651109522,0.19342121304354054,0.4944663134312443,,NOP14
ENSG00000173818,10.231123027867005,-0.1341726686317298,0.10318509015772626,-1.3003106207169723,0.1934945293950816,0.4944663134312443,,ENDOV
ENSG00000130311,20.140701676486668,0.0923882072351037,0.07122283506646444,1.297171155134276,0.19457230314527818,0.496793386653546,,DDA1
ENSG00000167522,52.67168579801412,0.10429118265649148,0.08041337113085938,1.2969383224436013,0.1946524093474189,0.496793386653546,,ANKRD11
ENSG00000182872,8.631105415184637,0.12844909641547037,0.09904469684900846,1.2968801006205135,0.19467244437553766,0.496793386653546,,RBM10
ENSG00000204569,23.51042482178869,0.11714885894012801,0.09037846117419705,1.2962032924452342,0.19490545553857785,0.49716048494195336,,PPP1R10
ENSG00000160908,27.815924780384236,-0.10448555859601395,0.0806488676574993,-1.2955613839458309,0.19512664041816885,0.4972719773757627,,ZNF394
ENSG00000100348,36.837604687867035,0.06568964161451717,0.05070371248078298,1.2955588141482528,0.1951275262729858,0.4972719773757627,,TXN2
ENSG00000122674,19.340783135719395,0.10065836714069591,0.0777208102971441,1.2951276081123755,0.19527621241467075,0.4974235543280969,,CCZ1
ENSG00000148334,12.299843214393594,0.10568462725322349,0.0816659120990948,1.2941094336273864,0.1956276234929869,0.4980368471016374,,PTGES2
ENSG00000153037,31.997665765281578,-0.08320981092141169,0.06430867969589495,-1.293912599588377,0.1956956119081219,0.4980368471016374,,SRP19
ENSG00000127993,13.826739747889745,-0.11008496777303099,0.08514051078918883,-1.2929798841071742,0.19601801651031936,0.4986297719258854,,RBM48
ENSG00000172466,32.427376619583015,-0.08851002358829851,0.06849233871967786,-1.2922616637540743,0.19626654335078053,0.49883365206991853,,ZNF24
ENSG00000111144,64.5221878718298,-0.0781085312313556,0.06044470261235642,-1.2922312106038594,0.1962770861982427,0.49883365206991853,,LTA4H
ENSG00000008018,110.5497499105264,0.0417467970290316,0.03231974472075073,1.2916809024864693,0.19646767376645036,0.49909054620579824,,PSMB1
ENSG00000158195,77.56335037341515,-0.06162570219452038,0.04774930411078429,-1.2906094306953906,0.19683914418972537,0.4998064972686287,,WASF2
ENSG00000101911,12.547084361354335,0.12059014192200714,0.09348207231802903,1.2899814791413222,0.19705708870168093,0.5000201578246084,,PRPS2
ENSG00000124228,49.20611926313672,0.0731849951473863,0.05673913849151292,1.2898503060340503,0.1971026375355971,0.5000201578246084,,DDX27
ENSG00000214717,9.238689794940186,0.13308710057422954,0.1032281819190767,1.2892516181149063,0.1973106250965101,0.5001315783817115,,ZBED1
ENSG00000101347,12.993513370914513,0.12544669013906812,0.0973052720864248,1.2892075367473268,0.19732594555949878,0.5001315783817115,,SAMHD1
ENSG00000136603,21.02123290218103,0.10678430357225473,0.08287422698039754,1.2885104026069856,0.19756835005140505,0.5002305798503188,,SKIL
ENSG00000118482,50.67518041994234,-0.09156778979857651,0.07106693329014463,-1.2884725083708497,0.19758153271433143,0.5002305798503188,,PHF3
ENSG00000197747,142.5547876120587,-0.09765227419462534,0.07579807456733455,-1.2883213030415015,0.19763414049681716,0.5002305798503188,,S100A10
ENSG00000139687,47.75145921629232,0.08777143455909656,0.06815848675295287,1.28775503595367,0.19783124880130543,0.5002956840248062,,RB1
ENSG00000149136,20.473528506248524,-0.08086330117550276,0.06279513752661177,-1.2877318907253597,0.1978393083347736,0.5002956840248062,,SSRP1
ENSG00000140319,431.4029731506167,-0.02694504116877358,0.020940544222088863,-1.2867402529276653,0.1981848379094846,0.5008258577976429,,SRP14
ENSG00000161654,19.316381797880986,0.09839052723802634,0.07647240716080543,1.2866147528366894,0.19822859902428225,0.5008258577976429,,LSM12
ENSG00000128915,13.772120623881277,-0.10757039381805479,0.08370607676188808,-1.2850965901084053,0.1987585330174093,0.5019373098301967,,ICE2
ENSG00000149547,12.09317466305713,-0.1091603643250596,0.08501232107212196,-1.2840534518808298,0.1991232534637175,0.5026307203774055,,EI24
ENSG00000048649,59.08139255950256,-0.0741921149782432,0.057801746425826465,-1.2835618223655147,0.19929531514841703,0.5028374105283138,,RSF1
ENSG00000145782,51.94663519480252,-0.062350363217920146,0.04860341628127423,-1.2828391086151345,0.1995484494460611,0.503248373636923,,ATG12
ENSG00000130255,3404.818657196581,-0.04651579644222201,0.0362838500239569,-1.2819972635624204,0.1998436061569926,0.5037648950865238,,RPL36
ENSG00000165688,12.383398499751165,-0.09915944358211992,0.07738968603419384,-1.281300502218181,0.20008813656730262,0.5040610162577167,,PMPCA
ENSG00000005175,22.606997761324113,0.11011287803021771,0.085961801879831,1.2809512553511655,0.2002107879347047,0.5040610162577167,,RPAP3
ENSG00000167232,13.110064922220072,0.12467938603300317,0.09735171343651669,1.2807107510676423,0.20029528210317582,0.5040610162577167,,ZNF91
ENSG00000219626,8.197548797709693,-0.13263929538333377,0.10357324485355598,-1.2806328079309939,0.2003226707365675,0.5040610162577167,,FAM228B
ENSG00000175582,19.558030048537237,-0.08605541157392874,0.06724291191043366,-1.2797692593764083,0.20062629818457978,0.5045428483523302,,RAB6A
ENSG00000166734,20.27973183056266,0.09215136451655116,0.07201724254213886,1.2795736307542098,0.2006951287025589,0.5045428483523302,,GOLM2
ENSG00000157540,10.030527948723789,-0.13016379964269595,0.1017827657435151,-1.278839287691385,0.2009536557669903,0.5049651124636043,,DYRK1A
ENSG00000005812,12.14604509454166,-0.14466787711333035,0.11314760764377708,-1.2785765437373506,0.20104621434144776,0.5049701311567174,,FBXL3
ENSG00000143013,19.06376768183931,0.10131876038748042,0.0792611560093007,1.2782902179169762,0.20114711566950438,0.5049960904876887,,LMO4
ENSG00000162227,8.70203833191771,-0.12017850971405318,0.09403519848057396,-1.2780162285602021,0.20124370420751514,0.5050112037178688,,TAF6L
ENSG00000187778,11.381669464846999,0.10582626201219257,0.08288018054140003,1.2768584880112632,0.20165221207047945,0.505808697483128,,MCRS1
ENSG00000100365,32.40061871977643,-0.07377175981488773,0.05779008081872768,-1.2765470954486184,0.2017621898142764,0.5058570010811174,,NCF4
ENSG00000183431,16.19710027642773,-0.08797408883185094,0.0689328318091924,-1.276229142527688,0.20187452966510988,0.5059111808596192,,SF3A3
ENSG00000154822,8.49644139301629,0.14769638443649877,0.11586435203516385,1.2747353421669694,0.20240293304007406,0.5068231530639817,,PLCL2
ENSG00000196591,22.2087501705195,0.0870971139971289,0.06832826202059093,1.274686512162155,0.20242022271762683,0.5068231530639817,,HDAC2
ENSG00000107362,10.153451367089852,-0.17666632430110107,0.13864046624097676,-1.2742767612598043,0.20256534930100256,0.506958881374502,,ABHD17B
ENSG00000197019,14.957410466697977,0.16901577427708894,0.13275124333434252,1.2731765822442196,0.20295538842364635,0.5077071538134823,,SERTAD1
ENSG00000112486,11.76030753905479,0.1686732052201572,0.13269865083239593,1.271099624314935,0.20369320898241605,0.5093243647022205,,CCR6
ENSG00000129680,16.44150197674194,0.11645114375426474,0.09165918871517044,1.2704797564392036,0.20391378928006876,0.5095660404241982,,MAP7D3
ENSG00000198841,8.757736923999001,-0.12767352732768034,0.10055721748138581,-1.2696605029998371,0.20420558765969843,0.5095660404241982,,KTI12
ENSG00000173200,22.391473328366164,0.09864658725856738,0.07769731912151868,1.269626653453564,0.20421765058633345,0.5095660404241982,,PARP15
ENSG00000169692,12.33879041075147,0.10436015381910158,0.0822105706339909,1.269425002336046,0.2042895235234501,0.5095660404241982,,AGPAT2
ENSG00000089022,9.615972449994269,-0.11682946241798137,0.09203424606664963,-1.2694129349783065,0.20429382518127082,0.5095660404241982,,MAPKAPK5
ENSG00000182149,25.107195992327245,-0.08409351883548094,0.06625248459865603,-1.2692885307608046,0.20433817546422295,0.5095660404241982,,IST1
ENSG00000213145,176.13452469506294,-0.1771789097578745,0.13969616940680926,-1.2683161643603251,0.20468506682911303,0.5100914711228212,,CRIP1
ENSG00000065268,7.845255404469236,0.14116834434451855,0.11131524695692191,1.2681851606469468,0.2047318350740448,0.5100914711228212,,WDR18
ENSG00000089693,28.059264240330062,-0.07412839363700728,0.05846551142074648,-1.2678995160675672,0.20483383695685498,0.5101176752440479,,MLF2
ENSG00000140368,10.030605463569351,-0.11735572701295025,0.09261143073612496,-1.2671840406755888,0.20508949091037298,0.5105263398733213,,PSTPIP1
ENSG00000090615,8.721561852231384,0.13055433823367837,0.10306459290936884,1.2667234648516292,0.20525418672829165,0.5107083200343393,,GOLGA3
ENSG00000260032,23.67930344791663,0.09495110826464187,0.07500405957904065,1.2659462540768298,0.20553232496805174,0.5111722765485532,,NORAD
ENSG00000003056,32.767947611689394,0.07293369829861462,0.05768577811679427,1.2643271995213181,0.20611261085716026,0.5120450666251543,,M6PR
ENSG00000147687,27.03738097238396,-0.07632881217369598,0.06037204572835902,-1.2643072013350953,0.20611978584621604,0.5120450666251543,,TATDN1
ENSG00000187994,12.568439899843598,0.11345074191808689,0.0897412324468961,1.2641986166751251,0.20615874723340588,0.5120450666251543,,RINL
ENSG00000125835,115.40909257957324,-0.0502670627390596,0.03978037184030235,-1.263614702769896,0.2063683537794332,0.5120935754790914,,SNRPB
ENSG00000102316,12.84797803843883,-0.10124205565755919,0.08013126222738198,-1.2634526506056127,0.20642655278435884,0.5120935754790914,,MAGED2
ENSG00000100991,9.170492115356115,-0.11975292560803119,0.09478797200411088,-1.2633768090622048,0.20645379441839984,0.5120935754790914,,TRPC4AP
ENSG00000198546,20.784181891985856,-0.07503974611674438,0.05945568781579529,-1.2621121523180654,0.2069084330517823,0.5129930736757394,,ZNF511
ENSG00000110063,10.236254604501188,0.117662560845117,0.09325099785412595,1.2617833969903298,0.20702673808856686,0.5130582629252661,,DCPS
ENSG00000111679,86.68222012679507,0.06862138513951094,0.05443097414248802,1.2607047039039871,0.20741525856729304,0.5137114606756814,,PTPN6
ENSG00000089094,13.84262899775067,0.11561027451523165,0.09171486836814584,1.2605401563808503,0.20747457127719415,0.5137114606756814,,KDM2B
ENSG00000105401,54.92746443261158,0.05314706943280821,0.04219562526546364,1.2595398005941658,0.20783542378187625,0.5140519170936604,,CDC37
ENSG00000117862,27.094099328937823,0.07162898583323138,0.05687573452847245,1.2593944751143975,0.2078878840364493,0.5140519170936604,,TXNDC12
ENSG00000108848,115.64503075881004,0.0679967260607613,0.05399169275534518,1.25939237298741,0.20788864294228915,0.5140519170936604,,LUC7L3
ENSG00000167671,13.868407490752038,-0.10739961025119936,0.08532333858540134,-1.258736613355812,0.20812548210334314,0.5144094362625183,,UBXN6
ENSG00000197343,26.10060956663776,-0.07200491543065567,0.05729157352558296,-1.2568151125837488,0.20882059236855588,0.515898813933127,,ZNF655
ENSG00000164331,15.587838636305413,0.09413558719273307,0.07491707643940801,1.2565304422799888,0.20892371584763836,0.5159140286707986,,ANKRA2
ENSG00000151882,11.261487438353502,-0.125533419161764,0.09992412725506016,-1.256287371330601,0.2090117989181015,0.5159140286707986,,CCL28
ENSG00000187147,11.431053937655058,-0.10955953484158651,0.08724384729274659,-1.2557852300341554,0.20919384805001584,0.5159761262373149,,RNF220
ENSG00000166337,15.46576505489505,0.10293694061432425,0.08197525128820339,1.255707533636281,0.20922202679744784,0.5159761262373149,,TAF10
ENSG00000111875,8.414658422012531,-0.1484575580773587,0.11830577681868307,-1.2548631357612117,0.20952844836579831,0.5163820722856767,,ASF1A
ENSG00000170802,10.978830214905992,0.11524000649982648,0.09184346949685387,1.2547436103094305,0.20957184892081893,0.5163820722856767,,FOXN2
ENSG00000056097,29.041099373216106,-0.09800002558543376,0.07819875151281128,-1.2532172661270489,0.2101266479647036,0.5174932530449321,,ZFR
ENSG00000109572,7.699278192229454,0.13718511485968757,0.10948598149907354,1.2529925108343518,0.2102084322357911,0.5174932530449321,,CLCN3
ENSG00000025293,34.55658172175404,-0.08286984505778307,0.06617636122484309,-1.2522575059124454,0.21047604770934447,0.5178438157388308,,PHF20
ENSG00000188404,216.73503686607452,0.0723387012907692,0.057775500688099106,1.2520653292351287,0.2105460599213227,0.5178438157388308,,SELL
ENSG00000271204,16.709601821821362,0.1401242431536658,0.11194679759213966,1.251703900134653,0.21067777841249513,0.5178438157388308,,ENSG00000271204
ENSG00000182774,12.979462235176069,-0.1843831287379404,0.14734685667561392,-1.2513543410285455,0.21080522772594257,0.5178438157388308,,RPS17
ENSG00000168303,30.043866695531257,0.08033278268694444,0.06419807131050405,1.2513270421848397,0.21081518323657567,0.5178438157388308,,MPLKIP
ENSG00000023191,44.1432948391622,0.06291227278239914,0.05029345719840826,1.2509037216155074,0.210969605920176,0.5179949461078386,,RNH1
ENSG00000140386,16.941057070918806,-0.10699435251514564,0.08557931935890789,-1.2502360770880407,0.21121332152917394,0.5181582685674503,,SCAPER
ENSG00000119537,7.548635191479182,-0.12710644547258668,0.1016749225351573,-1.2501258157205446,0.2112535906951486,0.5181582685674503,,KDSR
ENSG00000001461,8.040679651463186,0.12938085241200645,0.10350816283785377,1.2499579633606523,0.21131490364461658,0.5181582685674503,,NIPAL3
ENSG00000103275,98.70398186848759,-0.05258637825501322,0.04208731150486759,-1.2494591926816558,0.21149717003806545,0.5183772396185727,,UBE2I
ENSG00000129055,18.82066557913108,0.09249614843550087,0.07404581267577012,1.2491746000617292,0.2116012199856825,0.5184043948331132,,ANAPC13
ENSG00000066117,24.342170243124894,-0.08764201608138192,0.0701759572252048,-1.248889499292842,0.21170549281380568,0.5184320719937552,,SMARCD1
ENSG00000120727,130.1381792274428,0.045209617686889275,0.03621336221034159,1.2484236460645068,0.21187595400582482,0.5186217381635115,,PAIP2
ENSG00000104714,55.63515067595789,0.06850576759089366,0.054912484697117465,1.2475444877199255,0.212197918596578,0.519020983708463,,ERICH1
ENSG00000135870,17.557152273826695,0.09892779227160409,0.07931076655927158,1.2473437915604062,0.21227146689617082,0.519020983708463,,RC3H1
ENSG00000033867,18.25310346112553,-0.11888202623372049,0.09531791229038733,-1.2472160098465517,0.21231830413181563,0.519020983708463,,SLC4A7
ENSG00000151893,12.56866409468583,-0.10632469777965292,0.08528145316492598,-1.2467505399331245,0.2124889810616406,0.5192105865029395,,CACUL1
ENSG00000157303,14.401640485326542,0.11014284853571357,0.08850856392717911,1.2444315402782289,0.2133407807910115,0.5209875498795663,,SUSD3
ENSG00000085511,8.270310217546104,-0.1612010402458835,0.12955552314552699,-1.24426219995893,0.21340307817878934,0.5209875498795663,,MAP3K4
ENSG00000129625,48.14246573496731,0.06740275235352232,0.05419884073349741,1.2436198162420158,0.21363951945084847,0.5211045563425777,,REEP5
ENSG00000133731,9.052646719661464,0.11691316006892476,0.09401186671947934,1.2436000278324466,0.21364680594282082,0.5211045563425777,,IMPA1
ENSG00000170855,22.66728111780632,-0.08572085938766794,0.06895009694369712,-1.2432304403816195,0.21378292845622182,0.5211045563425777,,TRIAP1
ENSG00000151532,12.38667437290678,-0.1190286778823751,0.09575794987972484,-1.2430161467729735,0.21386188344790524,0.5211045563425777,,VTI1A
ENSG00000162520,12.790626356952448,-0.12071788013867371,0.09712886217256662,-1.2428631144077136,0.2139182800337447,0.5211045563425777,,SYNC
ENSG00000104960,17.261229796356627,0.10091409854500115,0.08128205253687976,1.2415298998412205,0.21441005974690763,0.5218756438475016,,PTOV1
ENSG00000187051,48.14192206392191,-0.058559071297666535,0.04716809275884655,-1.2414975436267468,0.21442200503131748,0.5218756438475016,,RPS19BP1
ENSG00000183155,10.469870521135691,-0.11264342073710541,0.09082000231077757,-1.2402930838038315,0.21486700960313665,0.5227305608844197,,RABIF
ENSG00000129226,12.695141510733487,0.1162912224882725,0.09379547154600548,1.2398383479657986,0.21503519111715486,0.5229115681069584,,CD68
ENSG00000181090,18.353607928521505,-0.10540922030524388,0.08511058617456087,-1.2384971722442466,0.21553176994157486,0.5238906491692333,,EHMT1
ENSG00000138777,21.134635053059846,-0.08215423137325019,0.06638354406658682,-1.2375692278623205,0.21587583038926716,0.5243302001630178,,PPA2
ENSG00000174123,25.230457670087358,0.1480905323460027,0.11969874728443193,1.2371936691543255,0.21601519129761737,0.5243302001630178,,TLR10
ENSG00000112996,19.649372049725883,-0.08693046070808531,0.07026556287458857,-1.23717020332194,0.2160239010598981,0.5243302001630178,,MRPS30
ENSG00000103035,42.88111828965104,-0.0731703699910209,0.059158478556575946,-1.2368534785938543,0.21614148383249432,0.5243302001630178,,PSMD7
ENSG00000177479,24.767659798309026,-0.08731501829560963,0.07060081843735509,-1.236742296027138,0.21618277083478799,0.5243302001630178,,ARIH2
ENSG00000104957,12.223955943030084,-0.10344991892876892,0.08366777519030298,-1.2364368323822559,0.21629623221808614,0.5243380448058598,,YJU2B
ENSG00000166619,30.79521898238848,0.08494022245014447,0.06870922559112787,1.236227329290587,0.2163740748024181,0.5243380448058598,,BLCAP
ENSG00000167283,520.0015809336637,-0.030822439532439565,0.024962775279391298,-1.2347360895359207,0.216928739771453,0.5254538023308523,,ATP5MG
ENSG00000108094,8.06622868081006,-0.13563263578551604,0.1099341285477242,-1.2337627775585243,0.21729131337618868,0.5259731622840739,,CUL2
ENSG00000151239,9.322925523985642,0.12000216166633362,0.09727374762553681,1.2336541420023384,0.21733180880604486,0.5259731622840739,,TWF1
ENSG00000165502,508.6353019269652,-0.04129168218621847,0.033480629411945406,-1.2333006550792678,0.21746361358698807,0.5260638218486097,,RPL36AL
ENSG00000136710,30.760408227138115,0.07982839580053958,0.06478478463309714,1.2322090171734088,0.21787101580310608,0.5265084887722716,,CCDC115
ENSG00000169508,141.44424229639606,-0.1186842340245962,0.09632665180339224,-1.232101726808038,0.21791108645010893,0.5265084887722716,,GPR183
ENSG00000250317,24.258509915861616,0.07758083862948263,0.06297251576792753,1.2319793434232662,0.21795680048331612,0.5265084887722716,,SMIM20
ENSG00000135655,71.05308079544525,0.06830260117004892,0.05544958386471694,1.2317964610282761,0.21802512564117205,0.5265084887722716,,USP15
ENSG00000104946,7.3196986475696395,-0.12405222837196851,0.10086195961114117,-1.2299208626347744,0.21872674092904398,0.5278398252712199,,TBC1D17
ENSG00000237441,10.294782316226902,0.11585163560094462,0.09421995900103253,1.22958698803589,0.21885180507349977,0.5278398252712199,,RGL2
ENSG00000177666,18.609405328227957,-0.08400650726894332,0.06832219128233753,-1.229564006836245,0.21886041535635947,0.5278398252712199,,PNPLA2
ENSG00000124782,9.604595168483376,-0.11904173493529016,0.09689147652531524,-1.2286089468787034,0.2192184593994556,0.5284747642072479,,RREB1
ENSG00000150433,9.243984251584795,-0.12988792522949658,0.10576846835403043,-1.2280401451473513,0.21943189816549225,0.5287607018888438,,TMEM218
ENSG00000121390,22.14263771224075,0.08714842952606339,0.07098175498272771,1.2277581689445347,0.21953776300265027,0.5287872857463404,,PSPC1
ENSG00000198862,13.072594324856292,0.11132754825197029,0.09072369243403437,1.2271055692857418,0.21978291490328217,0.5288847466477943,,LTN1
ENSG00000180879,191.83192862954908,0.03520807913992144,0.02869211432842756,1.2270994997757274,0.2197851958628364,0.5288847466477943,,SSR4
ENSG00000171311,19.948952749167237,0.07832452029486826,0.06384253080521476,1.2268392137184918,0.21988302896560974,0.5288847466477943,,EXOSC1
ENSG00000244734,39.57035827950763,-0.18968931313859122,0.15464128780595704,-1.2266408009781464,0.21995762687880827,0.5288847466477943,,HBB
ENSG00000139620,13.765142107743646,-0.12947935876276584,0.10558850961169335,-1.2262637216770291,0.22009944871410259,0.5289976405301017,,KANSL2
ENSG00000111775,167.08509627413903,0.03943103455735009,0.0321729997776014,1.2255939710291386,0.22035150775878964,0.5293752724097419,,COX6A1
ENSG00000167286,29.848856919557775,-0.10804981756930274,0.08820658837980638,-1.2249631184470475,0.22058911691167016,0.5297178793710047,,CD3D
ENSG00000107890,8.009956591035744,-0.13675684723660383,0.11172078651064453,-1.2240949200941575,0.22091642215758678,0.5300303414202266,,ANKRD26
ENSG00000179456,10.29873519184503,0.1296903416477988,0.1059809244877085,1.223714005843005,0.22106013423999538,0.5300303414202266,,ZBTB18
ENSG00000204590,15.307311918829106,0.10860742285822433,0.08876410244577504,1.2235511864108732,0.22112158351828004,0.5300303414202266,,GNL1
ENSG00000110651,29.557918810483628,0.08645272096952678,0.07068467036205228,1.223075958715084,0.2213010080444261,0.5300303414202266,,CD81
ENSG00000119929,17.984452701218235,0.0878667079067429,0.07185925455395832,1.2227611941168242,0.2214199063769572,0.5300303414202266,,CUTC
ENSG00000163166,15.826334787412176,0.10478296353959526,0.08569911674369847,1.22268428801864,0.22144896363708066,0.5300303414202266,,IWS1
ENSG00000130204,14.306891193882915,-0.09601684203775378,0.07854589073152539,-1.2224298578005202,0.2215451139144471,0.5300303414202266,,TOMM40
ENSG00000135404,50.076574407366806,-0.07592176177657996,0.06211257284695343,-1.2223251798577504,0.22158468084463934,0.5300303414202266,,CD63
ENSG00000128891,38.50289256047544,0.08193204371398369,0.06703964275376528,1.2221432028645765,0.22165347788367395,0.5300303414202266,,CCDC32
ENSG00000115286,62.92325809195551,0.055356005479344515,0.04529727881141731,1.2220602855594025,0.22168483013568008,0.5300303414202266,,NDUFS7
ENSG00000113318,11.326834871751622,0.13248179139475108,0.10847009955690647,1.2213669198786659,0.2219471262653837,0.5300303414202266,,MSH3
ENSG00000143727,55.03587199717257,0.052698209264271455,0.0431500217700175,1.2212788569411208,0.22198045585591175,0.5300303414202266,,ACP1
ENSG00000179833,16.56834273201124,0.11154410886136507,0.09134218968908929,1.2211674500144907,0.22202262569094844,0.5300303414202266,,SERTAD2
ENSG00000014123,18.526061840320704,-0.08723328608349423,0.07146278300755127,-1.2206813450614782,0.22220669364652668,0.5300303414202266,,UFL1
ENSG00000214113,33.468523222766486,-0.072350661409893,0.059273749789988714,-1.2206189361435165,0.22223033325063646,0.5300303414202266,,LYRM4
ENSG00000188739,18.226526801899748,-0.11071375393146606,0.09070488367395693,-1.2205930865799022,0.2222401252224695,0.5300303414202266,,RBM34
ENSG00000128815,17.521875581277804,0.1002994908346479,0.082194447663858,1.2202708782086131,0.2223622056402489,0.5300947664172843,,WDFY4
ENSG00000182154,41.01339178119455,-0.06642333505859548,0.05446044120726079,-1.2196620810655452,0.22259300174630547,0.5301999181250747,,MRPL41
ENSG00000184508,10.094559568446936,0.11857556575863533,0.09722074737788741,1.2196528925841708,0.2225964864294835,0.5301999181250747,,HDDC3
ENSG00000084092,10.405993939289012,0.10717348685076772,0.08792933196727307,1.2188593322949075,0.222897587334821,0.5304650938305403,,NOA1
ENSG00000164916,9.620568453057066,-0.1265447375237456,0.10382906121151285,-1.21877955985712,0.22292787153953664,0.5304650938305403,,FOXK1
ENSG00000148572,13.49960853320525,-0.1303725345178355,0.10700548454286236,-1.2183724514196579,0.2230824689662192,0.5304650938305403,,NRBF2
ENSG00000213676,46.3453543204921,0.059535540729656194,0.04886543302887354,1.2183569660475109,0.2230883509742857,0.5304650938305403,,ATF6B
ENSG00000012983,11.904011453217372,-0.11355086945061686,0.09326084848817041,-1.217562045503158,0.22339044494995397,0.5305959675262337,,MAP4K5
ENSG00000180488,9.119780680206924,-0.13095376887987806,0.10755767962813814,-1.2175213274647407,0.22340592691756644,0.5305959675262337,,MIGA1
ENSG00000198055,34.64903894106404,0.07870766041304209,0.0646490192321946,1.2174610125229313,0.22342886150494923,0.5305959675262337,,GRK6
ENSG00000162385,60.01859018917494,0.05157930009791135,0.04239081171382442,1.2167566039102384,0.2236968356052914,0.5307911362078357,,MAGOH
ENSG00000149761,20.100837239852556,0.08576127246197542,0.07048420607369277,1.2167445338365612,0.22370142935588488,0.5307911362078357,,NUDT22
ENSG00000106443,45.646780873023744,0.06992923435956198,0.057499334007100625,1.2161746838828844,0.22391838539555775,0.5310799306531816,,PHF14
ENSG00000271614,57.76937144911574,0.08072317560624481,0.06641428437869931,1.215449001090716,0.22419488860648162,0.5315096508799921,,ATP2B1-AS1
ENSG00000061987,8.596476877600312,-0.13075563712556626,0.10769037493649553,-1.2141812785281154,0.2246785079317004,0.5323490640286188,,MON2
ENSG00000164896,17.913872438561587,-0.08137748236409112,0.06704749411234313,-1.2137289162177638,0.2248512584723823,0.5323490640286188,,FASTK
ENSG00000114127,26.847476107316094,0.09880169055843542,0.08140407657368424,1.2137191983131634,0.2248549706387133,0.5323490640286188,,XRN1
ENSG00000187257,43.43038623722313,0.07811585427614558,0.06437126379154338,1.213520594051283,0.22493084556159004,0.5323490640286188,,RSBN1L
ENSG00000020633,15.064332064439641,-0.11459177129623846,0.09446968484188938,-1.2130004613440462,0.22512964412817948,0.5325935068556338,,RUNX3
ENSG00000100418,9.662832883179407,0.1065752960290417,0.08792443262099393,1.2121237846190485,0.22546500041895012,0.5331606625683062,,DESI1
ENSG00000172465,7.571179886010219,-0.11818023643298733,0.09764024504941564,-1.2103639884678334,0.22613925387611955,0.5345283932230787,,TCEAL1
ENSG00000105939,47.81026064628351,-0.07857680540138579,0.0649635013250602,-1.2095531151901469,0.2264504180300303,0.5347110461095265,,ZC3HAV1
ENSG00000147586,8.22103772693561,0.1219347904828728,0.10082908054303837,1.2093216542902578,0.22653929474771217,0.5347110461095265,,MRPS28
ENSG00000137312,17.858373646509488,-0.09174762721283651,0.0758746629732351,-1.2091997989526573,0.22658609494783133,0.5347110461095265,,FLOT1
ENSG00000148308,8.479853731385491,-0.11385279747158844,0.09416634454761308,-1.209060392208613,0.22663964446229856,0.5347110461095265,,GTF3C5
ENSG00000183530,9.900222099118638,-0.12887149965133451,0.10660107489385227,-1.2089136979121267,0.22669600304930426,0.5347110461095265,,PRR14L
ENSG00000171316,27.3894393276604,-0.0967897153582043,0.08010975961103094,-1.2082137785478584,0.22696504320242816,0.5349763409353687,,CHD7
ENSG00000143486,10.70619255738456,-0.10925266917805011,0.09044316947204216,-1.2079703731725409,0.22705865848834395,0.5349763409353687,,EIF2D
ENSG00000011295,50.118300362088505,-0.07787490043159762,0.06447278156149974,-1.2078725090728988,0.22709630541499604,0.5349763409353687,,TTC19
ENSG00000182165,22.80433620474255,0.07319168081127202,0.06063846756486452,1.207017323334885,0.22742547258303525,0.535089915728065,,TP53TG1
ENSG00000186395,152.2127621056068,-0.05062872132276627,0.041952543690244974,-1.2068093342940427,0.22750558045665337,0.535089915728065,,KRT10
ENSG00000164574,9.092740137096115,0.12513211775757824,0.10369964718658127,1.2066783364502165,0.2275560451610612,0.535089915728065,,GALNT10
ENSG00000163257,10.358580643319128,-0.10601969819597497,0.0878992087955472,-1.2061507680072054,0.22775936274784225,0.535089915728065,,DCAF16
ENSG00000134452,9.822606108260528,-0.12680057864242966,0.1051319675255439,-1.2061086806124972,0.22777558822180743,0.535089915728065,,FBH1
ENSG00000108064,27.857021703816073,-0.08723070849634389,0.07234338754653488,-1.2057868929656181,0.22789967057245897,0.535089915728065,,TFAM
ENSG00000136152,9.972833778572655,-0.13071854009682204,0.10846473312740591,-1.2051709005108244,0.22813733356774613,0.535089915728065,,COG3
ENSG00000169599,25.623366731336784,0.07687947967125083,0.0637925908114035,1.2051474739211867,0.2281463755280677,0.535089915728065,,NFU1
ENSG00000166046,12.286957031019766,-0.13354804662947722,0.11082881561061715,-1.204993898867251,0.22820565721078168,0.535089915728065,,TCP11L2
ENSG00000196781,36.165886360534884,0.1356426216911001,0.11256978144602883,1.204964777835457,0.22821689949110524,0.535089915728065,,TLE1
ENSG00000213523,16.43309043598481,0.08589566685719527,0.0713057948895962,1.2046099056912385,0.228353930870703,0.535089915728065,,SRA1
ENSG00000149483,12.988549870335982,-0.10182813057691868,0.08453913305658327,-1.2045088102425139,0.2283929788891721,0.535089915728065,,TMEM138
ENSG00000129084,66.57626940768297,0.04902266084319409,0.04070350754636351,1.2043841869734349,0.22844112104928338,0.535089915728065,,PSMA1
ENSG00000131871,24.1098787376166,-0.08206242452430473,0.06814769120480291,-1.2041849558436861,0.22851809935132028,0.535089915728065,,SELENOS
ENSG00000179051,9.305356936471396,0.12103337536836326,0.10052484627589826,1.2040145282707297,0.22858396328268482,0.535089915728065,,RCC2
ENSG00000162066,7.726247199449504,0.12480404985514287,0.10374351262290472,1.2030058236874117,0.22897406693944033,0.5357663356307824,,AMDHD2
ENSG00000163736,45.33002726451285,-0.09640469763931919,0.08015218750677329,-1.2027706371853228,0.22906509041316092,0.5357663356307824,,PPBP
ENSG00000136271,8.582526940798182,-0.11371841476773491,0.09461750275299582,-1.201875038539149,0.2294119468376714,0.536352627072057,,DDX56
ENSG00000077984,11.496368019432268,0.13084849831720718,0.10892542449689263,1.201266820134724,0.22964771674025186,0.5365984688524804,,CST7
ENSG00000182362,25.19716964222059,-0.11742017090138893,0.0977599313410708,-1.2011073380537296,0.22970956692088784,0.5365984688524804,,YBEY
ENSG00000163947,9.865303352573571,0.1297762260552592,0.10808680025991747,1.2006667395388237,0.2298805009820165,0.5367642693936712,,ARHGEF3
ENSG00000213064,20.545452817951833,0.09325734988681231,0.07768673502046887,1.20042823092309,0.22997307022623392,0.5367642693936712,,SFT2D2
ENSG00000115919,17.569456084898007,-0.10153225033845208,0.08463316083640575,-1.1996745641429125,0.23026575533401739,0.5372225321098247,,KYNU
ENSG00000096384,358.61464068611986,-0.051695128562113855,0.0431047662482986,-1.1992903119885108,0.23041508084784512,0.5373460856577099,,HSP90AB1
ENSG00000088179,17.76819414793097,-0.09051621462620314,0.07552010291509804,-1.198571123876303,0.23069475192198563,0.5377733849151304,,PTPN4
ENSG00000186001,10.5511419003051,-0.11389484702022962,0.09511690228392042,-1.1974196413615081,0.2311430317876143,0.5385536187367527,,LRCH3
ENSG00000143641,12.53644830616264,0.13266726732844367,0.110813202225078,1.1972153557928669,0.2312226261219128,0.5385536187367527,,GALNT2
ENSG00000177000,8.11729293893439,0.12457040650547059,0.1040742765531696,1.1969375203086798,0.23133090843260584,0.5385808540376661,,MTHFR
ENSG00000156030,18.211296815547012,-0.10339922757704822,0.08647943240529557,-1.195651089526769,0.23183274548589416,0.5395239519321143,,MIDEAS
ENSG00000175581,16.767937579895268,-0.09325568886796005,0.0780542619166336,-1.1947546050408169,0.23218292108009586,0.5401134618033435,,MRPL48
ENSG00000147853,10.314945497121855,0.10483609921146775,0.08776949142458992,1.1944480651519005,0.23230274464451295,0.5401668490983337,,AK3
ENSG00000246851,18.782081711350422,-0.09845503146433399,0.0825325359839113,-1.1929238607611254,0.23289919346689059,0.5413280128267536,,ENSG00000246851
ENSG00000077044,25.878775085788565,0.10970670098284142,0.09200679568967508,1.1923760648383563,0.23311382108112888,0.5416011109784894,,DGKD
ENSG00000153317,10.353856225140056,0.12298461862665364,0.10324366385734389,1.1912074216640223,0.23357216671858072,0.5424399840161626,,ASAP1
ENSG00000084733,15.349483022746135,0.10229945835775088,0.08591519234039369,1.1907027799279453,0.2337702862157559,0.5426740699163426,,RAB10
ENSG00000175115,20.396508796812178,-0.10128018011739862,0.0850815303994701,-1.1903897313773448,0.23389324715623838,0.5427335606088994,,PACS1
ENSG00000136874,9.886951851901694,0.11543391045760985,0.09701751918601859,1.1898254194304867,0.23411501649524158,0.5430221846828066,,STX17
ENSG00000231389,1196.527889813278,0.05674733601645288,0.04779104512454474,1.1874052109253483,0.23506782556681038,0.545005486636397,,HLA-DPA1
ENSG00000160211,11.81069852198969,0.09538219834872984,0.08035869414636759,1.1869555542428056,0.2352451523714958,0.5451899291868082,,G6PD
ENSG00000158122,15.095399608822955,-0.12005961249916554,0.10131184091256601,-1.1850501522598844,0.23599761821496956,0.5463699717612162,,PRXL2C
ENSG00000065615,32.95722575182048,0.06757908564982283,0.057029554243715336,1.1849835851955666,0.2360239370826247,0.5463699717612162,,CYB5R4
ENSG00000143570,7.34607682500777,0.12752391235666358,0.10762220021595917,1.184921996584058,0.23604828944992284,0.5463699717612162,,SLC39A1
ENSG00000090273,45.6760246871082,0.06125764503399861,0.05172438630467878,1.1843087837362605,0.23629085304923614,0.5466973094914793,,NUDC
ENSG00000143401,59.70616019956317,-0.06674556607005162,0.05637204836368254,-1.1840188179688744,0.23640561380396263,0.5466973094914793,,ANP32E
ENSG00000157538,9.278086364994955,0.1079259654601934,0.09116745359199274,1.1838212125919525,0.23648384334530992,0.5466973094914793,,VPS26C
ENSG00000159110,14.408653737040948,-0.09071607651120209,0.07669999225695022,-1.1827390569649214,0.2369125800592088,0.5474614779984037,,IFNAR2
ENSG00000179454,9.33563375918428,-0.11079324530104168,0.09369946823170096,-1.1824319539047015,0.2370343505198491,0.5475159645810599,,KLHL28
ENSG00000140262,9.498286231413788,0.12477578775111572,0.10560994500553028,1.1814776320978277,0.23741303412230408,0.5481260628571875,,TCF12
ENSG00000147454,19.595371054519575,-0.0934421018416793,0.07910301796256514,-1.1812710089759155,0.23749508031975697,0.5481260628571875,,SLC25A37
ENSG00000110717,44.27863833298088,0.055300718175912096,0.04683535629374199,1.180747250625725,0.23770314474817011,0.5483792863532464,,NDUFS8
ENSG00000102119,17.737926463296695,-0.08945239191178635,0.07579060004370478,-1.1802570748905996,0.23789798498863002,0.548601804920017,,EMD
ENSG00000176593,11.554250378801738,0.15721361457515431,0.13327124597528114,1.1796514201143877,0.23813888279118767,0.5487254214140062,,ZNF606-AS1
ENSG00000153574,29.654307671807302,0.07009169871419067,0.05942151873552607,1.179567607925936,0.23817223245822805,0.5487254214140062,,RPIA
ENSG00000265206,66.56747654412564,0.09881310018010225,0.08379983736728613,1.1791562285140784,0.23833597205067247,0.5487254214140062,,MIR142HG
ENSG00000167118,19.67799612005624,-0.0758992024265253,0.06436865317670741,-1.1791329891300315,0.23834522429424732,0.5487254214140062,,URM1
ENSG00000242259,26.908507122111637,-0.06724685141354397,0.05704928420139896,-1.17875013428994,0.23849768592404685,0.5487789752901346,,C22orf39
ENSG00000131828,10.728614318957776,-0.1061946917909431,0.09010390532583022,-1.1785803446246421,0.2385653221132149,0.5487789752901346,,PDHA1
ENSG00000116017,8.235260644933478,-0.1485885031713257,0.12610174009223948,-1.1783223852631837,0.23866810685311524,0.5487890160053487,,ARID3A
ENSG00000123684,17.433867467689083,-0.10216864039698333,0.08695487474270713,-1.174961618877522,0.24001007146258513,0.5516472211357686,,LPGAT1
ENSG00000129675,11.964887898590888,0.1060678497154108,0.09039102637768304,1.1734334033582594,0.24062204851947733,0.5528259342993842,,ARHGEF6
ENSG00000163131,229.81982189569487,0.03979699156583999,0.03394292835099035,1.1724678305394012,0.24100928036858904,0.5534875400886542,,CTSS
ENSG00000166927,16.05904478810046,0.09843644883293867,0.08401284031095967,1.1716833815949133,0.2413241975013145,0.5537954297417114,,MS4A7
ENSG00000141385,13.973461548729176,0.0948817165542586,0.08098203316245614,1.171639101279646,0.241341982473522,0.5537954297417114,,AFG3L2
ENSG00000166479,9.899041928674018,0.109613666958044,0.09359774013373809,1.1711144606848563,0.24155277203923298,0.5540511134885904,,TMX3
ENSG00000079805,10.647075525618707,0.11451658882811569,0.09785852485556937,1.17022598692482,0.24191003760515373,0.5546424217460267,,DNM2
ENSG00000065526,21.24565730086649,-0.1120333271988871,0.0957940318392801,-1.169523038625754,0.24219296457660633,0.5550628731932417,,SPEN
ENSG00000182183,16.781695472248494,0.10413835414616855,0.0890912230495836,1.1688957742583743,0.2424456262730339,0.5554136450692018,,SHISAL2A
ENSG00000169288,29.88736567227604,0.06945657181527823,0.059438668107471726,1.168541860488748,0.24258826429513058,0.5555121814002661,,MRPL1
ENSG00000065154,8.90099802508449,-0.11265294351458598,0.09647596076856185,-1.1676788975943078,0.24293631195498366,0.5558619603468923,,OAT
ENSG00000104823,61.31746100167398,0.06750017700149209,0.057807639503544596,1.167668799161972,0.2429403869019685,0.5558619603468923,,ECH1
ENSG00000182481,9.997038348487598,-0.14014706781901876,0.12008693449173681,-1.1670467600175296,0.24319148647966937,0.556208256197964,,KPNA2
ENSG00000118596,7.675282747455703,0.12410585871308395,0.10638645938093114,1.1665569042833364,0.24338935570234854,0.5564325737582188,,SLC16A7
ENSG00000114503,35.06706516231713,-0.06203820083879874,0.05321816160184432,-1.1657336324945273,0.24372215768011973,0.5568350559424868,,NCBP2
ENSG00000167995,14.209791967369606,-0.15021914153644425,0.12887406696366902,-1.165627383970063,0.2437651311972041,0.5568350559424868,,BEST1
ENSG00000105176,14.526761490080451,-0.11612663250506086,0.09970453747637295,-1.1647075995170175,0.24413737177899397,0.5571568371241338,,URI1
ENSG00000253948,8.941347368036189,-0.1251062505278495,0.10741673033934614,-1.1646812385055791,0.24414804607043794,0.5571568371241338,,VPS13B-DT
ENSG00000203705,11.600636798530013,-0.10529957538739591,0.0904409318308451,-1.1642911373839167,0.2443060469500986,0.5571568371241338,,TATDN3
ENSG00000104529,1001.9714729917579,-0.027072798760680267,0.023261740115085666,-1.1638337728278143,0.2444913826434486,0.5571568371241338,,EEF1D
ENSG00000157045,15.864738056947042,-0.08523080708048471,0.07324084864024027,-1.16370589176457,0.24454322093912362,0.5571568371241338,,NTAN1
ENSG00000174373,11.142580116878719,0.11604415831942856,0.09972878864396753,1.1635973914584183,0.24458720903595077,0.5571568371241338,,RALGAPA1
ENSG00000070814,53.9925488385515,0.10540415878994844,0.09058823347571911,1.16355242558296,0.2446054406886441,0.5571568371241338,,TCOF1
ENSG00000159388,85.88798805887106,0.11628459951024071,0.10001509419489747,1.1626704993512196,0.24496321520191222,0.557721403664248,,BTG2
ENSG00000015285,48.23043945317691,0.05896946766474968,0.05072867224309515,1.1624484745463886,0.2450533427147431,0.557721403664248,,WAS
ENSG00000039650,23.93156010283505,-0.08541830270588185,0.07349778027840391,-1.1621888767568753,0.2451587518986632,0.5577336599701942,,PNKP
ENSG00000187522,10.014374043928985,0.11607561950192238,0.10003798687866386,1.1603154274056973,0.24592040560708361,0.5591037521019147,,HSPA14
ENSG00000167721,7.519708197117478,-0.12601036153043635,0.10860954951349146,-1.1602143834947345,0.24596153226434658,0.5591037521019147,,TSR1
ENSG00000135387,11.94951878213534,-0.10771623061451507,0.09286563302887162,-1.1599148910235335,0.2460834593182012,0.5591529621671922,,CAPRIN1
ENSG00000114353,42.97118146305787,0.07150723742948116,0.061670692032735105,1.15950113534521,0.2462519740141893,0.5593079458668512,,GNAI2
ENSG00000078061,10.208268332507389,0.10017391700814975,0.08646375500069509,1.1585654244063823,0.24663336924577617,0.5597072776228005,,ARAF
ENSG00000003400,7.436978439941063,0.14606906516534526,0.12608963394546974,1.1584541932171528,0.2466787345223912,0.5597072776228005,,CASP10
ENSG00000155438,25.181765029875375,-0.07431962520619563,0.06416918983551578,-1.1581823831140514,0.24678961598121885,0.5597072776228005,,NIFK
ENSG00000125821,13.897405273153128,-0.0890661004964008,0.07690807806304917,-1.158085115888405,0.24682930338494735,0.5597072776228005,,DTD1
ENSG00000214140,8.919064667717615,-0.15909661290035668,0.13769151251267592,-1.1554569341063066,0.24790335860709167,0.5619142795094078,,PRCD
ENSG00000109270,9.498417529783826,-0.12234941658181268,0.10593929172828047,-1.1549012135707106,0.24813088240506787,0.5620598772866472,,LAMTOR3
ENSG00000117758,13.2613495129409,0.10111384572832335,0.08755903492353088,1.1548076770904394,0.24816919258962078,0.5620598772866472,,STX12
ENSG00000139626,25.58354230626393,0.0889778701738123,0.07707993892200499,1.154358337826999,0.2483532883188534,0.5622355500477169,,ITGB7
ENSG00000177105,51.62711987852084,-0.0643671415365616,0.05577131846814423,-1.1541262301935211,0.24844842096800113,0.5622355500477169,,RHOG
ENSG00000102445,27.64618978613605,-0.09028614808123278,0.07825686303670086,-1.1537154005124182,0.24861686789940585,0.5623885011793457,,RUBCNL
ENSG00000126267,260.740344969744,0.03893447110593672,0.033763472696578,1.1531536301324485,0.2488473322642173,0.5625628368629068,,COX6B1
ENSG00000128524,103.52337905789283,0.046687796383490715,0.04050796575712012,1.1525584045228032,0.24909168447307906,0.5625628368629068,,ATP6V1F
ENSG00000167005,17.974840607027087,0.07423714552557126,0.06441726735922793,1.1524417065316046,0.24913961103044535,0.5625628368629068,,NUDT21
ENSG00000138303,8.945242016874118,0.10947883288585512,0.09502246982569632,1.1521362587888604,0.249265085512541,0.5625628368629068,,ASCC1
ENSG00000102908,13.900205168757108,0.10955504119596511,0.09509114827341401,1.1521055659246358,0.2492776962362614,0.5625628368629068,,NFAT5
ENSG00000055044,51.751467289112306,-0.0768592832331912,0.06672827637208438,-1.1518247947034506,0.24939307691810342,0.5625628368629068,,NOP58
ENSG00000143793,15.034712359374131,-0.08813012551284102,0.07651462780467272,-1.1518075437525548,0.24940016727494718,0.5625628368629068,,C1orf35
ENSG00000185324,8.832537632496278,-0.11170624802642991,0.09709088471895486,-1.1505328059351974,0.24992449036933528,0.5631527816177232,,CDK10
ENSG00000229833,94.5560662490672,0.0667547955285417,0.05802238500659374,1.1505007165933563,0.24993769923418274,0.5631527816177232,,PET100
ENSG00000178188,7.41256556188598,-0.11684117478362074,0.10158073534882955,-1.1502296609921816,0.25004929270966003,0.5631527816177232,,SH2B1
ENSG00000108010,18.806553444132913,-0.07778518074566936,0.06762812367839882,-1.1501898398892711,0.25006568997228884,0.5631527816177232,,GLRX3
ENSG00000118855,14.477076870110777,0.0869331815405305,0.07563166056440287,1.1494284389869238,0.250379358930209,0.5636315322546812,,MFSD1
ENSG00000204790,8.531398293179537,-0.1167132199854641,0.10158501714482011,-1.1489215955840923,0.2505883118842487,0.5638742643529341,,ENSG00000204790
ENSG00000109917,9.276626516374058,0.11074442829982488,0.09642795853683478,1.1484680374885392,0.2507754004513386,0.5639142191740573,,ZPR1
ENSG00000153485,8.17059541458489,0.11830069795047767,0.1030160356082868,1.148371680699401,0.2508151592997059,0.5639142191740573,,LYSET
ENSG00000196628,75.04171646396509,0.07042068873994817,0.06134932718909146,1.1478640755569636,0.2510246805539398,0.5639142191740573,,TCF4
ENSG00000110442,15.715826844449989,-0.08851930141225117,0.07714779552126565,-1.1473989738028352,0.25121676513468205,0.5639142191740573,,COMMD9
ENSG00000104320,13.295101490818196,-0.09989679520665119,0.08706597753984723,-1.1473689037825565,0.2512291874237841,0.5639142191740573,,NBN
ENSG00000100813,26.776558176081398,-0.09369762447202319,0.0816785394664776,-1.1471510764523214,0.25131918732667313,0.5639142191740573,,ACIN1
ENSG00000008517,41.883929496110845,-0.0972866375662759,0.08482640408708392,-1.1468909782666272,0.2514266817775682,0.5639142191740573,,IL32
ENSG00000024048,16.712493921911523,-0.08909105925281212,0.07770287289191768,-1.1465606860731525,0.25156323251920765,0.5639142191740573,,UBR2
ENSG00000146540,48.76509121796654,0.08382340294722702,0.07311825907408351,1.1464086263637248,0.2516261150492327,0.5639142191740573,,C7orf50
ENSG00000153044,11.471081685958413,-0.09485073440689559,0.08274988717961028,-1.146234002724622,0.251698342154449,0.5639142191740573,,CENPH
ENSG00000182827,23.457506571430145,0.09947738486221301,0.08679501742263973,1.1461186115997621,0.25174607768650714,0.5639142191740573,,ACBD3
ENSG00000101365,34.87868733855343,0.05505118393578772,0.04804016485769679,1.1459407789057088,0.2518196566971669,0.5639142191740573,,IDH3B
ENSG00000182923,14.78593360285598,-0.09819584341139147,0.0857187402184193,-1.1455586393498007,0.25197781925050755,0.5640386551708207,,CEP63
ENSG00000163882,13.697564214034603,0.08694645634093995,0.07591469905907211,1.1453178029894266,0.2520775338388962,0.5640386551708207,,POLR2H
ENSG00000101146,7.464483212224761,-0.11664611100943399,0.10194163120976112,-1.1442441093513216,0.252522414880718,0.5648074550240207,,RAE1
ENSG00000164548,97.67997430220028,0.06194939098684245,0.05418733818850293,1.1432447700482622,0.2529369788751794,0.5653526744879842,,TRA2A
ENSG00000121766,18.106076217212514,0.08728096031446954,0.07635273490195194,1.1431281463139602,0.2529853897180476,0.5653526744879842,,ZCCHC17
ENSG00000067704,12.732539871388772,0.1048539145653895,0.09174184773356044,1.1429235093444985,0.25307035070337314,0.5653526744879842,,IARS2
ENSG00000176124,8.876455727091408,0.1099363784253067,0.09625136194540253,1.142179977543246,0.25337921683391007,0.5658159844076422,,DLEU1
ENSG00000115866,40.153678606909565,0.0622165824674128,0.054496112300143465,1.1416701089565433,0.2535911699856369,0.5660625956124545,,DARS1
ENSG00000170684,9.702064712892023,-0.1204897090866248,0.10563238703079322,-1.1406512005782894,0.2540151015155865,0.5667819952184514,,ZNF296
ENSG00000128923,10.865629167713955,0.11399038518196782,0.09999620030136383,1.139947166376612,0.25430831309913005,0.5672092615362997,,MINDY2
ENSG00000238142,14.530111072313273,0.14080996460762507,0.12358633550714916,1.139365157400266,0.25455088215560195,0.5675232782485551,,ENSG00000238142
ENSG00000135924,11.811571483497307,0.09907160070271756,0.08699933912608528,1.1387626813938938,0.25480215093155467,0.5676543473476194,,DNAJB2
ENSG00000060237,23.316625053661827,-0.08099239123867276,0.07112481755007723,-1.1387360140734,0.25481327679538945,0.5676543473476194,,WNK1
ENSG00000145388,9.713572052393939,-0.11028732288130665,0.09687797246710944,-1.1384148539932517,0.25494729442157693,0.567726083743895,,METTL14
ENSG00000160856,27.492718544550648,-0.13337409463975272,0.11727689885510612,-1.1372580272994295,0.25543043550426603,0.5684385808600554,,FCRL3
ENSG00000178988,8.878986340354384,0.11416086391193178,0.10039921587063527,1.1370692781010205,0.2555093257192774,0.5684385808600554,,MRFAP1L1
ENSG00000033170,11.333384262714794,-0.11768225940377061,0.10354097941386647,-1.1365766488781184,0.255715306369388,0.5684385808600554,,FUT8
ENSG00000141367,8.600031183530007,0.11971140548534565,0.10532766629926675,1.1365618331010057,0.25572150300475305,0.5684385808600554,,CLTC
ENSG00000156639,7.702290642845322,0.11655889220517734,0.10256590571773445,1.1364292197248484,0.25577697262874444,0.5684385808600554,,ZFAND3
ENSG00000120948,27.33404301375581,0.07828823232881377,0.06896263471131214,1.1352268174865991,0.2562802959356202,0.5693302510506049,,TARDBP
ENSG00000188994,43.81902597711215,0.0684740040969934,0.060340051047995155,1.1348018920721232,0.25645833331324774,0.5694445335320228,,ZNF292
ENSG00000181804,7.35402158127289,0.12101304171306741,0.106660078823308,1.1345673381091006,0.2565566446885834,0.5694445335320228,,SLC9A9
ENSG00000164609,38.4067650409463,-0.0747647959435691,0.06592786539008816,-1.1340393853371982,0.25677802750966217,0.5694445335320228,,SLU7
ENSG00000203879,10.809876941732819,0.09259736762776141,0.08165931110918433,1.1339474503275213,0.25681659154142633,0.5694445335320228,,GDI1
ENSG00000175416,26.713121569790083,-0.06564644870175278,0.05789921087475536,-1.1338055857748364,0.2568761074362377,0.5694445335320228,,CLTB
ENSG00000143119,197.58555073390255,0.054453218293114634,0.04803417493616008,1.1336349248318682,0.2569477168568114,0.5694445335320228,,CD53
ENSG00000100823,57.84286161293222,0.05192966713270868,0.045831103435788514,1.1330660455396746,0.25718651897734146,0.5694445335320228,,APEX1
ENSG00000179918,18.62655875152813,-0.0902012467967737,0.07964697668607149,-1.1325131291838215,0.25741876778903616,0.5694445335320228,,SEPHS2
ENSG00000081307,7.764683831174594,-0.10885488915255286,0.09612094498404915,-1.132478349756308,0.2574333815175488,0.5694445335320228,,UBA5
ENSG00000156304,22.41689654591407,-0.07271988151181819,0.06424588340367116,-1.1318994721405418,0.25767670064653725,0.5694445335320228,,SCAF4
ENSG00000198408,84.50660832167054,-0.05497831879368727,0.04857978791185726,-1.1317117911967718,0.25775562265003993,0.5694445335320228,,OGA
ENSG00000120910,37.45332572516168,0.06204698732037503,0.05482721194211564,1.1316823366083566,0.25776801016647843,0.5694445335320228,,PPP3CC
ENSG00000165389,13.602223272494857,0.09231904224914317,0.08160514694384234,1.1312894554638047,0.2579332810122503,0.5694445335320228,,SPTSSA
ENSG00000166333,12.802064482095268,0.10150545044741986,0.08972729596640157,1.1312661253653362,0.2579430974493381,0.5694445335320228,,ILK
ENSG00000087074,185.37697880356023,0.10471499372670323,0.09257063970483269,1.1311901274593497,0.2579750763361377,0.5694445335320228,,PPP1R15A
ENSG00000189159,33.56606863331278,0.08552606195107226,0.07560970604026465,1.131151890810511,0.2579911668383109,0.5694445335320228,,JPT1
ENSG00000124198,8.210221404310028,0.12439148177318776,0.1099865746688632,1.130969685597478,0.25806785083131667,0.5694445335320228,,ARFGEF2
ENSG00000166508,12.003554261953989,0.09698497456369853,0.08580221850196505,1.1303317822892582,0.2583364472171258,0.5695890766974234,,MCM7
ENSG00000121073,9.28740203366089,0.11412416351432814,0.10096544684394676,1.1303289103520695,0.2583376569167475,0.5695890766974234,,SLC35B1
ENSG00000126254,15.815865386930602,-0.08273428986058907,0.07323834424756553,-1.1296581143468327,0.25862031304329725,0.5696469182150178,,RBM42
ENSG00000172366,15.254239142431674,-0.08464931883992048,0.07493995787433494,-1.1295618684743185,0.2586608861467442,0.5696469182150178,,MCRIP2
ENSG00000124380,43.52419318581562,0.05558549804100348,0.04921076650348195,1.1295393668999343,0.2586703724749686,0.5696469182150178,,SNRNP27
ENSG00000125970,47.84989061699124,0.049586633410425705,0.04393418346721192,1.1286572208046661,0.25904246214022375,0.5698954857190901,,RALY
ENSG00000228300,39.900740459090756,-0.055811604070162085,0.049453082380213,-1.128576852724012,0.25907637985813703,0.5698954857190901,,FAM174C
ENSG00000090905,20.72375037198888,-0.0913220299222297,0.08092015543365051,-1.128544914834081,0.25908985945084173,0.5698954857190901,,TNRC6A
ENSG00000137996,9.039987275789922,-0.10634063139111549,0.09427586644953881,-1.1279729945312607,0.2593313243621155,0.570201681641623,,RTCA
ENSG00000189042,7.5114964006514455,0.11786774836716306,0.10452226772801428,1.1276807414270433,0.2594547738599894,0.5702482534660231,,ZNF567
ENSG00000162402,9.900402222178721,0.11260702061137581,0.1000669113483827,1.1253172411741055,0.2604546262704174,0.5715555629323719,,USP24
ENSG00000137100,40.51831982311964,-0.04973373554895189,0.04419823957267956,-1.1252424537671861,0.26048630770324166,0.5715555629323719,,DCTN3
ENSG00000129657,19.586394218101482,-0.08554103103504858,0.07602878579571538,-1.1251137334337022,0.2605408424399719,0.5715555629323719,,SEC14L1
ENSG00000197217,9.742827286974675,-0.11825125933681004,0.10510386795606194,-1.125089510371248,0.2605511058689356,0.5715555629323719,,ENTPD4
ENSG00000143110,79.26781084765727,0.08631805411190784,0.07672282347749557,1.125063575602464,0.2605620948662284,0.5715555629323719,,C1orf162
ENSG00000248333,16.997165273777192,-0.10199355710742176,0.0906996462011413,-1.1245199003448632,0.26079253302606153,0.5717894936541801,,CDK11B
ENSG00000071189,8.683168793847768,-0.11739573161507386,0.10443266376592564,-1.124128480321095,0.26095852466505143,0.5717894936541801,,SNX13
ENSG00000205038,11.130039025902084,-0.1890692104112874,0.1681981120918706,-1.124086400613206,0.2609763739867088,0.5717894936541801,,PKHD1L1
ENSG00000100941,140.31126565596338,0.05733328836532236,0.05104306100326971,1.1232337410495368,0.2613382360291726,0.5722165329624781,,PNN
ENSG00000177868,23.38318909072996,-0.06364837746677618,0.05667798156220239,-1.1229824300804359,0.26144495659190536,0.5722165329624781,,SVBP
ENSG00000134077,7.925590941761465,-0.11828735905093364,0.10534077447563157,-1.1229019308026542,0.2614791474154222,0.5722165329624781,,THUMPD3
ENSG00000153815,15.018867061439659,0.09400028023979698,0.08374935309882886,1.1224000754832275,0.26169237240183807,0.5724584811740483,,CMIP
ENSG00000179262,61.85948226209648,0.04394986041750369,0.03922745832068465,1.1203851154008855,0.2625496850579183,0.5741086446599813,,RAD23A
ENSG00000203880,14.756244632056424,-0.09757835279337027,0.08719137977591877,-1.1191284395790724,0.26308534864109967,0.574751908511568,,PCMTD2
ENSG00000009790,95.98920382533768,0.061566732480784266,0.05501934785532608,1.1190014945774094,0.2631395014249521,0.574751908511568,,TRAF3IP3
ENSG00000146757,27.334851115899614,-0.10663231196998577,0.09529508895496343,-1.1189696461732705,0.2631530886710963,0.574751908511568,,ZNF92
ENSG00000204178,8.121941624580055,-0.11125899132242145,0.09951680599369714,-1.117991983479333,0.2635704171820097,0.5753466698482237,,MACO1
ENSG00000110066,12.264981255229655,0.09662718482140635,0.08645050752656551,1.1177168022028514,0.26368796432782027,0.5753466698482237,,KMT5B
ENSG00000172071,10.173982294483732,0.13352930836128968,0.11947789240222392,1.1176068281465954,0.2637349512431958,0.5753466698482237,,EIF2AK3
ENSG00000075142,59.23064117802337,0.051970365293705356,0.04651800835739862,1.117209595355334,0.26390471886611544,0.5754738682187709,,SRI
ENSG00000163875,68.55825414111686,-0.054381248061414,0.048694093421100045,-1.1167935213647413,0.2640826195635253,0.5754738682187709,,MEAF6
ENSG00000176101,46.01407985312353,0.05591344338579109,0.050068240141727165,1.1167447313410261,0.26410348612329326,0.5754738682187709,,SSNA1
ENSG00000120063,13.280812692848686,-0.11193921362442591,0.10025859722634818,-1.1165048855781121,0.26420608010044,0.5754738682187709,,GNA13
ENSG00000123064,15.058354899396466,0.09065252848667457,0.08124733149517252,1.1157600725884873,0.26452484886496375,0.575802069562,,DDX54
ENSG00000109790,13.38038588114371,0.11072820364583472,0.0992701401083122,1.1154230620105985,0.2646691714104934,0.575802069562,,KLHL5
ENSG00000143569,10.52800188683142,0.10336147749075374,0.09268540884730478,1.1151860770343833,0.26477069114966323,0.575802069562,,UBAP2L
ENSG00000100142,46.343412422546315,0.05891347942082589,0.0528369309852504,1.1150057038186374,0.2648479774992868,0.575802069562,,POLR2F
ENSG00000215021,49.27158905365486,-0.05928734212959108,0.05317502600059486,-1.114947120645091,0.2648730825729071,0.575802069562,,PHB2
ENSG00000011243,18.339234363145305,0.07639527896160517,0.06853700050463477,1.1146574609205286,0.2649972366616007,0.5758474636107115,,AKAP8L
ENSG00000126581,22.597862306597513,0.06544708210282048,0.05876279953560614,1.1137502402887414,0.2653863494399631,0.5762460367090808,,BECN1
ENSG00000168924,8.476833832228483,0.10740277774337026,0.09643365005953955,1.1137479259268752,0.2653873425876828,0.5762460367090808,,LETM1
ENSG00000184588,77.14915194003952,-0.11026859727944943,0.09905399636712539,-1.113217046496127,0.26561522322272413,0.5764107534145698,,PDE4B
ENSG00000113013,30.469680256744535,-0.07285377118730606,0.06545184779165457,-1.1130896016750083,0.26566994911683006,0.5764107534145698,,HSPA9
ENSG00000092140,12.29222010596946,-0.11141710412960722,0.10012226290550265,-1.1128104868620965,0.26578983052161,0.576446555810384,,G2E3
ENSG00000182718,60.48062194074047,-0.08812687348788488,0.07921033708738844,-1.1125678380923858,0.26589407981341384,0.5764484405286141,,ANXA2
ENSG00000185115,27.224013103374222,0.08202979888198121,0.0737654210963547,1.1120359331350027,0.26612270084061274,0.5766399217456472,,NSMCE3
ENSG00000163788,13.549684229899409,-0.09427985213428772,0.08479309838200967,-1.1118812018112412,0.26618923216881196,0.5766399217456472,,SNRK
ENSG00000132383,11.756804206533284,-0.09424904350825718,0.08478891868038275,-1.111572655661938,0.2663219349223158,0.5767033433502264,,RPA1
ENSG00000169045,142.96442438314435,-0.08136751509233402,0.07322005798614686,-1.1112735680669448,0.26645061309113505,0.5767580041134197,,HNRNPH1
ENSG00000171703,14.840322370408087,-0.0796733292781516,0.07172039828483916,-1.110887992586533,0.266616564556979,0.5768932727860748,,TCEA2
ENSG00000140395,15.948341204657835,-0.08483343895731188,0.0764598153945486,-1.1095166594315409,0.26720736169992265,0.5778041659960701,,SKIC8
ENSG00000174903,11.376480641786069,0.09542480830681846,0.08603032423559295,1.1091996822596975,0.267344049655427,0.5778041659960701,,RAB1B
ENSG00000175482,130.590425667332,0.04808148922354491,0.043348306429187085,1.1091895666579237,0.2673484125304628,0.5778041659960701,,POLD4
ENSG00000081665,13.311396737474876,-0.10772128041887413,0.09721835853002045,-1.1080343470889857,0.2678469825961176,0.5786574099015698,,ZNF506
ENSG00000186501,12.11792879883205,-0.09579126590879049,0.0864852447005643,-1.1076024151917032,0.26803355992719025,0.5788362239171234,,TMEM222
ENSG00000139631,7.311977260713213,0.11138097489984741,0.10083302032630258,1.1046081386772995,0.2693294229847948,0.5814095480306681,,CSAD
ENSG00000156675,32.23327723066161,0.11601030104487679,0.10505309528093833,1.1043015984882325,0.2694623296663077,0.5814713429641376,,RAB11FIP1
ENSG00000205138,8.262062345551334,0.10811319708980231,0.09796566525064825,1.1035825338723653,0.26977427121679776,0.5819192790347638,,SDHAF1
ENSG00000157036,19.847510186818326,-0.07872250464409222,0.07135576717158261,-1.1032395525199177,0.2699231491549149,0.5820152667006209,,EXOG
ENSG00000159202,10.415064508844438,0.10243269028461498,0.09293340835504117,1.1022160071142868,0.27036777456198746,0.5823552911406122,,UBE2Z
ENSG00000118260,23.48122688964781,-0.07044903373549599,0.06391917980102232,-1.1021579744108236,0.27039299884823864,0.5823552911406122,,CREB1
ENSG00000108406,11.844920729821554,-0.10998772708255612,0.09979692323216785,-1.1021154111803664,0.2704115002545924,0.5823552911406122,,DHX40
ENSG00000131378,15.470933732135862,0.11616535396053963,0.10542133279681577,1.10191505721552,0.27049860187485397,0.5823552911406122,,RFTN1
ENSG00000139644,104.74742658184842,0.043172232939608673,0.039190371100729794,1.1016030654224842,0.2706342750699494,0.582422507830968,,TMBIM6
ENSG00000117298,7.416111008014054,-0.11787365513193779,0.10702947607200439,-1.101319556611096,0.27075760256046566,0.5824486055975823,,ECE1
ENSG00000082898,25.47750274095522,-0.08319844355557329,0.07555973267313103,-1.10109499613355,0.2708553146188183,0.5824486055975823,,XPO1
ENSG00000157954,24.349047414290983,0.06481547860066918,0.05887753081203777,1.1008525273858354,0.27096084615849314,0.582450916800215,,WIPI2
ENSG00000262814,13.402830305944086,0.09291724836238938,0.08445893240570919,1.1001470858765963,0.27126804112023883,0.5828365230700233,,MRPL12
ENSG00000137502,30.1749951701899,-0.09914431054876899,0.0901344191283036,-1.0999606089172227,0.27134928513087886,0.5828365230700233,,RAB30
ENSG00000101654,112.88895686857671,-0.05976944066327787,0.0544206938889453,-1.098285163089754,0.27207998857111226,0.5841809843174902,,RNMT
ENSG00000135679,8.58816268794154,-0.1180579988160194,0.10757489646356291,-1.0974493371323601,0.2724450161138804,0.5846293685381032,,MDM2
ENSG00000173933,38.31620464500654,0.06883139338862199,0.06274681434260179,1.0969703260598695,0.2726543640544211,0.5846293685381032,,RBM4
ENSG00000188295,13.802302846743201,-0.12243601246592109,0.111619525649998,-1.0969049702812752,0.2726829358026912,0.5846293685381032,,ZNF669
ENSG00000156515,9.294307774077703,-0.10849057156636438,0.0989112938813142,-1.0968471577830592,0.2727082115436884,0.5846293685381032,,HK1
ENSG00000143970,9.00066215460335,0.11198963802205676,0.10214081205389922,1.096424003002447,0.27289326447040174,0.5848012462286549,,ASXL2
ENSG00000141428,7.672193930154798,-0.12376872620309277,0.11293455688157109,-1.0959331636009602,0.2731080246358364,0.5849538926611367,,C18orf21
ENSG00000087302,84.3664220516192,0.041022155495812625,0.03743642962341269,1.0957817267423768,0.273174307117934,0.5849538926611367,,RTRAF
ENSG00000257923,14.354748550935064,-0.10705492473422003,0.09774804134215168,-1.0952129911175517,0.2734233355595388,0.5851258375410117,,CUX1
ENSG00000165355,12.780702512406222,-0.10848812282922081,0.09908736486816005,-1.0948734278438919,0.2735720918207487,0.5851258375410117,,FBXO33
ENSG00000118246,7.994394471832796,-0.11034390639943759,0.10080105077657556,-1.0946701998574764,0.2736611486253552,0.5851258375410117,,FASTKD2
ENSG00000168872,8.591053659606288,0.10699380458289699,0.09774336521223534,1.094640074552126,0.2736743515615062,0.5851258375410117,,DDX19A
ENSG00000133872,201.13470474303,-0.05676711030662624,0.05187516309195425,-1.0943023004284438,0.273822416722985,0.5852180128966519,,SARAF
ENSG00000067596,11.256810673638016,-0.10843120362530123,0.09918344322920826,-1.093238952944211,0.2742888984176486,0.5859903822133367,,DHX8
ENSG00000116752,45.75912434759607,-0.07900838604911706,0.07235569093238509,-1.0919443243648765,0.2748575736705329,0.5869320670694542,,BCAS2
ENSG00000125772,22.824668603444138,-0.08606899794116452,0.07883535216597114,-1.0917563704157047,0.27494020071474434,0.5869320670694542,,GPCPD1
ENSG00000141682,126.48398103066798,-0.08661566162793342,0.07936779756636649,-1.091319959527746,0.2751321181143781,0.5870207050677276,,PMAIP1
ENSG00000118058,32.836095723365936,-0.0861667147841652,0.07896631293500055,-1.0911832094160394,0.2751922745780201,0.5870207050677276,,KMT2A
ENSG00000169682,9.25810251934018,-0.09867153100972549,0.09053690905192929,-1.0898486820787137,0.2757798053374577,0.588049022776927,,SPNS1
ENSG00000228253,19.09457258526292,-0.12694636875057314,0.11650773706991359,-1.089596038367783,0.2758911289597604,0.5880615195258502,,MT-ATP8
ENSG00000185129,8.470772368381365,0.12024414522989257,0.110395564229643,1.0892117456799506,0.2760605204758212,0.5881977310558575,,PURA
ENSG00000156875,11.402232994061198,-0.11392206013460024,0.104618698247048,-1.088926377821899,0.27618635302085304,0.5882410635768818,,MFSD14A
ENSG00000183696,8.196647516848708,0.1274643054443778,0.11721725552610356,1.087419295668395,0.2768515474118357,0.5892477154906544,,UPP1
ENSG00000100079,11.845454265287907,-0.11182222329076809,0.102836687257313,-1.0873767550579678,0.2768703397750205,0.5892477154906544,,LGALS2
ENSG00000099875,24.126215258562937,0.10008669338036626,0.0920671777992346,1.0871050440866052,0.27699038891479866,0.5892782940056914,,MKNK2
ENSG00000133639,1408.5255037174684,0.06982719185898896,0.06424899073012223,1.086821614868597,0.2771156532803256,0.5893199400042317,,BTG1
ENSG00000140379,42.26308185669585,-0.10574444803283359,0.09737843043857279,-1.0859124300585041,0.27751773702409543,0.5898206404434385,,BCL2A1
ENSG00000140577,17.018688321400607,0.08376841738194839,0.07715817165804463,1.0856713628881662,0.27762441473444743,0.5898206404434385,,CRTC3
ENSG00000034677,50.040079038642894,0.08686316945611876,0.08001604371747002,1.0855719105886485,0.27766843277690567,0.5898206404434385,,RNF19A
ENSG00000232490,17.542463079268032,-0.12492192464180564,0.11510323580786176,-1.0853033258798555,0.27778733334594274,0.589839306886192,,OSBPL10-AS1
ENSG00000114902,125.22986230855024,0.03544130688189411,0.03267177103646003,1.0847684639545072,0.27802421622385587,0.589839306886192,,SPCS1
ENSG00000157734,33.388048406316216,0.07224061986231194,0.06659603507086631,1.0847585713689876,0.27802859880670383,0.589839306886192,,SNX22
ENSG00000163513,22.040088763246352,0.08584286595028838,0.07915740358948886,1.0844578277917047,0.2781618557506267,0.589839306886192,,TGFBR2
ENSG00000079459,36.39887305801295,-0.0665149156648244,0.0613413223153117,-1.0843410796219712,0.27821359759274444,0.589839306886192,,FDFT1
ENSG00000196419,65.40460849859026,0.04591398605838021,0.042351415101456444,1.0841192897188754,0.27831191112223297,0.589839306886192,,XRCC6
ENSG00000138032,23.43416551690486,-0.07491574531754439,0.06915066978981615,-1.0833697713305048,0.278644327521978,0.5902923636746406,,PPM1B
ENSG00000064313,7.90303452728375,-0.11784804548231373,0.10880021886633955,-1.0831600038147846,0.2787374091741981,0.5902923636746406,,TAF2
ENSG00000175455,16.302523415985895,0.08276850601771443,0.07647998422944592,1.0822244127221896,0.27915282331773306,0.5909476624220499,,CCDC14
ENSG00000108465,32.8387885394181,-0.055460062760507085,0.05128026648486525,-1.0815088641724484,0.2794708198221366,0.5913963154945859,,CDK5RAP3
ENSG00000254087,57.61235791204954,-0.07735646352703945,0.0715598386535488,-1.081003884057852,0.27969538590673515,0.5915718651512492,,LYN
ENSG00000151923,25.236357624452843,0.06835720618795589,0.06324421291346831,1.0808452353021336,0.27976596276969945,0.5915718651512492,,TIAL1
ENSG00000108219,7.923547106812537,0.1176353510727822,0.10892580677642048,1.079958501608703,0.28016066011567864,0.5921818956804489,,TSPAN14
ENSG00000140968,117.61930913714752,0.07032430933425803,0.06517073522553708,1.0790780415609231,0.28055293912920065,0.5927622671973529,,IRF8
ENSG00000137161,65.63251781612193,-0.04733491123262121,0.04387472439104423,-1.0788651527639745,0.2806478453014727,0.5927622671973529,,CNPY3
ENSG00000235162,27.681291230690313,0.0782404480098353,0.07257707781361898,1.0780324913433426,0.28101925650825343,0.5929665232387329,,C12orf75
ENSG00000120699,27.89959693274906,0.06495199306280282,0.060253083133291044,1.0779862155620636,0.28103990774701415,0.5929665232387329,,EXOSC8
ENSG00000236778,9.093584910956885,-0.10834218224743372,0.10051829485801166,-1.0778354567243087,0.28110719321075106,0.5929665232387329,,INTS6-AS1
ENSG00000163737,32.39267323609956,-0.08828869935621787,0.0819373288915116,-1.0775149806642554,0.28125026181818935,0.5929665232387329,,PF4
ENSG00000111711,9.696880371950437,-0.11740229492267225,0.10896242051759937,-1.0774567448573675,0.2812762650585453,0.5929665232387329,,GOLT1B
ENSG00000176953,20.32782171287663,0.0848140130441861,0.07875601642571971,1.076921064490103,0.2815155316401564,0.5932466381048799,,NFATC2IP
ENSG00000122484,12.817867982703806,0.10203426599507896,0.09476872868334604,1.0766659784580366,0.28162951669851277,0.5932626313225944,,RPAP2
ENSG00000172081,20.533416424643953,0.10358012673539095,0.09626272754192701,1.0760148749190268,0.2819206039247434,0.5936515436119219,,MOB3A
ENSG00000162695,9.610848710037272,0.11040927662024468,0.1026890184055556,1.0751809524967804,0.282293721503701,0.5942128316740797,,SLC30A7
ENSG00000164654,9.655662858295381,-0.10208415972448383,0.09499343688453547,-1.0746443446252727,0.2825339901496178,0.5943555455783119,,MIOS
ENSG00000181924,15.905156732164471,0.087002234084811,0.08096960952210708,1.074504799989888,0.2825964946092776,0.5943555455783119,,COA4
ENSG00000231925,102.21411672545356,0.04705128330149361,0.04379652242224166,1.074315509525456,0.28268129606773373,0.5943555455783119,,TAPBP
ENSG00000214046,30.922741056908325,-0.06262421569690133,0.05833019573840847,-1.0736157303114515,0.282994944416774,0.5947907312732498,,SMIM7
ENSG00000122122,21.44323155777354,-0.07442410922969492,0.06935538972529125,-1.0730832819840002,0.2832337512326255,0.5950683484827128,,SASH3
ENSG00000185624,35.60772361004864,0.05418658226268493,0.050542947319843545,1.072089878727964,0.28367966444754256,0.5955489706470296,,P4HB
ENSG00000205744,12.933081302102458,0.08018589889568636,0.0748045003062926,1.0719395032031391,0.2837472055652114,0.5955489706470296,,DENND1C
ENSG00000121879,13.84571078580479,-0.11787696001790444,0.10997421551492165,-1.0718599761405938,0.28378292952101103,0.5955489706470296,,PIK3CA
ENSG00000139291,24.349245808126682,-0.07046184810651651,0.06576467553170676,-1.0714239451017307,0.2839788509749138,0.5956782945512392,,TMEM19
ENSG00000116679,11.27371530730247,0.10301906518373548,0.09616739021673607,1.0712473838746954,0.2840582111211881,0.5956782945512392,,IVNS1ABP
ENSG00000157106,24.66767340852977,-0.08648193717641828,0.08091440037235648,-1.0688077372932483,0.28515631218044124,0.5972651176956069,,SMG1
ENSG00000181481,10.927651123393334,-0.08800340015015577,0.08233984348309438,-1.068782698964253,0.2851675969596923,0.5972651176956069,,RNF135
ENSG00000089289,56.391375710904,0.04387564192152292,0.04105288056246786,1.0687591545436093,0.28517820870968913,0.5972651176956069,,IGBP1
ENSG00000103479,21.330923190256023,-0.07141316030134297,0.06682779754356424,-1.0686146024008885,0.2852433659295913,0.5972651176956069,,RBL2
ENSG00000137944,8.350826010803674,0.10350082365884777,0.09694364183623276,1.0676391117397064,0.2856833338201279,0.59767312353241,,KYAT3
ENSG00000185862,244.20782872724243,-0.044880966932251506,0.042043591657948874,-1.0674865101294502,0.28575220199311535,0.59767312353241,,EVI2B
ENSG00000164649,52.88170481264327,0.07690709059235853,0.07204615696361441,1.0674697143277059,0.2857597825210554,0.59767312353241,,CDCA7L
ENSG00000167792,30.51977106433676,0.05582099844822534,0.05235182046797883,1.0662666159311203,0.28630313612923786,0.5984363768335907,,NDUFV1
ENSG00000171161,7.327593460156408,0.11746375763724319,0.11019589529804538,1.0659540205153788,0.28644442729909125,0.5984363768335907,,ZNF672
ENSG00000076053,35.34469169498552,0.06896376726748131,0.06469705858248785,1.0659490366096547,0.28644668037461507,0.5984363768335907,,RBM7
ENSG00000233016,111.14230845206885,0.08577317508507308,0.08050204476573461,1.0654782165431667,0.2866595780979512,0.5986568567319009,,SNHG7
ENSG00000145293,11.245713757674054,0.0907315376053348,0.08518524005013037,1.0651086684963322,0.28682675697391624,0.598781728523608,,ENOPH1
ENSG00000068308,12.076761403606639,-0.09528218253931925,0.08948805342659548,-1.0647475153482528,0.28699020169386524,0.5988137241480613,,OTUD5
ENSG00000112079,12.831235238510352,0.10501914754258845,0.09864655526223026,1.0646002515082058,0.28705686596982927,0.5988137241480613,,STK38
ENSG00000140374,22.046239301409678,-0.07047733490254841,0.06621841636488367,-1.0643162245710742,0.28718547050286003,0.5988579594330394,,ETFA
ENSG00000196511,8.89159115659496,-0.10985683514781802,0.10330482190001647,-1.0634240796053345,0.2875896776303942,0.599476651389562,,TPK1
ENSG00000196323,22.67232835489757,-0.0806064856743453,0.07582836160139488,-1.0630123607057143,0.2877763458828744,0.5996415936632689,,ZBTB44
ENSG00000072818,88.72314486065905,0.05083368358724746,0.04789691583753551,1.0613143393130644,0.28854707127357704,0.600822768409987,,ACAP1
ENSG00000144746,117.34467810689605,0.0582650024769076,0.0549034107139932,1.0612273758442048,0.2885865810783471,0.600822768409987,,ARL6IP5
ENSG00000186517,41.82967711168448,-0.06135191073527742,0.057836312392408856,-1.0607853128500977,0.2887874783737917,0.600822768409987,,ARHGAP30
ENSG00000264247,11.07208894148918,-0.09746478539570275,0.09189732913526577,-1.0605834392884488,0.2888792519617853,0.600822768409987,,ZNF407-AS1
ENSG00000099331,18.103589521184308,-0.08909405406160884,0.08400522977331983,-1.0605774700220536,0.28888196594461535,0.600822768409987,,MYO9B
ENSG00000160948,73.21105294422766,0.046228465980446436,0.04364835297763273,1.0591113484656767,0.28954907222127135,0.6019856922840452,,VPS28
ENSG00000149925,167.14983152222925,0.03551708052175303,0.033584103190944924,1.0575563182324097,0.2902577661047,0.6030449641619824,,ALDOA
ENSG00000117000,9.971281971602249,0.11745686308973201,0.11106834340335778,1.057518816708858,0.2902748715586013,0.6030449641619824,,RLF
ENSG00000169446,9.589311159273416,0.11052432693563877,0.10465876972877014,1.0560445839566965,0.290947846330068,0.6041819531505535,,MMGT1
ENSG00000137815,88.1101470282821,-0.0440462437674077,0.04171656679186823,-1.0558453668338208,0.29103886767618126,0.6041819531505535,,RTF1
ENSG00000171443,11.251110101191312,0.08945502675468818,0.08475157680798942,1.0554969019320402,0.29119812565391046,0.6042875878847058,,ZNF524
ENSG00000185122,19.113143537212952,0.06926599699569383,0.06571800003844187,1.0539882065062318,0.2918883166257972,0.6054945139529185,,HSF1
ENSG00000188895,9.325857412533459,-0.10207748726865723,0.09690998746340584,-1.0533226754074516,0.29219312982335566,0.6059014101506252,,MSL1
ENSG00000148719,10.76349465873153,0.09743907822834078,0.09254266650822203,1.0529097756188353,0.29238234534222074,0.6060683857353989,,DNAJB12
ENSG00000127884,27.294798089719865,0.07289572109609876,0.06930964446437118,1.0517399369083624,0.2929188826055025,0.6067846154820419,,ECHS1
ENSG00000178719,15.487605775534014,0.0753817363214441,0.07168131665071857,1.0516232101142415,0.2929724546670618,0.6067846154820419,,GRINA
ENSG00000134255,26.41871427708157,-0.0803215483112707,0.07639159552862779,-1.0514448317965837,0.293054334557593,0.6067846154820419,,CEPT1
ENSG00000100697,18.282066595307988,-0.08567704841343611,0.08150606766679526,-1.0511738679835743,0.2931787427773982,0.6068168781465375,,DICER1
ENSG00000090989,14.826594008669431,-0.08813260277792821,0.0839426598282681,-1.0499143457954752,0.29375749526647776,0.6076666500191975,,EXOC1
ENSG00000124795,77.7724138609807,-0.049408699810453933,0.04706459497370769,-1.0498061193994286,0.2938072612000998,0.6076666500191975,,DEK
ENSG00000137601,6.904476136006569,0.1164829607975897,0.11098523405771103,1.0495356592843685,0.2939316520716969,0.6076985138864598,,NEK1
ENSG00000005339,19.81290448008066,-0.09097229307329695,0.0868576637845556,-1.0473720925645362,0.2949279977857029,0.6093766307807917,,CREBBP
ENSG00000155621,6.938599965261849,0.11345435250063107,0.10835291223590357,1.0470817088295767,0.29506189464933497,0.6093766307807917,,C9orf85
ENSG00000257764,19.188842476855214,0.10506678068142773,0.10035725789109623,1.0469275754369662,0.2951329825892093,0.6093766307807917,,ENSG00000257764
ENSG00000176095,7.755368400317573,0.12555292274843516,0.1199369202472226,1.0468246348967143,0.29518046623725225,0.6093766307807917,,IP6K1
ENSG00000144118,19.40035633799287,0.07253301774563214,0.06937889652477498,1.0454622569520235,0.29580937584630684,0.6103267392870919,,RALB
ENSG00000066777,11.399661018622204,-0.1070351027839916,0.10240858571122065,-1.0451770429270173,0.2959411516373577,0.6103267392870919,,ARFGEF1
ENSG00000066084,11.160845313498465,0.10441721561887768,0.09990962888051501,1.0451166397960845,0.2959690643888624,0.6103267392870919,,DIP2B
ENSG00000087191,50.444467680695105,0.04991273796693722,0.047774056480188384,1.0447665876485857,0.29613086087644824,0.610434632254002,,PSMC5
ENSG00000189266,8.050911036893638,-0.1984403519234295,0.19005026464530295,-1.0441466750587547,0.29641753390856096,0.6107872871956886,,PNRC2
ENSG00000120733,7.654093811760426,0.11292529410917011,0.10817396892164025,1.0439229995431865,0.2965210162192843,0.6107872871956886,,KDM3B
ENSG00000077232,47.81497813773851,0.07108920230850152,0.06813368871424345,1.0433781533046547,0.2967731876178489,0.6110809801171069,,DNAJC10
ENSG00000149357,90.62004882693705,-0.04052583092798298,0.03886225167814998,-1.042807073136432,0.29703765479460664,0.6113997649076142,,LAMTOR1
ENSG00000164346,114.1432358826247,0.0499874747295517,0.047961331622869224,1.0422453472020854,0.29729794372081997,0.611709717412285,,NSA2
ENSG00000107242,7.864798287762057,0.11721770412911713,0.11252579338101801,1.0416963134151125,0.2975524987469206,0.6119271540608284,,PIP5K1B
ENSG00000005889,24.50973830580915,-0.07450647911586884,0.071534638403337,-1.041544079607638,0.29762310649443446,0.6119271540608284,,ZFX
ENSG00000145734,54.93736949830395,-0.07635672446119107,0.0733689760654068,-1.0407222310574538,0.29800448245385236,0.6124839073435115,,BDP1
ENSG00000165943,21.24749227208163,-0.0931699070574788,0.0895470248127606,-1.0404578739750818,0.2981272258041977,0.6124839073435115,,MOAP1
ENSG00000111530,25.46685979325605,-0.07100814608833426,0.06826060614468431,-1.0402507404904417,0.298223423320953,0.6124839073435115,,CAND1
ENSG00000139233,35.77806266977507,-0.06749618664211103,0.06493791418577498,-1.0393956672063307,0.2986207582916671,0.6130741341068983,,LLPH
ENSG00000156873,9.552612158647301,-0.09219823111735939,0.08879295114266555,-1.0383507917111856,0.299106770076103,0.6136539115364239,,PHKG2
ENSG00000186577,23.296141406367784,0.06670455101795225,0.06424760066145468,1.038241900572197,0.2991574498885381,0.6136539115364239,,SMIM29
ENSG00000105778,9.206307044816603,0.1098470828598868,0.10581766154810006,1.0380789109571764,0.29923331877107906,0.6136539115364239,,AVL9
ENSG00000169223,39.05403589535082,0.06130860437833357,0.059084671459420715,1.0376397611086026,0.29943779941961657,0.6136745200137205,,LMAN2
ENSG00000167077,10.935348470571506,-0.08883505194354953,0.08562507302945657,-1.0374887728619941,0.29950812536800786,0.6136745200137205,,MEI1
ENSG00000205352,145.48030602914287,0.041782488676171334,0.040292553920945225,1.0369779180081111,0.29974614844909175,0.6136745200137205,,PRR13
ENSG00000171867,16.749055010440344,-0.09737178464110346,0.09394188359979973,-1.0365108821525806,0.29996386526432417,0.6136745200137205,,PRNP
ENSG00000135829,24.39853130015369,-0.0804792831420069,0.07765651235826075,-1.0363494406074223,0.300039148542095,0.6136745200137205,,DHX9
ENSG00000196504,49.04884559236796,-0.05574819306567668,0.05379529237481561,-1.036302445895346,0.3000610654415399,0.6136745200137205,,PRPF40A
ENSG00000108061,86.34673356207871,-0.05981553389840997,0.05772716184999454,-1.0361765931580373,0.3001197645740523,0.6136745200137205,,SHOC2
ENSG00000100242,26.866354670169468,-0.08231977926049355,0.07944637083015338,-1.036167900437934,0.3001238192391348,0.6136745200137205,,SUN2
ENSG00000223547,8.075085289621354,-0.12694558818597398,0.12256965196754255,-1.0357016288142045,0.3003413622490233,0.6138942213711708,,ZNF844
ENSG00000074071,35.22094597172708,0.06900497291920919,0.06668005785830067,1.0348667223092265,0.3007311575514855,0.6144657143668315,,MRPS34
ENSG00000169220,9.96589166469668,-0.09764835775225675,0.09438057358685636,-1.0346234827911183,0.3008447828935563,0.6144727140712344,,RGS14
ENSG00000272994,9.347486951310358,-0.09738844731987771,0.094157597732857,-1.0343132117302658,0.30098976242531394,0.6145437258453132,,C2orf49-DT
ENSG00000115306,23.875216016951107,-0.09452680078310295,0.09144686471780217,-1.0336800619114195,0.3012857570223241,0.6149229067190626,,SPTBN1
ENSG00000004700,22.799033186464065,0.08628167849427615,0.08351349061798954,1.0331465953081636,0.30153530060094136,0.6150583949680581,,RECQL
ENSG00000108587,18.240625696459063,-0.08141099863056821,0.07880518208640752,-1.033066563329598,0.30157274961310454,0.6150583949680581,,GOSR1
ENSG00000139990,9.922551052140431,-0.09662860732645703,0.09356780394959387,-1.0327121429344657,0.3017386292099895,0.6150851662115495,,DCAF5
ENSG00000105355,12.13994873930642,-0.08259492526737991,0.07998988059116671,-1.0325671779600192,0.30180649475516486,0.6150851662115495,,PLIN3
ENSG00000181035,10.689084672922327,0.10293394206843842,0.09975861244759426,1.031830130180612,0.30215170178991946,0.6154581251376922,,SLC25A42
ENSG00000182199,25.31291397852149,-0.06513309556392517,0.06314016353336215,-1.0315636184488182,0.30227659108327054,0.6154581251376922,,SHMT2
ENSG00000112983,9.907662699878392,0.1136862821646004,0.11023923056678635,1.0312688285294747,0.3024147717349729,0.6154581251376922,,BRD8
ENSG00000104325,29.606991339908667,-0.06102792399038005,0.05917949903373911,-1.0312342109484083,0.30243100123337097,0.6154581251376922,,DECR1
ENSG00000108590,9.818058918896769,0.10497474861993669,0.10182583274974844,1.0309245285322357,0.30257621307059557,0.6155289909090262,,MED31
ENSG00000137947,21.437454691575123,-0.09932256157099174,0.09645598079699758,-1.0297190568206154,0.3031419071204532,0.6160008080598515,,GTF2B
ENSG00000173041,7.814252108170805,-0.1101798528125996,0.10701552567088968,-1.0295688604234992,0.30321243930037367,0.6160008080598515,,ZNF680
ENSG00000166435,14.469739915640476,-0.15655088899879752,0.1520623934756631,-1.0295174593832286,0.303236579717604,0.6160008080598515,,XRRA1
ENSG00000111796,17.558143107313892,-0.11699885145906432,0.11364752216830697,-1.0294888021033506,0.30325003911841686,0.6160008080598515,,KLRB1
ENSG00000170632,10.742407035059585,0.09619101058813495,0.0934700861703561,1.029110109225959,0.3034279362533612,0.6161377176069709,,ARMC10
ENSG00000183283,167.25465529680625,-0.0398144303266169,0.03870441433435386,-1.0286793124596592,0.30363039434774064,0.6163243825566079,,DAZAP2
ENSG00000136827,8.6340639364394,0.10333667452288231,0.10048397824260924,1.0283895634922564,0.3037666158182645,0.61637651011741,,TOR1A
ENSG00000121931,12.29669949850443,0.10294851589134896,0.10018493176777571,1.0275848281254423,0.3041451639760403,0.6169201288942892,,LRIF1
ENSG00000169180,8.620968639131332,0.10906791167042972,0.10626153984257194,1.0264100429187781,0.3046983461585605,0.6178174466109575,,XPO6
ENSG00000132507,115.46616893123179,0.09805781258579224,0.09559911369008295,1.0257188461357498,0.3050241283682069,0.6181564522361669,,EIF5A
ENSG00000148730,14.870317864514925,-0.08232994643995344,0.08027608588310389,-1.0255849613774184,0.3050872590663435,0.6181564522361669,,EIF4EBP2
ENSG00000141279,12.202729652710744,-0.08915136794568593,0.08699788170739055,-1.0247533180812198,0.3054795981144711,0.6187265670491431,,NPEPPS
ENSG00000247240,7.64146862808057,-0.10972307281821998,0.10714146101295872,-1.024095357491429,0.30579023699197416,0.6189396556918024,,UBL7-DT
ENSG00000143155,14.172333830051576,0.07524154652592745,0.07348998596577715,1.0238340031928426,0.30591368668965246,0.6189396556918024,,TIPRL
ENSG00000185187,25.591605667267622,-0.06635933264703482,0.06481509476188085,-1.0238252816080455,0.3059178068663213,0.6189396556918024,,SIGIRR
ENSG00000112739,75.87897942588368,-0.07901425037811151,0.07726374825905094,-1.0226561894614725,0.3064704324078664,0.6198328368176508,,PRP4K
ENSG00000164081,25.475924075469457,-0.06003183494027305,0.05871898465754349,-1.0223581911435675,0.30661140084458915,0.6198931004747749,,TEX264
ENSG00000165156,8.685859292890331,-0.11406912412492888,0.11160550920865861,-1.022074312762323,0.30674572977894543,0.6199399018656759,,ZHX1
ENSG00000117133,33.22385608045892,-0.06149991167485792,0.06020554228294739,-1.0214991733788792,0.3070180005331915,0.6202237601553676,,RPF1
ENSG00000148634,17.913362231321056,0.09220337413407835,0.09027971440249621,1.0213077737818912,0.307108644510217,0.6202237601553676,,HERC4
ENSG00000167766,15.63979848428726,-0.08920973307671697,0.08737989662639627,-1.02094116062124,0.3072823164806968,0.6203498177756573,,ZNF83
ENSG00000047315,36.477141525739974,-0.06406589591495596,0.06281285502396818,-1.0199487969542165,0.30775274513599726,0.6207534514394654,,POLR2B
ENSG00000155093,9.668874823596957,-0.11672427977990878,0.11447601861743882,-1.0196395820681299,0.3078994253808449,0.6207534514394654,,PTPRN2
ENSG00000225921,60.54840835864456,-0.05254441954101047,0.05153613274985875,-1.0195646575975277,0.30793497377392187,0.6207534514394654,,NOL7
ENSG00000140943,13.405662671790518,-0.09656868478129639,0.09473543568156981,-1.0193512499999327,0.3080362412534583,0.6207534514394654,,MBTPS1
ENSG00000104442,11.597084308802469,-0.08660240395381472,0.08495881719773903,-1.0193456878319092,0.3080388809420733,0.6207534514394654,,ARMC1
ENSG00000181610,13.003026735638034,0.0804487048017615,0.07906603933201561,1.017487476057069,0.3089215871089601,0.6223073590027318,,MRPS23
ENSG00000143436,28.17722044736879,-0.055024973576030825,0.05416385025112392,-1.0158984880305668,0.3096777289449274,0.6236052786554407,,MRPL9
ENSG00000166398,23.35103509382129,-0.07350580370945374,0.07240432319987884,-1.0152129107889616,0.3100043475453289,0.6240376324594781,,GARRE1
ENSG00000168556,9.969437826646077,-0.1007435986544551,0.09933551207047228,-1.0141750573851562,0.3104992281507424,0.624808262781862,,ING2
ENSG00000116741,158.2136741330951,0.13360072351247765,0.1319324880736877,1.012644614402013,0.3112299416157652,0.6260527252703849,,RGS2
ENSG00000105835,14.778971809236884,-0.10304101372798972,0.10180050486596107,-1.012185684772998,0.31144927948319845,0.6262680066348051,,NAMPT
ENSG00000183508,31.35714661181443,-0.09795220860249693,0.09680992555671318,-1.0117992348327403,0.311634055914923,0.6264136610604221,,TENT5C
ENSG00000126870,12.673721292232425,-0.11304415941215398,0.1117713108496416,-1.0113879720371595,0.3118307756898413,0.6265832090978577,,DYNC2I1
ENSG00000242265,8.299754454123725,-0.17590599729516646,0.1740336097034665,-1.0107587700725755,0.31213190093058807,0.6267873637504509,,PEG10
ENSG00000115514,11.961665156887648,0.09528950482056636,0.09428710551230453,1.010631350944706,0.31219290485927687,0.6267873637504509,,TXNDC9
ENSG00000086712,15.745999163875846,0.09273539261569712,0.09177440644977132,1.0104711782195153,0.31226960123722247,0.6267873637504509,,TXLNG
ENSG00000111554,7.873676830654435,-0.10564116477707634,0.10464430843990861,-1.0095261400455446,0.31272237171467576,0.6274702931561829,,MDM1
ENSG00000147679,14.75854691365339,-0.08933408501596872,0.08854419914628468,-1.008920808785893,0.3130126147084752,0.6276458660961713,,UTP23
ENSG00000142188,14.92158804035893,-0.08346506510869219,0.08273335862349195,-1.0088441530402523,0.3130493820973038,0.6276458660961713,,TMEM50B
ENSG00000144228,8.47427459081691,-0.12025538236821791,0.11922533618593266,-1.0086394906924723,0.313147560882272,0.6276458660961713,,SPOPL
ENSG00000178035,34.76473987073856,-0.06063978817264547,0.06015837848851673,-1.0080023713441781,0.31345332382221824,0.6277449258835174,,IMPDH2
ENSG00000183726,49.25642054926376,0.04889390420566817,0.04852029965075031,1.0076999638833037,0.3135985223518143,0.6277449258835174,,TMEM50A
ENSG00000151135,10.995860919918671,0.11196400316650086,0.11110994678413703,1.0076865879885901,0.31360494570293684,0.6277449258835174,,TMEM263
ENSG00000168610,39.23877387100326,0.07099322528887812,0.07049269763285647,1.0071004185231855,0.31388652011397045,0.6277449258835174,,STAT3
ENSG00000170832,8.009795324231844,0.10147784393712193,0.1007715639934264,1.0070087226565383,0.3139305825001233,0.6277449258835174,,USP32
ENSG00000171067,11.565710355364113,-0.12833929322653184,0.12747250806529573,-1.006799781179422,0.31403099982592053,0.6277449258835174,,C11orf24
ENSG00000125703,11.837863101987352,0.08676125002152588,0.08617787323620718,1.0067694497834694,0.31404557885836404,0.6277449258835174,,ATG4C
ENSG00000121691,32.48474115845788,0.06553821299526655,0.06512953160450315,1.0062749014263623,0.314283350360794,0.6277449258835174,,CAT
ENSG00000185753,11.87140347420709,-0.09833475009219968,0.0977861094678044,-1.005610619211473,0.3146029136398304,0.6277449258835174,,CXorf38
ENSG00000263753,14.96712747023733,-0.074999602459913,0.07458262731769673,-1.005590781086862,0.3146124603616922,0.6277449258835174,,LINC00667
ENSG00000197930,8.681401987838052,-0.09960242952811264,0.09905366709010269,-1.005540051712682,0.3146368737787171,0.6277449258835174,,ERO1A
ENSG00000133703,31.631477642802984,-0.0851377462843745,0.08469620787556689,-1.0052132016282984,0.31479419963543165,0.6277449258835174,,KRAS
ENSG00000102144,82.59710577001186,0.038122311975305086,0.03792980874857537,1.0050752490740398,0.31486061716404634,0.6277449258835174,,PGK1
ENSG00000186469,18.191359831809617,0.0784089203200011,0.07801320319295928,1.0050724378803297,0.3148619707145368,0.6277449258835174,,GNG2
ENSG00000171984,14.369756768550378,-0.08590131232163079,0.08550108062686412,-1.0046810132905022,0.3150504735235883,0.6277449258835174,,SHLD1
ENSG00000185344,6.7809437492756865,-0.11126680817051322,0.11075812347713847,-1.0045927529052057,0.3150929883292265,0.6277449258835174,,ATP6V0A2
ENSG00000138796,8.480644032057786,-0.0979860056461352,0.09754994837875576,-1.0044700922412215,0.3151520799226646,0.6277449258835174,,HADH
ENSG00000204514,10.041518879723736,-0.09334619918074638,0.09296167162875302,-1.0041364096111458,0.31531286788122603,0.6277449258835174,,ZNF814
ENSG00000169249,42.726177503271884,-0.059060551379340506,0.058838478921471205,-1.0037742725838594,0.31548742781672123,0.6277449258835174,,ZRSR2
ENSG00000213722,40.95009309227219,0.0664907807765474,0.06624702179655477,1.0036795462404517,0.31553309897240656,0.6277449258835174,,DDAH2
ENSG00000049860,11.219262412771407,0.09417769884397068,0.09383787906027861,1.003621349790672,0.31556115983706945,0.6277449258835174,,HEXB
ENSG00000162739,10.711418827135866,0.09900387146337372,0.0987215789372614,1.0028594814745793,0.31592866475803993,0.6280823331325991,,SLAMF6
ENSG00000173875,27.52340500327534,0.08540747774156811,0.08516890079679185,1.0028012213677089,0.31595677943850486,0.6280823331325991,,ZNF791
ENSG00000114648,8.693317800992823,-0.11393162908791989,0.1136532274172903,-1.0024495711820607,0.31612651075498155,0.6280823331325991,,KLHL18
ENSG00000023287,31.060404009648042,-0.07654999423684854,0.07639997066800133,-1.001963660032006,0.3163611444106166,0.6280823331325991,,RB1CC1
ENSG00000115310,39.54756333371584,-0.04843640232399964,0.04834421814829569,-1.0019068293838402,0.31638859389243956,0.6280823331325991,,RTN4
ENSG00000157020,12.541967277522728,0.08093296329155504,0.08078193943628834,1.001869524999283,0.316406612942875,0.6280823331325991,,SEC13
ENSG00000125445,30.88437665058242,0.055506976709734784,0.05542580077535613,1.0014645874889145,0.31660225230229966,0.6282470316148124,,MRPS7
ENSG00000179029,26.22259720367177,0.10307392886199035,0.10305362101972437,1.0001970609287187,0.3172151513079726,0.6292393040530969,,TMEM107
ENSG00000106367,11.143809358672824,0.08988123678067408,0.08990531014410293,0.999732236467565,0.31744010708344994,0.6294616063646219,,AP1S1
ENSG00000069849,23.174107329381833,0.07673251352208059,0.07681394260325168,0.9989399179574511,0.31782379742302747,0.6299983983045863,,ATP1B3
ENSG00000111669,101.18713163042383,-0.04048788587791931,0.04055392073336223,-0.9983716776516603,0.3180991621087136,0.6303201591749066,,TPI1
ENSG00000137509,17.787332574823346,0.08460655564308715,0.0847688980766108,0.9980848821064429,0.31823820026120975,0.6303716535191849,,PRCP
ENSG00000055163,31.503714594262696,0.0662163203909893,0.06642598763593424,0.9968435961224383,0.3188404332517737,0.631115342082366,,CYFIP2
ENSG00000072803,20.425994168675995,0.07706980401047621,0.07731511220252064,0.9968271637322096,0.31884841073248293,0.631115342082366,,FBXW11
ENSG00000110768,9.988620018982298,0.10485798947856763,0.10523281035816116,0.996438174763956,0.31903729250792556,0.631115342082366,,GTF2H1
ENSG00000114978,68.07043294612633,0.05515636947816422,0.055356856560075704,0.9963782791442665,0.31906638259149744,0.631115342082366,,MOB1A
ENSG00000136522,26.313685755476723,-0.07274627061084502,0.07311172118270112,-0.9950014776571479,0.3197355456765072,0.6322146818057461,,MRPL47
ENSG00000197766,13.562315704126828,0.09521958839603259,0.0957443266578456,0.9945193801018808,0.3199700750833203,0.6324541434472152,,CFD
ENSG00000055950,28.800941747476042,-0.05562476865932268,0.055965003662985846,-0.9939205756920517,0.3202615363094413,0.6325531489413961,,MRPL43
ENSG00000176915,17.425491116292743,-0.08595621640086984,0.08649644197193064,-0.9937543607720175,0.32034247029592144,0.6325531489413961,,ANKLE2
ENSG00000134717,33.42378410869658,0.06095129953299757,0.06133665583647694,0.9937173571296953,0.32036049006644596,0.6325531489413961,,BTF3L4
ENSG00000102575,28.135445478691633,-0.09540381028557773,0.09626947043697769,-0.9910079473017704,0.3216816996411005,0.634937046796027,,ACP5
ENSG00000115053,228.18683461636508,-0.053428071477134305,0.0539862723131748,-0.9896603189640069,0.32234017647332014,0.6359911473720401,,NCL
ENSG00000084070,102.30233244011755,-0.0895490598316916,0.09050403287570881,-0.9894482818756962,0.3224438618401645,0.6359911473720401,,SMAP2
ENSG00000081320,143.86749100159204,0.05553428366558884,0.05615294657437422,0.9889825388242812,0.3226716848770008,0.6361839949832819,,STK17B
ENSG00000189369,7.592217467315636,0.09737631924115302,0.09851635459740826,0.9884279583738756,0.322943100550267,0.6361839949832819,,GSPT2
ENSG00000065243,23.816540101829837,-0.08377995722727145,0.08476351516638057,-0.9883964470187614,0.32295852690305316,0.6361839949832819,,PKN2
ENSG00000100982,9.093227720106649,-0.10117503825708919,0.10237116292558676,-0.9883158046239348,0.3229980074959955,0.6361839949832819,,PCIF1
ENSG00000008294,14.10162075390203,-0.10569744018356776,0.10697807580281825,-0.9880289899622896,0.3231384506112004,0.6362358759209228,,SPAG9
ENSG00000053372,11.022569628806204,-0.08755016163587169,0.08865646597146762,-0.9875214478326717,0.3233870737937292,0.6365006436547244,,MRTO4
ENSG00000138069,26.67979840857798,-0.07677812138456987,0.07779300526586413,-0.9869540471174006,0.32366516669774803,0.6368232073065078,,RAB1A
ENSG00000250988,14.766402308470854,0.08047840833015317,0.0815867862624315,0.9864147372012776,0.32392963621325355,0.637077151126538,,SNHG21
ENSG00000214212,8.556281762531523,-0.0939217774081582,0.09523362573870735,-0.9862249460694852,0.32402274042232093,0.637077151126538,,C19orf38
ENSG00000174197,8.348978385218896,-0.107687483863414,0.10925540207623659,-0.985649055488089,0.3243053568056161,0.63729148347678,,MGA
ENSG00000116871,8.840388859838303,0.09266989124091944,0.09402983887712164,0.9855370629957223,0.32436033538506126,0.63729148347678,,MAP7D1
ENSG00000135972,9.755379661653457,0.09401644591916672,0.09543219014643323,0.9851649194564835,0.3245430691025094,0.6374259081773838,,MRPS9
ENSG00000171720,19.105337584564754,-0.06316906966861462,0.06414612878326664,-0.984768229460062,0.324737929653765,0.6375840477990823,,HDAC3
ENSG00000113658,8.485820341066459,-0.10441759851012503,0.10612314375292306,-0.983928621199077,0.32515060993772016,0.6381695885296472,,SMAD5
ENSG00000035403,12.040377539878845,-0.09386633353415226,0.0954995682690169,-0.9828979882897072,0.3256576480381542,0.6389398471008965,,VCL
ENSG00000165775,29.106253660705036,-0.052742207393222,0.053743664533713355,-0.9813660428781678,0.32641226532311074,0.6398868549935122,,FUNDC2
ENSG00000125753,44.96113841223683,0.05715408517973539,0.05824449654899492,0.9812787227314724,0.3264553123449556,0.6398868549935122,,VASP
ENSG00000099860,76.31147922919264,0.11910290431065788,0.12138255024928755,0.9812193273749161,0.3264845951320915,0.6398868549935122,,GADD45B
ENSG00000138071,82.80369346304268,-0.04573050930747607,0.046632180941096675,-0.9806641762099965,0.32675837536983754,0.6399415935032977,,ACTR2
ENSG00000113719,23.649871381066838,0.07501583869241628,0.07650305494947848,0.9805600409285049,0.3268097476859859,0.6399415935032977,,ERGIC1
ENSG00000166295,211.5983827006301,0.03591949712517328,0.03663517925531323,0.9804646204908044,0.32685682537614635,0.6399415935032977,,ANAPC16
ENSG00000103994,33.78587836592172,-0.06245950205893956,0.06376233648596608,-0.9795673355333635,0.32729973532664225,0.6405838273714838,,ZNF106
ENSG00000163848,27.176373285634195,-0.07610805467045027,0.07776797952826656,-0.978655420034245,0.32775026612168,0.6411175196255053,,ZNF148
ENSG00000083312,12.795736767272087,0.09143536428172629,0.09345525711506926,0.9783865253202833,0.3278831900378041,0.6411175196255053,,TNPO1
ENSG00000165732,113.69770608060297,0.06920207915562034,0.07073581369225652,0.9783174256917598,0.3279173540121846,0.6411175196255053,,DDX21
ENSG00000114316,11.349059010955399,0.08280285388032645,0.08467573433043857,0.9778817335931993,0.3281328204273025,0.6411189918274778,,USP4
ENSG00000141002,100.25465409747034,-0.05610534347075663,0.057376173057402155,-0.97785091756862,0.3281480636075361,0.6411189918274778,,TCF25
ENSG00000127445,40.479841139688666,-0.04648616203462115,0.04755780764544632,-0.9774664631554398,0.3283382730150928,0.6412659230585489,,PIN1
ENSG00000215252,8.78830952772612,-0.12138757134480112,0.12422450421049418,-0.9771628562035879,0.3284885335397343,0.6413347559585288,,GOLGA8B
ENSG00000197386,8.320328447272233,0.11897746537080828,0.12181982188233224,0.9766675367965202,0.3287337716991402,0.6415889082934567,,HTT
ENSG00000213689,17.024957731898247,0.07850482358832629,0.08043730556312868,0.9759753019911172,0.3290767036733806,0.6416252974045258,,TREX1
ENSG00000115271,23.69986247040092,0.08120968746256661,0.08322180043393365,0.9758222850157589,0.3291525393071757,0.6416252974045258,,GCA
ENSG00000152348,9.501278650425238,-0.1066988226355958,0.10936470670934019,-0.9756239087182892,0.3292508720031183,0.6416252974045258,,ATG10
ENSG00000105829,9.311789079636842,0.09539680477669032,0.09779419037086481,0.9754853986204816,0.32931954104276573,0.6416252974045258,,BET1
ENSG00000079263,60.74686547653281,0.052250032256609305,0.0535640210290102,0.9754688175540585,0.3293277620465841,0.6416252974045258,,SP140
ENSG00000108819,9.076929107297495,0.09432299261002429,0.09675384539045598,0.974875905235375,0.3296218193350021,0.6416956864976119,,PPP1R9B
ENSG00000005448,16.074600905190085,0.07640438457948805,0.0783885361858254,0.9746882426579085,0.32971492678019865,0.6416956864976119,,WDR54
ENSG00000112182,35.19561532569955,-0.09081950856494879,0.09319784269365351,-0.9744808027743471,0.32981786641342403,0.6416956864976119,,BACH2
ENSG00000204713,10.94201582501849,0.09117088431403646,0.0935596487582992,0.9744680054279186,0.3298242176295114,0.6416956864976119,,TRIM27
ENSG00000152404,63.391900285837,-0.06887536563120078,0.07086162300976676,-0.9719699141199148,0.3310655161495375,0.6438860544296551,,CWF19L2
ENSG00000058262,7.280586610311533,-0.1035350523925796,0.10660815246614891,-0.9711738736439963,0.33146170171735,0.6439053254112779,,SEC61A1
ENSG00000160213,68.52997835607619,0.06936724074689266,0.07142624413660434,0.9711730133006323,0.3314621300719207,0.6439053254112779,,CSTB
ENSG00000180398,13.627777294977049,-0.07430156410788916,0.07652394198000743,-0.9709583979259865,0.33156899565542763,0.6439053254112779,,MCFD2
ENSG00000214022,14.383302188474786,0.0881893482191651,0.09083537454627943,0.970870089540213,0.3316129744020193,0.6439053254112779,,REPIN1
ENSG00000126456,30.71640965932279,0.05566703556567494,0.05734198947751753,0.9707900976735503,0.331652814666641,0.6439053254112779,,IRF3
ENSG00000133313,26.431220533677127,0.06784681950389519,0.06993263673992103,0.9701739083028861,0.3319598139224693,0.6440777044844614,,CNDP2
ENSG00000119402,8.874211369790116,0.08942081716253703,0.0921723256023003,0.9701482150766672,0.3319726188465463,0.6440777044844614,,FBXW2
ENSG00000244038,30.514328009091752,-0.05202874281340623,0.05370514850462809,-0.9687850096703968,0.33265246736636367,0.6451722288816848,,DDOST
ENSG00000011304,27.169850332306584,-0.06261385277221924,0.0646671620958903,-0.968248037224421,0.3329205092634425,0.645278154267241,,PTBP1
ENSG00000100030,14.103299784486795,0.07890376714246532,0.08149431295315192,0.9682119436705257,0.33293853117411265,0.645278154267241,,MAPK1
ENSG00000213337,8.025063947894294,-0.092608550421103,0.09570266460640416,-0.9676695084925138,0.33320945091358833,0.6455788388791412,,ANKRD39
ENSG00000078902,10.853612125746277,0.08540686978770709,0.0883116835982469,0.9671072536250744,0.3334904197482431,0.645708379614229,,TOLLIP
ENSG00000106591,15.631862292164069,0.07461176122855614,0.07715220960912099,0.9670722537509217,0.33350791486531195,0.645708379614229,,MRPL32
ENSG00000198522,8.849024963361776,0.08930363573545781,0.09237624591523849,0.9667380921432984,0.3336749794665592,0.6458075964961938,,GPN1
ENSG00000189376,8.321001819113999,-0.09735186239569961,0.10074912002085394,-0.9662800268185853,0.33390407762932484,0.6460267650454946,,C8orf76
ENSG00000020426,18.543728080750263,-0.06933797719034447,0.07177933220031014,-0.9659880506668307,0.3340501603854018,0.6460832368967072,,MNAT1
ENSG00000131373,7.074497555499522,0.1029426492972059,0.10665381958462683,0.965203587627012,0.33444285037131893,0.6460832368967072,,HACL1
ENSG00000148296,8.63082975373403,-0.09727362453512366,0.10078750144407826,-0.9651357870905822,0.3344768042295312,0.6460832368967072,,SURF6
ENSG00000033030,9.754023848966321,-0.09672264982714449,0.10022847479377098,-0.9650216670079033,0.3345339594894713,0.6460832368967072,,ZCCHC8
ENSG00000127837,18.29852501776777,-0.07051568140776251,0.07307676704524423,-0.964953490130508,0.33456810781664603,0.6460832368967072,,AAMP
ENSG00000180917,11.962293590550983,0.08523431527045315,0.0883602665598021,0.9646226589047995,0.33473384594221545,0.6460832368967072,,CMTR2
ENSG00000070761,10.351742684710295,0.13538192955387043,0.14035008336378374,0.9646017038904353,0.3347443456590006,0.6460832368967072,,CFAP20
ENSG00000169442,2209.49724804996,-0.033666855017079715,0.03492232834461995,-0.964049552620003,0.33502108297461963,0.646216657917572,,CD52
ENSG00000164258,35.894824703021946,0.04609425065071163,0.04781908166347894,0.963930068232895,0.3350809877473967,0.646216657917572,,NDUFS4
ENSG00000174501,21.178330538147353,-0.10599383740628288,0.11000610477758706,-0.9635268662642289,0.3352831882853189,0.646216657917572,,ANKRD36C
ENSG00000147996,18.754890232987766,0.0750004523424569,0.07786829626700288,0.9631705833820684,0.33546192489936055,0.646216657917572,,ZNG1E
ENSG00000144028,25.88279847356027,0.07166479459975839,0.0744245215301744,0.962919117601621,0.3355881147941071,0.646216657917572,,SNRNP200
ENSG00000117533,8.072109045468967,0.09698881336829238,0.10072549004478144,0.9629023728270989,0.3355965186979114,0.646216657917572,,VAMP4
ENSG00000052723,12.732315377638729,0.08121642721586693,0.08435036526899009,0.9628461827861782,0.3356247204679499,0.646216657917572,,SIKE1
ENSG00000184992,8.986462808276627,-0.116206913676268,0.12077226631639496,-0.9621986671330087,0.3359498185425659,0.6466193262662573,,BRI3BP
ENSG00000107758,8.00619467464137,-0.09804194905983633,0.10195108299182658,-0.9616567689398293,0.3362220450118171,0.646919987227706,,PPP3CB
ENSG00000104897,16.79191974191743,0.07264209349598548,0.07565189429502119,0.960215129745485,0.3369469537480858,0.6480033851400041,,SF3A2
ENSG00000116898,30.156589715038855,-0.05071189384835187,0.052821754111707614,-0.9600569822256602,0.33702653720881504,0.6480033851400041,,MRPS15
ENSG00000115738,25.73995105397157,-0.08171747105751359,0.08513620412101257,-0.9598439571179427,0.3371337554324161,0.6480033851400041,,ID2
ENSG00000167460,31.41250482525734,0.07193046005631346,0.0749968836161117,0.9591126535937889,0.33750199654750135,0.6484876405061569,,TPM4
ENSG00000109332,166.90131873713764,0.02940199281456638,0.030675820973940462,0.9584745210093574,0.3378235333951609,0.6488818540170228,,UBE2D3
ENSG00000155085,15.075314524459959,0.07207233524541488,0.07528084547366193,0.9573794607637665,0.3383757615267956,0.6496527233979985,,AK9
ENSG00000160014,55.861469706788746,0.04114620950909735,0.04298526032189176,0.9572167110534443,0.3384578840515039,0.6496527233979985,,CALM3
ENSG00000136997,54.53849441263015,-0.0874832353307428,0.09141830935400555,-0.9569552964710308,0.33858981905760044,0.6496823231469993,,MYC
ENSG00000035141,17.48375898247476,0.06762012194581331,0.07069321893927749,0.9565291121330345,0.33880498354535515,0.6498715473852426,,FAM136A
ENSG00000156650,19.4424984776241,-0.08821788576355585,0.09226612505448886,-0.9561243166054468,0.3390094308623991,0.6499617830985697,,KAT6B
ENSG00000105341,13.566679706700754,-0.08231423507563672,0.08610505981389521,-0.9559744253537263,0.33908515549385565,0.6499617830985697,,DMAC2
ENSG00000118689,8.12220191182804,-0.11492199425896173,0.12024776426051288,-0.9557100289198471,0.3392187542680414,0.6499944239857728,,FOXO3
ENSG00000108107,4317.020947761319,-0.02832064778404282,0.029641899026866654,-0.9554262282039931,0.33936219554189706,0.6500435712161649,,RPL28
ENSG00000127554,15.977008034996649,-0.06648677427995664,0.06963268832200074,-0.9548213042199875,0.33966807183383263,0.6500435712161649,,GFER
ENSG00000135845,16.56341280135383,-0.06789841737087222,0.07113068898882549,-0.9545586909967785,0.3398009156955971,0.6500435712161649,,PIGC
ENSG00000127337,15.73087492516934,-0.08018617212850854,0.08400796273206493,-0.9545068053162339,0.33982716619755526,0.6500435712161649,,YEATS4
ENSG00000165060,7.655420496946166,-0.09630623075171327,0.1008963544027721,-0.9545065460667157,0.33982729736282646,0.6500435712161649,,FXN
ENSG00000163660,193.27399437123873,-0.061843003706704855,0.0648277974106951,-0.9539581194609917,0.3401048421833315,0.6501463048205717,,CCNL1
ENSG00000145390,9.31032195328219,-0.15563525627435765,0.16315047546680317,-0.9539368845175404,0.34011559157140814,0.6501463048205717,,USP53
ENSG00000168769,11.743833486493646,-0.10525060147514366,0.11035920284923453,-0.9537093306022706,0.34023079581535653,0.6501463048205717,,TET2
ENSG00000121579,19.872540797777596,-0.08287027483409096,0.08696693439566078,-0.9528940557691519,0.34064375215022447,0.6507124227439711,,NAA50
ENSG00000117592,69.51717833753744,-0.040930626560782765,0.04297355203261845,-0.9524608654577814,0.3408633040443486,0.6508116864601565,,PRDX6
ENSG00000106829,47.706682453823895,0.0715590191147005,0.0751409125209404,0.9523309834007979,0.3409291492378259,0.6508116864601565,,TLE4
ENSG00000167863,76.04751157495392,0.03803133159672671,0.03995150052758752,0.9519375015830785,0.34112867905788125,0.6509371357036418,,ATP5PD
ENSG00000263934,11.077305308806858,0.1832352102215561,0.19252633628446142,0.9517410124650296,0.3412283442721924,0.6509371357036418,,SNORD3A
ENSG00000005022,145.77292795131498,-0.03745217384999433,0.03936245618374731,-0.9514694325771841,0.34136612847860215,0.6509772682615204,,SLC25A5
ENSG00000134684,7.460046866793288,0.10457557130308484,0.10998278800809068,0.9508357916457977,0.3416877403466365,0.6511706801027584,,YARS1
ENSG00000103363,198.09981912275032,0.028367572344074308,0.029844898082330835,0.9504998899918794,0.34185830977111953,0.6511706801027584,,ELOB
ENSG00000105583,89.91304998597663,0.04159487041534751,0.043761882466475985,0.9504817450942947,0.3418675252231771,0.6511706801027584,,WDR83OS
ENSG00000030582,35.40875278169571,-0.06405984332226797,0.06740818307830923,-0.9503273993878244,0.34194592092918186,0.6511706801027584,,GRN
ENSG00000147316,15.781567627943247,-0.09958365700300793,0.10482060123064788,-0.9500389793022028,0.3420924468941984,0.6511706801027584,,MCPH1
ENSG00000177042,13.917249389045411,-0.07575616206001097,0.07975257770301511,-0.9498898247792553,0.34216823757193005,0.6511706801027584,,TMEM80
ENSG00000070831,270.6485689673142,-0.046919442983758185,0.049447035010413365,-0.9488828394640269,0.34268020333269456,0.6519224884964534,,CDC42
ENSG00000155506,13.346378062046181,0.0908181904537098,0.09573584966763367,0.9486330436195373,0.34280727888294915,0.6519418100447901,,LARP1
ENSG00000170571,48.95106481933742,0.0592597459262074,0.06250835137827271,0.9480292572042703,0.34311456004897367,0.6521375733962489,,EMB
ENSG00000187742,32.89120209423486,0.06234721607371874,0.06576910482169794,0.9479711825597132,0.3431441248824595,0.6521375733962489,,SECISBP2
ENSG00000053254,29.003105409834912,-0.05972088558998093,0.06303702429622897,-0.9473937936748955,0.3434381524745077,0.6522881026907051,,FOXN3
ENSG00000180773,9.567828475688511,0.09190259389494765,0.0970095432779305,0.9473562166110655,0.3434572936692809,0.6522881026907051,,SLC36A4
ENSG00000082212,12.453936005257889,0.09108767908503662,0.09622715202447339,0.9465902000494657,0.3438476395839035,0.6526260061914869,,ME2
ENSG00000139675,17.444385772938226,-0.0888935671110614,0.09392406694926556,-0.9464407792209271,0.3439238142954971,0.6526260061914869,,HNRNPA1L2
ENSG00000099849,13.003381367212285,-0.08137100022358462,0.08598693838190649,-0.9463181473234874,0.343986340063985,0.6526260061914869,,RASSF7
ENSG00000112245,39.50801791561279,-0.0771844187793042,0.08166548845251596,-0.9451289674729949,0.34459303814069175,0.6533080140975542,,PTP4A1
ENSG00000136536,36.42358812899263,-0.07454684201206223,0.07889094432410584,-0.9449353490535385,0.34469188334852374,0.6533080140975542,,MARCHF7
ENSG00000154124,9.41908355536523,0.10781507613794518,0.11409911593272501,0.9449247284397452,0.3446973058599363,0.6533080140975542,,OTULIN
ENSG00000120860,21.62271465050972,0.06801056333271648,0.0720398266001124,0.9440689482810383,0.3451344159232188,0.6537555896775383,,WASHC3
ENSG00000162923,14.91076764776627,0.08157326816454015,0.08641205506372253,0.9440033350021114,0.34516794404782514,0.6537555896775383,,WDR26
ENSG00000132466,12.807998134520336,-0.08172493300858304,0.08660348313546999,-0.9436679686513803,0.345339347354235,0.6538581327155226,,ANKRD17
ENSG00000127314,84.18519057741,0.0460568804653195,0.04883783700464486,0.9430573360761069,0.34565157655226864,0.6540086508046137,,RAP1B
ENSG00000105058,33.21649768109449,-0.056033022224223086,0.05941657493265292,-0.9430537234388721,0.3456534243043753,0.6540086508046137,,FAM32A
ENSG00000115524,93.33090430281968,-0.05723349603025945,0.060729924386544454,-0.9424265978987504,0.34597427499745603,0.6543936761824338,,SF3B1
ENSG00000171824,9.831708162834488,-0.088264633836222,0.0936920210771918,-0.9420720443579904,0.34615575602585513,0.654514918819996,,EXOSC10
ENSG00000089220,101.75348685243446,-0.034203372083165595,0.03633752695113335,-0.9412685714457739,0.3465672443444293,0.6550708320218772,,PEBP1
ENSG00000255302,115.54958643180666,0.03259476690619531,0.034666468363645966,0.9402390391856816,0.34709496107406357,0.6557030426381847,,EID1
ENSG00000121892,23.369577251197956,-0.06876588231629155,0.07315254884546342,-0.9400339892675672,0.34720012641286657,0.6557030426381847,,PDS5A
ENSG00000073849,25.26236431165767,-0.07160675366025042,0.07619328337873933,-0.9398040153265174,0.3473180988229623,0.6557030426381847,,ST6GAL1
ENSG00000116095,16.057908187496267,-0.06804353823697656,0.07240994655373609,-0.939698777245759,0.34737209253106127,0.6557030426381847,,PLEKHA3
ENSG00000132716,9.8695799725647,0.08094289698716987,0.08632744630385544,0.9376264496724133,0.34843641379194856,0.6574894901197649,,DCAF8
ENSG00000179523,9.008874082981636,0.08807586595359462,0.09403086652932548,0.9366697256387224,0.3489284736429308,0.6580212015501575,,EIF3J-DT
ENSG00000164164,10.758239362648823,0.09481341151325477,0.10123733779101096,0.9365458790410174,0.34899220235781003,0.6580212015501575,,OTUD4
ENSG00000128989,37.90269573987142,0.05952025876007158,0.06358837228547502,0.936024254447968,0.3492606999487463,0.6580212015501575,,ARPP19
ENSG00000204120,10.871334471421095,-0.09153569019887914,0.09779949112809053,-0.9359526224834082,0.3492975815522098,0.6580212015501575,,GIGYF2
ENSG00000134265,9.68290903065986,-0.09214550622036762,0.09846811962889841,-0.9357902493481227,0.3493811927926318,0.6580212015501575,,NAPG
ENSG00000106355,87.40559028278379,-0.03735461289459537,0.039942890800179355,-0.9352005362222716,0.34968496224152,0.6580212015501575,,LSM5
ENSG00000171865,13.415885680244596,-0.08581520418648242,0.09176129635935146,-0.9352004340742613,0.3496850148739,0.6580212015501575,,RNASEH1
ENSG00000136824,8.476805732322783,-0.09324169290940386,0.09970742369156058,-0.9351529651176417,0.34970947408483033,0.6580212015501575,,SMC2
ENSG00000239453,7.807994768264712,-0.12840832427184432,0.13733282055551366,-0.9350155611195516,0.3497802800205644,0.6580212015501575,,SIDT1-AS1
ENSG00000105339,10.15933925864175,0.09507447639734229,0.1017277824226636,0.9345969619422368,0.34999604529358497,0.6582050416718481,,DENND3
ENSG00000175054,7.705618432056067,0.10878336488415631,0.11644790137566144,0.934180552839855,0.3502107654683444,0.6583867930719786,,ATR
ENSG00000186088,25.158426775198382,-0.07135346583819208,0.07641357973953314,-0.9337799129606387,0.35041743314486984,0.6585532885796408,,GSAP
ENSG00000186834,11.749755071201863,0.0933295832203361,0.09997343427361248,0.9335438349042493,0.3505392488023059,0.6585602598792647,,HEXIM1
ENSG00000007944,37.423503391525266,-0.08589956270766629,0.09210406960439865,-0.9326359093210356,0.35100798620685236,0.659038842374814,,MYLIP
ENSG00000137814,8.19592070363435,-0.10936968571655357,0.11727488482968679,-0.932592565538533,0.3510303733596122,0.659038842374814,,HAUS2
ENSG00000078140,30.742325270091733,0.05346023478214791,0.057348893303981845,0.9321929631453946,0.3512368114470158,0.6590489909937243,,UBE2K
ENSG00000142168,142.85764541725808,-0.03595159145246194,0.038569514986409675,-0.9321245409782782,0.3512721666487354,0.6590489909937243,,SOD1
ENSG00000141027,74.39313588858312,-0.052523057135517394,0.056380827779648424,-0.9315765518873145,0.35155540571694244,0.6593585409612079,,NCOR1
ENSG00000170949,7.955163612243885,-0.10022158420362812,0.10766816426110748,-0.9308376797488572,0.3519375354569064,0.6598532944545091,,ZNF160
ENSG00000182551,28.62259219929996,0.059810525209381196,0.06431763318160608,0.929924225297615,0.35241031906566533,0.660517626591647,,ADI1
ENSG00000270022,9.742014260360959,0.13145501384681035,0.14140836777481802,0.9296126948876348,0.35257165212341957,0.6605979611022135,,ENSG00000270022
ENSG00000164169,14.822117222019928,-0.10508400978572512,0.11313584098960831,-0.9288304118884592,0.35297698103417785,0.6608260307902439,,PRMT9
ENSG00000105821,23.53488770628608,-0.06600643254888253,0.07107448012805274,-0.9286938494655286,0.3530477691350995,0.6608260307902439,,DNAJC2
ENSG00000088038,7.507951149792879,0.09418662250579907,0.10141861775776148,0.9286916405305776,0.35304891422599294,0.6608260307902439,,CNOT3
ENSG00000127481,10.70009658277611,0.0908408229130982,0.09791804284763214,0.9277230250042209,0.3535512616576163,0.6614539522274092,,UBR4
ENSG00000150712,7.600936818061906,-0.10905121024103065,0.1176100793635722,-0.9272267379729997,0.3538088230913744,0.6614539522274092,,MTMR12
ENSG00000125740,134.5721855980929,0.10427610809821482,0.11247034669635801,0.927143119596976,0.3538522307549701,0.6614539522274092,,FOSB
ENSG00000149743,13.917883531171949,-0.06933245844437465,0.07478178442477802,-0.9271303028896726,0.3538588844143403,0.6614539522274092,,TRPT1
ENSG00000101695,9.947513551891982,-0.1157028406297983,0.12487015695117064,-0.9265852102279559,0.3541419367456604,0.661761206197655,,RNF125
ENSG00000092203,31.101472092649384,0.0527993834855775,0.05704691123557458,0.9255432475133147,0.35468339859056164,0.6625509650053507,,TOX4
ENSG00000062485,9.44314012418065,0.08896017108410878,0.09625926273550392,0.9241725788877981,0.3553964699535981,0.6634358820884974,,CS
ENSG00000076321,8.082079428663278,0.08851782903912724,0.09583939926995245,0.9236058417874424,0.355691571209356,0.6634358820884974,,KLHL20
ENSG00000011590,7.871462520687656,0.16353202272485148,0.1770584677959462,0.9236046417916398,0.35569219621374004,0.6634358820884974,,ZBTB32
ENSG00000197771,11.138352485434757,0.10042642483536257,0.10873319538472626,0.923604097902465,0.3556924794925579,0.6634358820884974,,MCMBP
ENSG00000119669,8.64742531887114,0.09849044034863498,0.10666721066059323,0.9233431692708635,0.35582839776929354,0.6634358820884974,,IRF2BPL
ENSG00000260708,11.313607455144176,0.10353554927157271,0.11214110185187576,0.9232613873219304,0.3558710049007704,0.6634358820884974,,TBC1D22A-DT
ENSG00000184990,54.26905281060804,-0.03792884615953752,0.04109935676726423,-0.9228574153683097,0.35608151524032994,0.6636064602206149,,SIVA1
ENSG00000196950,22.782228768246966,-0.07590979790275383,0.08232904930274972,-0.9220293267763814,0.35651327870397065,0.6641891219690411,,SLC39A10
ENSG00000110395,11.036533634778717,0.09155252471976892,0.09951130265733568,0.9200213671709977,0.3575615934403358,0.6659196543164035,,CBL
ENSG00000174953,55.58013533818235,-0.06224108741887702,0.0676983289296941,-0.9193888298707562,0.35789222978084445,0.6663128792180263,,DHX36
ENSG00000204348,8.523374988043546,0.09444900391003952,0.10278853747494487,0.9188670860606598,0.3581650975255548,0.6665983257017668,,DXO
ENSG00000175634,27.47748959027898,-0.050578951306578086,0.055071671932291295,-0.9184204788400677,0.35839877338843984,0.666810664135449,,RPS6KB2
ENSG00000145916,9.275156593209177,0.08561597131237654,0.09328552566418206,0.9177840903269914,0.35873191311081065,0.6672078544048967,,RMND5B
ENSG00000158805,8.119429281904088,-0.08834154763884083,0.09644329690936712,-0.9159946877579276,0.3596696811571335,0.6679564481197424,,ZNF276
ENSG00000186010,128.6415162582814,0.05043713463866776,0.055063912146985486,0.9159744135874839,0.3596803150089781,0.6679564481197424,,NDUFA13
ENSG00000089820,30.281288291357956,0.054154016288525245,0.05912806951038404,0.9158766172640685,0.35973161219287286,0.6679564481197424,,ARHGAP4
ENSG00000100902,10.070257127827608,0.08511545478579433,0.09296347663685758,0.9155795142890373,0.35988748003736504,0.6679564481197424,,PSMA6
ENSG00000152332,29.83613968500262,-0.05852031289528976,0.06393555033675448,-0.9153016215088138,0.3600333081017877,0.6679564481197424,,UHMK1
ENSG00000214401,14.462024397513053,-0.1257445406161148,0.13738222460624777,-0.9152897398226897,0.36003954400723903,0.6679564481197424,,KANSL1-AS1
ENSG00000159692,22.110455256029805,0.06681986048475243,0.07301946162600834,0.9150965920153031,0.3601409239348299,0.6679564481197424,,CTBP1
ENSG00000139579,7.870933452153384,-0.0883386404084528,0.09657196475885055,-0.9147441561227716,0.360325957592452,0.6679564481197424,,NABP2
ENSG00000147133,8.936432405962144,-0.0977768863063118,0.10689430565878813,-0.9147062203520964,0.3603458779469205,0.6679564481197424,,TAF1
ENSG00000161405,17.755990340085265,-0.10207793174692326,0.11161728319173979,-0.9145351761659569,0.36043570310186124,0.6679564481197424,,IKZF3
ENSG00000115446,10.636719785374344,0.08224519411816059,0.08993421501470872,0.9145039416278822,0.3604521076743732,0.6679564481197424,,UNC50
ENSG00000100485,7.748927605570608,-0.11625285979255413,0.12725813076271067,-0.9135200956968534,0.3609690694652017,0.6681255121213048,,SOS2
ENSG00000131931,10.719209305840785,-0.08219552220350856,0.08999810723667138,-0.9133027874392505,0.361083316754531,0.6681255121213048,,THAP1
ENSG00000149781,25.756865687322875,0.05777067342024301,0.06327527493630712,0.9130054903498239,0.3612396539753301,0.6681255121213048,,FERMT3
ENSG00000168259,50.549809396757674,0.043521498007591135,0.047674103856079335,0.9128959851867533,0.36129724926696727,0.6681255121213048,,DNAJC7
ENSG00000145833,88.70658458185194,-0.04271653974172572,0.04679672638303242,-0.9128104259278679,0.36134225398736997,0.6681255121213048,,DDX46
ENSG00000160683,20.104055012676827,-0.10544647937484752,0.11552352160968953,-0.9127706453678885,0.36136318001481715,0.6681255121213048,,CXCR5
ENSG00000141293,21.399141138684637,0.08757061391724924,0.09594311951278786,0.9127346949103247,0.36138209192214044,0.6681255121213048,,SKAP1
ENSG00000182220,44.975302509185,0.04493116049865059,0.04928189860486485,0.9117173195558506,0.36191754427234335,0.668800271458795,,ATP6AP2
ENSG00000122203,7.658673666335138,0.0956694818669042,0.10494844391604177,0.911585520443155,0.361986947500474,0.668800271458795,,KIAA1191
ENSG00000163635,11.488137162547044,0.09071409294918646,0.09958225722145078,0.9109463420522461,0.3623236465263998,0.6691083967128154,,ATXN7
ENSG00000132612,15.541931486390132,-0.06707519010169175,0.07364317670432093,-0.9108133720385285,0.362393715579753,0.6691083967128154,,VPS4A
ENSG00000104856,18.274186400082524,0.07267372984688225,0.07982955473862996,0.9103612075104689,0.3626320488891236,0.6691907351759433,,RELB
ENSG00000153234,63.1615347530345,-0.15116092225638672,0.16606100983503272,-0.9102734134072293,0.3626783360297168,0.6691907351759433,,NR4A2
ENSG00000047410,70.80423980128637,0.05222789273529519,0.05739126926385087,0.9100320206403251,0.3628056231097181,0.6692041529804129,,TPR
ENSG00000102125,15.263033068831676,-0.06454870626851707,0.07096118935252181,-0.9096339401507388,0.36301559314682397,0.6693700222839585,,TAFAZZIN
ENSG00000188536,21.782027116847612,-0.15883653932748476,0.17484746662471706,-0.9084291719730933,0.36365151895047854,0.6703209486505349,,HBA2
ENSG00000142089,33.94281160982356,0.09039746236221333,0.09965438653932085,0.907109716906892,0.3643487801258557,0.6713842689959588,,IFITM3
ENSG00000143294,11.006140830367617,-0.07750017946318012,0.0854869057041049,-0.9065736889744359,0.3646322806524487,0.6716847033095652,,PRCC
ENSG00000162783,17.19563260815203,0.10295830409564814,0.11361161133979986,0.9062304713530659,0.3648138778422947,0.6717972862776206,,IER5
ENSG00000100731,10.348110264426792,0.09499909334122869,0.10489132794604507,0.9056906343114959,0.36509962109867544,0.672101514442461,,PCNX1
ENSG00000172349,43.43517661477245,-0.059868913060077925,0.06614576756280988,-0.9051057273351367,0.3654093782264688,0.6721630652407705,,IL16
ENSG00000068724,11.252046687241467,0.10767615657125057,0.11897644051098528,0.9050208268863839,0.3654543537427236,0.6721630652407705,,TTC7A
ENSG00000186480,17.643856417994208,-0.08049972167003251,0.0889554060870014,-0.9049446819600941,0.3654946940118393,0.6721630652407705,,INSIG1
ENSG00000172301,7.8137768260054035,-0.09702984710349906,0.10730692120339108,-0.9042272950836722,0.36587488966989246,0.6726404170126346,,COPRS
ENSG00000175806,11.587597059930717,-0.07584000001626044,0.08394519493708953,-0.9034465888499835,0.3662889232043751,0.6731796426458786,,MSRA
ENSG00000162298,9.243636309995853,0.08780364952495633,0.09726960001556682,0.9026833616145683,0.36669396946058397,0.6734114100971812,,SYVN1
ENSG00000109861,15.917088210190581,0.06874542800536096,0.07616066915592934,0.9026368697550884,0.3667186518062431,0.6734114100971812,,CTSC
ENSG00000196562,33.35123842748666,0.2012834638830741,0.22306863975767358,0.9023386886732919,0.3668769795971324,0.6734114100971812,,SULF2
ENSG00000140990,76.04514468193861,0.035493885022208314,0.03933716983777036,0.9022988986901687,0.36689811045108256,0.6734114100971812,,NDUFB10
ENSG00000104973,9.93271325976587,0.07885010311681558,0.08742449631720393,0.9019223036838813,0.36709814242713124,0.6734795642934978,,MED25
ENSG00000259976,8.23030096377854,-0.10055029510744165,0.11150273621423816,-0.9017742391025023,0.3671768069318926,0.6734795642934978,,ENSG00000259976
ENSG00000090621,30.978465940371603,-0.07404900920889423,0.08214434262300693,-0.9014498971491512,0.36734916168256027,0.6734869351409877,,PABPC4
ENSG00000237541,107.79202298655461,-0.39647727152373236,0.4400719726398242,-0.9009373379209226,0.3676216375223271,0.6734869351409877,,HLA-DQA2
ENSG00000131018,14.7641742064859,0.07872196148389488,0.08738435415317089,0.9008702100825484,0.36765733191752337,0.6734869351409877,,SYNE1
ENSG00000196267,11.638682188432568,0.07484345555032076,0.08308021507994152,0.9008577490838803,0.36766395813650765,0.6734869351409877,,ZNF836
ENSG00000196975,28.80125481746486,0.09223868183680263,0.10242514050585314,0.9005472814707207,0.36782907536982623,0.6735681196263221,,ANXA4
ENSG00000067248,20.14115923119259,-0.061142768583764814,0.0679301174722238,-0.9000833630056021,0.3680758890253901,0.6737988040727431,,DHX29
ENSG00000131475,11.25083033903862,0.073988375631914,0.08226850645925417,0.899352362359451,0.36846500478059563,0.6740461184700823,,VPS25
ENSG00000270170,38.48543012018238,-0.04812847425326336,0.053526035815790365,-0.8991600726587955,0.36856740418202016,0.6740461184700823,,NCBP2AS2
ENSG00000101182,125.69619471667917,0.037610343825503725,0.041839639570317146,0.8989165349355959,0.36869711993776233,0.6740461184700823,,PSMA7
ENSG00000175893,21.8232100756478,0.09196409678444063,0.10231532425401377,0.8988301357099295,0.36874314567404265,0.6740461184700823,,ZDHHC21
ENSG00000130005,8.133911956522281,-0.08762904495227973,0.09753812841037017,-0.8984081033788125,0.368968017912094,0.6740461184700823,,GAMT
ENSG00000136450,30.04438482058806,0.05317613090310472,0.0592047930767848,0.8981727346659029,0.36909346688482725,0.6740461184700823,,SRSF1
ENSG00000166012,111.4031684952854,0.052233810300009176,0.05816647858775562,0.8980053729951033,0.3691826849761837,0.6740461184700823,,TAF1D
ENSG00000104964,141.81373708650187,-0.04133800529189765,0.04603331562928897,-0.8980019085480799,0.36918453196456125,0.6740461184700823,,TLE5
ENSG00000101361,35.460018302639334,-0.05402882301340062,0.060191273022493774,-0.897618878956253,0.369388770610684,0.6740461184700823,,NOP56
ENSG00000113583,10.194685864298622,0.09266290496972887,0.10326046260218216,0.8973706163482814,0.3695211864574437,0.6740461184700823,,C5orf15
ENSG00000115364,12.594224602557363,-0.07413425549184668,0.08261666943661196,-0.8973280573689376,0.36954388910600344,0.6740461184700823,,MRPL19
ENSG00000062194,116.24294041428702,0.04002981763297177,0.04462098517210034,0.8971074367493068,0.3696615907965408,0.6740461184700823,,GPBP1
ENSG00000132522,18.297491045352253,-0.05789954524368767,0.06456122976082253,-0.8968160219095247,0.3698170971039634,0.674109229634423,,GPS2
ENSG00000159069,21.37936655870967,0.05740490493455791,0.06405440406504573,0.8961898213316385,0.3701513910325367,0.6744980903259558,,FBXW5
ENSG00000088833,21.43881713541718,0.05877019415761251,0.06563996998342377,0.8953415757571781,0.3706045217912798,0.6748448957671036,,NSFL1C
ENSG00000148019,8.049567280875554,0.10279715390059745,0.11485642756960582,0.8950056699116803,0.37078405705391815,0.6748448957671036,,CEP78
ENSG00000177971,41.24136542623311,-0.05340233249949044,0.059668597460118725,-0.8949821978836267,0.37079660442280427,0.6748448957671036,,IMP3
ENSG00000169762,11.890473094764044,0.10722286292884292,0.11982501444719856,0.8948287085422483,0.3708786612391344,0.6748448957671036,,TAPT1
ENSG00000088205,95.43736893797816,0.04381917330536313,0.04897632192441232,0.8947011858708278,0.3709468446065589,0.6748448957671036,,DDX18
ENSG00000156313,13.979595922403929,0.11604103910341336,0.12980063555647037,0.8939943830469855,0.3713248964730298,0.6753123361818703,,RPGR
ENSG00000135185,96.0607064638352,-0.04453282201708314,0.049842456867444596,-0.8934716467833365,0.3716046492727165,0.6756007578561029,,TMEM243
ENSG00000116459,68.65355340239472,-0.03692841208344137,0.04136053744334591,-0.8928416883853237,0.37194195779566075,0.6759555376043195,,ATP5PB
ENSG00000143149,14.317066915168054,0.08016002862193969,0.08979961655276036,0.8926544644524503,0.3720422426304979,0.6759555376043195,,ALDH9A1
ENSG00000172336,9.098197311759414,-0.07728962356438612,0.08663972456230741,-0.8920806703258027,0.3723496947525574,0.6762937778307037,,POP7
ENSG00000151876,8.942130710094839,-0.08700831896543566,0.09758896343969725,-0.8915794972983841,0.3726183636082613,0.6763623348691813,,FBXO4
ENSG00000175073,10.096337114135117,0.08627324363046616,0.09676865582325087,0.8915412009860435,0.3726388984353547,0.6763623348691813,,VCPIP1
ENSG00000135046,25.553643375057224,-0.08048598804419443,0.09029859834341745,-0.8913315325017075,0.37275133698941787,0.6763623348691813,,ANXA1
ENSG00000139597,52.22133622284341,0.056200908583958493,0.06312203486628087,0.8903532451546557,0.3732762392085801,0.6770944404121805,,N4BP2L1
ENSG00000100503,37.66814100594271,0.07580507312178268,0.08522377333155941,0.8894827130789706,0.3737437097070989,0.6775158062991791,,NIN
ENSG00000175215,13.224225515460404,0.06859958426330368,0.07712427489501011,0.8894681260431795,0.37375154594266047,0.6775158062991791,,CTDSP2
ENSG00000141127,13.895606969632993,0.06935825088314809,0.07801447643084575,0.8890433424190088,0.37397978662238895,0.6777092265864286,,PRPSAP2
ENSG00000160223,20.4005865620187,0.11054082275392237,0.12444389526195443,0.8882783885961936,0.37439102171191785,0.6782340276366646,,ICOSLG
ENSG00000105849,22.233592406496,-0.08900256419699697,0.10030478935600595,-0.8873211814553076,0.3749060048849012,0.6789415711291275,,POLR1F
ENSG00000090263,28.274957452261514,0.05677875113515687,0.06400491167146057,0.8870999061228952,0.3750251146122153,0.6789415711291275,,MRPS33
ENSG00000110955,76.2932005668192,0.03980936086738663,0.04491255809407761,0.8863748260341484,0.37541557994172225,0.6794278720399362,,ATP5F1B
ENSG00000116171,59.912652678181345,0.04384958045812178,0.049487541097973875,0.8860731304331684,0.37557812101720456,0.6795014934431969,,SCP2
ENSG00000137073,7.257398213760129,-0.0966651948226522,0.10914844556948604,-0.8856305219767262,0.37581665873657566,0.6797125167418573,,UBAP2
ENSG00000112130,7.856281657704851,0.09879993711110784,0.11160387705920355,0.8852733409852465,0.37600922469129594,0.6798402843316038,,RNF8
ENSG00000001629,10.58909949017801,0.09137616368388438,0.10330615971851241,0.8845180571310097,0.3764166192255596,0.6801803495412903,,ANKIB1
ENSG00000078403,11.730456867823975,-0.0745825811411517,0.08434429053003625,-0.8842635425878855,0.3765539638235601,0.6801803495412903,,MLLT10
ENSG00000126945,27.60318699635849,-0.05538130542093011,0.06263108404401253,-0.884246317403866,0.37656326022847253,0.6801803495412903,,HNRNPH2
ENSG00000131467,11.000073060961071,0.07576551358720875,0.08573499036752837,0.8837175260931096,0.37684871696511724,0.6804755329655097,,PSME3
ENSG00000129197,37.6939844645339,0.04382918332871499,0.049629918089891305,0.8831202028044891,0.3771713297152206,0.6805041589140206,,RPAIN
ENSG00000143183,32.30683209682873,0.06198451449206615,0.07020057898019971,0.8829630096006625,0.3772562576486099,0.6805041589140206,,TMCO1
ENSG00000002822,22.98684269608082,0.0703447674167187,0.07968508293448436,0.8827846420710248,0.3773526398687008,0.6805041589140206,,MAD1L1
ENSG00000144231,7.837024615309231,-0.09253312732307538,0.10481961474935204,-0.8827844630448557,0.3773527366144461,0.6805041589140206,,POLR2D
ENSG00000101266,15.829474177705272,-0.06598155961434837,0.07485064603622708,-0.8815095541381681,0.378042085128648,0.6815268886767997,,CSNK2A1
ENSG00000141429,9.81983615862838,0.09661537022670609,0.1096369185305635,0.881230260040304,0.3781932041173136,0.6815789612663674,,GALNT1
ENSG00000214756,35.290175968390955,-0.0756633080827014,0.08601844940307098,-0.8796172054689482,0.3790667149737357,0.6828013883713819,,CSKMT
ENSG00000127184,727.8957040839092,-0.021998302953820808,0.02501155768462925,-0.8795255070154937,0.3791164093252867,0.6828013883713819,,COX7C
ENSG00000143612,25.818689550620498,0.05467819456408848,0.062251240917232546,0.8783470619772388,0.3797554034260453,0.6837313947380137,,C1orf43
ENSG00000116521,12.374413592134367,-0.06709772038758399,0.07642512852694679,-0.8779536479801399,0.3799688735969212,0.6838949125811596,,SCAMP3
ENSG00000163281,7.9399540782542255,0.09010646382704893,0.10268414572717495,0.8775109651927756,0.3802091656574609,0.6841065852552443,,GNPDA2
ENSG00000072849,19.53735491161939,-0.06546559192136821,0.07466700110180478,-0.8767673932974633,0.3806129930465185,0.6845501419691272,,DERL2
ENSG00000001497,11.819317941473424,-0.07102246719408092,0.08102800968020704,-0.8765174841932444,0.3807487756268789,0.6845501419691272,,LAS1L
ENSG00000126005,24.838660813765596,-0.05312613721274012,0.06062004236669175,-0.8763790841876872,0.3808239850050632,0.6845501419691272,,MMP24OS
ENSG00000067900,56.82712080484227,-0.051276808656779235,0.05855741094643334,-0.8756672781125143,0.3812109390130175,0.6850248778396989,,ROCK1
ENSG00000164938,21.756276851303358,0.10180159049588247,0.11634101393905887,0.8750275337054191,0.3815589245211207,0.6854293051320133,,TP53INP1
ENSG00000129667,29.162453779907622,-0.06426154435715341,0.07348278459024725,-0.8745115568971278,0.3818397292703892,0.685712827829852,,RHBDF2
ENSG00000119640,18.60742015929356,0.06532241010560418,0.07478681245209899,0.8734482452697557,0.38241880409283946,0.6865250125085763,,ACYP1
ENSG00000159346,16.217044299433336,0.058284665132103536,0.06674613539124913,0.8732290609853802,0.3825382377805141,0.6865250125085763,,ADIPOR1
ENSG00000175193,24.508732735940562,-0.051012784545253355,0.05844722811686843,-0.8728007501613337,0.3827716906678088,0.6867182823930793,,PARL
ENSG00000111348,489.0281449296144,-0.031068291181166087,0.035617799238624646,-0.8722686927685025,0.38306181268668793,0.6867182823930793,,ARHGDIB
ENSG00000145725,15.744483335898513,-0.07628210796473892,0.08745664832198081,-0.8722276628289977,0.3830841912216214,0.6867182823930793,,PPIP5K2
ENSG00000135976,29.54276419662114,-0.06776069856106569,0.0777044160485247,-0.8720315009992562,0.38319119280407654,0.6867182823930793,,ANKRD36
ENSG00000131165,10.445770760263406,-0.07928206638635614,0.09094969490205436,-0.8717133847643653,0.38336475650816493,0.6867182823930793,,CHMP1A
ENSG00000147548,106.89672899372022,-0.05401038169523901,0.06197211187892543,-0.8715272088961369,0.38346635609120294,0.6867182823930793,,NSD3
ENSG00000120837,10.18414880141576,-0.08040792147112742,0.09226902460286718,-0.8714508668234996,0.3835080221255468,0.6867182823930793,,NFYB
ENSG00000125611,27.74514569818134,-0.05157384067506304,0.05922884697959757,-0.87075543936941,0.38388770068143674,0.6871774699838495,,CHCHD5
ENSG00000119729,13.119020251755328,-0.08322866205934427,0.09562697458808106,-0.8703471213834457,0.38411073488256786,0.6873560518951214,,RHOQ
ENSG00000185950,12.631582775917549,-0.1240093837701095,0.14270143368040072,-0.8690128793509209,0.3848400862646333,0.6883926418505238,,IRS2
ENSG00000160410,34.32075501504202,-0.04516240143130066,0.05198036102636285,-0.8688358553030378,0.3849369184522836,0.6883926418505238,,SHKBP1
ENSG00000078304,63.81238683428971,0.04301855010991512,0.049528591768845984,0.8685599281862533,0.3850878803382656,0.6884418149298392,,PPP2R5C
ENSG00000156256,59.99856649600968,-0.04901936940558523,0.05647400489991077,-0.8679988163131438,0.3853949806409105,0.6885511717396193,,USP16
ENSG00000139505,9.37344112163421,0.11689656646342608,0.13467394186792853,0.8679969179046063,0.385396019906627,0.6885511717396193,,MTMR6
ENSG00000151687,12.199931417458393,-0.08746844749683462,0.10081855588543132,-0.8675828246958075,0.3856227522246125,0.6885935933389032,,ANKAR
ENSG00000158710,213.95959166151698,-0.03707313287852826,0.04273547727271644,-0.867502488434751,0.3856667489234926,0.6885935933389032,,TAGLN2
ENSG00000120675,57.26535050172546,-0.0547782084525883,0.06317919894958643,-0.867029170412533,0.3859260270024275,0.6888359560068937,,DNAJC15
ENSG00000243449,44.47075117959139,0.055803357443602805,0.06450930353856321,0.8650435577907603,0.3870148819164201,0.6905210110928951,,NICOL1
ENSG00000137575,44.90304562709159,-0.05122988940260598,0.059262592799837976,-0.8644557550095251,0.3873375758000607,0.6905210110928951,,SDCBP
ENSG00000114098,15.227438286323377,-0.06592705283218749,0.07628096777251626,-0.864266077860915,0.3874417403811804,0.6905210110928951,,ARMC8
ENSG00000153283,12.87764517628136,-0.15627517456317178,0.18082006938532977,-0.8642579061848907,0.3874462283861857,0.6905210110928951,,CD96
ENSG00000156261,54.64286073958311,0.05342491839099663,0.061821551461735146,0.8641795155216113,0.3874892833051773,0.6905210110928951,,CCT8
ENSG00000162736,10.914624780533707,-0.07423308428662312,0.08593471419430204,-0.8638311651188942,0.38768064492003396,0.6906413022600988,,NCSTN
ENSG00000141424,7.785721471886136,0.08887427580136192,0.10292532615648219,0.8634830621400433,0.3878719281469929,0.6907613769874266,,SLC39A6
ENSG00000182973,8.933371298450854,0.08187859952881371,0.09494068262531995,0.8624184834645091,0.3884572729071243,0.691582935418303,,CNOT10
ENSG00000163636,25.65904290951003,-0.054612303663274776,0.06334919493667138,-0.8620836258119672,0.3886415012034232,0.6916900768306057,,PSMD6
ENSG00000120071,20.66868896376788,-0.06833388921143287,0.07930158075079016,-0.8616964323343831,0.38885458935661044,0.6918484972088257,,KANSL1
ENSG00000099246,24.52249200131545,0.049001082773945,0.056951077128153296,0.8604066023840262,0.38956494761985894,0.6928604940197868,,RAB18
ENSG00000198612,15.60733818511888,0.06266824632967785,0.07285506520267643,0.8601769301192753,0.389691519585166,0.6928604940197868,,COPS8
ENSG00000204822,11.064727254331792,0.10424638138295625,0.12121854163537882,0.8599870941899777,0.3897961566965694,0.6928604940197868,,MRPL53
ENSG00000123106,29.83734672276774,0.05301897401883551,0.06167685078531076,0.8596251809838312,0.38999568972324383,0.6929942529945212,,CCDC91
ENSG00000074842,32.1047976536569,0.047473755913470896,0.05530754494190754,0.858359487179102,0.39069399085312795,0.6939696814838109,,MYDGF
ENSG00000171456,17.333356370183466,-0.08004899491405786,0.09329654950292667,-0.8580059534950621,0.39088917600859585,0.6939696814838109,,ASXL1
ENSG00000082293,18.87810184184878,0.09779856261469869,0.11399048277850801,0.8579537539526748,0.3909180002763002,0.6939696814838109,,COL19A1
ENSG00000064933,9.78909784463792,-0.0785962172321935,0.09169427680866372,-0.8571551024520142,0.3913591717031325,0.6941395206801513,,PMS1
ENSG00000159216,9.540260563283264,0.08051444334546816,0.09393597064414584,0.8571204703944354,0.39137830912785765,0.6941395206801513,,RUNX1
ENSG00000135241,33.025542138291065,0.06045266283276868,0.07053126268150188,0.8571045028040241,0.3913871328942603,0.6941395206801513,,PNPLA8
ENSG00000131116,32.048126043789495,0.05154690450223131,0.06018772114748784,0.8564355572778288,0.39175690387066686,0.6945744025382634,,ZNF428
ENSG00000175606,13.274592943274634,0.07261836272542836,0.08487077580260374,0.8556344871210724,0.39219998779178333,0.6951389484828302,,TMEM70
ENSG00000162604,30.91275618424132,-0.05201941562681591,0.06082758405396431,-0.8551945048592745,0.3924434778412855,0.6953494860003203,,TM2D1
ENSG00000183891,17.58711933574491,-0.06721939703091072,0.07863199631314227,-0.8548606188658586,0.392628314438775,0.6954559978750348,,TTC32
ENSG00000090470,13.28625047984901,0.08811625351093016,0.1032618723401637,0.8533280630498248,0.3934774018492203,0.6966088736570206,,PDCD7
ENSG00000071564,18.188418091299972,0.060034298371363815,0.0703608083452228,0.8532349156196111,0.3935290444798448,0.6966088736570206,,TCF3
ENSG00000008952,272.4378594003798,-0.03612255493716397,0.04241445071297333,-0.8516567898429755,0.39440460988733406,0.6975724417174335,,SEC62
ENSG00000170852,8.614855057136667,-0.10152443149018925,0.11924020314905272,-0.8514278641682756,0.3945317187449191,0.6975724417174335,,KBTBD2
ENSG00000130844,45.49421758872481,0.1280899881494423,0.1504421394462024,0.8514236012659662,0.3945340859168861,0.6975724417174335,,ZNF331
ENSG00000120616,115.05940661130415,-0.04537582038887016,0.053308072413867404,-0.8511997964695911,0.3946583758578336,0.6975724417174335,,EPC1
ENSG00000130816,17.23164945202931,0.06839188562275131,0.0803778854502539,0.8508793835473468,0.39483635831679476,0.6975724417174335,,DNMT1
ENSG00000128228,18.12996946044316,0.05870953753578657,0.06901910814483704,0.850627298929801,0.39497641998851096,0.6975724417174335,,SDF2L1
ENSG00000132406,8.495188630998117,0.08737664249963153,0.10274822231225403,0.8503956616795965,0.3951051473033985,0.6975724417174335,,TMEM128
ENSG00000109536,44.46924644125408,0.04702088587060734,0.05530135870016377,0.8502663763750907,0.3951770057993548,0.6975724417174335,,FRG1
ENSG00000004478,9.806462974166996,0.08841736893476981,0.10399275321511997,0.8502262532839107,0.395199308354622,0.6975724417174335,,FKBP4
ENSG00000044574,54.85174203921696,-0.056982403597111965,0.06705675054134591,-0.849763866234134,0.39545638265625005,0.6976157243174764,,HSPA5
ENSG00000182162,20.44456844247115,-0.07557596564311693,0.08894093337513362,-0.8497320949438865,0.39547405031699123,0.6976157243174764,,P2RY8
ENSG00000106123,8.849755969963677,-0.09571998025546107,0.11267748903497812,-0.8495040231660381,0.39560089249466024,0.6976187781626266,,EPHB6
ENSG00000131408,32.06720713067896,0.05730107380803037,0.06749706465272279,0.8489417147671308,0.39591372544872205,0.6977960705364594,,NR1H2
ENSG00000119801,149.47209982682466,0.08791234582575055,0.10356354788578816,0.848873446501678,0.3959517157778618,0.6977960705364594,,YPEL5
ENSG00000115211,10.178548995291639,0.07463657914722198,0.0879518499270668,0.8486072687398118,0.3960998609835771,0.6978365955274647,,EIF2B4
ENSG00000135316,25.087926518089255,0.055026087029480336,0.06493837874379776,0.847358497300579,0.396795330125734,0.6982102251961725,,SYNCRIP
ENSG00000074356,14.27612373350267,0.07474676101493244,0.08822570116528115,0.8472220682599347,0.3968713551738292,0.6982102251961725,,NCBP3
ENSG00000177426,18.883350445662323,-0.09271753768741801,0.10944892156040041,-0.8471306648394061,0.3969222946227211,0.6982102251961725,,TGIF1
ENSG00000137770,16.162553821782062,-0.08409979633071173,0.09930281973995499,-0.8469023996593901,0.3970495248383753,0.6982102251961725,,CTDSPL2
ENSG00000198874,8.187725886204722,-0.08378556363390754,0.09894803370440651,-0.8467633008676582,0.39712706764454475,0.6982102251961725,,TYW1
ENSG00000143549,201.56419824092933,-0.03278228268260648,0.03871909096829924,-0.8466697399855424,0.39717922976576137,0.6982102251961725,,TPM3
ENSG00000134152,23.509142555082427,-0.05273568491725887,0.062287233408733676,-0.8466531908907111,0.397188456657507,0.6982102251961725,,KATNBL1
ENSG00000173889,23.629030134479976,-0.05789524894851675,0.0684338585814433,-0.8460029895817649,0.39755107650927146,0.6984633197056578,,PHC3
ENSG00000135318,12.307312808032515,-0.11036952249141149,0.1304741394089251,-0.8459110977195045,0.39760234105838677,0.6984633197056578,,NT5E
ENSG00000157306,8.113479999042877,0.09279399920112008,0.10972172023904359,0.8457213302795091,0.39770822095865555,0.6984633197056578,,ZFHX2-AS1
ENSG00000188186,182.3346235793658,0.02697303499959739,0.031926011367657506,0.8448607841730676,0.3981885720842048,0.6987868251787708,,LAMTOR4
ENSG00000162976,14.637004525037497,-0.0654290880017524,0.07745489270740719,-0.8447379592780104,0.3982571606184573,0.6987868251787708,,SLC66A3
ENSG00000160310,41.046745989698614,0.042643127469650335,0.050482095526651505,0.8447178554055336,0.3982683878081301,0.6987868251787708,,PRMT2
ENSG00000164754,51.61184698230032,-0.044917691426725706,0.05322448444361467,-0.8439291032365176,0.3987090240712098,0.699339892488539,,RAD21
ENSG00000232838,10.360730806718912,-0.07044376440525567,0.08358695492179824,-0.8427602664932705,0.3993625340474717,0.7001599191481567,,PET117
ENSG00000116221,10.130536683219534,0.07644890829634045,0.09074729952188411,0.8424372813199192,0.39954323233459454,0.7001599191481567,,MRPL37
ENSG00000234705,11.760142197681317,-0.08259340348874016,0.09804309323798832,-0.8424193970324271,0.3995532393704151,0.7001599191481567,,HMGA1P4
ENSG00000196459,18.210608432596143,0.06523084391618479,0.07746456720162001,0.8420733023190585,0.3997469240869992,0.7002792487304768,,TRAPPC2
ENSG00000148660,8.00649572301943,0.08997874693419572,0.10693431833736063,0.8414393838498807,0.40010182978706477,0.7006808426170456,,CAMK2G
ENSG00000090061,25.939667126334047,-0.061444651012386615,0.07306970418786564,-0.8409046087611022,0.40040137631091355,0.7009735130550984,,CCNK
ENSG00000175221,8.089493471175006,-0.09737335447994092,0.11582521064323184,-0.8406922287400205,0.4005203752857861,0.7009735130550984,,MED16
ENSG00000090238,45.137981914932254,-0.047643469438663,0.05677476962406726,-0.8391662309531693,0.40137603419377277,0.7021442057846331,,YPEL3
ENSG00000188177,12.559678282495671,0.07310952646729851,0.08713367156198562,0.8390502219947138,0.40144112769752693,0.7021442057846331,,ZC3H6
ENSG00000204619,22.258003168252923,0.059238243627788734,0.07064876678901039,0.8384894219696898,0.4017558861781877,0.7024743873720837,,PPP1R11
ENSG00000121644,8.665470132167801,0.07942557637153365,0.09479587434469784,0.8378589988286352,0.4021098985585638,0.7026265317233491,,DESI2
ENSG00000198707,18.9354707907923,-0.06978475843776732,0.08329381263415575,-0.837814433399476,0.4021349312316089,0.7026265317233491,,CEP290
ENSG00000161057,14.237230542021312,-0.06582754787471833,0.07859045178633733,-0.8376023598093402,0.4022540670657665,0.7026265317233491,,PSMC2
ENSG00000110344,10.430301925828836,0.07473437307772113,0.08924177800471066,0.8374370698192078,0.4023469361177643,0.7026265317233491,,UBE4A
ENSG00000155111,8.991016287558855,0.08124905434902298,0.09706282436857125,0.8370769640959599,0.4025493079286717,0.7027598437727844,,CDK19
ENSG00000090316,10.392464969771417,-0.07622993206516045,0.09118957850240317,-0.8359500429443428,0.4031830079938621,0.7034299871333322,,MAEA
ENSG00000105755,10.985846437476972,-0.07055662752560277,0.08440336722125533,-0.8359456482422714,0.4031854804300806,0.7034299871333322,,ETHE1
ENSG00000129460,29.717359053774764,-0.04875801390398859,0.058391142211020056,-0.8350241502004148,0.40370411098031056,0.7041145207463909,,NGDN
ENSG00000197928,9.834424386707903,0.08361118539246949,0.10028248364033238,0.8337566278508294,0.40441814052063607,0.7050453266653163,,ZNF677
ENSG00000138468,17.59042555015534,-0.07557518814238709,0.09065817522718504,-0.8336279431281216,0.4044906743189287,0.7050453266653163,,SENP7
ENSG00000106560,8.420651178113507,0.08518611306796837,0.10227213598897893,0.8329356988999254,0.4048809948081563,0.7055051334532123,,GIMAP2
ENSG00000166889,10.524680440477306,-0.07913596868120433,0.09509650965249314,-0.8321648078398178,0.4053159250889764,0.705672473113518,,PATL1
ENSG00000184863,28.367152822597188,-0.062290930131634545,0.07485668490623627,-0.8321358367613888,0.4053322757709058,0.705672473113518,,RBM33
ENSG00000143222,102.01897658057092,-0.03250744216433176,0.03907727892835302,-0.8318757870509139,0.4054790601377819,0.705672473113518,,UFC1
ENSG00000117523,144.73132282924612,-0.04934257737927034,0.05932508409102907,-0.8317321102075226,0.40556017176966075,0.705672473113518,,PRRC2C
ENSG00000239900,12.269239255259379,0.07362201001172125,0.08852585038841068,0.8316441998433425,0.40560980565438043,0.705672473113518,,ADSL
ENSG00000117751,8.92904669936266,0.07995892823181912,0.09617804455999003,0.8313636297933421,0.4057682387972166,0.7057279162611602,,PPP1R8
ENSG00000198898,55.627944545256966,0.04801015935343421,0.057825196335148196,0.8302636635277958,0.40638972751938174,0.70658843799441,,CAPZA2
ENSG00000154640,15.223104560960282,0.0917770105677183,0.11061194960041511,0.8297205762963414,0.4066967850537061,0.7067993201175322,,BTG3
ENSG00000108389,16.32127153187976,0.0658064183026541,0.07933734346202133,0.8294507407366816,0.4068493995636516,0.7067993201175322,,MTMR4
ENSG00000163104,9.003112051031959,-0.09335964171633898,0.11256603037768065,-0.8293766903132274,0.40689128722691503,0.7067993201175322,,SMARCAD1
ENSG00000116455,9.899289690046253,0.08514675836438823,0.1027830317516046,0.8284125980070534,0.4074368743544353,0.7075266307693339,,WDR77
ENSG00000115204,9.21474552073402,0.07957195387268473,0.09611323591556492,0.8278979800720513,0.4077282789907344,0.7078122302778129,,MPV17
ENSG00000110047,20.197386702907416,-0.06908591021528637,0.08350384026347384,-0.8273381199871098,0.40804544322505865,0.7078300109500602,,EHD1
ENSG00000160255,64.38469145680243,0.06392895308522084,0.077282352421439,0.8272128252075079,0.4081164436236657,0.7078300109500602,,ITGB2
ENSG00000102189,19.5110968895427,0.07672305070860574,0.0927725127996192,0.8270019685067823,0.4082359457402329,0.7078300109500602,,EEA1
ENSG00000080802,32.12273871640528,0.04857506983918978,0.05873763752584003,0.826983717515375,0.40824629039013516,0.7078300109500602,,CNOT4
ENSG00000124659,28.74940873124185,0.05597303678040875,0.06777469256421884,0.8258692833961937,0.40887824671735373,0.7083850888463852,,TBCC
ENSG00000139372,21.8174338646774,0.06413369964525677,0.07766792218725677,0.8257424408835208,0.4089502115270578,0.7083850888463852,,TDG
ENSG00000168216,48.04852263369928,-0.03777092744852705,0.045752852171337774,-0.8255425761672831,0.4090636211889739,0.7083850888463852,,LMBRD1
ENSG00000108021,14.63629099772465,-0.07833555238152345,0.09490541468057198,-0.8254065655282308,0.4091408086965176,0.7083850888463852,,TASOR2
ENSG00000142230,11.84543014465532,-0.07249072275563144,0.08783566869038785,-0.8252993782190485,0.4092016447586454,0.7083850888463852,,SAE1
ENSG00000198821,10.321464578023626,-0.08654614421916568,0.10496501141245768,-0.8245237441940012,0.4096420299985879,0.7089273616611192,,CD247
ENSG00000198176,15.329480167514273,-0.07266059337637831,0.08818053352485991,-0.8239981146847314,0.4099406292007961,0.7090626879997556,,TFDP1
ENSG00000155096,14.179360352894864,-0.06981815346142699,0.08473710215641095,-0.8239384128637537,0.4099745527459132,0.7090626879997556,,AZIN1
ENSG00000048028,12.777234259631449,-0.07235083665609646,0.08789299353645658,-0.8231695581751521,0.41041157759048263,0.7095984361688469,,USP28
ENSG00000159210,33.99237078397152,0.043051193738912225,0.05232038848365241,0.8228378073370697,0.410600233602478,0.709704557522448,,SNF8
ENSG00000169826,12.400812670380972,-0.08261128134269549,0.10046757245458061,-0.8222681142220531,0.41092431988274825,0.7100446258649533,,CSGALNACT2
ENSG00000132953,10.899128001540033,-0.07946109980708818,0.09678896729892307,-0.8209726999326329,0.41166181864916296,0.7109265186693188,,XPO4
ENSG00000133706,44.537928334891596,0.0570731982571166,0.06952314045728356,0.8209237655508894,0.41168969311033543,0.7109265186693188,,LARS1
ENSG00000006194,8.326742972251532,-0.07694432820895851,0.09390373146763972,-0.8193958536724857,0.41256059981283055,0.7118553247991805,,ZNF263
ENSG00000105323,39.87539594467211,0.056319718368674096,0.06875113022210377,0.8191824365174882,0.41268233401773025,0.7118553247991805,,HNRNPUL1
ENSG00000086232,31.489135707592837,0.049576439616487715,0.060525793287866815,0.8190960733169931,0.41273160206549986,0.7118553247991805,,EIF2AK1
ENSG00000078747,13.349648465824082,-0.07222520195365557,0.08817796326870063,-0.8190844886444819,0.41273821109679887,0.7118553247991805,,ITCH
ENSG00000086102,15.258550612163809,0.07588796234110287,0.09271630190133259,0.8184964325029032,0.4130737782703703,0.7122137871476762,,NFX1
ENSG00000108518,659.0991280028096,-0.03479517736189761,0.0425539012125183,-0.8176730304497144,0.4135439142291899,0.712803977045429,,PFN1
ENSG00000176783,14.177612865850081,0.06997452054485315,0.08567438365463642,0.816749622931969,0.41407152672812375,0.7134928408640352,,RUFY1
ENSG00000213904,8.41532054657518,-0.08005895611796755,0.09805420040913747,-0.8164765587187127,0.4142276252185917,0.7135413154831224,,LIPE-AS1
ENSG00000137871,15.79829458945543,0.06848313282056687,0.08391994605119682,0.8160531082656743,0.4144697615738372,0.713737921721963,,ZNF280D
ENSG00000177370,11.218873917640657,-0.06933515127297141,0.08502819077803668,-0.8154372172162119,0.4148220881916671,0.7141241011907181,,TIMM22
ENSG00000119689,8.53967641674649,0.08278571885171249,0.1016655562133318,0.8142946533238608,0.4154761719586556,0.7150293626053901,,DLST
ENSG00000168701,23.254671919107018,-0.05285888311640859,0.06499868194151158,-0.8132300769417621,0.416086158121884,0.7155082626429122,,TMEM208
ENSG00000076770,7.45822800955563,0.0921738790495491,0.11336984384687925,0.8130370116240253,0.4161968382300194,0.7155082626429122,,MBNL3
ENSG00000001631,14.988815708782884,0.061888498509857524,0.07612934622696381,0.8129387887471126,0.41625315391737505,0.7155082626429122,,KRIT1
ENSG00000112237,22.063834954986124,0.05297568699966721,0.06517513767210378,0.8128204848018576,0.41632098897362946,0.7155082626429122,,CCNC
ENSG00000222041,10.063402102726117,-0.09095240645234777,0.11193641034781061,-0.8125363871303268,0.41648391619703806,0.7155082626429122,,CYTOR
ENSG00000138326,2557.4535796344426,-0.021097134967325223,0.02596679507033681,-0.8124658784489563,0.4165243580593424,0.7155082626429122,,RPS24
ENSG00000117640,7.376539383155962,0.08739348452327246,0.10760297501591085,0.8121846492659698,0.41668568651979976,0.7155649485785043,,MTFR1L
ENSG00000006715,8.999102637922302,-0.08493907128505539,0.10461440349203625,-0.8119252077131172,0.41683454908369855,0.7156001987963987,,VPS41
ENSG00000198521,10.178659264690353,-0.10096178364836603,0.12447937682633979,-0.8110723737733442,0.41732410972769973,0.7159662123613533,,ZNF43
ENSG00000095564,8.620697637950475,-0.08919090195507313,0.1100136985426906,-0.8107254199845193,0.4175233719650444,0.7159662123613533,,BTAF1
ENSG00000105618,23.415101811482504,-0.051126888927762,0.06307042455410306,-0.8106317547284678,0.4175771753338189,0.7159662123613533,,PRPF31
ENSG00000101193,17.69197628043105,0.05488719258881286,0.06772183157792336,0.8104800373814097,0.41766433375950807,0.7159662123613533,,GID8
ENSG00000075914,13.47937186146993,0.06241365081534762,0.07703143082701218,0.8102361613340483,0.41780445788150355,0.7159662123613533,,EXOSC7
ENSG00000197045,21.873235973976506,-0.058908065825730035,0.07270694917826442,-0.8102123179628676,0.41781815907888153,0.7159662123613533,,GMFB
ENSG00000168653,100.60892891480584,-0.03192564885022835,0.039428646879625495,-0.8097069358656009,0.4181086307681936,0.7162438479764817,,NDUFS5
ENSG00000180448,39.64551065554822,-0.06349707029109691,0.07845724222013271,-0.8093207012418172,0.418330701813026,0.7164041748493345,,ARHGAP45
ENSG00000168395,9.557873341847795,-0.07744890105122634,0.095782474350973,-0.8085915672572056,0.418750116918038,0.7167376235379368,,ING5
ENSG00000186222,31.243736118777452,-0.04734352509108534,0.058554679036462706,-0.8085353018774802,0.41878249237564524,0.7167376235379368,,BLOC1S4
ENSG00000004897,11.394892926777192,-0.07375722555810858,0.09126732131816769,-0.8081449580511186,0.4190071392493422,0.7169020584395005,,CDC27
ENSG00000132155,13.009758941786668,0.06841928731915671,0.08473022223897578,0.8074956669673874,0.41938096991897467,0.7172115328319114,,RAF1
ENSG00000121741,27.3282268336508,-0.05395340153191064,0.06683231636718544,-0.807295100105219,0.4194964863364379,0.7172115328319114,,ZMYM2
ENSG00000148688,12.63769736670038,-0.06355101602654764,0.07876323132008244,-0.8068614626574354,0.41974630361870024,0.7172115328319114,,RPP30
ENSG00000139697,20.38506204518056,-0.056200989942878976,0.06966091331717733,-0.8067794013407036,0.4197935887442371,0.7172115328319114,,SBNO1
ENSG00000135932,9.573778785790457,-0.07975407646409192,0.09886543887424161,-0.8066931920015078,0.4198432674028245,0.7172115328319114,,CAB39
ENSG00000136877,7.6393108267968275,-0.07865200548629148,0.09752371757060234,-0.8064910510548505,0.4199597659067774,0.7172115328319114,,FPGS
ENSG00000153250,16.27208539090921,-0.06641997293863253,0.08241942392712742,-0.8058776654075974,0.42031339050196503,0.7174095697775784,,RBMS1
ENSG00000112339,13.262872441189518,-0.07639237564267415,0.09479801972544638,-0.8058435805296505,0.42033304599414434,0.7174095697775784,,HBS1L
ENSG00000095906,21.37126482462924,-0.05303610555975762,0.06584141767258704,-0.8055128129757617,0.42052381548441053,0.7175155431888229,,NUBP2
ENSG00000198131,8.787213461170632,-0.07535797786737852,0.0936452344581261,-0.8047177019037225,0.42098260207943594,0.7178449905351935,,ZNF544
ENSG00000183495,11.52700951376925,-0.07553850321653506,0.09387463938153516,-0.8046742305930311,0.42100769390314574,0.7178449905351935,,EP400
ENSG00000152127,9.819383599258831,-0.1010471448844463,0.12560102331473222,-0.8045089300844421,0.42110311406754264,0.7178449905351935,,MGAT5
ENSG00000230606,8.431996283755886,-0.10207626292378967,0.1270003337863144,-0.8037479893205559,0.42154253283209187,0.7181614842862447,,APPAT
ENSG00000164830,19.37590416107312,-0.054008792759827916,0.06720027769828969,-0.8036989519941,0.4215708595289317,0.7181614842862447,,OXR1
ENSG00000147162,21.204591560037205,-0.06450669157323569,0.08028029092462287,-0.8035184081956378,0.42167516132589045,0.7181614842862447,,OGT
ENSG00000076604,12.009369110936015,-0.07468843839197063,0.09300497654019486,-0.8030585154730059,0.42194091390398747,0.7182481785463576,,TRAF4
ENSG00000179889,15.135581928773505,-0.07868379416246692,0.09798918022194278,-0.8029845130273597,0.4219836859608801,0.7182481785463576,,PDXDC1
ENSG00000162241,20.460351409321945,-0.06530463227208748,0.08136763820831874,-0.8025872903536109,0.4222133168196087,0.7184197298096241,,SLC25A45
ENSG00000102910,30.559356552139853,0.054396624813800566,0.06781324822483809,0.8021533584919269,0.42246425261140996,0.7186274168887193,,LONP2
ENSG00000196199,102.20541499499613,-0.03344956160119598,0.0417790281020227,-0.8006304387817136,0.4233456237073402,0.7199070441574044,,MPHOSPH8
ENSG00000163728,52.21947791943126,0.04164896038050254,0.05205094386189049,0.8001576396195987,0.42361946919369886,0.720153097629288,,TTC14
ENSG00000143553,13.589079458752048,0.07040716644737384,0.08809184302080583,0.7992472859348038,0.4241470382710135,0.7206906392689105,,SNAPIN
ENSG00000143379,7.872216012798597,0.07899521477714506,0.09888340877899547,0.798872285579267,0.42436447052991666,0.7206906392689105,,SETDB1
ENSG00000160953,13.148829941676427,0.0673794152558007,0.08437583636658118,0.7985629317268341,0.42454388875112115,0.7206906392689105,,PWWP3A
ENSG00000115694,10.807027096275645,-0.06868650164031961,0.08603601984452473,-0.7983458761161041,0.4246698025479205,0.7206906392689105,,STK25
ENSG00000131981,7.529936336410837,-0.09286142287243716,0.11632873108382438,-0.79826730685752,0.4247153858948557,0.7206906392689105,,LGALS3
ENSG00000101444,9.003414380023836,-0.07480058190029408,0.09373095201270275,-0.7980350171857515,0.4248501695833419,0.7206906392689105,,AHCY
ENSG00000137478,23.600206537329967,0.07250390376183746,0.09086895813888737,0.7978951805634207,0.4249313203917129,0.7206906392689105,,FCHSD2
ENSG00000156110,62.7816061759284,0.05040146826848533,0.06319088355445306,0.7976066393351379,0.42509879694654706,0.7206906392689105,,ADK
ENSG00000061938,7.253893784997163,0.08773548045564672,0.11001348951377267,0.7974974782039166,0.42516216685145203,0.7206906392689105,,TNK2
ENSG00000090863,19.812688167895367,-0.05941247311691454,0.07450925401664216,-0.7973838136084996,0.4252281569574454,0.7206906392689105,,GLG1
ENSG00000196227,8.05264064335429,-0.08271996642849458,0.10389106553125001,-0.796218288892347,0.42590516918476584,0.721618724817458,,FAM217B
ENSG00000128654,8.569409771708509,-0.07224083806271879,0.09077705643189568,-0.795805029400976,0.4261453680218201,0.7218063706226212,,MTX2
ENSG00000139180,24.348707351640655,0.04834504214375086,0.06079999825647042,0.7951487422716482,0.4265269841842846,0.7222333628337598,,NDUFA9
ENSG00000153406,10.90337501935297,-0.06736765490229878,0.08480923452657847,-0.7943433905323876,0.426995550250187,0.7226785438017174,,NMRAL1
ENSG00000149541,17.09242278520469,-0.053919301806398943,0.06788779709132335,-0.7942414412691304,0.4270548872881169,0.7226785438017174,,B3GAT3
ENSG00000182473,16.59231182419721,0.05939878622169162,0.07481111910840203,0.7939833935062809,0.4272050990547033,0.7226785438017174,,EXOC7
ENSG00000113282,27.481364038084532,-0.05399284431853656,0.06805025176913149,-0.7934260772717442,0.42752962252591653,0.7226785438017174,,CLINT1
ENSG00000167543,12.013499024655987,-0.06449284869473307,0.08128970501469146,-0.7933704358144406,0.42756203025054795,0.7226785438017174,,TP53I13
ENSG00000139793,10.120620999225725,0.08632604387810881,0.10881054594945785,0.7933610030612932,0.42756752439057844,0.7226785438017174,,MBNL2
ENSG00000188419,11.73815463263742,0.07507474247807405,0.09471396125210935,0.7926470552555639,0.4279834850981262,0.722812808444733,,CHM
ENSG00000082805,10.008484958510442,0.09915062986208253,0.12509775104581802,0.7925852306151199,0.4280195164869365,0.722812808444733,,ERC1
ENSG00000117395,12.481425116689492,0.06796739982664834,0.08575709006093807,0.7925572075539344,0.42803584890324753,0.722812808444733,,EBNA1BP2
ENSG00000178761,9.337534807192373,-0.07508963415830741,0.09477880134608567,-0.79226190975044,0.4282079765858602,0.7228845526620515,,FAM219B
ENSG00000100243,22.62078717601636,0.0553963210955768,0.06994802907549623,0.7919640028139536,0.428381665929525,0.7229588889900216,,CYB5R3
ENSG00000168172,20.470812471477903,-0.06087848522307049,0.07699356318163604,-0.7906957764696724,0.4291215412966467,0.723988415815462,,HOOK3
ENSG00000139684,48.51580829948318,-0.043611226383794076,0.05519959509376264,-0.7900642443067847,0.4294902501186003,0.7243912990506096,,ESD
ENSG00000181222,19.678678778616952,-0.059290632181943366,0.07510344840170165,-0.7894528606039346,0.42984737092204695,0.7247743998371133,,POLR2A
ENSG00000104853,12.824177108860326,-0.059844684458765056,0.07600768685772402,-0.7873504237905057,0.43107675963227976,0.7266275730681958,,CLPTM1
ENSG00000012822,11.307528876992752,0.07272330942931038,0.09251246891563181,0.7860919752950442,0.431813605243647,0.7274418126966049,,CALCOCO1
ENSG00000134480,23.419780588324322,0.06587504843257545,0.08380198496347449,0.7860798101773774,0.43182073171193724,0.7274418126966049,,CCNH
ENSG00000166181,10.65142654209124,-0.07209810939576662,0.09180023979804713,-0.7853804037372499,0.432230566766058,0.7275937837151235,,API5
ENSG00000137133,29.398745277673143,0.04735740808953055,0.06030048106641569,0.7853570527467355,0.43224425375995357,0.7275937837151235,,HINT2
ENSG00000092020,23.048686174445784,0.04734405745679851,0.06029109741171569,0.785257848824604,0.43230240413346555,0.7275937837151235,,PPP2R3C
ENSG00000173442,9.164156805666625,0.07876882231783254,0.1004572246332705,0.7841031106063928,0.432979610360003,0.7285136715049416,,EHBP1L1
ENSG00000117543,19.14852483157361,-0.053436615300917076,0.06817258790144437,-0.7838431390952803,0.43313215751607503,0.7285505008475519,,DPH5
ENSG00000165934,8.128160815966918,0.08230439989181583,0.10509291647725891,0.7831583959288608,0.4335341027084252,0.728920765155853,,CPSF2
ENSG00000122033,33.599942744698815,-0.04718916530239012,0.06027579649899988,-0.7828874613572813,0.4336932012154191,0.728920765155853,,MTIF3
ENSG00000038002,8.939330042858023,-0.0704397137708529,0.08998644500926058,-0.7827813818359408,0.433755502546768,0.728920765155853,,AGA
ENSG00000226976,10.27986688865522,0.10504846109020502,0.1342339178033309,0.7825776287339975,0.4338751828465345,0.728920765155853,,COX6A1P2
ENSG00000178127,50.91831613153564,-0.04097778709698797,0.052534531374937236,-0.7800162297923786,0.4353813222128745,0.7312125517971605,,NDUFV2
ENSG00000160999,12.212263921532692,-0.09380028120361017,0.12028577618786382,-0.7798119127328216,0.43550159334977945,0.7312125517971605,,SH2B2
ENSG00000100410,22.42236636985308,-0.06200330091212638,0.07955674671484943,-0.7793594317570723,0.4357680142669622,0.7312267475541427,,PHF5A
ENSG00000135211,9.363658190431174,0.09060319882329702,0.11625451111457265,0.7793521124870982,0.4357723246274061,0.7312267475541427,,TMEM60
ENSG00000130305,20.63980245034298,0.059567255046641045,0.07646055871393294,0.7790585897953486,0.43594520210246224,0.7312967650190522,,NSUN5
ENSG00000122435,16.556126082238546,0.07009794808380977,0.09016544594926035,0.7774369365760876,0.4369010274708133,0.7324354959840692,,TRMT13
ENSG00000100836,38.015766452263414,-0.04287372022541151,0.055152659636292144,-0.7773645098558274,0.43694374494212296,0.7324354959840692,,PABPN1
ENSG00000198919,13.775105699082749,0.0794242907722508,0.10220883123303307,0.7770785539183577,0.4371124260042153,0.7324354959840692,,DZIP3
ENSG00000163755,12.270557713490934,0.07146485099586075,0.09197348514907774,0.7770157984121726,0.4371494495399897,0.7324354959840692,,HPS3
ENSG00000215301,60.68190067779586,-0.05212845706674302,0.06719460289284801,-0.7757833936435304,0.43787689068247493,0.7329078397188885,,DDX3X
ENSG00000133812,8.094973896527247,-0.09154522596761214,0.11800458015645418,-0.7757768880346728,0.4378807325398454,0.7329078397188885,,SBF2
ENSG00000145349,31.916714020912263,-0.06453578323929408,0.08321858736765057,-0.7754972210016265,0.4380459069511341,0.7329078397188885,,CAMK2D
ENSG00000177189,14.719546438980393,0.07033197934190083,0.09074746924044896,0.7750296501993433,0.43832213940417963,0.7329078397188885,,RPS6KA3
ENSG00000169727,11.80902098942452,-0.06490976280060301,0.08375711185356714,-0.7749761347321166,0.43835376176922336,0.7329078397188885,,GPS1
ENSG00000163602,9.01889040595334,0.09224958654965225,0.11904483738364409,0.7749146336548878,0.438390104462141,0.7329078397188885,,RYBP
ENSG00000267519,18.886720765161023,-0.16905252002711704,0.21828491225157332,-0.7744581074494239,0.43865993260842073,0.7329078397188885,,MIR23AHG
ENSG00000106609,30.382334316147674,0.04407253161234148,0.05691037967057307,0.7744199189577763,0.4386825081019132,0.7329078397188885,,TMEM248
ENSG00000107625,20.275556257163394,-0.05588410252752799,0.07218703309002204,-0.7741570769065518,0.43883790781525234,0.7329078397188885,,DDX50
ENSG00000204370,25.61492040612713,0.05004128426263647,0.06465672224046552,0.7739533110962135,0.4389584017323146,0.7329078397188885,,SDHD
ENSG00000104472,31.106442228002358,0.05902144688011698,0.07626221734341736,0.7739277578874576,0.43897351358781067,0.7329078397188885,,CHRAC1
ENSG00000167258,34.805584534316694,0.06667096904132919,0.08617395356686303,0.773678893467487,0.4391207045936756,0.7329078397188885,,CDK12
ENSG00000143164,7.518921209675307,0.07947177288787881,0.10272610019044381,0.7736278583587439,0.43915089284068887,0.7329078397188885,,DCAF6
ENSG00000023892,15.646766823962517,-0.06078231215220228,0.0786107622961701,-0.7732059882996909,0.4394004827293275,0.7329078397188885,,DEF6
ENSG00000014824,8.45943419943082,-0.07908664808779893,0.10232316516149412,-0.7729104935620242,0.43957535400792636,0.7329078397188885,,SLC30A9
ENSG00000132670,30.49712140499655,0.0629862006474592,0.08152443532045345,0.7726051753670565,0.4397560806826255,0.7329078397188885,,PTPRA
ENSG00000111670,16.47221088819092,-0.0745994507998085,0.09656108778912859,-0.7725622453914333,0.43978149559662294,0.7329078397188885,,GNPTAB
ENSG00000136754,35.31349866688369,0.05000585467751479,0.06474743105303044,0.7723218336887873,0.43992383696503745,0.7329078397188885,,ABI1
ENSG00000118600,7.593119336063317,0.08010261683374396,0.10374517133604913,0.7721093502682385,0.4400496647455565,0.7329078397188885,,RXYLT1
ENSG00000167978,115.46280405260184,-0.04537009998993316,0.058762584931799755,-0.7720916301178716,0.44006015914254637,0.7329078397188885,,SRRM2
ENSG00000144224,67.44033117167848,0.03430372689960771,0.04444297971468406,0.771859292959911,0.4401977693594651,0.7329181134512922,,UBXN4
ENSG00000204475,30.84117326588064,0.056555179979683456,0.07333981404088355,0.7711388516496177,0.4406246340950375,0.7334098387205757,,NCR3
ENSG00000038274,31.149918808143173,0.05714929247464529,0.07416010117603022,0.7706204760831272,0.4409319207145589,0.7335640868626411,,MAT2B
ENSG00000100523,13.082313486445834,0.0721574694740992,0.0936454863673888,0.7705386802201223,0.44098041950566225,0.7335640868626411,,DDHD1
ENSG00000135018,20.575873539164146,0.05907907702216474,0.0767218517967643,0.7700423756541336,0.44127475630188884,0.7338347870979219,,UBQLN1
ENSG00000135048,28.548005063184295,-0.10397098722266712,0.13519269524212088,-0.7690577293134233,0.4418590405093018,0.7345873613237528,,CEMIP2
ENSG00000086758,14.328055398841848,0.06886543628322271,0.08962149148778539,0.7684031490661863,0.44224771009254793,0.7348185115073921,,HUWE1
ENSG00000147894,17.285308088268504,-0.06775539849114096,0.08818053689043194,-0.7683713535939332,0.44226659424472203,0.7348185115073921,,C9orf72
ENSG00000131446,12.329216998584158,-0.06229038209491398,0.08109060405902652,-0.7681578256535405,0.4423934259559389,0.7348185115073921,,MGAT1
ENSG00000163344,17.888048034938365,0.06154922340387623,0.08016394848946294,0.7677918136974815,0.44261087879235117,0.734960768357996,,PMVK
ENSG00000136938,129.45431748374676,-0.028684934943738548,0.0373741199606607,-0.7675079700587405,0.442779556356221,0.7350219726830272,,ANP32B
ENSG00000177683,13.395221867640288,0.0676678874921491,0.08820142535481366,0.7671972104751941,0.4429642711936883,0.7351097548142875,,THAP5
ENSG00000221914,21.20240797103083,0.05537828682675946,0.07222055202069179,0.7667940119163466,0.4432039972053764,0.7352887499009756,,PPP2R2A
ENSG00000013306,23.588040831138567,-0.04707146039075358,0.06143260642593395,-0.7662292572187239,0.44353990277318767,0.7356271558189453,,SLC25A39
ENSG00000109381,32.53671187743021,-0.05641495422380841,0.07367483576606272,-0.76572894445182,0.4438376009334758,0.7357896517360573,,ELF2
ENSG00000182670,76.56999974534024,-0.03721062288215728,0.048613075220668364,-0.7654447432763273,0.44400675829077907,0.7357896517360573,,TTC3
ENSG00000111897,24.529543224468792,-0.06167918709359872,0.08058431556785432,-0.7653994038289382,0.4440337478643889,0.7357896517360573,,SERINC1
ENSG00000163510,14.041365781486011,0.06464177163854996,0.08450901283982194,0.7649097944271546,0.44432526121281324,0.7358833084671916,,CWC22
ENSG00000150093,66.26498245999538,-0.09202793312301087,0.12037150417605488,-0.7645325507307044,0.44454994652198143,0.7358833084671916,,ITGB1
ENSG00000111196,12.212624278131418,0.063290422864344,0.08282142165833846,0.7641793825447081,0.4447603512630861,0.7358833084671916,,MAGOHB
ENSG00000197013,9.510428224418606,-0.07014299730989251,0.09180028315820647,-0.764082581194327,0.44481803189871705,0.7358833084671916,,ZNF429
ENSG00000112695,267.82219705948813,0.021782508432254256,0.02851679808745074,0.7638483242562911,0.4449576353033734,0.7358833084671916,,COX7A2
ENSG00000150977,23.56911895610042,-0.060076237013438706,0.07867102804659412,-0.7636386418880612,0.445082614893636,0.7358833084671916,,RILPL2
ENSG00000163125,14.243987024806621,-0.06271398965375957,0.08212949336801147,-0.7635988861242138,0.44510631327317673,0.7358833084671916,,RPRD2
ENSG00000136504,11.341603418440455,-0.07821375658904801,0.10244093041741453,-0.7635010368448586,0.44516464421600754,0.7358833084671916,,KAT7
ENSG00000120278,11.359571486749942,-0.08387370034480766,0.10990702830821311,-0.7631331829808009,0.4453839721204613,0.7358833084671916,,PLEKHG1
ENSG00000121851,55.27406094603298,-0.03330423655539498,0.043669978871197626,-0.7626345928314764,0.44568134806475146,0.7358833084671916,,POLR3GL
ENSG00000129158,7.290907058899219,0.0756341327826056,0.09920019132854196,0.7624393841349788,0.4457978079105115,0.7358833084671916,,SERGEF
ENSG00000047579,24.890818334432346,0.04892402666568639,0.06419091902205626,0.762164296929226,0.4459619520198109,0.7358833084671916,,DTNBP1
ENSG00000196850,10.852981552347826,0.07389459014510841,0.09696173818193146,0.7621005102699207,0.4460000183364604,0.7358833084671916,,PPTC7
ENSG00000184117,8.395123600345753,0.07492689787655021,0.09832879850537314,0.7620035942212379,0.4460578590033849,0.7358833084671916,,NIPSNAP1
ENSG00000124422,15.823681456597487,-0.06692107754889876,0.08783186917921304,-0.7619225023248943,0.4461062589077658,0.7358833084671916,,USP22
ENSG00000083937,31.815493155902008,-0.04831425013585611,0.06342430635557872,-0.7617623733240316,0.4462018410917459,0.7358833084671916,,CHMP2B
ENSG00000129636,12.025099358115439,0.05782465358551944,0.07596022296142034,0.7612491292302838,0.4465082788574265,0.7361332436029602,,ITFG1
ENSG00000082515,23.970997685256332,-0.05026247376702706,0.06604216879651893,-0.7610663714253489,0.4466174252347228,0.7361332436029602,,MRPL22
ENSG00000204463,13.574794410897093,-0.06443420377537348,0.08473010368097963,-0.7604641204969727,0.4469772081887916,0.7365085439895692,,BAG6
ENSG00000126457,53.051741997643596,-0.04326505278768906,0.05694016563770106,-0.7598336306742761,0.4473540375632935,0.7369117026448817,,PRMT1
ENSG00000111412,7.788089844378896,0.09739722950664657,0.12824622456875256,0.7594549456263493,0.44758045577286487,0.7370669289396026,,SPRING1
ENSG00000198301,22.854432599272744,0.04748524135067007,0.06256577302493883,0.7589651506701973,0.4478734038965906,0.7372358327556756,,SDAD1
ENSG00000160688,9.099849567804002,0.06661644432187906,0.0878048556558487,0.7586874760432651,0.44803953046873013,0.7372358327556756,,FLAD1
ENSG00000090661,11.955445851338986,0.06578162135489118,0.08674570831334401,0.7583270992182568,0.4482551881221567,0.7372358327556756,,CERS4
ENSG00000069956,7.207663256734898,-0.09564625998803764,0.1261731883913186,-0.7580553460486112,0.44841785035680015,0.7372358327556756,,MAPK6
ENSG00000169609,23.317127700804868,-0.045344085970418974,0.05981688317421119,-0.7580482894496271,0.4484220746441555,0.7372358327556756,,C15orf40
ENSG00000141504,35.182849361978555,-0.04243865959734545,0.05599080348450022,-0.7579576815520003,0.44847631720000924,0.7372358327556756,,SAT2
ENSG00000197956,344.3328667678742,0.03407605725252242,0.04497185447951559,0.7577196370241717,0.44861884066852453,0.737252772050602,,S100A6
ENSG00000136682,8.226548264559707,0.0767480042123313,0.10134319456681674,0.7573079232442238,0.44886540513334494,0.7374406302367505,,ZNG1B
ENSG00000213024,7.750354752332593,-0.0842240152644397,0.11129420817019853,-0.7567690776472278,0.4491882216379218,0.7377536152733585,,NUP62
ENSG00000073584,53.211333612420376,0.04092858873578891,0.05417163944755304,0.755535353058946,0.4499278283148316,0.7387083675650687,,SMARCE1
ENSG00000214087,20.408406141778617,0.05521334494250392,0.07310031477116606,0.7553092639251188,0.45006344149007405,0.7387083675650687,,ARL16
ENSG00000070367,10.329853514450638,0.07734101097440715,0.10241988256948087,0.755136688639919,0.4501669714824432,0.7387083675650687,,EXOC5
ENSG00000058063,11.004797427378694,0.07807222228342993,0.1034674655041888,0.7545581782929557,0.4505141252270224,0.7389395770105092,,ATP11B
ENSG00000110107,9.772946568254508,-0.07107506601900482,0.09423177728312217,-0.7542579379083307,0.4506943538770243,0.7389395770105092,,PRPF19
ENSG00000139842,10.989972794607459,0.0636333997348042,0.08436763295667787,0.7542394814783941,0.45070543425623055,0.7389395770105092,,CUL4A
ENSG00000183207,9.594228199134028,0.06437921895601864,0.08543237020753462,0.7535693882731674,0.4511078313939776,0.7393404059325934,,RUVBL2
ENSG00000136003,150.38070983586786,-0.031835912660913034,0.04225698009320132,-0.753388258950267,0.4512166361171782,0.7393404059325934,,ISCU
ENSG00000018189,9.62811004174078,-0.08125129103158212,0.1079070347522037,-0.7529749215902977,0.4514649842447518,0.7393404059325934,,RUFY3
ENSG00000225973,11.063645061600107,0.07852700710077018,0.10429253445870368,0.7529494561460124,0.4514802873386802,0.7393404059325934,,PIGBOS1
ENSG00000143443,76.3274380841449,-0.0755443257253536,0.10040279701177382,-0.7524125619378397,0.45180299452278516,0.7395031307420248,,C1orf56
ENSG00000124596,32.53316354773856,0.04211257875105587,0.055975564387327426,0.7523386179664842,0.4518474497163466,0.7395031307420248,,OARD1
ENSG00000168159,11.749019367717743,0.08988470774461847,0.11950810324313034,0.7521222854801295,0.451977523236876,0.7395031307420248,,RNF187
ENSG00000096092,12.54523896792724,0.07651640697270952,0.10181057044910151,0.7515566078766116,0.45231774636977606,0.7398207260347363,,TMEM14A
ENSG00000170185,7.061666100493939,-0.08848764219110455,0.11777270654488463,-0.7513425205812081,0.4524465455278589,0.7398207260347363,,USP38
ENSG00000134697,10.663689624447754,-0.06563065274785583,0.08737497251854671,-0.751137892878017,0.4525696729742621,0.7398207260347363,,GNL2
ENSG00000167468,144.06841803142916,-0.029035570307429873,0.03866812131197878,-0.750891673095975,0.4527178520634224,0.7398460560098603,,GPX4
ENSG00000105677,44.176834402985314,0.03665213607486442,0.04884361515228666,0.7503976919109869,0.45301522063543465,0.7399965377010048,,TMEM147
ENSG00000119541,32.83335225834728,0.04699633452055347,0.06263690662860685,0.7502978204081651,0.4530753550414689,0.7399965377010048,,VPS4B
ENSG00000110321,122.17192337827913,0.04303346066367377,0.057382440275839046,0.7499412791929148,0.45329007159861845,0.7401304360860604,,EIF4G2
ENSG00000100722,7.249579420735095,-0.07693721975034445,0.10273666809221689,-0.7488778950986152,0.4539308046448285,0.7409596506731744,,ZC3H14
ENSG00000264364,11.340279990394942,0.08370675080602212,0.11185742599029257,0.7483343199161988,0.45425852842401193,0.7410799003501891,,DYNLL2
ENSG00000023516,11.980496764870809,0.07422774842124115,0.099193208180328,0.7483148270222196,0.4542702832490937,0.7410799003501891,,AKAP11
ENSG00000178764,8.457035112393381,-0.07730114126108989,0.10341296808211949,-0.7474994934842757,0.45476210844156517,0.7415859925466528,,ZHX2
ENSG00000187840,23.399749508941195,-0.045936908926917076,0.06147220933097283,-0.7472792897289234,0.4548949911002863,0.7415859925466528,,EIF4EBP1
ENSG00000184922,37.524391231316585,-0.05117024157790862,0.06849688467856661,-0.7470448009137024,0.4550365181659861,0.7415859925466528,,FMNL1
ENSG00000139168,40.433118882814,0.034439694905734244,0.04611593037447639,0.746806897878297,0.45518013124191326,0.7415859925466528,,ZCRB1
ENSG00000164687,14.926554497132347,-0.06583391801853282,0.08816665033196798,-0.7466986413871092,0.45524549004433157,0.7415859925466528,,FABP5
ENSG00000125458,62.69261787551381,-0.030857977079009405,0.04136608105357762,-0.7459729394970229,0.4556837618997762,0.742083135617159,,NT5C
ENSG00000114742,10.350869172126025,-0.07107425448744974,0.09535611666147178,-0.7453560083594194,0.45605653066526075,0.7422968979620685,,WDR48
ENSG00000136270,7.815625558741744,-0.07278577285257383,0.09765772305137944,-0.7453150716434372,0.456081271954456,0.7422968979620685,,TBRG4
ENSG00000204287,3810.907314534639,0.024053210633775093,0.03230146194568062,0.7446477399141839,0.4564846996421954,0.7427367041741704,,HLA-DRA
ENSG00000136936,27.576855798793737,-0.04398580983082058,0.05911286091041652,-0.7440988162877032,0.45681669539335923,0.743060062285114,,XPA
ENSG00000112799,125.64844362291855,0.04186263441933629,0.056327733934742844,0.743197559977031,0.4573620804161539,0.743618276177598,,LY86
ENSG00000025796,31.569678802085633,-0.04631388170727223,0.06232599008067805,-0.7430909905694414,0.45742659384669315,0.743618276177598,,SEC63
ENSG00000157778,13.698229158835487,-0.053221726274824424,0.07166850672095657,-0.7426096720843477,0.45771803103871656,0.7437228307794082,,PSMG3
ENSG00000159131,8.003055166913489,0.0781137448853312,0.10520041622090236,0.742523154293478,0.45777042840224946,0.7437228307794082,,GART
ENSG00000158526,29.217885715518424,-0.04705426927575475,0.0634447569510249,-0.7416573336718351,0.4582949766548621,0.7437228307794082,,TSR2
ENSG00000000419,24.276983969560543,-0.049883894624191114,0.06726196745823379,-0.741635972143789,0.4583079225701645,0.7437228307794082,,DPM1
ENSG00000121680,26.413038787078005,0.04081208972593478,0.05504699678367124,0.7414044745496633,0.45844823225391385,0.7437228307794082,,PEX16
ENSG00000229807,157.77893217079327,0.05356545474105019,0.07225716889312252,0.7413168210379273,0.45850136495180194,0.7437228307794082,,XIST
ENSG00000110536,20.861597271189062,-0.04708586192080988,0.06352743691681381,-0.7411893853433219,0.45857861846916026,0.7437228307794082,,PTPMT1
ENSG00000242247,11.667080909898543,-0.06390119880834057,0.08621488095197985,-0.7411852583074654,0.4585811204650352,0.7437228307794082,,ARFGAP3
ENSG00000127483,87.17441375632045,-0.04044753100973602,0.05458480481225545,-0.741003492617687,0.4586913226417476,0.7437228307794082,,HP1BP3
ENSG00000152804,56.704365112762865,-0.04490814227848312,0.06065184873595803,-0.740424953474813,0.45904218221527626,0.7440753511722037,,HHEX
ENSG00000085265,35.625710070733895,0.05447791943913655,0.0736333708515095,0.7398536670146174,0.45938879085615636,0.7443834103362781,,FCN1
ENSG00000168393,10.730332806007576,-0.06604263734912277,0.08928641994606558,-0.7396716923919285,0.45949922854689185,0.7443834103362781,,DTYMK
ENSG00000115677,9.280823677506863,0.07266743715593506,0.09842258570988432,0.7383207485539294,0.4603195609865445,0.7454957513973198,,HDLBP
ENSG00000156531,16.822521272845407,-0.06986681106867774,0.09468665831791383,-0.7378738706154085,0.46059109850341073,0.7455926244192348,,PHF6
ENSG00000114302,12.344339475848784,-0.06973974646202633,0.09459676160256558,-0.7372318595326512,0.46098136197981165,0.7455926244192348,,PRKAR2A
ENSG00000188342,12.330545475213745,0.060477069232058284,0.08204820950389677,0.7370918829031364,0.4610664750245864,0.7455926244192348,,GTF2F2
ENSG00000142252,19.38063035311004,0.050715004229355425,0.0688104818164664,0.7370244022505782,0.46110750989579585,0.7455926244192348,,GEMIN7
ENSG00000110031,20.31257868422798,0.05942356282570358,0.08063792837716836,0.7369182718554143,0.46117205173946285,0.7455926244192348,,LPXN
ENSG00000156697,7.538417646990767,0.08234270164349294,0.11176326038130378,0.7367600172235811,0.4612683016471526,0.7455926244192348,,UTP14A
ENSG00000213096,7.6063387752905545,-0.07609821812255659,0.10329851170424821,-0.7366826188206059,0.4613153791690029,0.7455926244192348,,ZNF254
ENSG00000141580,19.49564260181419,0.04998797905484269,0.06793675238229101,0.7358017170669612,0.4618513761188523,0.7462426175713476,,WDR45B
ENSG00000174109,9.647177864669269,0.06793298365009019,0.0923925316213729,0.7352648797251427,0.46217819272375893,0.7465543460682734,,UQCC4
ENSG00000131503,7.550516732264079,-0.0748084497701235,0.10183354790241016,-0.7346149801420496,0.46257401216561345,0.746930202917211,,ANKHD1
ENSG00000254901,8.939501986686805,0.07004282636227928,0.09538422926796776,0.7343229263351744,0.4627519482446918,0.746930202917211,,BORCS8
ENSG00000055483,9.004712172927412,0.08509208694196822,0.11589403867482306,0.734223156902148,0.4628127423025402,0.746930202917211,,USP36
ENSG00000213930,10.163878434822799,-0.06578293326021815,0.08966288802042652,-0.7336695784908449,0.46315014373401175,0.7472584494967736,,GALT
ENSG00000260916,11.391683330939756,-0.07055788001754665,0.0963118171775507,-0.7325983673163731,0.4638034272046445,0.7480837142751959,,CCPG1
ENSG00000119950,13.967097189081278,-0.08535571275246184,0.11659757706995545,-0.7320539148189219,0.46413566087611424,0.7480837142751959,,MXI1
ENSG00000177700,115.9668993386362,0.037507454404909324,0.05123971437786579,0.7319996775999118,0.46416876455439426,0.7480837142751959,,POLR2L
ENSG00000078142,9.84969360347351,0.0768686820797578,0.10503468814126193,0.7318409131312558,0.4642656739777328,0.7480837142751959,,PIK3C3
ENSG00000160131,21.442438002824055,-0.04346854380897621,0.059421258697732335,-0.7315318584901515,0.4644543524299626,0.7480837142751959,,VMA21
ENSG00000159086,8.743366321047766,0.09273095517749828,0.12676682898177244,0.7315080445124322,0.46446889267951375,0.7480837142751959,,PAXBP1
ENSG00000235194,10.274689318573374,0.0722204228845722,0.09875754619737222,0.7312901713883802,0.464601932596709,0.7480837142751959,,PPP1R3E
ENSG00000065427,32.664705445560344,0.03742876837156757,0.05120669559108508,0.7309350454959606,0.4648188286398621,0.7480837142751959,,KARS1
ENSG00000187514,3405.8886748873592,-0.026714346785541458,0.036560768356254325,-0.7306834070124658,0.4649725529880532,0.7480837142751959,,PTMA
ENSG00000100360,8.181492496768657,0.07846633136714205,0.10739497783300789,0.7306331538999153,0.4650032556811028,0.7480837142751959,,IFT27
ENSG00000245937,12.750713791208577,0.05863020407835186,0.08029247250347327,0.7302079790333478,0.4652630660662166,0.7482495360213945,,SLC12A2-DT
ENSG00000085274,9.903232658083734,-0.06784261798483565,0.09293187055560713,-0.7300253140201352,0.4653747114279405,0.7482495360213945,,MYNN
ENSG00000204371,10.279121475273747,-0.0660861350230348,0.09059237825451935,-0.729488907304826,0.46570265074818595,0.7485609629783467,,EHMT2
ENSG00000165733,15.034764924069561,0.060760425591149254,0.0834051218102209,0.7284975343529005,0.4663090774536234,0.7493197163923354,,BMS1
ENSG00000213246,48.04564586334596,0.03620630059644788,0.049723638200013805,0.7281506725394408,0.4665213576565076,0.7494448545931104,,SUPT4H1
ENSG00000100883,15.704780563733502,-0.05877638600168598,0.0807736130229498,-0.7276681555025418,0.4668167483353012,0.74969711608851,,SRP54
ENSG00000153922,48.56932891780674,-0.05309641551977121,0.07298928114104627,-0.7274549726988871,0.46694728912758166,0.74969711608851,,CHD1
ENSG00000102901,7.54378937244332,-0.0743336817024107,0.10226886512057741,-0.7268456691561946,0.4673205029168608,0.7497922081513021,,CENPT
ENSG00000115539,15.737372554006052,0.05306133140397022,0.07301521432935194,0.7267160946022134,0.46739989191878073,0.7497922081513021,,PDCL3
ENSG00000142065,13.500501814965068,0.06737775410871526,0.09271746161623261,0.7266997276909813,0.4674099202894415,0.7497922081513021,,ZFP14
ENSG00000253352,12.737308619395032,0.0695776585419145,0.09589856454529265,0.7255338896032499,0.46812456199547714,0.7507226222855279,,TUG1
ENSG00000155744,17.057403305216937,0.06766240348946725,0.09331018202123961,0.725134192472861,0.4683697097221723,0.7508997991405499,,HYCC2
ENSG00000153006,33.38300106202225,0.04123033475317416,0.056894027072553414,0.7246865246609399,0.46864436385177266,0.75097169825318,,SREK1IP1
ENSG00000154781,22.080622612345326,-0.061502143354620835,0.08487478621077453,-0.7246220709397602,0.46868391497867046,0.75097169825318,,CCDC174
ENSG00000213465,18.204799805206452,0.0689379712170349,0.09528595472425815,0.7234851287005524,0.4693818873402845,0.751864918626965,,ARL2
ENSG00000168421,100.84617514251451,-0.05541971376963908,0.07662331353082812,-0.7232748261055283,0.4695110557136105,0.751864918626965,,RHOH
ENSG00000229809,14.903325869847109,0.05343906497496198,0.07394836761405867,0.7226537474615252,0.46989263844085805,0.7519244237290472,,ZNF688
ENSG00000106344,10.05138305326787,-0.07751514508785805,0.10727687637581726,-0.7225708624876758,0.4699435748596671,0.7519244237290472,,RBM28
ENSG00000144524,8.819707195056516,0.06449878646228566,0.08931038856061387,0.7221868306900391,0.4701796189004075,0.7519244237290472,,COPS7B
ENSG00000147274,102.29396478991472,-0.03395350490419243,0.0470236376599137,-0.7220518571904704,0.4702625955247103,0.7519244237290472,,RBMX
ENSG00000164944,11.134456169157536,-0.0723821595851742,0.10025346941549955,-0.7219915680442641,0.47029966163420756,0.7519244237290472,,VIRMA
ENSG00000076043,16.553113554094274,-0.05207776345764476,0.07214007801523896,-0.7218977978737948,0.4703573152738373,0.7519244237290472,,REXO2
ENSG00000038427,15.237354903862983,-0.06523728406209447,0.09045324905124724,-0.7212265424001918,0.47077014385777405,0.7523686793209939,,VCAN
ENSG00000091640,37.43351626793547,0.03785546114624616,0.05251607109503841,0.7208357433620478,0.4710105811096913,0.7523745709950741,,SPAG7
ENSG00000088247,9.66525303171173,0.07287048549099025,0.10111187816017994,0.7206916419409192,0.4710992559200169,0.7523745709950741,,KHSRP
ENSG00000138594,20.371306987844427,0.06424122064524698,0.08917797922868889,0.7203708942597383,0.4712966655214397,0.7523745709950741,,TMOD3
ENSG00000100225,29.452221946166617,0.04090193214826388,0.05678133864099708,0.7203411037360081,0.4713150029200065,0.7523745709950741,,FBXO7
ENSG00000131375,12.00572523445454,-0.07485343292687692,0.10394600965141042,-0.7201183881699998,0.47145210677049976,0.7523745709950741,,CAPN7
ENSG00000145495,29.622882329008203,-0.05163515686749905,0.07173851242399765,-0.7197689932893881,0.4716672388002787,0.7523745709950741,,MARCHF6
ENSG00000125629,11.999571445309213,0.062389577160945064,0.0866899966823329,0.7196860024065478,0.4717183465205844,0.7523745709950741,,INSIG2
ENSG00000169756,17.115058496929386,-0.05278018896177478,0.07354192620648245,-0.7176884218885526,0.4729494237960119,0.7536392949625702,,LIMS1
ENSG00000130522,161.37174229748038,-0.06095089630023377,0.08492824215916002,-0.7176752367723398,0.4729575554445651,0.7536392949625702,,JUND
ENSG00000151327,23.231591077613427,-0.046660671401592774,0.06503611526977951,-0.7174578495046536,0.47309163565164114,0.7536392949625702,,FAM177A1
ENSG00000205056,60.71416641503451,0.05265510143848096,0.07340641215388082,0.7173092907483454,0.4731832758112181,0.7536392949625702,,LINC02397
ENSG00000128563,10.988429290156487,0.06797124357521965,0.09478379263821476,0.7171188415583101,0.47330077084632627,0.7536392949625702,,PRKRIP1
ENSG00000012061,21.05626993411291,-0.04727984390671814,0.065967750159734,-0.7167114808711068,0.47355214034731896,0.7536392949625702,,ERCC1
ENSG00000102580,14.81058902593091,-0.051721045568284954,0.07217178160307716,-0.7166380601872206,0.4735974537555724,0.7536392949625702,,DNAJC3
ENSG00000163041,732.2154837518823,-0.023167368655942856,0.03232944861472328,-0.7166026532661652,0.4736193068731128,0.7536392949625702,,H3-3A
ENSG00000204574,31.987228361529542,-0.04472763858188499,0.06247357718772248,-0.7159448937506179,0.4740253762263925,0.7536392949625702,,ABCF1
ENSG00000009954,24.970969131812314,-0.051553993970660746,0.07201479826674062,-0.7158805580445609,0.4740651042933035,0.7536392949625702,,BAZ1B
ENSG00000173436,80.75063364279298,0.03352674607771283,0.046833066302802234,0.7158776634641746,0.47406689177427985,0.7536392949625702,,MICOS10
ENSG00000084090,23.68830126342297,-0.046628125730738025,0.06514397830573047,-0.7157703128277679,0.47413318628563417,0.7536392949625702,,STARD7
ENSG00000062725,7.320888395506634,0.07667005973471942,0.10717760360817515,0.7153552342429057,0.4743895664771375,0.7538319243877226,,APPBP2
ENSG00000169895,31.972200195675,0.05286919101045959,0.07394703938188549,0.7149602127737211,0.4746336287660696,0.7540048757833631,,SYAP1
ENSG00000179743,15.395485426868753,-0.051022708082221285,0.07151611506233128,-0.7134435090294186,0.4755713578846241,0.7552793766917301,,SPEN-AS1
ENSG00000142347,29.524665397690686,-0.04926347602636384,0.06908601244077356,-0.7130745325415433,0.4757996377492655,0.755351280244869,,MYO1F
ENSG00000165275,11.666354567553945,0.06532204342224449,0.0916244506283318,0.7129324429700408,0.4758875623207003,0.755351280244869,,TRMT10B
ENSG00000132005,9.348519700909959,-0.06862806582612896,0.09639328089828832,-0.7119590202406691,0.47649015267230643,0.7560325573175016,,RFX1
ENSG00000110075,10.925656877882586,-0.0652455455080385,0.09168104040226462,-0.7116579962636078,0.47667658398764234,0.7560325573175016,,PPP6R3
ENSG00000185803,9.88486315949649,0.06682829630327757,0.09391507790333495,0.711582184620692,0.4767235422396585,0.7560325573175016,,SLC52A2
ENSG00000143207,8.982436628105464,0.0690958225977626,0.09718944482878636,0.7109395749660383,0.47712168080157713,0.7564488177849287,,COP1
ENSG00000126759,7.862552882367624,0.07218019583891905,0.10159826412268316,0.7104471366927997,0.47742690153731515,0.7564603622258668,,CFP
ENSG00000240230,38.92196987825332,0.04875719491184917,0.06863773866027546,0.7103554963133963,0.4774837134270228,0.7564603622258668,,COX19
ENSG00000149531,31.982553811226378,-0.07363792041555245,0.10367577434824217,-0.7102712362504866,0.4775359531985386,0.7564603622258668,,FRG1BP
ENSG00000236618,9.949138646018298,-0.068513809186496,0.09653475884777428,-0.7097320178168721,0.47787033325248307,0.7564816228981395,,PITPNA-AS1
ENSG00000214413,10.369411249156176,0.06634354295500779,0.09348551697100066,0.7096665355724315,0.47791094880841456,0.7564816228981395,,BBIP1
ENSG00000196187,10.595733001712803,-0.06985417498304161,0.0984425517854593,-0.709593297980311,0.4779563768777162,0.7564816228981395,,TMEM63A
ENSG00000126226,12.338702731039419,0.056430474390399527,0.07955577859842176,0.7093196168093188,0.4781261576844069,0.7565049001239752,,PCID2
ENSG00000143190,13.41407814016373,0.06386622925631957,0.09007724917871085,0.709016203743197,0.478314421492662,0.7565049001239752,,POU2F1
ENSG00000196154,382.90931841591356,0.03952054202777302,0.05575064063577102,0.7088805003330426,0.47839863677966876,0.7565049001239752,,S100A4
ENSG00000147533,17.355266016378902,0.052369107604275995,0.07390333154993697,0.7086163303597462,0.4785625995221455,0.7565049001239752,,GOLGA7
ENSG00000093072,9.970930251423361,0.06660212999225662,0.09403376821628086,0.7082788582827976,0.47877210343576826,0.7565049001239752,,ADA2
ENSG00000114331,42.86495194099251,-0.03978524624603155,0.05618375677686201,-0.7081271977600507,0.4788662711609317,0.7565049001239752,,ACAP2
ENSG00000115486,8.853376920376238,-0.06838657842749685,0.09658583631826831,-0.7080394086162938,0.47892078504979063,0.7565049001239752,,GGCX
ENSG00000132323,15.386904659020246,-0.04957545931113362,0.07004333331967777,-0.7077826962470678,0.47908021360452224,0.7565424160461105,,ILKAP
ENSG00000066427,12.050704064375516,0.05633978389156054,0.07964388431906652,0.7073962347925432,0.47932027611551176,0.7566975690106233,,ATXN3
ENSG00000101290,16.815069613095986,0.05932601600491865,0.08389006308417722,0.7071876432538805,0.47944987649112847,0.7566975690106233,,CDS2
ENSG00000138382,28.69640234312659,-0.03967034666759295,0.0561475510506028,-0.7065374344081397,0.47985398156442516,0.7571053188803024,,METTL5
ENSG00000073614,32.69819967443955,-0.04547939128205415,0.06440942000187613,-0.7060984446177192,0.4801269189150209,0.7571053188803024,,KDM5A
ENSG00000139218,111.95033057873066,0.03558272424681617,0.05041138875442049,0.7058469351074161,0.4802833304736672,0.7571053188803024,,SCAF11
ENSG00000134954,69.88253922551915,-0.06512731200712307,0.0922701765633184,-0.7058327450195228,0.4802921559925025,0.7571053188803024,,ETS1
ENSG00000179134,9.044192405620374,-0.08623396373463664,0.12219980292783945,-0.7056800556835505,0.480387126649661,0.7571053188803024,,SAMD4B
ENSG00000101350,7.574833279494671,0.08548358520319474,0.1212559906972895,0.7049844276692352,0.48081992716009914,0.757354966017826,,KIF3B
ENSG00000136826,11.457889810321404,-0.09700446292659404,0.1376007678521958,-0.7049703605636244,0.480828681514485,0.757354966017826,,KLF4
ENSG00000167996,2024.4731640922337,-0.027950923218731154,0.03967770920969354,-0.7044490162225029,0.4811531899450884,0.757354966017826,,FTH1
ENSG00000059804,65.73617220948897,-0.07730622591176074,0.10976248359966474,-0.7043046346666018,0.48124308067134003,0.757354966017826,,SLC2A3
ENSG00000126883,14.387156318812513,0.05669775435460966,0.08055251552147036,0.7038607545346925,0.4815194939067142,0.757354966017826,,NUP214
ENSG00000174485,15.265202708590706,-0.06644321285442618,0.0944456055700793,-0.7035077222849172,0.4817393959749663,0.757354966017826,,DENND4A
ENSG00000126698,86.35421686090844,0.03007652918672849,0.04275829983692492,0.7034079769643976,0.4818015367462942,0.757354966017826,,DNAJC8
ENSG00000132275,9.129996024330842,-0.0703420889527156,0.10000326258319794,-0.7033979405841317,0.48180778959594595,0.757354966017826,,RRP8
ENSG00000082996,30.429194128345664,-0.044964473660713704,0.0639355230988999,-0.7032784199037448,0.4818822565727835,0.757354966017826,,RNF13
ENSG00000148335,10.916139231530286,0.061720638103945256,0.08776562259522014,0.7032438929830671,0.48190376962540293,0.757354966017826,,NTMT1
ENSG00000085063,8.396517012077476,-0.08180185708633475,0.11644310009168676,-0.7025049747209096,0.48236430041273914,0.7578651279519395,,CD59
ENSG00000163605,19.579323213423525,0.05307910757584807,0.07559916642414075,0.7021123391500591,0.48260910781797384,0.7580361648431048,,PPP4R2
ENSG00000133858,34.54356819887566,0.054781840358786846,0.07806304088264064,0.7017641093580435,0.4828262847971103,0.7581637183972648,,ZFC3H1
ENSG00000145216,24.28117718356433,0.048945053868238886,0.06978904509548317,0.7013286082546882,0.4830979640970646,0.7583767589541758,,FIP1L1
ENSG00000154723,109.36310203341719,0.02662657543465873,0.03799772948399143,0.7007412231269396,0.4834645248831513,0.7587385845056154,,ATP5PF
ENSG00000008083,23.66295455042724,-0.05948407897736043,0.08495423278324254,-0.7001897024852402,0.4838088416181018,0.758925707846847,,JARID2
ENSG00000123358,10.930122697035216,0.10374464691563576,0.14818245743316844,0.7001142288548258,0.48385597047983164,0.758925707846847,,NR4A1
ENSG00000131051,268.4570384586564,-0.03295780617402106,0.04710463693400499,-0.6996722259041278,0.48413202542874834,0.7589895650278669,,RBM39
ENSG00000101246,11.45137700304186,0.06244227869482878,0.08927937050578108,0.6994032142149286,0.4843000796995717,0.7589895650278669,,ARFRP1
ENSG00000114315,21.925025737405186,-0.1556105902564157,0.222493050640162,-0.6993952836220699,0.4843050344994889,0.7589895650278669,,HES1
ENSG00000166557,15.26403901720091,-0.0503746364402761,0.07212917177469177,-0.6983947715028559,0.4849303452727366,0.7597560003486313,,TMED3
ENSG00000160049,9.921585959250796,0.06424814145702881,0.09208144660181747,0.6977316693867047,0.48534501879105196,0.7601920856120522,,DFFA
ENSG00000177733,169.9231767016379,-0.031070524005084508,0.044631707958229766,-0.6961535963213195,0.48633264459010483,0.7615250845926494,,HNRNPA0
ENSG00000119778,11.077282842786968,-0.07170019490962616,0.10302826895075319,-0.695927395848011,0.4864742995323592,0.7615330416037156,,ATAD2B
ENSG00000124222,15.844278908887748,0.05485226304551239,0.07889101758673255,0.6952916152362717,0.48687256783296773,0.7619425872120763,,STX16
ENSG00000127914,84.2151938637734,-0.042347329630883515,0.0609541235057876,-0.6947410149678002,0.4872176194022366,0.7622686435990099,,AKAP9
ENSG00000023734,36.79734349534321,-0.03903150939773957,0.05625262472325964,-0.6938611236321675,0.48776930596330015,0.7629177138994002,,STRAP
ENSG00000111581,21.0939296182048,-0.0456752301884918,0.06589714921208585,-0.6931290766689912,0.4882285517629965,0.7632405891138,,NUP107
ENSG00000141759,26.151749703633296,0.04052094237858694,0.058463704564521345,0.6930957023749234,0.48824949450662203,0.7632405891138,,TXNL4A
ENSG00000112697,12.133946150942405,-0.06038782452372151,0.08724225140130702,-0.6921855357210189,0.4888208209978415,0.7636167226957329,,TMEM30A
ENSG00000188725,10.936573155629734,0.06451734113574445,0.0932458908868101,0.6919054611646229,0.488996700831802,0.7636167226957329,,SMIM15
ENSG00000090013,11.952223036937173,-0.05685915257261325,0.08218846082811963,-0.6918143009335891,0.4890539545357673,0.7636167226957329,,BLVRB
ENSG00000174738,9.538560710308797,-0.07614554221158816,0.11008445861862003,-0.6917011099213297,0.4891250498230154,0.7636167226957329,,NR1D2
ENSG00000173141,40.97881941695863,0.0347243328445243,0.050207407882763816,0.6916177175608612,0.4891774321351138,0.7636167226957329,,MRPL57
ENSG00000134602,12.535613436872591,0.05887185661195759,0.08514829280917635,0.6914038399324551,0.4893117916412937,0.7636167226957329,,STK26
ENSG00000108799,13.745849975695593,-0.06760912512849271,0.09784542498039363,-0.6909789102764927,0.4895787945426272,0.7637225845790506,,EZH1
ENSG00000164323,41.19730536642194,-0.038686868432382844,0.05600163506358781,-0.6908167661257627,0.4896806978599376,0.7637225845790506,,CFAP97
ENSG00000154589,26.001878986943886,0.06836263687882022,0.09898418188812841,0.6906420356747853,0.4897905241131071,0.7637225845790506,,LY96
ENSG00000063978,11.51311459399347,-0.06333468734153593,0.09177475463638927,-0.6901101244287426,0.49012493676660696,0.7639982517293522,,RNF4
ENSG00000079277,9.097963925223073,-0.06555468173538936,0.09509002410680545,-0.6893959944921049,0.49057410339305185,0.7639982517293522,,MKNK1
ENSG00000163781,11.968359002313575,0.06656402329962996,0.09659782161457751,0.6890841034202454,0.49077034306355116,0.7639982517293522,,TOPBP1
ENSG00000115091,90.06180033336405,0.04324741218260858,0.06276844073196473,0.6889993072678784,0.4908237034999564,0.7639982517293522,,ACTR3
ENSG00000117280,24.653369787614036,0.05022684033602367,0.07296389667725202,0.6883793577828871,0.49121391938582115,0.7639982517293522,,RAB29
ENSG00000154767,29.88576141286143,-0.056542410525331675,0.08216980192064209,-0.6881166706467076,0.491379313253976,0.7639982517293522,,XPC
ENSG00000116670,13.736082679948185,-0.05198216525590794,0.07554883711691904,-0.6880604287192479,0.4914147283524629,0.7639982517293522,,MAD2L2
ENSG00000175197,29.521905551662506,-0.08180635600893998,0.11892069152760706,-0.6879068306624242,0.49151145482062764,0.7639982517293522,,DDIT3
ENSG00000136810,51.84853214887677,-0.04979322085216421,0.07240148650168739,-0.6877375487449934,0.4916180698446381,0.7639982517293522,,TXN
ENSG00000174574,23.893743767819032,0.04567226862800313,0.0664133436024254,0.6876971727460984,0.4916435007857033,0.7639982517293522,,AKIRIN1
ENSG00000161011,47.23965316726001,-0.04975611024920684,0.07237723289239269,-0.687455270957679,0.49179587812294756,0.7639982517293522,,SQSTM1
ENSG00000213462,21.513948094963762,0.05201454545798213,0.07569308094630688,0.6871770154907395,0.4919711864938805,0.7639982517293522,,ERV3-1
ENSG00000172578,7.4373377890884385,0.08186690316892874,0.11914295080427799,0.687131740621529,0.4919997140411885,0.7639982517293522,,KLHL6
ENSG00000103550,14.216763670444474,-0.06724414159240265,0.09786347478764391,-0.6871219496172314,0.49200588343775564,0.7639982517293522,,KNOP1
ENSG00000127824,49.99470104251728,-0.041497246469341734,0.06039516515702869,-0.6870955044405961,0.49202254697993253,0.7639982517293522,,TUBA4A
ENSG00000154473,40.638963063231195,-0.035647381446548276,0.05195250421329964,-0.686153285319838,0.4926164523266934,0.7647074994915485,,BUB3
ENSG00000249915,54.85341508303231,0.034607251277126896,0.050478022067968656,0.6855904779812536,0.49297138775680394,0.7649808371658934,,PDCD6
ENSG00000099992,8.208632324674895,0.07057286065634986,0.10296008357530467,0.6854390381757325,0.4930669169250754,0.7649808371658934,,TBC1D10A
ENSG00000155189,16.833795532923027,-0.06805374649897879,0.09931847593226406,-0.6852073177743077,0.49321310678621066,0.7649947937245927,,AGPAT5
ENSG00000198815,8.68031246890861,-0.07033516764952961,0.10275617051020282,-0.6844860731993309,0.49366828063616464,0.7654878567372787,,FOXJ3
ENSG00000243147,62.32343050368027,-0.02898566340446339,0.04236964028694638,-0.6841139836958577,0.4939031923613083,0.7654897058295151,,MRPL33
ENSG00000105197,8.831596307684336,-0.06268880896195894,0.09164370097545763,-0.6840492941107554,0.4939440390198342,0.7654897058295151,,TIMM50
ENSG00000111361,14.056402252682306,-0.05316072814195689,0.07775505226384516,-0.6836948416106431,0.49416788147690016,0.7655675385640107,,EIF2B1
ENSG00000116001,21.68737019721681,0.045628345688481085,0.06675349053013352,0.6835349781129988,0.49426885560086775,0.7655675385640107,,TIA1
ENSG00000142166,32.232149964602414,0.06112569596049856,0.08956327195759255,0.6824861868539268,0.49493157421909895,0.7663811324203542,,IFNAR1
ENSG00000131652,13.297793117131281,0.05448495472850902,0.07988433234232434,0.682048070390416,0.4952085552986928,0.7665971416839287,,THOC6
ENSG00000107669,7.873996575903075,0.07648338320315284,0.11217454409094896,0.6818247742655552,0.49534975692022487,0.7666028988584995,,ATE1
ENSG00000111615,31.063000029955184,-0.04243885513380894,0.06227290284186557,-0.6814979420756606,0.4955564684819196,0.7667100078399511,,KRR1
ENSG00000134779,12.192295205407378,-0.056829721384844906,0.083487228552436,-0.6806995796866314,0.4960616023543364,0.7672736581321485,,TPGS2
ENSG00000144802,26.17851685817968,0.055782134378175946,0.0820469861960059,0.6798803583706949,0.49658021937124297,0.7672736581321485,,NFKBIZ
ENSG00000171100,7.204018808150866,-0.07185485337492253,0.1057144085157157,-0.6797072828936129,0.4966898236715874,0.7672736581321485,,MTM1
ENSG00000266402,78.68474395173655,-0.05142845857527784,0.07568772158503126,-0.6794821867837654,0.4968323906068103,0.7672736581321485,,SNHG25
ENSG00000149532,10.959434942406174,0.058082208391740636,0.08548944187063805,0.6794079727369162,0.4968793996166435,0.7672736581321485,,CPSF7
ENSG00000085721,8.347665522501604,-0.07766981077173706,0.11434943221010077,-0.6792321507030298,0.49699077909402,0.7672736581321485,,RRN3
ENSG00000155827,9.855586319436904,0.07268931133505878,0.10704189187318305,0.6790734922844676,0.4970912972079814,0.7672736581321485,,RNF20
ENSG00000085662,26.215030123164702,0.042421720988911615,0.06249002707926674,0.6788558586332651,0.4972291967248257,0.7672736581321485,,AKR1B1
ENSG00000198740,19.212560531747787,-0.05226294905464942,0.07699616878839219,-0.6787733711567282,0.49728146870568946,0.7672736581321485,,ZNF652
ENSG00000141968,9.709395970824106,0.06232364820103932,0.09182132561374429,0.6787491662145029,0.4972968078352914,0.7672736581321485,,VAV1
ENSG00000181038,28.38198903177951,-0.038550622716033246,0.05682625966225178,-0.678394512416615,0.49752158754854114,0.7674081250817886,,METTL23
ENSG00000058673,27.265529330108407,0.045519422080877385,0.06713535105303935,0.6780246377935136,0.4977560718455959,0.767557482469868,,ZC3H11A
ENSG00000138593,21.89869764027934,0.05849258799085541,0.08630058829210917,0.6777773958257436,0.497912845211846,0.7675869573959782,,SECISBP2L
ENSG00000079819,15.655414744927949,0.07307952772696066,0.10787878354158817,0.6774226157156091,0.4981378532102645,0.7677215780819334,,EPB41L2
ENSG00000109062,11.05785871041106,-0.05729102832640571,0.08462374316320577,-0.6770089124504213,0.4984002996478758,0.7678090727052135,,NHERF1
ENSG00000178952,59.45911154538078,0.040279686598533634,0.059506196711187676,0.6768990260632924,0.4984700220934134,0.7678090727052135,,TUFM
ENSG00000053770,12.805033465934791,-0.052456769686541296,0.07756297023459863,-0.6763120278643201,0.49884255779322395,0.7680738407662587,,AP5M1
ENSG00000105700,22.129768811393248,-0.043233681644084386,0.06393679026614554,-0.6761941202259033,0.49891740517492633,0.7680738407662587,,KXD1
ENSG00000126522,7.787308845625068,-0.06823368871134736,0.10098295802341327,-0.6756950880318551,0.4992342552455288,0.7682196383147646,,ASL
ENSG00000132182,14.45658029694463,-0.05287252411850736,0.07825992205450584,-0.6756015432993037,0.4992936614140908,0.7682196383147646,,NUP210
ENSG00000072501,23.951134534838932,0.05296331716551224,0.07841839168091073,0.6753940756783593,0.49942542842378435,0.7682196383147646,,SMC1A
ENSG00000171109,12.431269145096215,-0.06323448866375535,0.09374051011445603,-0.6745694960113489,0.4999493186593602,0.7684625809656257,,MFN1
ENSG00000136167,96.86070317513143,0.04097016065644027,0.060776274090493604,0.6741143854168689,0.5002385944628489,0.7684625809656257,,LCP1
ENSG00000164008,7.720382386253729,0.06893283676656063,0.10229077521260915,0.6738910387890328,0.50038058973578,0.7684625809656257,,C1orf50
ENSG00000198873,7.789602523217323,-0.07092844413986399,0.10525270815054916,-0.6738871178346391,0.5003830827200488,0.7684625809656257,,GRK5
ENSG00000144580,13.056785851489696,-0.06351880943533125,0.09428040926178348,-0.6737222497513974,0.5004879135522923,0.7684625809656257,,CNOT9
ENSG00000184787,21.490337281531158,-0.04323155982978796,0.06417890352420831,-0.673610134418719,0.5005592083723919,0.7684625809656257,,UBE2G2
ENSG00000148153,7.594905627826462,0.07004025159680488,0.10401960452738422,0.6733370302168961,0.5007328995231908,0.7684625809656257,,INIP
ENSG00000119688,11.043084331336637,0.0603987678580062,0.08971311440956355,0.6732434634056981,0.5007924142926716,0.7684625809656257,,ABCD4
ENSG00000125656,20.861679104423594,0.04501857652866786,0.06687308430251436,0.6731942604145029,0.5008237122003378,0.7684625809656257,,CLPP
ENSG00000089775,10.917904442480523,0.05669850683189593,0.08426884199509481,0.6728288355403802,0.5010561905469323,0.7686077905061057,,ZBTB25
ENSG00000174173,36.61682939248408,-0.04089851798485472,0.0608203531025929,-0.672447887894803,0.5012986051300394,0.7687681579221947,,TRMT10C
ENSG00000109906,10.819643610544148,-0.1590725303963878,0.23668298389055106,-0.6720911143741007,0.5015256929212293,0.7689049391610598,,ZBTB16
ENSG00000111371,65.5990970442027,-0.041934139889149395,0.062422080420977306,-0.6717837599507046,0.5017213689232978,0.7689935000319704,,SLC38A1
ENSG00000072274,12.068594349698019,-0.07082182542677573,0.1055711155239206,-0.6708447199341067,0.5023194553784194,0.7695873394777932,,TFRC
ENSG00000101474,10.086268283517965,-0.060549046845350105,0.09027172786980853,-0.6707420836419017,0.5023848485830644,0.7695873394777932,,APMAP
ENSG00000156411,242.51417635408765,-0.02756388382341927,0.0411264822140252,-0.6702222592239915,0.5027161162025364,0.7697000852457375,,ATP5MJ
ENSG00000145191,16.288705540268623,-0.048040046981025854,0.07169133637256,-0.6700955709818972,0.5027968680986501,0.7697000852457375,,EIF2B5
ENSG00000144827,7.593000772971352,0.06682231208719269,0.09976270425527185,0.6698125575686922,0.5029772874217465,0.7697000852457375,,ABHD10
ENSG00000107874,18.14041270775765,0.04614124472941588,0.06890336960746907,0.669651498791348,0.5030799766809226,0.7697000852457375,,CUEDC2
ENSG00000163754,7.717263767241007,0.07471264586935711,0.11158738810604223,0.6695438179658546,0.503148638938435,0.7697000852457375,,GYG1
ENSG00000205268,26.714864739753697,0.054028767501711907,0.0807450208462543,0.6691281633896347,0.5034137258867133,0.769894387148742,,PDE7A
ENSG00000155090,15.678170100047868,0.0650386984148177,0.09729453799231286,0.6684722468177643,0.5038321917779152,0.7703230878403222,,KLF10
ENSG00000130726,8.556701216921091,0.06521376386341668,0.09787526980684448,0.6662946012012549,0.5052228157138658,0.7720725458968252,,TRIM28
ENSG00000123992,18.910730857474594,-0.04685006259647627,0.07031937996245674,-0.6662468102177429,0.5052533572413047,0.7720725458968252,,DNPEP
ENSG00000170619,10.018995337566455,0.06857594727087525,0.1031122738500988,0.6650609545335862,0.5060115070163117,0.7725182797138097,,COMMD5
ENSG00000002586,78.06263490582036,-0.03825772145450764,0.05753385051478147,-0.664960212330627,0.5060759418199907,0.7725182797138097,,CD99
ENSG00000152193,8.040709943857665,0.07420517406229767,0.11159646026407552,0.6649420052096882,0.5060875875715067,0.7725182797138097,,OBI1
ENSG00000163681,11.482126934940958,-0.06002004727248571,0.09026605180858044,-0.6649238121078469,0.50609922449687,0.7725182797138097,,SLMAP
ENSG00000144021,8.663992580567768,0.06552926873756744,0.09862862951413506,0.664404129514707,0.5064316905541196,0.7727969207907618,,CIAO1
ENSG00000006712,8.736573881500869,0.06688736020309419,0.10072716608905323,0.6640448927547395,0.5066615787793148,0.7727969207907618,,PAF1
ENSG00000182866,16.534107063705406,-0.05875517569982002,0.08848821778706106,-0.663988688767685,0.5066975506476014,0.7727969207907618,,LCK
ENSG00000198960,17.30595757167979,-0.04668261965160725,0.07034148645680464,-0.6636569967891444,0.5069098686207398,0.7729093320834688,,ARMCX6
ENSG00000144747,31.081626967079544,0.04521119718586995,0.06824145834488332,0.662518039362209,0.5076392776621093,0.77380989946526,,TMF1
ENSG00000142599,30.924016071890126,-0.056586378447858326,0.08548356756703984,-0.661956210513569,0.5079992858944758,0.774147039668652,,RERE
ENSG00000123091,9.64260869628321,-0.07026429380982202,0.10626924697634728,-0.6611912270862425,0.5084896866429667,0.7745417983898005,,RNF11
ENSG00000205707,20.904589129950754,0.04548014283732746,0.06881160529950095,0.6609370997722865,0.5086526525646047,0.7745417983898005,,ETFRF1
ENSG00000182372,15.877841928962582,0.07110358587387264,0.1075856427428858,0.6609021804498577,0.5086750476512643,0.7745417983898005,,CLN8
ENSG00000150867,34.56848778679869,0.05429265417959897,0.0822547882753359,0.6600546341188337,0.5092187697524226,0.774971259587911,,PIP4K2A
ENSG00000168887,10.26208819132531,-0.05808369147982013,0.08800169330702315,-0.6600292482688471,0.5092350601022428,0.774971259587911,,C2orf68
ENSG00000136240,27.441631825020842,-0.04462718196785248,0.06765844428074409,-0.6595951538979383,0.5095136649683631,0.7751836823638726,,KDELR2
ENSG00000196235,25.70508262601293,-0.04329042559687163,0.06567869201132194,-0.6591243563347617,0.5098159163915887,0.7754319557554552,,SUPT5H
ENSG00000111802,11.950208586826434,-0.06026210746768856,0.0914582979816354,-0.6589025686853371,0.509958336281318,0.7754370556598389,,TDP2
ENSG00000131508,136.52305848122205,0.020007483810057302,0.030383034793320284,0.6585084059626575,0.5102114973724474,0.775610498731943,,UBE2D2
ENSG00000253719,35.517590449055646,0.05664797970774421,0.08614962507798558,0.6575534096226713,0.5108251406609685,0.7763316937382285,,ATXN7L3B
ENSG00000145919,9.86841586852517,-0.06110356397118394,0.09304006958067337,-0.6567446074210224,0.5113451467972199,0.7769102284853673,,BOD1
ENSG00000100219,26.366419689803863,0.04617635502753603,0.0703738751328547,0.6561576286706169,0.511722708204154,0.7771532929435238,,XBP1
ENSG00000132254,7.7837244544359585,0.06454871182632049,0.09838804442242938,0.6560625552143347,0.511783875840857,0.7771532929435238,,ARFIP2
ENSG00000112297,13.801977788765079,0.06956381158752385,0.1060892735026303,0.6557101325215422,0.5120106481528731,0.7771755247543378,,CRYBG1
ENSG00000116824,7.922551283823258,0.07716960224527865,0.11772761403760548,0.655492790507319,0.5121505266577141,0.7771755247543378,,CD2
ENSG00000140406,9.913973535437298,0.0647773469520469,0.09883785446899061,0.6553900557642127,0.5122166523443672,0.7771755247543378,,TLNRD1
ENSG00000144909,11.410739998271781,0.06354062020116348,0.09705124801580187,0.6547120361689508,0.5126531743942057,0.7776262514749975,,OSBPL11
ENSG00000160218,16.399833644951844,0.06396483276982635,0.09777915471859801,0.6541765773483412,0.5129980500565867,0.7777384540682116,,TRAPPC10
ENSG00000160613,74.41414277219552,-0.04449392968719619,0.06801646766909906,-0.654164075436256,0.5130061036698139,0.7777384540682116,,PCSK7
ENSG00000189319,10.924045678757757,-0.06793450615323048,0.10392080014836196,-0.6537142329181854,0.5132959317718162,0.7779663265995236,,FAM53B
ENSG00000256092,8.66184725529124,0.073001591713598,0.1118121808231021,0.6528948024821528,0.513824099945422,0.7783738577587113,,SBNO1-AS1
ENSG00000196236,7.340734316405632,-0.06644282457184963,0.10180219391158855,-0.6526659398868435,0.513971665031882,0.7783738577587113,,XPNPEP3
ENSG00000163950,20.107142684520383,-0.0541864092665178,0.08302554559625867,-0.6526474337189969,0.5139835983263226,0.7783738577587113,,SLBP
ENSG00000009780,11.335609952570573,-0.06082362241751847,0.093251956121158,-0.6522503650056748,0.5142396740528715,0.7785333030204872,,FAM76A
ENSG00000112365,25.719857222587663,-0.044459498290340446,0.06818405788580427,-0.6520512223664058,0.51436812918355,0.7785333030204872,,ZBTB24
ENSG00000189283,8.339684789372793,0.06658774470803218,0.10223330104172419,0.6513312592817081,0.5148326739075006,0.7787424882315529,,FHIT
ENSG00000173120,21.438155080388213,-0.053867219928850005,0.08273644499149777,-0.6510700324915526,0.5150012802161874,0.7787424882315529,,KDM2A
ENSG00000260260,17.858571865303688,0.06633787226504964,0.10190559589419966,0.6509737927829095,0.5150634044360024,0.7787424882315529,,SNHG19
ENSG00000131966,18.069013444459408,0.04382959698240872,0.06733494344809599,0.6509190434858543,0.5150987476906196,0.7787424882315529,,ACTR10
ENSG00000005700,12.003592138490099,0.06062001043227334,0.09315334908270435,0.6507550295207642,0.5152046339824603,0.7787424882315529,,IBTK
ENSG00000155115,39.260579600919975,-0.03322497993356583,0.05109649721810065,-0.6502398744036815,0.5155372880876579,0.7790341242213497,,GTF3C6
ENSG00000104613,23.55675564417743,-0.039366968710374775,0.06058792594893465,-0.649749402934744,0.5158541066452325,0.7792574255092644,,INTS10
ENSG00000169813,46.592411294473855,0.043113304940729846,0.06639039282255622,0.6493907191656508,0.5160858612668293,0.7792574255092644,,HNRNPF
ENSG00000112200,23.523114275972542,-0.04745576554078598,0.0730805836098351,-0.6493621588210667,0.5161043171459314,0.7792574255092644,,ZNF451
ENSG00000130826,17.36193554500478,0.04826007650704119,0.07436158126893037,0.6489920693389711,0.5163435023110051,0.7794075172945762,,DKC1
ENSG00000122678,17.281473801178304,0.050517931960101146,0.0778975220032133,0.6485178303620142,0.5166500822442173,0.779659231013195,,POLM
ENSG00000103266,48.8555473252527,-0.028937030461561142,0.04468745851033166,-0.647542541603053,0.5172808707628106,0.7803252177976332,,STUB1
ENSG00000088448,31.38299015089687,-0.0388856800129509,0.0600641221108755,-0.6474027863284141,0.5173712930770893,0.7803252177976332,,ANKRD10
ENSG00000077380,36.076963291061276,0.04403189520718798,0.06809589119757418,0.6466160356053399,0.5178804771046254,0.7808819741307169,,DYNC1I2
ENSG00000094975,10.608643838698164,0.06693014328855885,0.10363443720436681,0.6458291770000429,0.5183899901075344,0.7814389253418793,,SUCO
ENSG00000155657,24.429608964023696,0.09690528774126031,0.1501340172426557,0.6454585677584055,0.5186300597095144,0.7815895170108789,,TTN
ENSG00000166855,10.759997262052897,-0.05451089643217297,0.08451458904975755,-0.6449880079293759,0.5189349570733175,0.7818376980926286,,CLPX
ENSG00000082068,20.085508360483782,0.05584108652775181,0.08663691316501192,0.644541506475361,0.5192243514847747,0.7820623943487586,,WDR70
ENSG00000080371,12.340574749727484,0.06897226996977152,0.10712848244685416,0.6438275647560701,0.5196872570684448,0.7825482434279363,,RAB21
ENSG00000025800,15.326033805759826,0.05948260975317252,0.09247638120734268,0.6432194791425248,0.5200816954997675,0.7829307597480301,,KPNA6
ENSG00000137642,15.166916804348414,0.06192701901521464,0.09642635711809272,0.6422208705797423,0.5207297837555015,0.783561221031208,,SORL1
ENSG00000173926,11.893544515249454,-0.0649220395769257,0.10110244474769073,-0.6421411444495122,0.5207815432463516,0.783561221031208,,MARCHF3
ENSG00000161542,12.053788775546447,0.057291535878471155,0.08927325445639955,0.6417547587721466,0.5210324286039612,0.7835962088819994,,PRPSAP1
ENSG00000139433,23.270356638125058,-0.040997426753981,0.06389428537142566,-0.6416446559447015,0.5211039312255028,0.7835962088819994,,GLTP
ENSG00000138439,9.442281291451572,0.07037537800480029,0.1097238102860597,0.6413865670662133,0.5212715582672012,0.7835962088819994,,FAM117B
ENSG00000153989,9.692335142052864,0.06365995992458008,0.09927637595239103,0.6412397643837124,0.5213669180330377,0.7835962088819994,,NUS1
ENSG00000168564,11.57788468822356,-0.06397668056653187,0.0998116316179527,-0.6409741983921707,0.5215394466175984,0.7836442884235324,,CDKN2AIP
ENSG00000126860,26.05386566951479,0.06073821741021769,0.09496819738641596,0.6395637600983416,0.5224562492317203,0.7846288504995222,,EVI2A
ENSG00000141644,7.629082387303298,0.06452159051714584,0.10088857343556243,0.6395331831939898,0.522476133770575,0.7846288504995222,,MBD1
ENSG00000118564,21.68963860723718,0.050336773858930886,0.07874238181358867,0.6392589695609665,0.5226544756643263,0.7846853409543035,,FBXL5
ENSG00000157349,14.118793854450063,0.05396969008029253,0.08446651660820553,0.6389477422234507,0.5228569282530036,0.78477798975471,,DDX19B
ENSG00000117697,20.747572166126293,-0.041643399318242125,0.06523574468234282,-0.6383524787065646,0.5232442577909129,0.784990728684233,,NSL1
ENSG00000175387,12.465069999748504,-0.05321698566506892,0.08337336362979206,-0.6382972132607198,0.5232802257028863,0.784990728684233,,SMAD2
ENSG00000136279,72.88034089794331,0.030888043508255202,0.048409747838781506,0.6380542119558512,0.5234383911057413,0.7850168017228654,,DBNL
ENSG00000090686,24.521460940551677,-0.04728003151660765,0.07415675961381395,-0.6375687363205702,0.523754452349741,0.7852795983603539,,USP48
ENSG00000143337,11.340052392648547,-0.06026623735879151,0.09460973756826432,-0.6369982510025172,0.5241259828449167,0.7854931625447724,,TOR1AIP1
ENSG00000146223,28.25315395179011,0.045725366867391586,0.0717916721851998,0.6369174233668022,0.5241786330396517,0.7854931625447724,,RPL7L1
ENSG00000115234,38.652913588973995,0.032609474701438115,0.05124793596734706,0.636308059747332,0.5245756527440235,0.7855676523272612,,SNX17
ENSG00000117899,22.124569814432338,-0.04586261831844228,0.07210563369090375,-0.6360476424774549,0.5247453698121229,0.7855676523272612,,MESD
ENSG00000116977,9.794593255716283,0.06399268812078826,0.10064265248087481,0.6358406355888606,0.5248802987485831,0.7855676523272612,,LGALS8
ENSG00000100575,28.93680732483775,-0.035827323751756165,0.05634913750441702,-0.6358096208473072,0.5249005159637194,0.7855676523272612,,TIMM9
ENSG00000124214,25.199542199129798,0.0412484781771028,0.06489455209008371,0.63562312780653,0.5250220913964576,0.7855676523272612,,STAU1
ENSG00000014216,20.762893363229352,0.04693719793633194,0.07385357103329408,0.6355440539926239,0.5250736442295019,0.7855676523272612,,CAPN1
ENSG00000116918,21.693455513025107,0.04024634945764507,0.06343119116677698,0.6344883127265737,0.5257621917004205,0.7863867974574958,,TSNAX
ENSG00000175110,8.58946695292835,0.06343015784612431,0.10008667056177595,0.6337523017810215,0.5262424861450368,0.7864785149108959,,MRPS22
ENSG00000104660,34.34405040898005,0.045450682285741534,0.07172012343126799,0.6337228676035198,0.5262616984985335,0.7864785149108959,,LEPROTL1
ENSG00000178694,9.751532874491401,-0.061094848340110336,0.09641385465511611,-0.6336729151495282,0.5262943044154165,0.7864785149108959,,NSUN3
ENSG00000260621,12.91887036450995,0.07146311613023912,0.11280149970047976,0.6335298406492301,0.5263877004389281,0.7864785149108959,,ENSG00000260621
ENSG00000148291,11.259000629572038,0.05166783324874986,0.08172684761263278,0.6322014706066235,0.5272552364931373,0.7875636749760873,,SURF2
ENSG00000180957,19.416089837910235,0.045778697433539545,0.07246595288819917,0.631726978104699,0.5275652962574978,0.7878157718081971,,PITPNB
ENSG00000143621,41.494125116368686,-0.038911126027867206,0.061693743251086876,-0.6307142990092711,0.5282273478863457,0.788199205310121,,ILF2
ENSG00000159348,7.549547607438309,0.06397962532847537,0.10145649243503692,0.6306114452896333,0.5282946134619415,0.788199205310121,,CYB5R1
ENSG00000203667,34.53303551938273,-0.034878613765264035,0.055344550767404285,-0.6302086344841403,0.5285580907630636,0.788199205310121,,COX20
ENSG00000127616,9.965362465094914,0.05676027548527738,0.09007575467228897,0.6301393276335123,0.5286034309052012,0.788199205310121,,SMARCA4
ENSG00000125347,119.6678003206372,-0.06164479678634807,0.09783383010195881,-0.630096938064309,0.5286311628929485,0.788199205310121,,IRF1
ENSG00000153339,7.350469838453725,0.06940950803898892,0.11016730456759939,0.630037272051063,0.5286701986836178,0.788199205310121,,TRAPPC8
ENSG00000242574,202.14379782038196,-0.026039042808620367,0.04140617891290507,-0.6288685286172295,0.5294351311866455,0.7891286531667296,,HLA-DMB
ENSG00000049618,20.08023613777202,-0.049553590078978436,0.07885793798982442,-0.6283906394480245,0.5297480675652573,0.7893840793008751,,ARID1B
ENSG00000146576,7.703257298641781,-0.06072633070219251,0.09668315553822927,-0.628096283826616,0.5299408673671444,0.7894603997967399,,INTS15
ENSG00000197265,17.621942746577133,-0.0453418850759512,0.0722351166171538,-0.6276986485155585,0.5302013708707639,0.7896375117455608,,GTF2E2
ENSG00000167842,8.211610839363905,-0.0671886164915557,0.1071354611357668,-0.6271370448148005,0.5305694060408869,0.7896816495846268,,MIS12
ENSG00000070081,8.807293338588412,0.06367012902875752,0.10153759973061338,0.6270596232103082,0.530620152830466,0.7896816495846268,,NUCB2
ENSG00000114796,32.7488642625842,-0.05270153489382644,0.08409733553324938,-0.6266730635358827,0.5308735642140914,0.7896816495846268,,KLHL24
ENSG00000101966,15.595086032628034,-0.0491438570046762,0.07842851508475142,-0.6266070057755189,0.5309168748958755,0.7896816495846268,,XIAP
ENSG00000134242,19.16119533620033,0.05229627023809023,0.08346395876057423,0.6265730863318857,0.530939114830123,0.7896816495846268,,PTPN22
ENSG00000119969,7.364237358294195,-0.06922337428967987,0.11073819124184567,-0.6251084067148984,0.5318999108027147,0.7906925021235576,,HELLS
ENSG00000109775,9.122868678724538,0.05738510729180171,0.09180079755022283,0.6251046703641893,0.5319023628883545,0.7906925021235576,,UFSP2
ENSG00000171103,8.608407899597973,0.05784619761958496,0.09258390477136556,0.6247975580899855,0.5321039335689611,0.790781325581164,,TRMT61B
ENSG00000243678,7.830825216984001,-0.09212009684014583,0.14757839520587812,-0.6242112655557367,0.5324888493764952,0.7911425057616139,,NME2
ENSG00000145781,13.629164526150424,0.047564024580804456,0.07628149607713777,0.6235329277326511,0.5329343710373363,0.7915935143591336,,COMMD10
ENSG00000110422,10.792234171591252,-0.06518205844314665,0.10457645697596782,-0.6232957237987686,0.5330902073512799,0.7916141134995304,,HIPK3
ENSG00000180304,22.960753165848587,0.04270291801487402,0.068544388810008,0.6229965538570689,0.5332867864461465,0.7916951866942792,,OAZ2
ENSG00000109390,47.68631635460614,-0.03300258184177281,0.053014911381949616,-0.6225150807855437,0.5336032305253186,0.7917078623208347,,NDUFC1
ENSG00000100578,10.579374576907929,0.06470854512207357,0.1039545825029856,0.6224693858033158,0.5336332680928964,0.7917078623208347,,KIAA0586
ENSG00000162511,621.6402015350864,-0.030663112564607967,0.04927483994676395,-0.6222874107300214,0.5337528977678369,0.7917078623208347,,LAPTM5
ENSG00000105612,8.18382064645032,-0.0609805074147923,0.09803485920611316,-0.622028816164095,0.5339229200906793,0.7917078623208347,,DNASE2
ENSG00000089351,12.706565016880164,0.05098914318226267,0.0819888196888889,0.6219036129040983,0.5340052493164741,0.7917078623208347,,GRAMD1A
ENSG00000159063,10.059423422936865,0.054873909522263654,0.08827267607088489,0.6216409421891628,0.5341779930999428,0.7917534528243704,,ALG8
ENSG00000103274,15.71376545995856,-0.04495307175389839,0.0725996985469081,-0.6191908872025594,0.5357906144258431,0.7939326245119589,,NUBP1
ENSG00000103202,19.30129359426473,-0.06238700563201422,0.1008607354758543,-0.6185460113658348,0.5362154776769164,0.7943510902036359,,NME4
ENSG00000119414,21.16703557378616,0.043696402754282555,0.07068137692096087,0.6182166315625949,0.536432548227213,0.7944440945071911,,PPP6C
ENSG00000144579,20.469452428551506,0.04150536712802997,0.06715878875954362,0.6180183992989576,0.5365632101711051,0.7944440945071911,,CTDSP1
ENSG00000130254,35.53650615447414,-0.03559318069958628,0.057622551306646626,-0.6176953274798974,0.5367761926154477,0.7944633846833944,,SAFB2
ENSG00000099817,33.15322174722462,0.038298058451341335,0.06201447853915528,0.6175664030966631,0.5368611968233555,0.7944633846833944,,POLR2E
ENSG00000106028,79.7268788558796,0.023514595921717275,0.03809389472689119,0.6172799103452629,0.5370501154174739,0.794532089033652,,SSBP1
ENSG00000106628,18.96645526677028,0.040436791574073115,0.06555104616114951,0.6168748470415565,0.5373172786308824,0.7947164842561804,,POLD2
ENSG00000166947,9.183453823387993,0.06685548450110769,0.10855074810376068,0.6158915131308202,0.5379661232407118,0.7954651559772498,,EPB42
ENSG00000125944,76.52474601782288,0.02773597636838009,0.04505836693145815,0.6155566270426862,0.5381871847571684,0.7955810557279881,,HNRNPR
ENSG00000119616,10.581879369682198,0.0545883329892737,0.08873708306806796,0.6151693418567791,0.5384428922482627,0.7957480962566427,,FCF1
ENSG00000196092,47.26542530409783,0.047877040149247735,0.07790587943400802,0.61454976822132,0.5388520963500429,0.7959534163744184,,PAX5
ENSG00000105438,18.30866858711966,0.04069654391717932,0.0662520807311693,0.6142681628719475,0.5390381371635837,0.7959534163744184,,KDELR1
ENSG00000112335,263.37751059606995,0.01931599990150561,0.03144595382108402,0.6142602641791878,0.5390433558496444,0.7959534163744184,,SNX3
ENSG00000163738,15.911502231964773,0.04497325034966686,0.07325170446737501,0.613955001821113,0.5392450628497213,0.7959534163744184,,MTHFD2L
ENSG00000091483,8.160070904088068,-0.06095318977070978,0.09932317900982125,-0.613685449643961,0.5394232052068066,0.7959534163744184,,FH
ENSG00000179295,10.368700452316581,-0.06759191485599654,0.11014507580770296,-0.6136626114271513,0.5394382999424188,0.7959534163744184,,PTPN11
ENSG00000240972,133.04214905471883,0.03971379456692806,0.06475588884773381,0.6132846799510479,0.5396881214231476,0.7959957056257191,,MIF
ENSG00000112511,26.58883080466713,-0.03989178822087479,0.06506189574688574,-0.6131359648060094,0.5397864414653943,0.7959957056257191,,PHF1
ENSG00000013364,13.138195944174104,0.05137642891198105,0.08382925110825659,0.6128699497223687,0.5399623343756333,0.7959957056257191,,MVP
ENSG00000246366,8.113261505518642,0.06492317539156361,0.10595281235991606,0.6127555649115103,0.5400379760369611,0.7959957056257191,,LACTB2-AS1
ENSG00000122882,8.102653996248488,0.06334962224566724,0.10349515630768451,0.6121022906360261,0.540470082113333,0.796422087173347,,ECD
ENSG00000119900,12.775522369701251,-0.061961238098447585,0.10136691094712459,-0.61125704156821,0.5410294257173185,0.7970356876617617,,OGFRL1
ENSG00000060688,16.915282182691147,-0.04902571228615155,0.08024655087240551,-0.610938560638001,0.5412402554772642,0.7971356747335512,,SNRNP40
ENSG00000171421,15.282961363587964,-0.044262776455134586,0.07249933711024854,-0.6105266367860014,0.5415130039421409,0.7972955660293444,,MRPL36
ENSG00000108344,16.938641342189353,0.04278992473712587,0.07010802650897063,0.6103427363149453,0.5416347927042964,0.7972955660293444,,PSMD3
ENSG00000103152,31.19302887563851,-0.032380799988644834,0.05310121196586353,-0.6097939913209711,0.54199828233742,0.7974655013623683,,MPG
ENSG00000146083,15.03496467658866,0.045708916952444924,0.07496501458793994,0.6097366512058063,0.5420362715501033,0.7974655013623683,,RNF44
ENSG00000164252,13.198998427467027,-0.05174839057625833,0.08491602982998023,-0.609406618277721,0.5422549521652716,0.7975767906287403,,AGGF1
ENSG00000174579,11.705398748969676,0.06254847290209792,0.10298672332464298,0.6073450138318084,0.5436219712325605,0.7992783101214957,,MSL2
ENSG00000100075,11.190341917895449,0.05208500606329737,0.08577479538513112,0.6072297325739374,0.5436984631081121,0.7992783101214957,,SLC25A1
ENSG00000140612,62.068475383072574,0.024912684458765325,0.04104636676871887,0.606940063639228,0.5438906890142394,0.7993501533851869,,SEC11A
ENSG00000177311,15.34807946096851,-0.06723900170361298,0.11085810843128202,-0.6065321035609466,0.5441614708947056,0.799460372872761,,ZBTB38
ENSG00000196072,89.14863300062378,0.032449878783264774,0.0535127672385761,0.6063950802355894,0.5442524346171091,0.799460372872761,,BLOC1S2
ENSG00000089280,172.71738927153297,-0.027457314856229872,0.04530038929239291,-0.6061165320016499,0.5444373737630933,0.7995214106144346,,FUS
ENSG00000134108,8.847291194857252,0.06103159595340759,0.1008163204031506,0.605374166695934,0.5449304118204273,0.7998575425947099,,ARL8B
ENSG00000166037,26.52908552938893,-0.037537152668717405,0.06201003928985443,-0.6053399271891596,0.5449531571587702,0.7998575425947099,,CEP57
ENSG00000117500,15.609635933662235,0.04776446102726938,0.07899075226902959,0.6046842149900211,0.5453888383681511,0.8002863586160028,,TMED5
ENSG00000099385,14.652408743736887,-0.049555660416871095,0.08203509396211504,-0.6040787914469458,0.5457912592139986,0.8006661566370051,,BCL7C
ENSG00000132376,9.358758961951173,0.057833855296739824,0.0957967313426332,0.6037142863454001,0.5460336142341035,0.8008110028851554,,INPP5K
ENSG00000132475,1345.5607242622593,0.030294427639328866,0.050200414219293325,0.6034696747120849,0.5461962834500692,0.8008389367650766,,H3-3B
ENSG00000147251,20.07361205200848,-0.045444123610761916,0.07540293291849694,-0.6026837664243444,0.5467190829205469,0.8013947440496766,,DOCK11
ENSG00000140553,9.23761549512655,0.05948590385361076,0.09876921832969598,0.6022716880784071,0.5469933033933894,0.8015859815299708,,UNC45A
ENSG00000107829,8.400415071083646,-0.06271487462409545,0.10419804250380851,-0.601881504844999,0.5472530163446083,0.8017558641979863,,FBXW4
ENSG00000129187,15.577034627539156,0.04355482161668621,0.07246508279975614,0.6010456337577356,0.5478095923926448,0.8023604641926418,,DCTD
ENSG00000101096,7.96105390480213,-0.06251997826759235,0.10408332549729118,-0.6006723744546331,0.5480582224884556,0.8025138257866671,,NFATC2
ENSG00000153015,19.301450309859035,0.0446264967143915,0.07434118658751437,0.6002930375863349,0.5483109580038613,0.8025674665779331,,CWC27
ENSG00000167703,12.201473277187773,-0.06217294998102053,0.10358958383054848,-0.600185343757369,0.5483827201689249,0.8025674665779331,,SLC43A2
ENSG00000070495,10.013884297857539,0.06266322976277412,0.10458020188883611,0.5991882653791606,0.5490473470951038,0.8029989018462301,,JMJD6
ENSG00000110046,10.221212784179269,0.0686302222952259,0.1145458692137945,0.5991505653261996,0.5490724847810547,0.8029989018462301,,ATG2A
ENSG00000165219,9.396171011421224,-0.057787535000382806,0.09645805102230033,-0.5990949888363677,0.5491095431742603,0.8029989018462301,,GAPVD1
ENSG00000196776,100.06050600276842,-0.02770269805465884,0.04633828433758896,-0.5978360755188082,0.5499493167390839,0.8037504886958557,,CD47
ENSG00000111300,10.145065483852468,-0.054815412941448684,0.09171036744437568,-0.5977013773791214,0.5500392062441201,0.8037504886958557,,NAA25
ENSG00000188690,18.702465596102293,-0.039132226045353546,0.06551251645427139,-0.5973244223135339,0.550290802036624,0.8037504886958557,,UROS
ENSG00000151500,17.132303177814425,0.042242150257058526,0.0707197004762628,0.5973180029408804,0.5502950870887948,0.8037504886958557,,THYN1
ENSG00000253626,7.826578542761288,0.09316470384794383,0.15600724667852076,0.5971818991198878,0.5503859428201723,0.8037504886958557,,EIF5AL1
ENSG00000101596,146.48136371180988,-0.041108765367197965,0.06885561827318921,-0.5970284836321741,0.5504883637606659,0.8037504886958557,,SMCHD1
ENSG00000006015,61.02284414883899,-0.028145825399808384,0.047173189254066786,-0.5966487711530325,0.5507419020368265,0.8038857206239924,,REX1BD
ENSG00000204843,8.912032660997331,-0.05961928006951881,0.09995554217413785,-0.5964579729421396,0.5508693218264482,0.8038857206239924,,DCTN1
ENSG00000089327,271.34357632458966,-0.03401516060431212,0.0570734769526868,-0.5959889325213227,0.5511826203196476,0.8041324675307052,,FXYD5
ENSG00000163322,13.048255982021841,0.050925030634738085,0.08557453238489797,0.5950956343610151,0.551779546665194,0.8045188475329694,,ABRAXAS1
ENSG00000066294,13.231444065502757,-0.06118690908354794,0.10283510974482372,-0.5950001826747486,0.5518433488769582,0.8045188475329694,,CD84
ENSG00000138668,59.098854672854124,0.03881084489946424,0.06523435247224577,0.5949448937348844,0.5518803069967015,0.8045188475329694,,HNRNPD
ENSG00000243716,8.946477654533272,0.07852251008724637,0.13205532250262245,0.5946182902676036,0.5520986512302045,0.8045734208783041,,NPIPB5
ENSG00000101546,13.299878280693905,-0.048271675240824895,0.08121816547828399,-0.5943457963690613,0.5522808540422641,0.8045734208783041,,RBFA
ENSG00000100099,24.580613235016358,0.04061860053568791,0.06836451950241193,0.5941473856808849,0.5524135397465653,0.8045734208783041,,HPS4
ENSG00000166471,14.993226418204035,-0.0492291444930715,0.08291734365667698,-0.5937134780499844,0.5527037668241563,0.8045734208783041,,TMEM41B
ENSG00000005020,61.36136376772981,-0.0333476481739841,0.056174575868999425,-0.5936430788859303,0.5527508616474868,0.8045734208783041,,SKAP2
ENSG00000122986,110.945212814166,-0.042542753200258035,0.0716697471834338,-0.5935942970661355,0.5527834963028664,0.8045734208783041,,HVCN1
ENSG00000227507,1167.5451589876564,0.02873265568466885,0.048426166334495035,0.5933291412374706,0.5529609000026519,0.8046216018827731,,LTB
ENSG00000162384,16.431418510132854,0.04206337710614955,0.0709889085425339,0.5925344954549732,0.5534927284757941,0.8051853519386976,,CZIB
ENSG00000136861,12.938651842528268,0.06585676046466284,0.11127771061855754,0.5918234666995391,0.5539688073456577,0.8056677281584214,,CDK5RAP2
ENSG00000137574,17.569711380257782,-0.053642048642007834,0.09085051859343853,-0.5904429547844322,0.5548937197376015,0.8068024462208255,,TGS1
ENSG00000179091,40.893810742494594,0.030600899239121293,0.05190260969259304,0.5895830560421379,0.555470214119683,0.8072554667305263,,CYC1
ENSG00000146007,48.693202138835176,-0.0282479001470097,0.04791463961661004,-0.5895463343361412,0.5554948396422219,0.8072554667305263,,ZMAT2
ENSG00000116191,185.7903149663332,-0.04350094119255158,0.07387165955594678,-0.5888718549717445,0.5559472393225475,0.807382604120515,,RALGPS2
ENSG00000122042,15.483081877943663,-0.047423952277629335,0.08056230237092833,-0.5886618291924923,0.5560881485252538,0.807382604120515,,UBL3
ENSG00000141030,13.660936107963437,-0.04765767101539179,0.08099495876966484,-0.5884029295072756,0.5562618718829463,0.807382604120515,,COPS3
ENSG00000179632,59.36957996662991,-0.02696233207400759,0.04582577062391973,-0.5883661465353304,0.5562865556416311,0.807382604120515,,MAF1
ENSG00000137193,10.788695208950354,-0.08327313003254642,0.1415399173808381,-0.5883367149952857,0.5563063064976719,0.807382604120515,,PIM1
ENSG00000205189,20.57841087894605,-0.05694082382283095,0.0968447862034246,-0.5879596213184415,0.5565593959887605,0.807539732509323,,ZBTB10
ENSG00000157837,8.22092873961781,-0.06546782331016464,0.11139425628778017,-0.5877127375493452,0.5567251244401945,0.8075700556395746,,SPPL3
ENSG00000255529,14.829856893357844,0.05023518507883845,0.08554309758383316,0.5872500119557563,0.5570358082376823,0.8077762058936311,,POLR2M
ENSG00000125875,8.752448094308864,0.05479386252710078,0.0933345279706385,0.5870695841986582,0.5571569741511666,0.8077762058936311,,TBC1D20
ENSG00000147140,47.650338493858044,0.028281798768991544,0.04820671520213987,0.5866775749063303,0.557420271471285,0.8079478642380777,,NONO
ENSG00000164713,16.236142868031763,-0.05313928038893155,0.09063753900293674,-0.5862833542646143,0.5576851151425993,0.8079784346220981,,BRI3
ENSG00000081791,9.294954215275862,-0.05521134027943502,0.09418277914150448,-0.5862148131823866,0.557731168375261,0.8079784346220981,,DELE1
ENSG00000100714,7.265388477853843,0.06352476028542915,0.10847017602368564,0.5856426403471294,0.5581156874924253,0.808243387336101,,MTHFD1
ENSG00000116584,13.807671576987769,0.04944698083549367,0.08448986628562212,0.5852415562871852,0.5583853061142878,0.808243387336101,,ARHGEF2
ENSG00000109118,7.615685681530513,-0.06400015326906658,0.10938195338714021,-0.5851070609659722,0.5584757313670441,0.808243387336101,,PHF12
ENSG00000188042,22.9652365794374,0.05667218883073825,0.09692350450728654,0.5847104798658795,0.5587424062016505,0.808243387336101,,ARL4C
ENSG00000177565,24.713093258563514,-0.043108082794387735,0.07373069801918211,-0.5846693975848777,0.558770034882502,0.808243387336101,,TBL1XR1
ENSG00000204472,51.42705557452288,0.03862754482680514,0.06608128440760293,0.5845459145216142,0.5588530837831114,0.808243387336101,,AIF1
ENSG00000039523,7.635649879239609,0.05861279379473686,0.10028993309476589,0.5844334718954545,0.5589287126198001,0.808243387336101,,RIPOR1
ENSG00000168310,48.25914323587257,0.03950969553816176,0.06767293744400388,0.5838330214475196,0.5593326593174031,0.8086178139366968,,IRF2
ENSG00000132485,82.13507117511404,0.03547393418056418,0.06085509642640146,0.5829246236338904,0.559944043539399,0.8092918576401474,,ZRANB2
ENSG00000075188,8.11939696534028,0.05597972940607135,0.09616203661462147,0.5821395987110324,0.5604726542511052,0.8095734642740705,,NUP37
ENSG00000169057,22.303065887481182,0.042933896948226094,0.07378667680884518,0.5818651659764055,0.5606575055002138,0.8095734642740705,,MECP2
ENSG00000123595,8.793917371014123,0.05377803279644436,0.09244426710654127,0.5817346437985776,0.5607454324399685,0.8095734642740705,,RAB9A
ENSG00000198718,10.700112753517175,-0.05993124075871166,0.1031210562585018,-0.5811736509804285,0.5611234241557604,0.8095734642740705,,TOGARAM1
ENSG00000140396,10.383766892157661,-0.058308573959843145,0.10034845166724465,-0.5810610227768567,0.5611993268459399,0.8095734642740705,,NCOA2
ENSG00000103502,10.959931301083634,0.051556214835866684,0.08873739089382121,0.580997641654309,0.5612420430002723,0.8095734642740705,,CDIPT
ENSG00000173992,25.73780831163335,0.03800827932895401,0.06545681229563974,0.580661935648306,0.5614683206575815,0.8095734642740705,,CCS
ENSG00000168685,17.57148364310606,0.05880938867427676,0.10130095068404406,0.5805413303346209,0.5615496236532176,0.8095734642740705,,IL7R
ENSG00000185246,7.9347418895733695,-0.05854790865857948,0.10086996264193933,-0.5804295661971094,0.5616249716775497,0.8095734642740705,,PRPF39
ENSG00000153551,33.097623781899706,0.036274100574380824,0.06249801268938463,0.5804040642806235,0.5616421649885573,0.8095734642740705,,CMTM7
ENSG00000115138,8.812932488848334,-0.07955387114875762,0.13709921978763193,-0.5802649444102408,0.56173596364354,0.8095734642740705,,POMC
ENSG00000157895,7.743741262495537,0.06060475397123234,0.10454893858668228,0.5796783285464395,0.562131560355466,0.8099119319372111,,C12orf43
ENSG00000104763,43.999639853622476,-0.028163640531272915,0.048603039379502035,-0.5794625375455577,0.5622771173978116,0.8099119319372111,,ASAH1
ENSG00000172340,30.98154832081283,0.038586414781610796,0.06661206563621552,0.5792706533429013,0.5624065639277047,0.8099119319372111,,SUCLG2
ENSG00000005059,71.27931302039131,0.023432129762480967,0.04048841341725801,0.5787366751321781,0.562766865381281,0.8101298446642415,,MCUB
ENSG00000186132,7.470645175608443,-0.05775235887698888,0.09983934139036832,-0.5784529231936656,0.5629583721348828,0.8101298446642415,,C2orf76
ENSG00000114030,9.694887101372275,-0.06028093968240816,0.10424352386228757,-0.5782703562673417,0.5630816048275746,0.8101298446642415,,KPNA1
ENSG00000185236,28.38841055194949,-0.031108063920128423,0.05380293342583939,-0.5781852761431121,0.5631390383641679,0.8101298446642415,,RAB11B
ENSG00000198056,7.548453473137309,-0.0650463266715942,0.11266978985883024,-0.5773182567669123,0.5637244828711867,0.8106465961641071,,PRIM1
ENSG00000147649,121.83127747116443,0.025587283533892353,0.044341397639694455,0.577051804767349,0.5639044603056046,0.8106465961641071,,MTDH
ENSG00000055070,23.37462312423458,-0.038271971276216454,0.06632837728490344,-0.5770075018091432,0.5639343878265013,0.8106465961641071,,SZRD1
ENSG00000134313,11.619964954502155,0.053039714820328404,0.09203234952779418,0.576315992066574,0.5644016154189307,0.8111091256639067,,KIDINS220
ENSG00000163534,56.83493280503712,0.04267127700997091,0.0741095466036607,0.5757865074816573,0.5647594945012482,0.811408674879838,,FCRL1
ENSG00000216490,8.566789494753369,0.06609314497086516,0.11482935899265856,0.5755770610466503,0.5649010896491269,0.811408674879838,,IFI30
ENSG00000213281,10.816412052880555,0.05213277925416604,0.09063324681386951,0.5752059104892203,0.5651520459334778,0.8115600845029802,,NRAS
ENSG00000054267,85.68254561272666,0.030473774989014695,0.053002708805804884,0.5749475012808627,0.5653268029346074,0.8116020219267175,,ARID4B
ENSG00000079246,77.31501666505955,0.034908519650974065,0.06074602880843342,0.5746634032828775,0.5655189627183802,0.8116689153456081,,XRCC5
ENSG00000160783,39.24352886192665,0.02898193079533643,0.05045735996186214,0.5743846054815835,0.5657075680278685,0.8117306740410177,,PMF1
ENSG00000100938,12.73281918318075,0.04614809715164908,0.08041104545465548,0.573902464403008,0.5660338053201015,0.8119898375263406,,GMPR2
ENSG00000139278,55.88358301744541,-0.030060394743647786,0.052406162149034825,-0.5736042005549039,0.5662356686114332,0.8120704959303887,,GLIPR1
ENSG00000010244,55.80187056690624,-0.02898371741402694,0.050571781007584506,-0.5731203615249403,0.5665632015929174,0.8123312964983562,,ZNF207
ENSG00000167397,11.175781723617451,0.05251646656636322,0.09170670272236983,0.5726567961488053,0.5668770956098853,0.8124022389780156,,VKORC1
ENSG00000197976,27.738817734441376,0.03784707785018595,0.06612954065939772,0.5723172650649202,0.567107055164662,0.8124022389780156,,AKAP17A
ENSG00000006634,23.716756966131047,-0.056070967144580416,0.09798893281978875,-0.5722173467048612,0.567174736954837,0.8124022389780156,,DBF4
ENSG00000157764,9.231233556972294,-0.05806864322966425,0.1014854741330564,-0.5721867461892244,0.5671954656279438,0.8124022389780156,,BRAF
ENSG00000168298,39.32164130180481,0.10661019216827018,0.18655584840218628,0.5714652908572165,0.5676842818532302,0.812770967739069,,H1-4
ENSG00000103365,44.98285317947898,-0.03577301378852291,0.06260847458701245,-0.5713765432634209,0.5677444259942026,0.812770967739069,,GGA2
ENSG00000224505,10.999393921881905,-0.05832592434264642,0.10213982220921851,-0.5710400026267354,0.5679725269006619,0.8128888116011527,,HEXIM2-AS1
ENSG00000154001,24.908496522635296,0.03844071262887893,0.06748561798691698,0.5696134046861836,0.5689399347187708,0.814058004184222,,PPP2R5E
ENSG00000151576,9.736425393365462,-0.056035260538977394,0.09841023008677133,-0.5694048320948887,0.569081438362643,0.814058004184222,,QTRT2
ENSG00000189043,239.18065719659737,0.017354834392341117,0.03050549993573245,0.5689083748472723,0.5694183215997988,0.8143309980098686,,NDUFA4
ENSG00000132950,11.764183002694256,0.04946980494305207,0.08704393493465483,0.5683314406706198,0.5698099339780683,0.8143880787941481,,ZMYM5
ENSG00000160679,20.340662294686563,-0.03550613693995486,0.062496831275432235,-0.5681269948467367,0.5699487388912094,0.8143880787941481,,CHTOP
ENSG00000179950,31.354160884739674,-0.03621943179211693,0.06376085571254991,-0.5680512186882074,0.5700001898831852,0.8143880787941481,,PUF60
ENSG00000156603,17.403043388746116,-0.04947228595535516,0.08715854676301345,-0.5676125611624951,0.5702980759535738,0.8143880787941481,,MED19
ENSG00000145901,32.09362106510911,-0.03215287184530567,0.05666252819168597,-0.567445062397047,0.5704118415490185,0.8143880787941481,,TNIP1
ENSG00000170873,59.319908775213605,-0.03843636964552385,0.06775940689280222,-0.5672477285158583,0.5705458851064433,0.8143880787941481,,MTSS1
ENSG00000162971,7.558354990074666,-0.06462605573660155,0.1139474319673447,-0.5671567548369341,0.5706076861146113,0.8143880787941481,,TYW5
ENSG00000171953,10.618437854869933,0.04900079854760839,0.08640152927177346,0.5671288339524387,0.5706266542052971,0.8143880787941481,,ATPAF2
ENSG00000077097,19.756585106741664,0.0479058228794244,0.0846424443767293,0.5659787265382322,0.5714082421194324,0.8151071632848115,,TOP2B
ENSG00000119684,10.639833485900748,-0.05092161658733125,0.09004163618599893,-0.5655341100437414,0.5717105302326293,0.8151071632848115,,MLH3
ENSG00000075089,18.943799635675408,0.039105787356983154,0.06914939918235012,0.5655260612439944,0.5717160031920026,0.8151071632848115,,ACTR6
ENSG00000241685,16.63195834272907,-0.03982738645015822,0.07044216358945207,-0.5653913000497607,0.5718076407461568,0.8151071632848115,,ARPC1A
ENSG00000101574,9.570882130253937,-0.053886919834786204,0.09532240196954256,-0.5653122321865554,0.5718614101094301,0.8151071632848115,,METTL4
ENSG00000267855,24.673454623240826,0.04837996950644796,0.08565158280085253,0.564846181756333,0.5721783921867167,0.8151650393202325,,NDUFA7
ENSG00000125910,38.42407745899336,0.048012788401855626,0.08500506882885399,0.5648226519117674,0.5721943981168204,0.8151650393202325,,S1PR4
ENSG00000163214,7.832896697156215,-0.0601190084906754,0.10653569598352923,-0.5643085909906665,0.5725441357491167,0.8152988795096733,,DHX57
ENSG00000112118,8.855519679527147,0.05777906669870188,0.10244648542811706,0.5639926685356457,0.5727591216537122,0.8152988795096733,,MCM3
ENSG00000118579,39.604083443049376,0.030288420076058236,0.05370764351098687,0.5639498979295599,0.5727882300870061,0.8152988795096733,,MED28
ENSG00000132467,12.10536018919951,-0.048046694531841065,0.08521560958115411,-0.5638250405999191,0.5728732083785688,0.8152988795096733,,UTP3
ENSG00000167553,8.1943815471533,-0.05991173810430025,0.10649270850093215,-0.5625900490997074,0.5737140695756757,0.8162742325885601,,TUBA1C
ENSG00000058272,47.886529101929234,-0.029658655337492016,0.05273694830333375,-0.5623885395662371,0.573851325636147,0.8162742325885601,,PPP1R12A
ENSG00000136238,75.53409656242786,0.02441286007722348,0.04345254639294002,0.5618280654132153,0.5742331683934787,0.8164326695409507,,RAC1
ENSG00000066654,38.43060780704254,0.03252845079606587,0.0579230256794917,0.5615806566469288,0.5744017625934736,0.8164326695409507,,THUMPD1
ENSG00000153560,8.55219885881344,0.056964999950475596,0.10145187574359732,0.5614977498734979,0.5744582638158899,0.8164326695409507,,UBP1
ENSG00000182054,22.325527143538366,0.035499217698694976,0.06323726075983979,0.5613655188752188,0.574548385093022,0.8164326695409507,,IDH2
ENSG00000157259,8.777161908118966,0.06113881268273359,0.1089609355288747,0.5611076335383682,0.5747241646079411,0.8164630011546663,,GATAD1
ENSG00000141741,45.259899074118394,0.02944985890708629,0.05251466039881501,0.5607930944127523,0.574938594847782,0.8164630011546663,,MIEN1
ENSG00000144426,168.17968989298632,-0.05480057017062421,0.0977377644378041,-0.560689826351582,0.5750090038619753,0.8164630011546663,,NBEAL1
ENSG00000089048,39.6150800739936,0.029304832802369046,0.05232414403737121,0.5600633004419299,0.5754362617650657,0.8168616587581482,,ESF1
ENSG00000105639,10.408959722492119,-0.05119813531668206,0.09146847458921756,-0.5597353136871638,0.575659991381442,0.8169102269981819,,JAK3
ENSG00000147813,10.3292908236185,0.0700891331161249,0.12527632467577682,0.5594762880976919,0.5758367095467436,0.8169102269981819,,NAPRT
ENSG00000125651,31.252800942160942,0.04166862083658004,0.07450275070674482,0.5592896965723405,0.575964026013554,0.8169102269981819,,GTF2F1
ENSG00000213015,20.5915615638421,0.0359678802619608,0.06432551329197224,0.559154189702355,0.5760564943609848,0.8169102269981819,,ZNF580
ENSG00000151748,13.143326479711641,0.05847369394819791,0.10465161040656543,0.5587462411809145,0.5763349160870437,0.8170972519962765,,SAV1
ENSG00000139725,32.35788619661192,0.0336569970435206,0.060287567751078915,0.558274256186397,0.5766571214082488,0.817160074552152,,RHOF
ENSG00000105993,51.910392817909916,-0.02750959894492868,0.04927810316316048,-0.5582519857520493,0.5766723266432421,0.817160074552152,,DNAJB6
ENSG00000042753,60.65139916710048,0.03088434865637747,0.055349330356377104,0.5579895629725375,0.576851511162987,0.8172063074808984,,AP2S1
ENSG00000126858,9.598718878084235,0.05492617552535436,0.0985441100276269,0.557376544472884,0.5772701876677508,0.8174218688759999,,RHOT1
ENSG00000165416,24.001453287900574,0.034441395313757305,0.06179630092993823,0.5573374910062231,0.577296865070604,0.8174218688759999,,SUGT1
ENSG00000169239,14.125789682625765,0.05245039924531012,0.0942704790006359,0.5563820169509939,0.5779497297237817,0.8179420196180154,,CA5B
ENSG00000033800,22.440499273696993,-0.03882926364416243,0.0697902982728331,-0.5563705071493767,0.5779575963584972,0.8179420196180154,,PIAS1
ENSG00000154305,25.073505064790876,-0.04255451233061888,0.07656669857249784,-0.5557835602683818,0.5783588252744377,0.8183021592819754,,MIA3
ENSG00000163568,23.187508158027036,-0.08541249546983262,0.15392940557470755,-0.5548809543630624,0.5789760898216991,0.8189677008741233,,AIM2
ENSG00000179526,17.969661822812245,0.035576160913318715,0.06417960032569957,0.5543219454900981,0.5793585339604661,0.8192896774368608,,SHARPIN
ENSG00000111790,36.729923632685875,0.032356235590336124,0.05839224066324252,0.5541187531566011,0.5794975767236332,0.8192896774368608,,FGFR1OP2
ENSG00000122257,56.32048205438515,-0.032745754839815545,0.059184966872220614,-0.5532782490275462,0.5800728927364533,0.8198951710769238,,RBBP6
ENSG00000100567,32.265336080744916,-0.03197766250310162,0.057868576427872576,-0.5525911380066277,0.5805434116362026,0.8203522714859265,,PSMA3
ENSG00000253738,44.37818685672568,0.028277999070126476,0.05124156624814476,0.5518566496032955,0.5810465711397279,0.8208434318881783,,OTUD6B-AS1
ENSG00000162688,9.52127752942036,-0.0534966214446624,0.09697494980487192,-0.5516540256252319,0.5811854141130789,0.8208434318881783,,AGL
ENSG00000130935,14.202164062695603,-0.047788198955489615,0.08671195259595853,-0.5511143218993425,0.5815553082020366,0.8211578623789709,,NOL11
ENSG00000107798,21.792409929940593,0.04055553746852452,0.07366029108280657,0.5505753082476047,0.5819248391644319,0.8214071169674239,,LIPA
ENSG00000099995,16.01439821063613,-0.040926525149172256,0.07437025023709812,-0.5503077509984884,0.5821083088156457,0.8214071169674239,,SF3A1
ENSG00000197323,21.090004487698163,0.040478322811307046,0.07356855293772066,0.5502123012474353,0.5821737672624209,0.8214071169674239,,TRIM33
ENSG00000137076,60.24289039353058,0.036118565172459545,0.06581382941442214,0.5487990213276465,0.583143382004617,0.8225670372015544,,TLN1
ENSG00000111832,77.70736530634935,-0.021458748336377658,0.03914221682654706,-0.5482251664863266,0.5835373037815296,0.8228538727377201,,RWDD1
ENSG00000100429,8.597255791157362,0.053998180306915514,0.09852372466688766,0.5480728676213303,0.5836418699206749,0.8228538727377201,,HDAC10
ENSG00000169155,8.745878807211165,0.06801278158295516,0.12432879208919614,0.5470396715039372,0.584351477410128,0.8235451432185344,,ZBTB43
ENSG00000169217,16.90305452493257,0.03914701819320301,0.07158581625386,0.5468543943730214,0.5844787696859903,0.8235451432185344,,CD2BP2
ENSG00000187118,15.677629706148522,0.04203148532855677,0.07692818881765964,0.546373000255896,0.5848095656222423,0.8235451432185344,,CMC1
ENSG00000196126,1349.9025356083503,0.04623484745310552,0.08463003963816451,0.5463172137314655,0.5848479056515432,0.8235451432185344,,HLA-DRB1
ENSG00000103018,18.93278910073303,0.03593607642303579,0.06578471169527564,0.5462679017200369,0.5848817969588159,0.8235451432185344,,CYB5B
ENSG00000101158,23.269673729058553,0.031582557297059305,0.05783617801516713,0.5460692317666116,0.585018348688776,0.8235451432185344,,NELFCD
ENSG00000134371,17.604199239036703,-0.04141649039897769,0.07592044154461537,-0.5455248883746138,0.5853925678829056,0.8238639471264719,,CDC73
ENSG00000087266,13.142988842749428,0.050821087530380615,0.09320983130397516,0.5452331242253116,0.5855931924392742,0.8238704664935589,,SH3BP2
ENSG00000104980,15.714135416541524,0.039396771979230694,0.07227592896202252,0.5450884207926512,0.585692706094058,0.8238704664935589,,TIMM44
ENSG00000170296,36.52906723455221,-0.06833480634687583,0.12546872241953072,-0.5446361852508884,0.5860037625204086,0.8239788441877897,,GABARAP
ENSG00000198399,75.44625083023345,-0.03393354506073962,0.062315211640924364,-0.544546735334433,0.5860652969958347,0.8239788441877897,,ITSN2
ENSG00000087365,90.29937885088147,0.021496902449704966,0.03949455084933483,0.5443004664545266,0.5862347260134122,0.8240092846611512,,SF3B2
ENSG00000136908,14.5360395475503,0.04173020924647863,0.07687175959023963,0.5428548724384487,0.5872297291052375,0.8251998411015132,,DPM2
ENSG00000171132,8.172775750014033,-0.06503127296635526,0.12000866851651473,-0.54188813000126,0.5878955743675895,0.8254554944770404,,PRKCE
ENSG00000139826,13.168230320069311,0.046136249083607285,0.08514190965328539,0.541874727399035,0.5879048078825022,0.8254554944770404,,ABHD13
ENSG00000136717,63.978433823579124,0.03223233007698497,0.05948950712132055,0.5418153828582178,0.5879456931892111,0.8254554944770404,,BIN1
ENSG00000162642,15.723904430771274,0.043437506706504335,0.08018279155353115,0.5417310356113613,0.5880038063240324,0.8254554944770404,,C1orf52
ENSG00000245164,9.069061897908162,-0.05987383845724049,0.11076017659371282,-0.5405718941462861,0.5888026945531843,0.8263689465966665,,LINC00861
ENSG00000159658,20.763387850321823,-0.04035987419348034,0.07469655643134857,-0.5403177351364775,0.5889779296426225,0.8264068786329298,,EFCAB14
ENSG00000102172,30.125290107988846,-0.03259054443467289,0.06037034528013849,-0.5398435984330041,0.5893048971373557,0.8266576368397222,,SMS
ENSG00000184208,8.82088569052746,0.061737285710262504,0.11446686761270984,0.5393463366110972,0.5896479017748925,0.8268744077752038,,C22orf46P
ENSG00000149792,8.629071905495296,0.060534980439964026,0.11231344755452347,0.5389824794629052,0.5898989439252091,0.8268744077752038,,MRPL49
ENSG00000156502,9.223050086553494,0.0609755180885703,0.11315086788976765,0.5388868793120798,0.5899649111319174,0.8268744077752038,,SUPV3L1
ENSG00000119596,9.604279805527817,0.05495113343322313,0.10200742135171041,0.5386974075519235,0.5900956628378149,0.8268744077752038,,YLPM1
ENSG00000164615,59.531812215259144,0.025330163886838345,0.04703444761902256,0.5385449424645489,0.590200886467954,0.8268744077752038,,CAMLG
ENSG00000175782,7.948150440357534,-0.055493920693331485,0.10335223326555983,-0.5369397345361843,0.591309243157292,0.8282191258088573,,SLC35E3
ENSG00000031003,15.886156973229657,-0.04495054843429538,0.08380095224943652,-0.53639663067907,0.5916844595236517,0.8284559732484934,,FAM13B
ENSG00000170248,27.05704841638731,-0.03584376935863178,0.06684126379271349,-0.5362521191967526,0.5917843171760592,0.8284559732484934,,PDCD6IP
ENSG00000172977,10.787051708829155,0.04752161099292168,0.08866777647431366,0.5359513104141989,0.5919922013169013,0.8284559732484934,,KAT5
ENSG00000066422,9.382690293396138,0.05851738492432419,0.10923818257574115,0.5356861817409925,0.5921754552948597,0.8284559732484934,,ZBTB11
ENSG00000116030,107.73986268980691,-0.02421040353832723,0.04520071032619401,-0.5356199795005698,0.5922212176055407,0.8284559732484934,,SUMO1
ENSG00000161929,37.05710620918834,-0.06346440124622053,0.11858551703748772,-0.5351783491921523,0.592526536148507,0.828675185744689,,SCIMP
ENSG00000116198,7.969183253089722,0.05670729035454932,0.10611840997685672,0.5343774974287362,0.5930803844250525,0.8291948731059976,,CEP104
ENSG00000156471,15.10721551020496,-0.03948851999699307,0.07394127917855281,-0.5340524323583382,0.5933052586416969,0.8291948731059976,,PTDSS1
ENSG00000121749,15.640660296872019,0.04436551787960878,0.0830821051387512,0.5339960729872719,0.5933442510209703,0.8291948731059976,,TBC1D15
ENSG00000086666,53.96584923011202,0.03568383673278908,0.06689080694921751,0.5334639894519394,0.5937124322415277,0.8293808431752264,,ZFAND6
ENSG00000118900,14.005773829993212,0.04871195445759422,0.09133594479209461,0.5333273178317237,0.5938070205898839,0.8293808431752264,,UBN1
ENSG00000104907,24.31752691422339,0.03212135349900863,0.060255033163170234,0.5330899646511557,0.5939713054977032,0.8293808431752264,,TRMT1
ENSG00000205531,27.87394432016993,0.03455608828891889,0.0648399888880232,0.5329440809836699,0.5940722897492565,0.8293808431752264,,NAP1L4
ENSG00000111707,18.257651106451103,-0.041588677639892026,0.0782301302114045,-0.5316196908723689,0.5949894240617866,0.8300133765924353,,SUDS3
ENSG00000185905,17.66303453089703,-0.05829149929867573,0.10965912320174037,-0.5315699925070219,0.5950238525425701,0.8300133765924353,,C16orf54
ENSG00000197448,101.28123674156834,-0.02319476119367844,0.04364593149182285,-0.5314300875449072,0.5951207764150475,0.8300133765924353,,GSTK1
ENSG00000048828,19.554968400600405,0.03910934788764701,0.07359265006248096,0.5314300796946807,0.5951207818537583,0.8300133765924353,,FAM120A
ENSG00000120162,8.008060796108829,0.05734662149963438,0.1080391719419781,0.5307947151837863,0.5955610426689184,0.8304196984050735,,MOB3B
ENSG00000066027,10.7319442051052,0.04978590701805377,0.09399140216761674,0.529685757100097,0.5963298246707491,0.8312488542574585,,PPP2R5A
ENSG00000197982,17.943317518905612,-0.036434863646615565,0.06880904235081423,-0.5295069136532523,0.5964538496922689,0.8312488542574585,,C1orf122
ENSG00000105127,13.347310630166659,-0.054498928976636524,0.10302302923673137,-0.5289975394861105,0.5968071567493223,0.8315334098036534,,AKAP8
ENSG00000165169,19.81034775044817,-0.037026288962582275,0.07009890612707839,-0.5282006668614683,0.597360066600158,0.8318623153855579,,DYNLT3
ENSG00000089053,45.00111096913289,-0.023677336443279053,0.04485140292989448,-0.5279062614894833,0.5975643985850772,0.8318623153855579,,ANAPC5
ENSG00000148843,8.670349708621847,0.057035689038860034,0.10806006993242093,0.5278146597029714,0.597627981263987,0.8318623153855579,,PDCD11
ENSG00000134250,17.197605363692738,-0.042897315125567284,0.0812761019445299,-0.5277973979958372,0.5976399633132254,0.8318623153855579,,NOTCH2
ENSG00000108384,11.518330763135095,0.04913230618099412,0.09314443130485583,0.527485169995694,0.597856712241853,0.8319563332818997,,RAD51C
ENSG00000099330,8.837139065798485,0.05721865295639443,0.10855679701062151,0.5270849410820033,0.5981346036850361,0.8320532522050912,,OCEL1
ENSG00000169504,12.529181997053277,0.04740846404806441,0.08998307386421578,0.5268597972059018,0.5982909538836303,0.8320532522050912,,CLIC4
ENSG00000122299,20.784449186023934,-0.0501280202207576,0.09519165829701097,-0.526600976572457,0.5984707136776344,0.8320532522050912,,ZC3H7A
ENSG00000162300,12.67904463281213,-0.04101714512419028,0.07790155762543373,-0.5265253529513353,0.5985232414983179,0.8320532522050912,,ZFPL1
ENSG00000184557,11.228919460279748,-0.08974608405733035,0.17058344824224644,-0.5261124979129363,0.5988100455888596,0.83212819025334,,SOCS3
ENSG00000130313,51.17343799276089,0.027751348726229284,0.052757400320569546,0.5260181236680332,0.5988756146855547,0.83212819025334,,PGLS
ENSG00000107651,8.596843909028292,0.04796144711944941,0.09139993128084996,0.5247427043689502,0.5997620663270654,0.8331522874538407,,SEC23IP
ENSG00000105258,46.71375718585943,-0.025212674138494706,0.04808638173854436,-0.524320467187181,0.6000556636410039,0.833352523153733,,POLR2I
ENSG00000138641,8.004306893733368,-0.056390231281510925,0.10764182973701891,-0.5238691261499233,0.6003695698353536,0.8335183456219881,,HERC3
ENSG00000159377,32.94598262879012,0.028897345705878555,0.05517720045680633,0.5237189539636012,0.6004740305529996,0.8335183456219881,,PSMB4
ENSG00000149187,31.462573119995877,-0.03466729632693358,0.06632617064258288,-0.5226789967077701,0.6011976567248829,0.8341788104495935,,CELF1
ENSG00000149308,15.161045936148968,-0.05082989798775658,0.0973459154658868,-0.5221574808197169,0.6015606876308558,0.8341788104495935,,NPAT
ENSG00000087087,14.094848329820573,-0.03986259778632452,0.07635124555501534,-0.5220949245366441,0.6016042401454553,0.8341788104495935,,SRRT
ENSG00000177192,7.537940846291062,-0.05088339984663906,0.09746366391618404,-0.5220755900414059,0.6016177013654413,0.8341788104495935,,PUS1
ENSG00000126391,9.927356858867627,0.05137426498048048,0.09847930387817817,0.5216757527452872,0.6018961098040145,0.8341788104495935,,FRMD8
ENSG00000134153,26.311534807532677,0.03507071143659286,0.06725691352038612,0.5214439616822831,0.6020575335191212,0.8341788104495935,,EMC7
ENSG00000114857,69.2176037271326,-0.027835474882394497,0.05342402005381982,-0.5210292084787479,0.6023464242452639,0.8341788104495935,,NKTR
ENSG00000167272,28.1641794243627,0.02855077918562886,0.05480322233655406,0.5209689862814021,0.6023883763929752,0.8341788104495935,,POP5
ENSG00000112081,133.5980297030337,0.024019190846634297,0.04610755014009577,0.5209383446670456,0.6024097225413177,0.8341788104495935,,SRSF3
ENSG00000134744,58.70256256576032,-0.03717125662448182,0.07136153038892191,-0.5208864835422903,0.6024458518078395,0.8341788104495935,,TUT4
ENSG00000162959,9.320952910060893,0.053027749449085115,0.10187394286229758,0.5205231873744439,0.6026989709439233,0.8342299465912487,,MEMO1
ENSG00000068796,33.22505212929525,0.03897734259349782,0.07491773446612782,0.5202685702024326,0.6028763987572876,0.8342299465912487,,KIF2A
ENSG00000123983,11.176981085516168,0.05286515039285157,0.10162674702467266,0.5201893393283278,0.6029316149144068,0.8342299465912487,,ACSL3
ENSG00000102931,27.636543391286708,-0.028994588112132597,0.055799017503814954,-0.5196254236940686,0.6033246745915878,0.8344491878695922,,ARL2BP
ENSG00000138279,38.0546544740934,-0.02824992809874785,0.0543756577911369,-0.5195326226168895,0.6033893697077108,0.8344491878695922,,ANXA7
ENSG00000163946,18.15751484055644,-0.042782761371692984,0.0824202260042287,-0.5190808548559178,0.6037043585261971,0.8346777840669664,,TASOR
ENSG00000165512,36.9740107897012,-0.030161232178441796,0.0581852088514295,-0.51836596918395,0.6042029535911663,0.8349864772783093,,ZNF22
ENSG00000169592,16.559160007848494,-0.04618995978067563,0.08912195115901901,-0.518278147863477,0.6042642170811676,0.8349864772783093,,INO80E
ENSG00000156928,11.341751239874924,-0.04434420950341081,0.0856024215378569,-0.5180251762363987,0.604440703761761,0.8349864772783093,,MALSU1
ENSG00000100473,12.854438733299785,-0.09955002621467254,0.1922178668968989,-0.5179020442884678,0.6045266156335249,0.8349864772783093,,COCH
ENSG00000244687,14.128711595323791,-0.06322175305910224,0.12220910493867901,-0.5173244095914546,0.6049297172046035,0.8353363306421172,,UBE2V1
ENSG00000116691,15.02648768363835,-0.03713726904825982,0.07186422069839021,-0.5167699404147537,0.605316766074969,0.8356638493770803,,MIIP
ENSG00000145241,36.84181888679344,-0.04318637413996722,0.08363784783564536,-0.5163496581694891,0.6056102192618373,0.8357729232850385,,CENPC
ENSG00000099958,12.976867095285685,-0.045916780937104884,0.08894679954495587,-0.5162274659910324,0.6056955493175826,0.8357729232850385,,DERL3
ENSG00000123689,9.780416509086733,-0.08082888218918959,0.1569294332535425,-0.5150651507075711,0.60650749405239,0.8366862411766766,,G0S2
ENSG00000103510,11.65721119079022,0.04169444775081546,0.08109684770157988,0.5141315468172407,0.6071600227624789,0.8371197744305964,,KAT8
ENSG00000141551,25.235538369340304,-0.04647419377008028,0.09042857152659697,-0.5139326319714255,0.6072990918683807,0.8371197744305964,,CSNK1D
ENSG00000131778,10.38919461141821,-0.04633779729163195,0.09020248814656398,-0.513708637574839,0.6074557120830189,0.8371197744305964,,CHD1L
ENSG00000185658,26.65900641492249,-0.03471090349442392,0.06758030483172044,-0.5136245475787129,0.6075145137127331,0.8371197744305964,,BRWD1
ENSG00000100804,11.122722717105866,-0.043829018891749394,0.08535242848963084,-0.5135064071091313,0.607597130114864,0.8371197744305964,,PSMB5
ENSG00000250479,114.86363740299647,-0.023446417891763934,0.04571518271850005,-0.512880327661375,0.6080350352040576,0.8371197744305964,,CHCHD10
ENSG00000081189,375.90381763811706,-0.029092141580277037,0.05673127004073615,-0.5128061042770115,0.6080869593446545,0.8371197744305964,,MEF2C
ENSG00000055208,10.814463296947201,0.050000728579498874,0.09751316875138404,0.5127587301257627,0.6081201017135613,0.8371197744305964,,TAB2
ENSG00000128245,47.43934617840374,0.05268392733476178,0.10286327569845516,0.5121743107735097,0.6085290204564402,0.8371197744305964,,YWHAH
ENSG00000104388,53.76598416276267,0.02213835242337271,0.04324377001383645,0.5119431635190279,0.6086907881868139,0.8371197744305964,,RAB2A
ENSG00000143420,97.86680645124132,0.01927782132532987,0.037665844448432635,0.5118117383966435,0.6087827742117222,0.8371197744305964,,ENSA
ENSG00000135297,7.523081173799097,0.052087146607840765,0.10181021151065293,0.5116102386487098,0.6089238183259988,0.8371197744305964,,MTO1
ENSG00000163785,8.115842843737585,-0.05911912079849969,0.1156203843038138,-0.5113209158962259,0.6091263614824223,0.8371197744305964,,RYK
ENSG00000053501,30.052887918168086,0.02884611307328541,0.05642113844540338,0.511264286189452,0.6091660091565984,0.8371197744305964,,USE1
ENSG00000169714,142.86229315115258,0.02093495826030571,0.040954582555705984,0.5111749883381232,0.609228530832727,0.8371197744305964,,CNBP
ENSG00000196313,7.424722505260302,-0.0571000981318477,0.11171324093338512,-0.5111309783403082,0.6092593453769108,0.8371197744305964,,POM121
ENSG00000070366,9.045406807937976,-0.06408976647391204,0.12544326807062678,-0.5109063838948166,0.6094166107905761,0.8371197744305964,,SMG6
ENSG00000131724,11.330351765075102,0.07149610888233655,0.13998179290162927,0.510752915792268,0.6095240825301689,0.8371197744305964,,IL13RA1
ENSG00000116701,7.126713054014465,0.05129601712839824,0.10053953761722308,0.5102074103791273,0.6099061611384295,0.8374382552346424,,NCF2
ENSG00000213977,11.895848849819648,-0.04699581241661676,0.09222315109994923,-0.5095880140300545,0.6103401227902325,0.8375191087959025,,TAX1BP3
ENSG00000172270,40.55425170125565,0.026926768090917277,0.052846867560161076,0.5095243925340275,0.6103847050620073,0.8375191087959025,,BSG
ENSG00000162852,16.731745441163667,-0.04763287949755908,0.09349308611816724,-0.5094802351197949,0.6104156488785057,0.8375191087959025,,CNST
ENSG00000198160,35.256769076099054,0.030626841689825594,0.06014343960244255,0.5092299657664038,0.6105910411624338,0.8375536643349891,,MIER1
ENSG00000160752,32.18863408979067,0.028223254311144193,0.05549359813814596,0.508585769495161,0.6110426057773838,0.837629367379107,,FDPS
ENSG00000196704,15.075403519806706,0.03707574081005036,0.07292789365691885,0.5083890258022404,0.611180547426031,0.837629367379107,,AMZ2
ENSG00000136141,7.708663713972841,0.05715180744126582,0.11243231731585665,0.50832188471851,0.6112276247831824,0.837629367379107,,LRCH1
ENSG00000160593,7.687554446753473,-0.05585157265207879,0.10999826925253965,-0.5077495585303428,0.6116289883142461,0.837629367379107,,JAML
ENSG00000091542,24.82707407760906,0.041050764016972614,0.0808651713638651,0.5076445560506943,0.6117026376012213,0.837629367379107,,ALKBH5
ENSG00000237190,16.24063503432028,0.03525377218164215,0.06945340261307086,0.5075888416589618,0.6117417175604438,0.837629367379107,,CDKN2AIPNL
ENSG00000119707,97.81865647171337,0.023804847335948977,0.04690066371667439,0.5075588584364904,0.6117627492644739,0.837629367379107,,RBM25
ENSG00000011600,80.79813559475649,-0.03122237244037072,0.0615400300495099,-0.5073506206488987,0.6119088263004145,0.837629367379107,,TYROBP
ENSG00000119396,26.653166161339083,0.03268965864271195,0.06444827101959777,0.5072232059223358,0.6119982142579774,0.837629367379107,,RAB14
ENSG00000198000,17.82936745437457,-0.04215038113299787,0.08324164759336748,-0.5063616873479126,0.6126027652065568,0.8381228452398242,,NOL8
ENSG00000204387,227.87569628959668,-0.024250766839970184,0.04789981394416027,-0.5062810237267472,0.612659382567705,0.8381228452398242,,SNHG32
ENSG00000068697,77.73659288146544,-0.024252006597824,0.04793156646716368,-0.5059715003146881,0.6128766568397377,0.8382144318220205,,LAPTM4A
ENSG00000173559,7.901142772839427,0.06025288328841733,0.11917418480826528,0.5055867039103801,0.6131468174857055,0.8383782869789833,,NABP1
ENSG00000169021,70.65673891834967,-0.02181326401099923,0.04317990452326393,-0.5051716591741641,0.6134382740234345,0.8385711733156831,,UQCRFS1
ENSG00000167483,64.78360286334663,0.03493600243853046,0.06929645089999756,0.5041528387788139,0.6141539785320029,0.839017093458738,,NIBAN3
ENSG00000133835,9.26048615445987,-0.057915342489235876,0.11488493997441118,-0.5041160530016868,0.6141798268144814,0.839017093458738,,HSD17B4
ENSG00000129353,25.68980047952444,-0.031759121762215875,0.06301274687805053,-0.5040110665811753,0.614253600317112,0.839017093458738,,SLC44A2
ENSG00000158604,30.840914776608468,0.026827228602367494,0.053244409457084016,0.5038506178567111,0.6143663544820709,0.839017093458738,,TMED4
ENSG00000177917,19.12814099730603,0.04038614077467979,0.08021043909770986,0.5035023025554398,0.6146111618781701,0.8390519689846824,,ARL6IP6
ENSG00000187531,17.950722719334056,-0.032474599824594816,0.06451230952262033,-0.5033860989460943,0.6146928431317122,0.8390519689846824,,SIRT7
ENSG00000154813,15.691163036422417,0.04220440945483418,0.08403741894936716,0.5022097296950837,0.6155199995372076,0.8396841154470982,,DPH3
ENSG00000119335,178.07260709963327,-0.021600936220695206,0.04301449559770428,-0.5021780662667602,0.6155422702308111,0.8396841154470982,,SET
ENSG00000168300,42.56477015642133,0.0300832576141715,0.0599382284424321,0.5019043504608262,0.6157348049161492,0.8396841154470982,,PCMTD1
ENSG00000185651,70.48120683741499,-0.021060458463596277,0.04196389355663787,-0.5018709342394879,0.6157583120629815,0.8396841154470982,,UBE2L3
ENSG00000115839,23.728002459341894,-0.03685472317009967,0.07350625475621939,-0.501382138055148,0.6161022081883618,0.839947655955576,,RAB3GAP1
ENSG00000161526,29.128224373983038,0.03065117235527321,0.061204994642232,0.5007952787912446,0.6165152086563015,0.8403052562863694,,SAP30BP
ENSG00000174004,11.899381627792467,-0.058489421857141524,0.11702863776235314,-0.49978725699528687,0.617224884289234,0.8409620882512782,,NRROS
ENSG00000101843,8.787198144113127,-0.05016430694618823,0.10039238952432428,-0.4996823681941928,0.6172987495000863,0.8409620882512782,,PSMD10
ENSG00000011258,7.252260782802839,0.0543330410717709,0.10891466904146468,0.49885879973693786,0.6178788606621639,0.8411861255634143,,MBTD1
ENSG00000196821,10.738547355726146,0.054663773808654045,0.1096370628719237,0.4985884551879269,0.6180693399131041,0.8411861255634143,,ILRUN
ENSG00000130159,12.164111043133612,0.03767534790653854,0.07557965740658563,0.49848529616721565,0.6181420304221814,0.8411861255634143,,ECSIT
ENSG00000092439,12.404457072680511,0.04963196981383795,0.09961503281083041,0.49823774999993614,0.6183164778879706,0.8411861255634143,,TRPM7
ENSG00000164209,9.714943076273931,0.04675673021469156,0.09385178914624126,0.49819753720234916,0.6183448181514132,0.8411861255634143,,SLC25A46
ENSG00000159079,14.908361071705155,0.04301222641589947,0.0863414735973976,0.4981641455004757,0.6183683516292029,0.8411861255634143,,CFAP298
ENSG00000104549,13.406318682587981,0.050610309246062926,0.10175340840683177,0.4973819554398821,0.6189197278533225,0.8417308298805186,,SQLE
ENSG00000108588,9.258621623408015,0.05155881462971005,0.10370686660519277,0.4971591208708684,0.6190768461973342,0.8417392085823788,,CCDC47
ENSG00000113048,8.833524212354604,0.04669861518354436,0.09407661624692748,0.49638918837144635,0.6196198515602371,0.8422151859524291,,MRPS27
ENSG00000170881,34.13325698727914,-0.03760918342226543,0.07578914088614537,-0.496234460273986,0.6197290007106916,0.8422151859524291,,RNF139
ENSG00000130787,13.872961911625577,0.04397990385978944,0.08869515334262457,0.49585464596805484,0.619996966952229,0.8423740467167711,,HIP1R
ENSG00000236287,23.818823049114847,0.030285673302885233,0.06118574332001703,0.49497924940591875,0.6206147681039988,0.843008026053081,,ZBED5
ENSG00000169062,43.49234117609956,-0.028849657836669613,0.058361350464189755,-0.4943281402367758,0.6210744546418752,0.8434269749349965,,UPF3A
ENSG00000010322,8.35996569095113,-0.04861852453278954,0.09843593821309743,-0.4939103077123979,0.6213695245871795,0.8436222228142471,,NISCH
ENSG00000067208,9.799269065525033,-0.04742991119288783,0.09614363341428053,-0.49332347352126293,0.6217840449629455,0.8439795118581753,,EVI5
ENSG00000129003,64.7828697228479,-0.04343946574608913,0.08821971983141284,-0.4924008580972779,0.6224359927986898,0.8446588210867594,,VPS13C
ENSG00000148429,18.765819550965297,-0.04394920379657021,0.08932184947665273,-0.4920319502347275,0.6226967571332385,0.8447711244653907,,USP6NL
ENSG00000271856,48.509809384100386,-0.03401596548194178,0.06915850353081844,-0.49185514065936325,0.6228217526322133,0.8447711244653907,,LINC01215
ENSG00000167220,10.315876692501222,0.04694231907671075,0.09562251090829896,0.4909128470986081,0.6234880901770454,0.8454692584696512,,HDHD2
ENSG00000101367,27.837599513969497,-0.0340742017323313,0.06953436702300632,-0.4900339672475543,0.6241098629700592,0.8457378233350483,,MAPRE1
ENSG00000198663,8.728162799990168,-0.04769832935248296,0.09733683906956832,-0.49003367901018585,0.6241100669305719,0.8457378233350483,,C6orf89
ENSG00000140367,13.835478567302019,-0.04699705030311273,0.09593235304080508,-0.4898978166742392,0.6242062080943218,0.8457378233350483,,UBE2Q2
ENSG00000104517,15.675025413450102,-0.04327140426036488,0.08837713623825476,-0.4896221591035726,0.6244012931470913,0.8457378233350483,,UBR5
ENSG00000182287,66.24199248587485,0.02876631650999967,0.05876208238811944,0.4895387525581576,0.6244603258114703,0.8457378233350483,,AP1S2
ENSG00000074695,20.51774051280316,-0.034848530096104294,0.07121438167569047,-0.48934680434078787,0.6245961901889757,0.8457378233350483,,LMAN1
ENSG00000167491,8.351019279153464,-0.049621690425288544,0.10188013966425016,-0.48705950530514286,0.6262161623785556,0.8471056018697996,,GATAD2A
ENSG00000122644,95.76933471413241,-0.04419046674651286,0.09074195813104041,-0.4869904469407354,0.6262651008581868,0.8471056018697996,,ARL4A
ENSG00000125868,23.83203048792577,-0.034355459232085515,0.07055105263731909,-0.4869588467899436,0.6262874949773369,0.8471056018697996,,DSTN
ENSG00000178951,17.300567981800913,-0.046042233812354214,0.0945741057355206,-0.48683763334873864,0.6263733986572277,0.8471056018697996,,ZBTB7A
ENSG00000087206,16.38624717606306,-0.041047374904340884,0.08434325989212021,-0.4866704815161614,0.6264918670819144,0.8471056018697996,,UIMC1
ENSG00000093183,8.678916870035303,-0.05007992188482871,0.10291089264717591,-0.4866338304587916,0.6265178447114514,0.8471056018697996,,SEC22C
ENSG00000019582,5629.262336175962,-0.01912255366273452,0.03938502008746055,-0.48552859996693976,0.6273014303173476,0.847957120069926,,CD74
ENSG00000140497,19.68720245385093,-0.030880557847676522,0.06362971490463896,-0.4853166149487989,0.6274517714147264,0.847957120069926,,SCAMP2
ENSG00000153207,7.388902783350954,0.059160597302151556,0.12203422142249316,0.48478694428944147,0.6278274847475567,0.8481768766224143,,AHCTF1
ENSG00000152492,59.777673339245084,-0.03708228767333746,0.07651219843358537,-0.48465850455892834,0.6279186059356754,0.8481768766224143,,CCDC50
ENSG00000104343,18.318346272536797,-0.04085968414773912,0.08441802747601723,-0.484016096672564,0.6283744454306164,0.8482096369135466,,UBE2W
ENSG00000163964,7.652450863523062,-0.04556874691789129,0.09418209252155248,-0.48383663707050695,0.6285018116312094,0.8482096369135466,,PIGX
ENSG00000152601,110.51746953140186,-0.02395806852436399,0.04953904148028834,-0.48361994516783174,0.6286556171066322,0.8482096369135466,,MBNL1
ENSG00000196843,18.736180856109133,-0.06303300661329672,0.13033619791718457,-0.4836185773452423,0.6286565880229239,0.8482096369135466,,ARID5A
ENSG00000104998,15.758091628464923,-0.041284417140148064,0.08537731041274911,-0.4835525614541167,0.6287034485946356,0.8482096369135466,,IL27RA
ENSG00000144566,19.294035470691973,-0.03698533296012821,0.07660954643712439,-0.4827770777951688,0.6292540281263168,0.8487470877678623,,RAB5A
ENSG00000267680,11.047273028963597,0.046620170681656456,0.09669795240294043,0.4821215912348399,0.629719572656677,0.8490911791460535,,ZNF224
ENSG00000168214,23.378535419317476,-0.028150666547389742,0.05840519281496229,-0.4819891038897158,0.629813686683658,0.8490911791460535,,RBPJ
ENSG00000146192,31.478663990519564,-0.03860337334259411,0.08023254970728286,-0.4811435444022791,0.6304144818684534,0.849517370084629,,FGD2
ENSG00000064607,11.586762798060406,-0.04528286035179073,0.09412058944547673,-0.4811153501968102,0.6304345189042674,0.849517370084629,,SUGP2
ENSG00000197498,10.329781390169915,-0.04182256342968008,0.08698909507496372,-0.48077938267594433,0.6306733049513,0.8496338121305748,,RPF2
ENSG00000168488,15.407897740089243,0.040374198718695645,0.0840743841438265,0.4802199757969953,0.6310709841886986,0.8499642047913485,,ATXN2L
ENSG00000078487,10.376099806958976,-0.043878915086165995,0.09163403389131593,-0.47884954118913187,0.632045669825609,0.8509447544312821,,ZCWPW1
ENSG00000091947,10.377331867948254,0.04394809304648112,0.09179427858615762,0.47876723607813615,0.6321042275563793,0.8509447544312821,,TMEM101
ENSG00000112763,8.86337536129871,0.04682348583211997,0.09796759123472756,0.4779487302074441,0.6326866965854776,0.8515166267961009,,BTN2A1
ENSG00000146731,30.546484512295013,0.027501340471280174,0.05756535819871616,0.4777411507862991,0.6328344514783073,0.8515166267961009,,CCT6A
ENSG00000114423,15.007615201925535,-0.04913994626223262,0.10295523721237423,-0.47729428431957877,0.6331525804504897,0.8517391528569194,,CBLB
ENSG00000183258,9.999203261880915,0.04385510799400005,0.09196652953194506,0.476859442421025,0.6334622141511062,0.8517539339861977,,DDX41
ENSG00000183354,21.85091926760889,0.0359431525847695,0.07538352056185259,0.4768038467409857,0.6335018062644214,0.8517539339861977,,BRD10
ENSG00000167470,20.80843996707593,0.051333588155733446,0.10772833467950921,0.4765096231038045,0.6337113532464167,0.8517539339861977,,MIDN
ENSG00000204977,16.67294482204183,0.037907421213896474,0.07956709095437901,0.47642085137473805,0.6337745825159136,0.8517539339861977,,TRIM13
ENSG00000101343,9.888184003212732,-0.05335624612402217,0.11210752189632889,-0.47593814600025863,0.6341184449440476,0.8520107106043396,,CRNKL1
ENSG00000148180,8.87572373035731,-0.06047363896248823,0.1272273008494495,-0.4753196724187982,0.634559139351851,0.8522679306801608,,GSN
ENSG00000147050,9.314247673019562,-0.0506960702213614,0.10667456171776848,-0.4752404828762197,0.6346155753558156,0.8522679306801608,,KDM6A
ENSG00000109180,49.087770738677904,0.023637058746894393,0.04978323786432935,0.4747995462109306,0.6349298564792665,0.8522834156873401,,OCIAD1
ENSG00000117118,30.29792075136674,-0.027289944013326198,0.05749691210572883,-0.4746332109652042,0.63504843034795,0.8522834156873401,,SDHB
ENSG00000083896,58.78079802949872,0.029718407617306142,0.06262030636408628,0.47458100004362347,0.6350856513954265,0.8522834156873401,,YTHDC1
ENSG00000145016,13.869843140188621,0.047395972395852685,0.10004021306051249,0.4737692068606824,0.6356644955154751,0.8528117191155481,,RUBCN
ENSG00000115540,18.22205991348969,-0.04380686519602388,0.0924976126136351,-0.47359995526594056,0.6357852073822334,0.8528117191155481,,MOB4
ENSG00000136169,10.520751463013898,0.04750025513355811,0.10065497615265001,0.47191164261487467,0.6369898574580599,0.8542220887893559,,SETDB2
ENSG00000165916,29.861597237492354,0.02538551706250339,0.05386226907139731,0.47130426363682404,0.6374234713754711,0.8543985174271973,,PSMC3
ENSG00000184009,296.41223963175344,-0.028812178874380725,0.06114528737273802,-0.4712084955745388,0.6374918524849806,0.8543985174271973,,ACTG1
ENSG00000125779,11.314341161968391,0.039763798175016254,0.08444415054504624,0.470888722526784,0.6377202018517152,0.8543985174271973,,PANK2
ENSG00000072778,24.021807961095103,-0.02962237025017163,0.06291001136590076,-0.47086893813896064,0.6377343309777609,0.8543985174271973,,ACADVL
ENSG00000125877,23.50827783616513,-0.029732317392987095,0.06319554018400184,-0.47048126032972704,0.638011219706463,0.8545641511129565,,ITPA
ENSG00000143252,33.45305884344299,0.02884267670993651,0.06134463533216024,0.4701743934699957,0.6382304271437627,0.8545866085604236,,SDHC
ENSG00000072364,35.715830037714134,0.03297302780744765,0.07015746760982171,0.46998600335499546,0.6383650175101308,0.8545866085604236,,AFF4
ENSG00000254635,16.578994414218656,0.03923402133136521,0.08352488400393306,0.4697285341877008,0.6385489788622962,0.8545866085604236,,WAC-AS1
ENSG00000173171,11.654507682448012,0.03975470985458987,0.08465658962618851,0.469599709014167,0.6386410326168015,0.8545866085604236,,MTX1
ENSG00000110756,9.342218513448579,0.04313367841632147,0.09190255759209676,0.4693414366961077,0.6388256013368336,0.8546284916156872,,HPS5
ENSG00000164691,60.22472191352439,-0.0472728974146235,0.10093625597871476,-0.4683440747454742,0.6395385544041838,0.855227003649116,,TAGAP
ENSG00000119004,16.37467805241105,-0.03753878033539137,0.08016199897936571,-0.4682864800446671,0.639579735512341,0.855227003649116,,CYP20A1
ENSG00000132394,7.437743934920546,-0.04927751404939675,0.10529310593842152,-0.4680032335470821,0.6397822773307731,0.8552927303755432,,EEFSEC
ENSG00000115216,16.858543992536188,-0.0350134612671612,0.07487682333061878,-0.4676141389246601,0.6400605520204772,0.8553188441279576,,NRBP1
ENSG00000164134,21.946023691387232,0.031159579398131812,0.06664481120522124,0.467546967792905,0.6401085969415292,0.8553188441279576,,NAA15
ENSG00000170430,28.115977732705446,0.03150987386030929,0.0675531201796514,0.46644586921391107,0.6408963852809594,0.8561584045838875,,MGMT
ENSG00000177731,9.06741626121847,0.044202468537199294,0.09480633454211274,0.4662396109994598,0.6410439991280004,0.8561584045838875,,FLII
ENSG00000103657,18.194703196358105,0.03873622926766265,0.08326571595371703,0.4652122283941456,0.6417794825381333,0.8568299700601102,,HERC1
ENSG00000153395,9.742285835973574,-0.04618346723981304,0.09929623417122724,-0.4651079431690621,0.6418541579879986,0.8568299700601102,,LPCAT1
ENSG00000138182,25.649091887087778,-0.029745380331090646,0.06399646474726242,-0.46479724229396696,0.6420766628204786,0.8569218458322136,,KIF20B
ENSG00000078674,56.19566814964247,0.03229583227344108,0.06955162844295519,0.4643432942756971,0.6424018102041705,0.8570358817187126,,PCM1
ENSG00000143977,103.76084130701017,-0.022013476153750336,0.04744010395389375,-0.46402672673619916,0.642628597237023,0.8570358817187126,,SNRPG
ENSG00000170004,12.672266118972406,0.05014537493834802,0.10806768450115459,0.4640182231147209,0.6426346896385766,0.8570358817187126,,CHD3
ENSG00000148700,80.23652058265277,0.023165404820157075,0.050000264120699765,0.46330564903089694,0.6431452972029124,0.8570358817187126,,ADD3
ENSG00000154144,25.41660491382986,-0.028329852084861808,0.06115952218359083,-0.4632124495646034,0.6432120934013232,0.8570358817187126,,TBRG1
ENSG00000157426,10.972342776258266,-0.04200280725868644,0.09076179693206568,-0.4627806927415192,0.6435215717856393,0.8570358817187126,,AASDH
ENSG00000182568,15.613631085967047,0.047374030239543244,0.1024554993563622,0.46238640714410273,0.6438042452471431,0.8570358817187126,,SATB1
ENSG00000145912,70.05525985472997,-0.01852217877142486,0.0400732031052788,-0.46220859168068223,0.6439317425802413,0.8570358817187126,,NHP2
ENSG00000101162,8.420844817337423,0.054677465681359935,0.11834483397538126,0.46201818739915795,0.6440682779722149,0.8570358817187126,,TUBB1
ENSG00000151702,29.151370809226897,0.03232239602087958,0.06997246441687845,0.46193022198433414,0.6441313604024798,0.8570358817187126,,FLI1
ENSG00000196642,11.149588476101119,0.04144728715620867,0.08978083409975768,0.46164961120939885,0.6443326112741956,0.8570358817187126,,RABL6
ENSG00000116560,80.07313186160972,-0.027096712813706434,0.05870111508392359,-0.46160473740519087,0.6443647966770588,0.8570358817187126,,SFPQ
ENSG00000101972,40.1424090239393,-0.029887408104357877,0.0647722541249963,-0.46142300446548773,0.6444951500954716,0.8570358817187126,,STAG2
ENSG00000113384,15.301507867958785,0.038976004087548484,0.08446996349752522,0.46141850278756646,0.6444983791981502,0.8570358817187126,,GOLPH3
ENSG00000134982,10.78598784334657,-0.04808239581558411,0.10427650728746428,-0.46110477869222216,0.6447234334327705,0.8570358817187126,,APC
ENSG00000127774,22.26578870136625,-0.032750484575899866,0.07103850384378581,-0.46102441357602947,0.6447810896779502,0.8570358817187126,,EMC6
ENSG00000139428,7.957848516934967,-0.047884878039776896,0.10386886225685708,-0.4610128290551839,0.6447894009224743,0.8570358817187126,,MMAB
ENSG00000173418,21.199792198177374,-0.02770078474432014,0.06011211783479754,-0.46081864592507804,0.6449287230437084,0.8570358817187126,,NAA20
ENSG00000085760,8.255889822390069,-0.048669145095771,0.10573524278889865,-0.4602925553681224,0.6453062440704282,0.8573332420625943,,MTIF2
ENSG00000122884,11.57639876075056,-0.03843139293542311,0.08363424697000005,-0.4595174145491931,0.6458626494033604,0.8578680640955544,,P4HA1
ENSG00000114062,24.252470909777855,0.032588909490988666,0.07104605575024316,0.4587011783673456,0.6464487677371717,0.8582985001537153,,UBE3A
ENSG00000109065,10.084690421431652,-0.04079411401076323,0.08894632875459332,-0.45863741181849016,0.6464945661129132,0.8582985001537153,,NAT9
ENSG00000169375,15.24091087135567,-0.042330326523030495,0.09236589041850352,-0.45828959512255757,0.6467443984038608,0.8583610038608958,,SIN3A
ENSG00000087274,35.35818519722651,0.029459606256618167,0.0643021713489914,0.4581432576627952,0.6468495226369232,0.8583610038608958,,ADD1
ENSG00000134809,31.370965565429316,0.035144943140244744,0.07677292397343419,0.4577778378273828,0.6471120595354289,0.8585050782701765,,TIMM10
ENSG00000145416,134.3039615474161,-0.028371223908571483,0.062055175465121744,-0.45719351683273535,0.6475319578374119,0.8588578013561867,,MARCHF1
ENSG00000167615,22.25694963715055,-0.031231437943113838,0.06834539973206821,-0.4569647418194819,0.6476963881791644,0.8588715958352011,,LENG8
ENSG00000243317,53.79488889169956,0.02046578924935073,0.0448321384119095,0.456498172389521,0.6480317847647051,0.8589372577187797,,STMP1
ENSG00000104915,24.646983711095825,0.02967940110871838,0.06502765075308041,0.4564120149659942,0.6480937274266547,0.8589372577187797,,STX10
ENSG00000155629,18.60734828731349,0.03591518798554282,0.07880589569719537,0.45574239931925564,0.6485752289087512,0.8589372577187797,,PIK3AP1
ENSG00000239382,7.583572575881965,-0.049565786848259956,0.10877605862062968,-0.45566816335133936,0.6486286189252206,0.8589372577187797,,ALKBH6
ENSG00000144741,14.701205518294767,-0.03423341579159908,0.07513406204472338,-0.4556311060517627,0.6486552709654587,0.8589372577187797,,SLC25A26
ENSG00000103415,14.66703399787802,-0.03498765962991786,0.07679293297009618,-0.45561040940502107,0.6486701564300182,0.8589372577187797,,HMOX2
ENSG00000071553,12.326374683894612,0.038396218183287034,0.08433863470946198,0.45526250591508977,0.6489203969595383,0.8590646090803384,,ATP6AP1
ENSG00000164190,37.446697942741054,-0.03529217837459715,0.07768850583463616,-0.4542779912606159,0.6496287548131707,0.8593348682854596,,NIPBL
ENSG00000251131,8.531519648500451,0.06259310639245322,0.13784930669743506,0.4540690692760509,0.6497791148631057,0.8593348682854596,,ENSG00000251131
ENSG00000143458,7.814488801050113,-0.050220552177725045,0.11064069702246086,-0.45390668650189275,0.6498959907412943,0.8593348682854596,,GABPB2
ENSG00000167110,10.437615413219248,-0.039771483515206825,0.0876244247068412,-0.453885816064042,0.6499110129764115,0.8593348682854596,,GOLGA2
ENSG00000145022,10.968060531616928,0.037860834159686926,0.08341982748391905,0.4538589361981768,0.6499303609193537,0.8593348682854596,,TCTA
ENSG00000176476,10.513049109219539,-0.04017379569714851,0.08854825653344532,-0.4536938079856443,0.6500492242518057,0.8593348682854596,,SGF29
ENSG00000180098,10.090849458336745,0.0385284158537295,0.08504818207231868,0.45301868793583133,0.6505352848069098,0.8597735833333324,,TRNAU1AP
ENSG00000074603,15.734055657550345,-0.03562547219821081,0.07871942562342386,-0.45256265421238084,0.6508636957522365,0.8600037837712016,,DPP8
ENSG00000140157,19.987115613874366,-0.03416417498541663,0.07558218495402674,-0.45201359296767046,0.6512591900447866,0.8600721054662824,,NIPA2
ENSG00000189339,8.98648311176363,-0.04424674835897056,0.09794685241369772,-0.45174242222798294,0.6514545532537801,0.8600721054662824,,SLC35E2B
ENSG00000132792,27.739475739925563,-0.026512610221412564,0.058719980781842894,-0.4515091774282505,0.6516226121110048,0.8600721054662824,,CTNNBL1
ENSG00000104870,30.18587130701324,-0.024959111061085452,0.05528076454498826,-0.45149721185157227,0.651631234093079,0.8600721054662824,,FCGRT
ENSG00000124831,109.1557881576768,0.02192397172091098,0.04857206452643781,0.45136997849819105,0.6517229169422697,0.8600721054662824,,LRRFIP1
ENSG00000068745,23.50854434295819,0.029091920173753547,0.06447953587468819,0.45118066963589526,0.6518593404139499,0.8600721054662824,,IP6K2
ENSG00000071462,39.78161437853336,0.023565864928460824,0.05225336771449601,0.45099227014842214,0.651995120123023,0.8600721054662824,,BUD23
ENSG00000197102,16.573052850893077,-0.036114139084915606,0.0801955405307655,-0.4503260261842253,0.6524753753640808,0.8603153285386343,,DYNC1H1
ENSG00000079134,11.021025246233718,-0.043051702117231305,0.09560492651654275,-0.45030840654202026,0.6524880782621745,0.8603153285386343,,THOC1
ENSG00000125818,29.547350406128793,0.025349186690154613,0.05642643258519559,0.4492431211539216,0.6532562839369992,0.860942651993247,,PSMF1
ENSG00000121897,7.760112609114952,-0.044839408972862836,0.09981605335420156,-0.44922041561539466,0.6532726615106579,0.860942651993247,,LIAS
ENSG00000109606,14.192216621000245,-0.037378166682154684,0.08339409668294842,-0.44821118243250174,0.6540007930923402,0.8616985874959566,,DHX15
ENSG00000100201,105.81694814258718,0.025118365130808458,0.05616430283308209,0.4472300707703818,0.6547089516452602,0.8619464169388602,,DDX17
ENSG00000087088,84.16651034912772,0.01719608550054533,0.03845229970971534,0.4472056451853926,0.6547265858045399,0.8619464169388602,,BAX
ENSG00000132581,15.786639949178227,0.0340686961870779,0.0761903125985628,0.4471525975563531,0.6547648844387441,0.8619464169388602,,SDF2
ENSG00000186184,77.89635403048125,-0.0194615936659813,0.04353015806278215,-0.4470830002021235,0.6548151328051378,0.8619464169388602,,POLR1D
ENSG00000061936,26.053775009132494,0.032440435181509936,0.07266080164998576,0.4464640417508564,0.6552620813577402,0.8619464169388602,,SFSWAP
ENSG00000204922,20.67516359886598,0.028692109030596227,0.06429417815604989,0.4462629409611076,0.6554073223947818,0.8619464169388602,,UQCC3
ENSG00000111860,14.72704881946666,0.0428486187616437,0.09603271307320671,0.4461877353082773,0.6554616415276495,0.8619464169388602,,CEP85L
ENSG00000105443,10.276321611442064,0.03883285016524582,0.08715012766787773,0.4455856945297287,0.655896545970545,0.8619464169388602,,CYTH2
ENSG00000005810,96.1786461416941,-0.024367987559800262,0.05471274389365349,-0.4453804694417249,0.6560448239015416,0.8619464169388602,,MYCBP2
ENSG00000106617,18.739913564996563,-0.03208490933940165,0.0720428233025693,-0.4453588555885675,0.656060440994833,0.8619464169388602,,PRKAG2
ENSG00000060339,28.43505418498896,0.02798053600543564,0.06284681159439198,0.4452180674816036,0.6561621711441188,0.8619464169388602,,CCAR1
ENSG00000083720,10.163017790116658,-0.040417946524788355,0.09078652678924615,-0.44519762958456893,0.6561769396142009,0.8619464169388602,,OXCT1
ENSG00000100138,122.18071898396657,0.018436055596980437,0.04141371602539569,0.44516786626138766,0.656198446898397,0.8619464169388602,,SNU13
ENSG00000185896,31.670053118196694,0.02569344642909878,0.057750670347197504,0.4449029989544635,0.6563898552952696,0.8619947793514893,,LAMP1
ENSG00000115904,8.277524002369683,-0.053273297027099334,0.11996275164989062,-0.4440819862366662,0.6569833097297103,0.8622386391243934,,SOS1
ENSG00000137441,8.00308389185874,0.05572894599815684,0.12551077868255497,0.44401721177356324,0.6570301400124987,0.8622386391243934,,FGFBP2
ENSG00000146066,155.48500757840065,-0.01622293884674497,0.03654311857707668,-0.4439396383898538,0.6570862253604515,0.8622386391243934,,HIGD2A
ENSG00000138385,66.25904503918855,0.017577223941294746,0.03960703402697979,0.4437904623032709,0.6571940846984705,0.8622386391243934,,SSB
ENSG00000171988,80.4037516687871,-0.025445766577798127,0.05741078627436146,-0.44322275009777584,0.6576046250372711,0.8625743093878673,,JMJD1C
ENSG00000177885,97.83848539442053,0.021057046928948952,0.047598251311251345,0.44239118767733926,0.6582061547812327,0.8630152270081989,,GRB2
ENSG00000142507,61.049743002090935,0.0184429760004733,0.04169504600847126,0.44233015108620355,0.6582503157219995,0.8630152270081989,,PSMB6
ENSG00000225470,34.24101344518839,0.024402328639368535,0.05521300435117074,0.44196704972188505,0.658513049951322,0.8631567387232184,,JPX
ENSG00000145740,9.525234667372075,0.040031366517520976,0.09064883865547943,0.441609259547874,0.6587719823360352,0.8632932017639794,,SLC30A5
ENSG00000172613,12.493746804223848,0.03844769005423331,0.08718990898360378,0.44096490640291264,0.6592384032270898,0.8634136032532571,,RAD9A
ENSG00000153827,18.754307824565323,-0.040127602197956816,0.09106507669310748,-0.44064754190224037,0.6594681791390247,0.8634136032532571,,TRIP12
ENSG00000164031,33.23635928370182,-0.029961100456063535,0.0680615558776799,-0.44020592931947616,0.6597879656993348,0.8634136032532571,,DNAJB14
ENSG00000102710,14.862947284101804,0.03504452444507773,0.07960952182330706,0.4402051870485905,0.6597885032550617,0.8634136032532571,,SUPT20H
ENSG00000029725,41.412601387738185,0.03255839626843104,0.07396264634332111,0.440200531999638,0.6597918744652806,0.8634136032532571,,RABEP1
ENSG00000120913,26.65844322645248,-0.03415450259469208,0.07761850258547198,-0.4400304238938622,0.659915072362224,0.8634136032532571,,PDLIM2
ENSG00000138107,9.262491680294474,0.04128796058260876,0.09383941442632578,0.439985275217423,0.6599477720705491,0.8634136032532571,,ACTR1A
ENSG00000165630,19.902622468486207,0.02763789019911333,0.06286752893420529,0.43962106778585286,0.6602115793409924,0.8635561262972962,,PRPF18
ENSG00000176623,12.23249745405109,0.03918631760031353,0.0892693293152163,0.4389673127479639,0.6606852212934398,0.8637457512496265,,RMDN1
ENSG00000114867,10.815205570954772,-0.04136708419703287,0.09424808054665014,-0.4389169939281397,0.6607216826399225,0.8637457512496265,,EIF4G1
ENSG00000119431,7.777649316697093,0.045567200451526665,0.10384986812194667,0.43877956973444543,0.6608212652135772,0.8637457512496265,,HDHD3
ENSG00000159128,42.309316417564695,-0.021360722326083954,0.048738577681888565,-0.4382713518129947,0.6611895905756493,0.864024644258219,,IFNGR2
ENSG00000174780,55.647695813509024,-0.023061777084124675,0.05265310027316096,-0.43799466630609846,0.6613901498598787,0.8640842257775734,,SRP72
ENSG00000106263,11.146992776972008,-0.04200543384588194,0.09609930356060381,-0.43710445642711393,0.6620355955466007,0.8646677897910783,,EIF3B
ENSG00000125633,9.431512360732839,0.045058427605283176,0.1031201180546697,0.4369508923699563,0.6621469624117475,0.8646677897910783,,CCDC93
ENSG00000173039,10.675234613626062,0.03743252870139062,0.08578663371849743,0.4363445338608661,0.6625867753220258,0.8647591097726839,,RELA
ENSG00000075856,8.885038240545295,-0.04195530085207013,0.09620394605636037,-0.436107899643648,0.6627584459265994,0.8647591097726839,,SART3
ENSG00000185043,137.34521510207375,0.025806256558151504,0.05917810080848703,0.43607780928397927,0.6627802767961399,0.8647591097726839,,CIB1
ENSG00000034152,21.913953319249927,0.029396722946173282,0.06742973581845427,0.4359608203911714,0.6628651561789081,0.8647591097726839,,MAP2K3
ENSG00000112701,28.41922895050755,0.03122371978197622,0.07164927617675715,0.4357855577626215,0.6629923232206283,0.8647591097726839,,SENP6
ENSG00000169967,26.582903099086824,-0.03553738714010689,0.08180712857979044,-0.43440452876237495,0.663994709671937,0.8658640086835174,,MAP3K2
ENSG00000144711,20.654891843772816,0.038979002476710545,0.08997226729249883,0.43323352461475984,0.6648451260044687,0.8665815224520605,,IQSEC1
ENSG00000174851,20.242080038196537,0.02905447777249704,0.06708670145309778,0.43308848315951043,0.6649504892666118,0.8665815224520605,,YIF1A
ENSG00000196792,10.543511508021142,0.042502174709662444,0.09818235223584182,0.4328901655113012,0.6650945649582163,0.8665815224520605,,STRN3
ENSG00000175166,21.550933247053106,0.028300106761386914,0.06538977224520558,0.43279102816361165,0.6651665918390995,0.8665815224520605,,PSMD2
ENSG00000104164,25.259157245358473,0.030578165234923307,0.07068946243736332,0.43257034613918693,0.6653269364342712,0.8665879461708703,,BLOC1S6
ENSG00000141232,13.195870338888739,-0.041354378583038066,0.09567094377389787,-0.43225640880863647,0.6655550654577302,0.8666826354489265,,TOB1
ENSG00000221821,17.280137002778908,0.029345459362514797,0.06804328749988443,0.43127633071174937,0.6662674584930146,0.8674077395650361,,C6orf226
ENSG00000112977,13.93414005385296,0.03450604267071122,0.08009375114135135,0.4308206592773279,0.6665987766950502,0.8676056498906626,,DAP
ENSG00000172262,25.165349930813438,0.030171973843217296,0.07006321673669294,0.43063928903817905,0.6667306688991192,0.8676056498906626,,ZNF131
ENSG00000198730,17.752618517400876,-0.03417490109307959,0.07956740471332151,-0.42950880723344603,0.6675529858923235,0.8684730399756407,,CTR9
ENSG00000063854,16.973457294094136,-0.03616060709030018,0.0843470583346657,-0.4287121306213779,0.6681327315977363,0.8690245186351708,,HAGH
ENSG00000162441,11.86101998350013,0.04063879573470416,0.09501910291686942,0.4276907957156609,0.6688762519559093,0.8694430359300237,,LZIC
ENSG00000158669,7.057024641008499,0.04656653598784587,0.10895982313132803,0.4273734542659798,0.6691073391510636,0.8694430359300237,,GPAT4
ENSG00000121104,9.721951802511603,0.04195495041193973,0.09818695581960532,0.4272965798941945,0.6691633235797522,0.8694430359300237,,FAM117A
ENSG00000185650,138.24654666044924,0.020988538285743076,0.049138977624634574,0.42712606774344053,0.6692875070968816,0.8694430359300237,,ZFP36L1
ENSG00000085832,31.834515736473893,0.03229741600563679,0.07562923376037153,0.42704936173186653,0.6693433748179183,0.8694430359300237,,EPS15
ENSG00000065882,18.95147084062547,0.035958653309497865,0.08425085048710008,0.42680463285060377,0.669521631813695,0.8694430359300237,,TBC1D1
ENSG00000071054,19.45912305174156,-0.03256037853691544,0.07629469422255292,-0.42677120432433036,0.6695459821168439,0.8694430359300237,,MAP4K4
ENSG00000142765,37.96479470784715,0.02422491048707701,0.05681388434233248,0.4263906748764023,0.6698231952268043,0.8695543887442334,,SYTL1
ENSG00000010219,9.318405861569195,0.03904740161868234,0.09165739317892367,0.4260147519410487,0.6700970966930021,0.8695543887442334,,DYRK4
ENSG00000196655,19.762001134640904,0.026320353396318778,0.06181916684113105,0.42576363838677084,0.6702800851521769,0.8695543887442334,,TRAPPC4
ENSG00000104312,13.192693107663601,-0.04188382839678776,0.09841008145790872,-0.42560505769626883,0.6703956542518372,0.8695543887442334,,RIPK2
ENSG00000113716,7.409785529468525,-0.04993581203573118,0.11733497121177235,-0.42558336632310917,0.6704114629145372,0.8695543887442334,,HMGXB3
ENSG00000134453,54.75193865678864,0.018484781215117724,0.04347506919991018,0.42518117981870673,0.6707046026842599,0.8697322940854496,,RBM17
ENSG00000125356,180.446735591569,0.015532955710145699,0.03656341940060255,0.4248222941065988,0.6709662243383883,0.8698692552687406,,NDUFA1
ENSG00000138867,28.033031896962655,0.03270911491363466,0.07738787677543633,0.42266458619287056,0.6725399970595889,0.871643668843581,,GUCD1
ENSG00000134375,16.758739863740587,-0.037546033176610816,0.08886273176789479,-0.4225172063658729,0.6726475443030719,0.871643668843581,,TIMM17A
ENSG00000094916,16.95667299208684,0.03739011270686452,0.08861052312712395,0.42196018472008434,0.6730540792840196,0.8719678313400774,,CBX5
ENSG00000155959,22.63601950909561,0.030884777281873176,0.07326767830619893,0.421533450982302,0.6733655899896874,0.872168764177119,,VBP1
ENSG00000161547,95.94343491040613,-0.018829404734675956,0.04473921565821457,-0.42087024677686075,0.6738498326176086,0.8725932806957235,,SRSF2
ENSG00000090520,19.522023890042266,-0.027973627275466522,0.06664610832703122,-0.4197338445960033,0.6746798978303892,0.8734653146743092,,DNAJB11
ENSG00000149313,12.072826411311215,0.03416602726268648,0.08156445968496617,0.4188837564136271,0.6753010889375084,0.8738614472902079,,AASDHPPT
ENSG00000153113,96.51052989590171,-0.026307270320550413,0.06281505169698869,-0.4188052005027892,0.6753585038408554,0.8738614472902079,,CAST
ENSG00000142546,42.16948767238098,0.0245036798893776,0.0586120541199224,0.4180655371545617,0.6758992011920134,0.8738614472902079,,NOSIP
ENSG00000100221,13.58801739210632,-0.04811016014730116,0.11520439398744722,-0.41760698947423214,0.676234485665792,0.8738614472902079,,JOSD1
ENSG00000078177,7.897379329024462,0.04964828423568696,0.11892657657635103,0.41747005307777174,0.676334624342956,0.8738614472902079,,N4BP2
ENSG00000134440,21.595019211795453,0.032250512130726036,0.07728714373396521,0.41728171818248966,0.676472359001095,0.8738614472902079,,NARS1
ENSG00000101782,36.914553279405965,0.029863572318513717,0.07157082195242809,0.41725903802479075,0.6764889463749559,0.8738614472902079,,RIOK3
ENSG00000138363,14.24643677993421,0.03136664352256601,0.07520612575922164,0.4170756465103494,0.6766230774697655,0.8738614472902079,,ATIC
ENSG00000102158,10.830979171487945,0.03646811478699759,0.08750227146737131,0.4167676355761366,0.6768483773013088,0.8738614472902079,,MAGT1
ENSG00000147224,19.3549660792466,0.029810944775799143,0.07154594327638152,0.4166685546466227,0.67692085788013,0.8738614472902079,,PRPS1
ENSG00000132603,11.32862516115428,0.0404238190816838,0.0970859701848405,0.41637137688093867,0.6771382699953203,0.8738614472902079,,NIP7
ENSG00000104765,30.989697074661585,0.0253705558886575,0.06094643403307593,0.41627629722993764,0.6772078349454425,0.8738614472902079,,BNIP3L
ENSG00000135778,9.530409746273873,-0.03548228165414689,0.08525171348672264,-0.4162060820006041,0.6772592096289725,0.8738614472902079,,NTPCR
ENSG00000138138,9.882129868238525,0.041827865723677686,0.10055665125019732,0.41596319292301026,0.6774369369196953,0.8738614472902079,,ATAD1
ENSG00000015676,21.76321444733171,0.025492769538193485,0.06130712763485165,0.41582064796820534,0.6775412485667105,0.8738614472902079,,NUDCD3
ENSG00000149212,15.205022775632306,-0.044324567372165266,0.10660558956366083,-0.4157808943563537,0.6775703405953815,0.8738614472902079,,SESN3
ENSG00000134330,31.822817800937585,0.02573171879997812,0.06193037153566695,0.4154943392380377,0.677780058272802,0.8738614472902079,,IAH1
ENSG00000119820,26.837767243061133,0.028707135526664332,0.06913026743147006,0.4152614562806686,0.6779505139397445,0.8738614472902079,,YIPF4
ENSG00000074370,18.757579355061623,0.030742694782191285,0.07403531056500892,0.41524367963847114,0.6779635260002581,0.8738614472902079,,ATP2A3
ENSG00000007392,21.421291669929232,0.03122117042150046,0.07526508467222646,0.41481612034937854,0.6782765177084541,0.8738918541439125,,LUC7L
ENSG00000123096,9.526693548852855,-0.0769245619882879,0.1856044460893568,-0.4144543065054249,0.678541424305285,0.8738918541439125,,SSPN
ENSG00000124783,33.787128685799956,-0.024669260977069497,0.059527778184749774,-0.41441595385109525,0.6785695070170535,0.8738918541439125,,SSR1
ENSG00000239306,11.758613693068677,0.035317530035262536,0.08541973046100107,0.4134586920920686,0.6792705810111328,0.8738918541439125,,RBM14
ENSG00000131507,29.31547084612296,-0.024983652877267733,0.06043127194879698,-0.4134225885305909,0.6792970277691921,0.8738918541439125,,NDFIP1
ENSG00000177200,62.95993604812472,0.01961845072981929,0.0474714876464139,0.41326808369573625,0.6794102108681912,0.8738918541439125,,CHD9
ENSG00000198851,16.796264316455368,-0.03997655175304267,0.09676766094400104,-0.41311892178707205,0.6795194868431249,0.8738918541439125,,CD3E
ENSG00000079332,27.443176977993158,0.0377953755993471,0.09149429466933147,0.4130899717402375,0.6795406964201716,0.8738918541439125,,SAR1A
ENSG00000109920,61.41186973716192,0.025991129141532426,0.06296657226017369,0.4127766243037467,0.6797702793433581,0.8738918541439125,,FNBP4
ENSG00000121895,100.29747843272291,-0.041346111330858755,0.10019443062682021,-0.4126587782593892,0.679856630289376,0.8738918541439125,,TMEM156
ENSG00000105053,19.148215128916792,0.028010871966366317,0.06788221368100189,0.4126393416985116,0.6798708727102653,0.8738918541439125,,VRK3
ENSG00000196214,13.700637887778933,-0.0410040736765783,0.09939474389170379,-0.41253764606762877,0.6799453935158245,0.8738918541439125,,ZNF766
ENSG00000124226,24.370241091354238,0.02855249798179794,0.06925041791444482,0.41230795194727954,0.6801137209129259,0.8738918541439125,,RNF114
ENSG00000108840,12.587636113567385,0.037201546405280735,0.09024774264192693,0.41221581079190106,0.6801812494592144,0.8738918541439125,,HDAC5
ENSG00000129128,29.131249089775597,-0.026107150187250013,0.06346380711537032,-0.4113706910111782,0.6808007416848325,0.8744163875097314,,SPCS3
ENSG00000121210,16.342960708008082,-0.03780265502213511,0.09192559328535072,-0.41123101490125874,0.680903148236595,0.8744163875097314,,TMEM131L
ENSG00000091140,11.174594949591782,0.0365410160698196,0.08890533552119015,0.41101038374811855,0.6810649207075711,0.8744227487601696,,DLD
ENSG00000170310,24.21291157305342,-0.0246843414577319,0.06010624979491526,-0.4106784492786654,0.6813083312869299,0.8745338985395766,,STX8
ENSG00000104886,49.83970254893359,0.0213325328403835,0.0520444029748042,0.4098910088508659,0.6818859012406346,0.8750738286116867,,PLEKHJ1
ENSG00000176087,7.563241983477247,0.04076237494079249,0.09954248456210985,0.409497262602067,0.6821747752567844,0.875243107876629,,SLC35A4
ENSG00000148516,15.372105432868002,-0.03905912228121968,0.09544186590349225,-0.40924516627446295,0.6823597515212043,0.8752790371479722,,ZEB1
ENSG00000171475,10.320030241732777,0.04483986950268961,0.11004827595340018,0.40745635598759405,0.6836728428088034,0.8766625600493941,,WIPF2
ENSG00000146109,22.078257279641537,-0.030861013292930613,0.07576089883967191,-0.4073475072971331,0.6837527750456985,0.8766625600493941,,ABT1
ENSG00000166197,13.899846747223082,0.03575548594153134,0.08788028841943141,0.40686582377698893,0.6841065383373811,0.876914496038905,,NOLC1
ENSG00000126070,14.590526771334021,-0.033868154173931415,0.0834243196911642,-0.40597459229288174,0.684761269114142,0.8775520194393142,,AGO3
ENSG00000133321,45.60101788021058,0.022407454873269554,0.055235775002687025,0.405669240128875,0.6849856463394246,0.8776378593723878,,PLAAT4
ENSG00000230155,9.09764490479966,-0.03748407455740392,0.09256014044578048,-0.40496994037472533,0.6854996066924813,0.8777052470364358,,CEP250-AS1
ENSG00000102054,42.97926712540573,0.02166314219508664,0.053506830886242134,0.4048668522556201,0.6855753850962172,0.8777052470364358,,RBBP7
ENSG00000103194,14.057899961647527,-0.03447570126266393,0.08516321990196514,-0.40481913791364765,0.6856104602056141,0.8777052470364358,,USP10
ENSG00000170776,68.46130394501876,-0.02491387816523717,0.061602933713934875,-0.40442681319252716,0.6858988862283977,0.8777052470364358,,AKAP13
ENSG00000174165,11.073997735396285,0.03437855261970296,0.08502803553164505,0.40432020338642577,0.685977270647922,0.8777052470364358,,ZDHHC24
ENSG00000164329,19.171293232968434,0.033084410000027833,0.08182874018148441,0.40431283588933864,0.6859826876945458,0.8777052470364358,,TENT2
ENSG00000102103,30.262191368722647,0.020391289013722756,0.05051949157302694,0.4036321106725062,0.6864832692216586,0.8780171216774437,,PQBP1
ENSG00000155957,96.55652734665088,0.015602384105020885,0.03866252872062264,0.4035531203291044,0.6865413648697372,0.8780171216774437,,TMBIM4
ENSG00000166128,18.144762330156855,0.035337262666422994,0.08770302930485621,0.4029195222389694,0.687007429210143,0.8784117003613293,,RAB8B
ENSG00000179094,12.966552090420421,-0.0474362692658359,0.11790233610325494,-0.4023352787877994,0.687437294546347,0.8787514853461714,,PER1
ENSG00000071889,7.590940383935584,0.03947365010187252,0.09816141936949814,0.40212998503298164,0.6875883663137278,0.8787514853461714,,FAM3A
ENSG00000170759,42.39955988255321,-0.024555150650921755,0.061130795820631405,-0.4016821688853998,0.6879179489634761,0.8789712381806469,,KIF5B
ENSG00000100554,10.765562522181956,0.038848990218372396,0.09680995764389429,0.4012912634594316,0.6882056950662712,0.8791374468933626,,ATP6V1D
ENSG00000155868,9.243597959117109,0.03597666017757676,0.08970125984764928,0.40107196084737673,0.6883671438346921,0.8791422798951543,,MED7
ENSG00000141446,23.218413553492987,-0.031110561928397278,0.07763030009098225,-0.4007528232138209,0.6886021156879596,0.87924098856791,,ESCO1
ENSG00000106948,25.846248117964006,0.030020206335137488,0.07497656350378903,0.4003945357354286,0.6888659482541447,0.8793764943830381,,AKNA
ENSG00000170088,15.052523138945896,0.031820772283641795,0.07969466306608751,0.39928360393787143,0.6896842468999849,0.880168072736437,,TMEM192
ENSG00000143933,326.0897797727618,0.01863629589557368,0.04669298098396762,0.39912414034932975,0.6898017356273726,0.880168072736437,,CALM2
ENSG00000172932,9.83068400119523,-0.036476137302781084,0.09146325806812838,-0.3988064505160208,0.6900358237250221,0.8802653290072577,,ANKRD13D
ENSG00000187735,135.66015073714692,0.020371818123656984,0.051132606680288746,0.39841149212348237,0.690326888113775,0.8804352077132682,,TCEA1
ENSG00000187446,13.73662265331456,0.03623772784398295,0.09124403750429295,0.39715173544658183,0.6912555710207487,0.8808625435924645,,CHP1
ENSG00000127054,14.347245434694583,0.03128214592209675,0.07878572351841427,0.39705348285321385,0.691328021628111,0.8808625435924645,,INTS11
ENSG00000115165,75.36243403825917,0.03016709805708203,0.07607598954452431,0.3965390162874767,0.6917074309303158,0.8808625435924645,,CYTIP
ENSG00000143740,9.843113221293162,0.03511363557705514,0.08858846717322959,0.39636802280812095,0.6918335525116717,0.8808625435924645,,SNAP47
ENSG00000129534,69.03619629014607,-0.02317459940517141,0.058499536800244126,-0.3961501350737994,0.6919942748013572,0.8808625435924645,,MIS18BP1
ENSG00000143546,255.03479715320063,-0.03737099509536357,0.09436026358946446,-0.39604589552604985,0.6920711707677394,0.8808625435924645,,S100A8
ENSG00000180530,12.317219823621784,0.04847464722325422,0.12243839868763357,0.3959104965667133,0.692171057309098,0.8808625435924645,,NRIP1
ENSG00000067225,69.19599076107677,0.02049552592268351,0.05178695333170431,0.3957662037271464,0.6922775109389194,0.8808625435924645,,PKM
ENSG00000102030,36.15839920529625,-0.018544912012250413,0.046862610643019054,-0.39572938335677155,0.6923046765459031,0.8808625435924645,,NAA10
ENSG00000196705,13.295473535529984,0.03362986900689512,0.08498346859401315,0.3957224806574235,0.6923097693148785,0.8808625435924645,,ZNF431
ENSG00000180370,72.06448466650522,-0.022394848300192196,0.056648804526399456,-0.39532781825529534,0.6926009719283901,0.8808625435924645,,PAK2
ENSG00000181467,11.661618675928633,-0.03482124615719265,0.08816725797629232,-0.39494532274731603,0.6928832405275449,0.8808625435924645,,RAP2B
ENSG00000163866,14.50440208459339,0.03084701674277614,0.0781121644196946,0.39490669567208425,0.6929117483588565,0.8808625435924645,,SMIM12
ENSG00000204899,21.350986921937235,0.031506663486867974,0.07978931290818636,0.39487322723436313,0.6929364493271153,0.8808625435924645,,MZT1
ENSG00000120705,15.549366582919635,-0.03748140359543836,0.09495108033647444,-0.3947443616504096,0.6930315600323067,0.8808625435924645,,ETF1
ENSG00000169189,32.067716818496926,0.02552789053109395,0.06484190457431266,0.393694335456132,0.6938067239788743,0.8816092013008809,,NSMCE1
ENSG00000107938,9.367384238887917,0.04164835002551387,0.10593298118893114,0.39315753751170435,0.6942031297692682,0.8816092013008809,,EDRF1
ENSG00000172939,9.214853947658177,-0.040823907504847164,0.10389316238131262,-0.392941234717774,0.6943628851836525,0.8816092013008809,,OXSR1
ENSG00000075568,12.27015001418916,0.04082562357684698,0.10394026379914016,0.392779680218444,0.6944822138418445,0.8816092013008809,,TMEM131
ENSG00000069424,8.838355459068746,-0.037557086128808,0.09565088543640016,-0.39264755320827976,0.694579812165006,0.8816092013008809,,KCNAB2
ENSG00000054654,27.957873842083618,-0.04295246906488519,0.1095059017799715,-0.39223885075334947,0.6948817406562295,0.8816092013008809,,SYNE2
ENSG00000140455,29.625345657211067,-0.028366496325490775,0.07234947584871741,-0.3920760446807528,0.6950020269482692,0.8816092013008809,,USP3
ENSG00000003756,34.26393312988426,0.025761597372600427,0.06570697655004391,0.3920679161516405,0.6950080327647592,0.8816092013008809,,RBM5
ENSG00000177425,15.007439872532478,0.032634561597184204,0.08328081049912991,0.39186171942364995,0.6951603889555593,0.8816092013008809,,PAWR
ENSG00000185728,8.928292736296637,0.047728486047305174,0.1218160063386536,0.39180800193545984,0.6952000821592492,0.8816092013008809,,YTHDF3
ENSG00000176542,21.77665128476484,-0.0360585795283734,0.09246840647138917,-0.38995567139496834,0.6965693262363271,0.8831447392209548,,USF3
ENSG00000133983,70.94156901141298,0.016439180201608953,0.04223930794947763,0.38919151377365907,0.6971344806052714,0.8836603464094097,,COX16
ENSG00000130348,50.257961169903616,0.027251888721719787,0.07008280959246124,0.38885268556144265,0.6973851243974714,0.8837771485546138,,QRSL1
ENSG00000116984,9.719789047376958,-0.043787990827866795,0.11280639083786763,-0.3881694157807214,0.6978906648135332,0.8838425297045277,,MTR
ENSG00000076641,14.328541471005071,0.03858367746506436,0.09944387783613448,0.38799449804887215,0.6980201052212689,0.8838425297045277,,PAG1
ENSG00000171681,54.65179526686067,-0.03696455302289517,0.09532565869866744,-0.3877712834877259,0.6981852983957619,0.8838425297045277,,ATF7IP
ENSG00000167985,18.474260158734232,-0.02925678202834237,0.0754516796828243,-0.3877552116974586,0.6981971931092549,0.8838425297045277,,SDHAF2
ENSG00000147416,7.967360779786161,0.04032747437235013,0.1040140262343225,0.387711886870916,0.6982292581327914,0.8838425297045277,,ATP6V1B2
ENSG00000018280,7.678421603292122,0.04561048018516423,0.11779349096739156,0.38720713522099837,0.6986028682281968,0.8840716991593134,,SLC11A1
ENSG00000136451,10.492060522475253,-0.03865866256004075,0.09992724489944486,-0.3868680918696631,0.6988538643694158,0.8840716991593134,,VEZF1
ENSG00000111843,29.97197944062071,-0.025792209020295435,0.06668277541966909,-0.38678967481439946,0.698911921747565,0.8840716991593134,,TMEM14C
ENSG00000112406,14.22826349304989,-0.03715850713993354,0.09615165385761543,-0.38645728543535085,0.6991580313305166,0.8840716991593134,,HECA
ENSG00000187231,17.862040509370367,-0.03682808142747701,0.0953116349814399,-0.38639649225038025,0.6992030475775775,0.8840716991593134,,SESTD1
ENSG00000184207,7.736551888393089,0.039184275277067825,0.1015945123273615,0.3856928330027004,0.6997241713626416,0.8845300338966424,,PGP
ENSG00000163170,13.071774068409972,-0.0332968692364857,0.08638368635291441,-0.3854532104644587,0.6999016659821289,0.8845538734171239,,BOLA3
ENSG00000120029,9.964153373643873,0.03544549600494568,0.09212028519604556,0.38477405849875984,0.7004048204850859,0.8848492161367233,,ARMH3
ENSG00000106105,9.831484324585164,-0.03469180978178969,0.09019880589307556,-0.3846149562435941,0.700522711526992,0.8848492161367233,,GARS1
ENSG00000047365,20.77755228190343,0.03127926940130374,0.0813592382761174,0.3844587297529507,0.7006384787147266,0.8848492161367233,,ARAP2
ENSG00000156521,7.90138535683103,-0.03978556827075858,0.10356168990082529,-0.38417264442921695,0.7008504921129489,0.8848492161367233,,TYSND1
ENSG00000141873,13.938640950508605,-0.031858998189746676,0.08297622451057293,-0.3839533357617056,0.701013034146064,0.8848492161367233,,SLC39A3
ENSG00000082074,21.409715505395333,-0.029536686753460828,0.07694793482642927,-0.3838528846821745,0.7010874886822174,0.8848492161367233,,FYB1
ENSG00000258890,14.772763423900132,0.03762976997407707,0.098148532300037,0.38339615572695507,0.7014260532675713,0.8849335944315576,,CEP95
ENSG00000108349,11.601968634551985,0.034460858329349704,0.0899087609365163,0.38328698972597547,0.7015069847527495,0.8849335944315576,,CASC3
ENSG00000062716,19.26178621216098,-0.02601894387822358,0.0679487700968865,-0.382920012255171,0.7017790725926708,0.8849335944315576,,VMP1
ENSG00000079616,8.566546932664952,-0.03562224011202007,0.09303119337273419,-0.3829064082763914,0.7017891597159878,0.8849335944315576,,KIF22
ENSG00000141295,10.784609362220287,0.03371514056595334,0.08810314712300212,0.3826780502957871,0.7019584911916108,0.8849469922867785,,SCRN2
ENSG00000090581,13.833532350687463,-0.030214688841713473,0.0791230781715161,-0.38186948157169404,0.7025581780914485,0.8852160958372857,,GNPTG
ENSG00000048405,26.85908500795394,-0.029046453293583623,0.0763047749483009,-0.3806636388517441,0.7034528530296442,0.8852160958372857,,ZNF800
ENSG00000117625,11.48020169164591,-0.035369493109714045,0.09292721586574088,-0.3806150090713477,0.7034889425167996,0.8852160958372857,,RCOR3
ENSG00000050426,17.58885922910467,-0.025556405856495722,0.06715709023175528,-0.38054665215991373,0.7035396731756662,0.8852160958372857,,LETMD1
ENSG00000228474,365.5553105136817,0.010987488949875163,0.02887416781119157,0.38053006485667207,0.7035519835391089,0.8852160958372857,,OST4
ENSG00000100612,30.338821953090772,-0.021496417609489626,0.056504413152787224,-0.3804378527277787,0.7036204207227451,0.8852160958372857,,DHRS7
ENSG00000197157,19.935954718133345,-0.033105351023223845,0.08709287858196772,-0.38011547628508624,0.7038596980901859,0.8852160958372857,,SND1
ENSG00000186432,17.314766411425865,-0.033496386123547474,0.08813790664465815,-0.38004517464424736,0.7039118819505861,0.8852160958372857,,KPNA4
ENSG00000072506,34.59100616249904,0.018785687564433152,0.049437259880385484,0.3799904689273946,0.7039524901536304,0.8852160958372857,,HSD17B10
ENSG00000218739,31.409331778271415,-0.02137877352233373,0.05627158961050218,-0.3799212652479206,0.7040038614432924,0.8852160958372857,,CEBPZOS
ENSG00000205629,11.671719839295472,0.03150988615458874,0.08299070232168272,0.37967971439080406,0.70418318010904,0.8852160958372857,,LCMT1
ENSG00000038219,39.505895508488365,-0.03310321013305769,0.08723961839622067,-0.37945156961497856,0.7043525616851013,0.8852160958372857,,BOD1L1
ENSG00000185989,8.321044521419584,-0.03787689234956706,0.09982430359898241,-0.3794355781506616,0.7043644347815042,0.8852160958372857,,RASA3
ENSG00000165813,30.85082803873699,-0.024204158008064722,0.06382872865158848,-0.3792047643653382,0.7045358138727369,0.8852160958372857,,CCDC186
ENSG00000138698,14.046655438612941,0.031041576373214055,0.08190424741087128,0.3789983713237057,0.7046890732812985,0.8852160958372857,,RAP1GDS1
ENSG00000089682,9.313243829120848,-0.0373900448058918,0.09871444512842792,-0.3787697409152956,0.7048588592853128,0.8852160958372857,,RBM41
ENSG00000081087,8.19975556549179,-0.040754476481378865,0.107601529746548,-0.3787536903738705,0.7048707793252418,0.8852160958372857,,OSTM1
ENSG00000150681,13.930508772463105,-0.04727618291223908,0.12491753364922706,-0.3784591444543911,0.705089538649404,0.8852584755579748,,RGS18
ENSG00000134352,7.88914970706919,-0.04528045252651627,0.11975330614243923,-0.37811442527238404,0.7053455926386398,0.8852584755579748,,IL6ST
ENSG00000158019,13.245335014566338,0.028584328434047384,0.07560651253277782,0.37806701402415793,0.7053808118551079,0.8852584755579748,,BABAM2
ENSG00000153066,8.966422617520482,0.038604065109653724,0.1021697916231926,0.3778422613606523,0.705547776872825,0.8852687677414204,,TXNDC11
ENSG00000163956,37.9674767247458,-0.018597452579788457,0.049267717865187945,-0.37747745147597395,0.7058188182555536,0.8854096131817698,,LRPAP1
ENSG00000031823,8.270446977089287,-0.0360466334365249,0.09566749415921524,-0.37679081858811997,0.70632906444419,0.8858235977383381,,RANBP3
ENSG00000077420,47.50900668108195,-0.0242748929609714,0.06445703042491173,-0.3766058225293218,0.7064665601044458,0.8858235977383381,,APBB1IP
ENSG00000162819,19.348384395658123,0.02769463155874302,0.0737583425203583,0.37547795425444824,0.7073050390728786,0.8863239407754041,,BROX
ENSG00000147419,27.879129871136552,0.0231266279770444,0.061626432631863244,0.37527124302643866,0.707458750713967,0.8863239407754041,,CCDC25
ENSG00000155926,13.644740521913251,0.038955352225179235,0.10386530948516155,0.3750564304701224,0.7076184991830932,0.8863239407754041,,SLA
ENSG00000071859,18.00349202244995,0.02676201131412901,0.07138663284019062,0.37488827038585326,0.7077435628474877,0.8863239407754041,,FAM50A
ENSG00000183401,9.252029312498676,-0.0331101163559752,0.08832603492934746,-0.37486247834469405,0.7077627455475861,0.8863239407754041,,CCDC159
ENSG00000145354,15.058392210360878,-0.02875855082570804,0.07673317247765382,-0.37478641762248377,0.7078193164047479,0.8863239407754041,,CISD2
ENSG00000011114,9.703810233132385,-0.03605738089922093,0.0962960467442948,-0.3744430027846102,0.7080747544022138,0.8864447307020081,,BTBD7
ENSG00000099968,14.254150767842008,0.027773795548240676,0.07433424918598117,0.3736339016319625,0.7086767078935736,0.8868335051497188,,BCL2L13
ENSG00000128185,20.671730886237047,-0.024192830192086803,0.064756308485352,-0.3735980440818251,0.7087033893377236,0.8868335051497188,,DGCR6L
ENSG00000141101,19.211248945777115,-0.02648841894275358,0.07112863740838472,-0.3724016079581344,0.7095938569046396,0.8877485631815729,,NOB1
ENSG00000257315,10.053689463110754,0.03871712376070844,0.10415278673793384,0.3717339206499325,0.7100909669312888,0.8881712049369374,,ZBED6
ENSG00000139436,25.37256862335653,-0.022015039559730103,0.059265311041060226,-0.37146585705890633,0.710290581757032,0.8882216380078966,,GIT2
ENSG00000243927,29.01915824319942,-0.029255293924296464,0.0788383668879154,-0.3710794005396985,0.7105783934212189,0.8883144844157665,,MRPS6
ENSG00000168438,61.76722625744745,0.01908421081985717,0.05144847051491966,0.3709383511084726,0.7106834496016382,0.8883144844157665,,CDC40
ENSG00000105427,21.991333651927008,-0.030436133451707724,0.0821379686376257,-0.3705488942146247,0.7109735527122842,0.8883159988233417,,CNFN
ENSG00000110934,47.95778725062355,-0.020526163563222018,0.05542682556295057,-0.3703290483397718,0.711137332515428,0.8883159988233417,,BIN2
ENSG00000100764,29.291431915137576,0.02147872742139524,0.058046578940844785,0.37002572439771503,0.7113633233278551,0.8883159988233417,,PSMC1
ENSG00000131188,19.259932692266194,0.04327579585604173,0.11699376718874008,0.36989830224226466,0.711458266481876,0.8883159988233417,,PRR7
ENSG00000100784,16.44116205568791,-0.027070763676034722,0.07319043521562643,-0.3698675051771657,0.7114812142656105,0.8883159988233417,,RPS6KA5
ENSG00000113240,23.685522911452708,-0.024932550070278694,0.06745313998725683,-0.36962771599645206,0.7116598970574454,0.8883401804325756,,CLK4
ENSG00000164114,9.092663958675606,0.03860224519892093,0.10476856696937162,0.36845254560183144,0.7125358231527983,0.8890796659867443,,MAP9
ENSG00000140853,12.405138087956887,-0.03579271299990774,0.09726095270054029,-0.3680070162391994,0.7128680025608153,0.8890796659867443,,NLRC5
ENSG00000124802,19.616922035905404,-0.024124271910144327,0.06564333900197737,-0.3675052530374427,0.7132421742109688,0.8890796659867443,,EEF1E1
ENSG00000099991,7.675463572012122,0.037693532219231975,0.10267413014798374,0.3671181062347883,0.713530922016836,0.8890796659867443,,CABIN1
ENSG00000155366,18.670100156556575,0.03138914883806133,0.08551695740198381,0.36705174963735515,0.7135804172400743,0.8890796659867443,,RHOC
ENSG00000125637,8.647427372580285,0.0395112671568055,0.10774535880467731,0.36670969028403555,0.7138355775927429,0.8890796659867443,,PSD4
ENSG00000170542,15.960700406762333,0.031275498634673625,0.08529173069184082,0.3666885216302159,0.7138513694749596,0.8890796659867443,,SERPINB9
ENSG00000152700,10.500073634208913,-0.032764038871164365,0.08937540876449435,-0.36658896808514896,0.713925638375883,0.8890796659867443,,SAR1B
ENSG00000181061,22.425916094538927,0.025715411205899128,0.07015207364470769,0.36656665825927603,0.7139422823161841,0.8890796659867443,,HIGD1A
ENSG00000154146,14.932030589723436,0.03748446524278436,0.10230775295490686,0.36638929269911735,0.7140746083072493,0.8890796659867443,,NRGN
ENSG00000161203,64.23049110380026,-0.018185373319852635,0.049650937819678435,-0.3662644477310381,0.7141677557525532,0.8890796659867443,,AP2M1
ENSG00000109111,10.76855065094543,0.03636311863746084,0.09941127978269225,0.36578463446953585,0.7145257864201371,0.8890796659867443,,SUPT6H
ENSG00000272831,16.340634789062015,-0.029030006803138952,0.07941959667584887,-0.3655269986024348,0.7147180570244177,0.8890796659867443,,ENSG00000272831
ENSG00000131370,54.91242334384765,0.024262035703986464,0.06639005914372616,0.3654468156363921,0.7147779003200558,0.8890796659867443,,SH3BP5
ENSG00000269293,22.99093476670077,0.024138174593145195,0.06605488698162164,0.3654260221482345,0.7147934194992682,0.8890796659867443,,ZSCAN16-AS1
ENSG00000198931,175.55236780287163,-0.01236626012015746,0.033841913387186666,-0.36541255746017054,0.7148034689057702,0.8890796659867443,,APRT
ENSG00000167552,150.67579924212112,0.03156858448272125,0.08644436533829869,0.3651896148369888,0.7149698699239095,0.8890883128224174,,TUBA1A
ENSG00000071127,29.23802932550922,-0.023439654274090324,0.06424309977707482,-0.3648587063112851,0.7152168800431299,0.8891744682327906,,WDR1
ENSG00000123416,105.34710087858467,0.018922664636466278,0.05188989316985538,0.3646695624237497,0.715358081867342,0.8891744682327906,,TUBA1B
ENSG00000134597,16.405906882478785,0.02585765692398266,0.07098205499703303,0.3642844226623684,0.7156456308407262,0.889333638860684,,RBMX2
ENSG00000165898,20.246477109241496,-0.025944526224149233,0.07136317866107837,-0.3635562023850744,0.7161894371924469,0.8898111189360703,,ISCA2
ENSG00000165487,22.570709781587965,-0.024643625755591172,0.0678816185181492,-0.3630382759509825,0.7165762919846624,0.8898988884516478,,MICU2
ENSG00000147535,129.58872452967861,0.03113012349930767,0.08578063180698102,0.3629038728620583,0.7166766935760058,0.8898988884516478,,PLPP5
ENSG00000141562,18.384174583392948,0.022997694302621573,0.06338584711171547,0.36282065083217857,0.7167388644254573,0.8898988884516478,,NARF
ENSG00000176393,9.543715355486134,0.030340194597093965,0.0837044150362257,0.36246827104595736,0.7170021298316704,0.8900237023599123,,RNPEP
ENSG00000130748,58.978689759460345,-0.015928422939415324,0.043998527620905885,-0.3620217266508468,0.7173357945812299,0.8900237023599123,,TMEM160
ENSG00000196670,8.359710984775559,-0.03421709791740233,0.09456905629800187,-0.3618212897205922,0.7174855816421717,0.8900237023599123,,ZFP62
ENSG00000147654,20.670476745291044,-0.02392291550526045,0.06612288678714418,-0.3617947834351301,0.717505390674498,0.8900237023599123,,EBAG9
ENSG00000172757,496.1632226030502,0.008728832271435068,0.024138265010036474,0.3616180478508168,0.7176374759343913,0.8900237023599123,,CFL1
ENSG00000154930,12.78297742113063,-0.033102694102284225,0.09163894702680765,-0.3612295336894313,0.7179278658870898,0.890185852832202,,ACSS1
ENSG00000150477,8.277956568975961,-0.03644632663066956,0.10110865762546045,-0.36046692228551463,0.7184979885328959,0.8903752876105001,,KIAA1328
ENSG00000131504,15.661738748274908,0.029695440382010836,0.08239268761479257,0.36041354204689635,0.7185379010777129,0.8903752876105001,,DIAPH1
ENSG00000074266,12.092318267938625,0.030314890967319638,0.08412249459940507,0.3603660484829943,0.7185734127858955,0.8903752876105001,,EED
ENSG00000146414,19.262726738505652,0.028179889591448983,0.07825371509027376,0.36010928757747235,0.7187654076033796,0.8903752876105001,,SHPRH
ENSG00000196428,10.4964403966486,0.03902081641085871,0.10840400552188592,0.35995733020197956,0.718879043189109,0.8903752876105001,,TSC22D2
ENSG00000130813,25.926419681424516,0.02445772217656237,0.06798841590725208,0.35973366712833726,0.7190463124806794,0.8903846854080097,,SHFL
ENSG00000109445,10.820237274863011,-0.031021739036694872,0.08637353481025084,-0.35915791920343176,0.719476954830472,0.8903864530340226,,ZNF330
ENSG00000185404,47.34834979990831,0.023172485835940476,0.06453333841753703,0.35907774809374066,0.7195369275065374,0.8903864530340226,,SP140L
ENSG00000136146,47.80144500571528,-0.02167997064986446,0.06038639859437786,-0.3590207588879613,0.7195795598133454,0.8903864530340226,,MED4
ENSG00000105171,12.206065048491585,0.028800030946046426,0.0802502317881334,0.3588778537373033,0.7196864676872919,0.8903864530340226,,POP4
ENSG00000057757,23.663792791365022,0.022228280091628555,0.06213683792614852,0.3577311114229457,0.7205445482404027,0.8910671016558541,,PITHD1
ENSG00000206573,60.71050107156086,-0.02084162801910252,0.058340125722305375,-0.3572434539875198,0.7209095576901006,0.8910671016558541,,THUMPD3-AS1
ENSG00000152894,8.224193214517294,0.03935657316309539,0.11024179953467476,0.3570022743570728,0.7210901030929704,0.8910671016558541,,PTPRK
ENSG00000167895,19.571601886696282,0.027473197591260726,0.0769773156497697,0.3568999173244478,0.7211667315589189,0.8910671016558541,,TMC8
ENSG00000156858,10.608913906962878,-0.03162363961569271,0.08862444357425207,-0.3568275110150342,0.7212209394361424,0.8910671016558541,,PRR14
ENSG00000145365,21.54314178565046,-0.035890519885592755,0.10071021107700623,-0.3563741898837817,0.7215603557199796,0.8910671016558541,,TIFA
ENSG00000169919,11.361863821923519,-0.02920344566787076,0.08194668631480344,-0.3563712821246225,0.7215625330309596,0.8910671016558541,,GUSB
ENSG00000166770,9.599687259375457,0.04382507897892478,0.12303966976415819,0.35618657838507256,0.721700842602064,0.8910671016558541,,ZNF667-AS1
ENSG00000268027,27.70542565577973,0.025327154392508107,0.07123077212359048,0.3555647880464314,0.7221665175444095,0.8910671016558541,,ENSG00000268027
ENSG00000151746,8.004680866708018,-0.04341746177766629,0.12213012808270945,-0.355501647785573,0.7222138106879079,0.8910671016558541,,BICD1
ENSG00000010256,25.70863849714297,0.020955422120799778,0.058950907101958196,0.35547242868640594,0.7222356966560347,0.8910671016558541,,UQCRC1
ENSG00000111145,7.392186551691216,-0.04365120200805483,0.12287085038810173,-0.35526084396891106,0.7223941866396454,0.8910671016558541,,ELK3
ENSG00000198089,8.617105686770804,-0.036101664400722086,0.10163673601688378,-0.3552029100454871,0.7224375847939999,0.8910671016558541,,SFI1
ENSG00000240344,22.1751121436778,0.026748251609680324,0.07531441923212494,0.3551544562434999,0.7224738820993752,0.8910671016558541,,PPIL3
ENSG00000143033,29.52833430376914,-0.02141065877807388,0.060349039368132976,-0.3547804406208937,0.7227540825566205,0.8912155604457577,,MTF2
ENSG00000167515,30.09476277592098,-0.020850945958536083,0.058886574504223625,-0.35408658313178926,0.7232739966874676,0.8915243924174128,,TRAPPC2L
ENSG00000198231,14.376735153962153,-0.03052343175635522,0.08623167965122251,-0.35397004766475626,0.7233613303764614,0.8915243924174128,,DDX42
ENSG00000104880,9.303527576019684,0.03623237539162934,0.10248838061860464,0.3535266649051932,0.7236936419836077,0.8915243924174128,,ARHGEF18
ENSG00000156170,10.538945178381677,0.031247743783754604,0.0884280045920752,0.3533693192320997,0.7238115837537652,0.8915243924174128,,NDUFAF6
ENSG00000176108,10.426207075605026,-0.030303376399315744,0.08578359944432924,-0.35325372909983394,0.7238982309555113,0.8915243924174128,,CHMP6
ENSG00000076944,32.8511986248894,0.02106660801085091,0.059653101664955265,0.35315193045908333,0.723974542885268,0.8915243924174128,,STXBP2
ENSG00000143702,12.422681097159455,0.035130673375747636,0.09953359743870491,0.3529529151941074,0.724123739823971,0.8915243924174128,,CEP170
ENSG00000072958,10.100412242109996,0.03199781939710054,0.09130569623035305,0.3504471321961553,0.7260031598350294,0.8936147165733668,,AP1M1
ENSG00000151694,23.03547435457687,0.02591196559463594,0.07397881094273141,0.3502619907569879,0.7261420876603165,0.8936147165733668,,ADAM17
ENSG00000107949,19.18813266907752,-0.023063478935091843,0.06591089926663868,-0.34991904513075883,0.7263994535758642,0.8936356259286126,,BCCIP
ENSG00000175756,61.20726114902738,0.014481292824327098,0.04140518827780834,0.3497458513451209,0.7265294397888835,0.8936356259286126,,AURKAIP1
ENSG00000100450,10.604836645428003,-0.03587268355411585,0.10270392090082885,-0.34928251267792004,0.7268772256007427,0.8936356259286126,,GZMH
ENSG00000177830,10.009176173868584,-0.031830996990685326,0.0911375229287312,-0.3492633546292114,0.7268916070018456,0.8936356259286126,,CHID1
ENSG00000021776,9.462402338732192,-0.03565437834629943,0.10213423060453594,-0.34909332684311584,0.7270192462308236,0.8936356259286126,,AQR
ENSG00000198625,114.5723391293239,-0.02593736942931968,0.07432800544679552,-0.3489582328142226,0.7271206662191741,0.8936356259286126,,MDM4
ENSG00000058600,9.02142231943119,-0.03452436586072264,0.09902089480211464,-0.3486573811488659,0.7273465436561934,0.8937162466784783,,POLR3E
ENSG00000157873,53.30031857164474,0.016839661688617096,0.04837385538531976,0.34811493842038294,0.727753865925518,0.8939486421696509,,TNFRSF14
ENSG00000163156,25.916855785002824,0.021269139563213676,0.06113841768587082,0.34788501842645836,0.7279265369253511,0.8939486421696509,,SCNM1
ENSG00000163961,14.210762558827026,0.031429928879914824,0.09037690520286813,0.34776504915016043,0.7280166399017907,0.8939486421696509,,RNF168
ENSG00000186660,11.663867577222092,-0.03263785908942937,0.09408794146321312,-0.3468867378949964,0.7286764103814786,0.8945617931059279,,ZFP91
ENSG00000136051,34.29412652284652,0.025372598322593767,0.07329680259207072,0.34616241671282105,0.7292206577704299,0.8947092707340779,,WASHC4
ENSG00000061794,21.932088054493086,-0.02340763371658734,0.06767155999677281,-0.3459006075477442,0.729417412042833,0.8947092707340779,,MRPS35
ENSG00000233276,145.7456394941395,-0.013413128860955777,0.0387864067443137,-0.34582035271731415,0.7294777285528207,0.8947092707340779,,GPX1
ENSG00000173327,8.567815781963317,0.03513802169637157,0.10164381228104975,0.34569759740232237,0.7295699900658339,0.8947092707340779,,MAP3K11
ENSG00000144895,45.23652935215848,-0.02064215903557865,0.059718234429273515,-0.3456592317715942,0.7295988260451671,0.8947092707340779,,EIF2A
ENSG00000092108,25.42116725190399,0.020971438514976452,0.06076189696050938,0.3451412737921315,0.7299881656910933,0.8949784155012035,,SCFD1
ENSG00000197694,16.56088732178631,0.030901415895404266,0.08962474978188617,0.344786635060148,0.7302547813636333,0.8949784155012035,,SPTAN1
ENSG00000124789,7.776173584271902,0.037121103084671786,0.10776090722812236,0.3444765271518083,0.7304879456994301,0.8949784155012035,,NUP153
ENSG00000043143,13.568076928804668,0.028629756060802886,0.08313695261110392,0.3443686009845283,0.7305690992099487,0.8949784155012035,,JADE2
ENSG00000134516,30.52695269500245,0.025695216711996136,0.07463035480828563,0.3442998063991972,0.7306208298711403,0.8949784155012035,,DOCK2
ENSG00000140264,779.6174949595894,0.008512391306809636,0.024750730352581525,0.34392485334970263,0.730902800471424,0.8951271722883066,,SERF2
ENSG00000084234,61.45544648137574,0.02880452867386896,0.08387448552370047,0.3434242069446691,0.7312793511416051,0.8952667374525206,,APLP2
ENSG00000198171,15.617098724994289,-0.024986178696582886,0.07280218237178415,-0.3432064518201414,0.731443151291638,0.8952667374525206,,DDRGK1
ENSG00000165609,18.174763470226065,0.0252997848918925,0.07374250566611393,0.3430827941546097,0.7315361747327613,0.8952667374525206,,NUDT5
ENSG00000188612,232.02121302135893,0.011593077330618927,0.033806989319627556,0.342919543086561,0.7316589889833458,0.8952667374525206,,SUMO2
ENSG00000114395,13.867315635096146,0.026093079270292308,0.07631114012807583,0.34193014580177045,0.7324034624250256,0.8957886541414947,,CYB561D2
ENSG00000100596,10.943748899666835,-0.030802512281085298,0.0901113888401634,-0.3418270728877765,0.7324810342899346,0.8957886541414947,,SPTLC2
ENSG00000141510,11.755799528334247,0.031101042310708066,0.09101530758049736,0.3417122145437033,0.7325674789966312,0.8957886541414947,,TP53
ENSG00000107372,36.326326643611836,0.022049813564412612,0.06463909787522172,0.341121926035806,0.733011795538433,0.8959309599524539,,ZFAND5
ENSG00000160256,13.980341116837899,-0.027732740268941642,0.08131257852880672,-0.34106334801714255,0.7330558927288824,0.8959309599524539,,SLX9
ENSG00000083750,8.659255457122534,-0.03346086623632611,0.09814952750103548,-0.3409172421739177,0.7331658841935164,0.8959309599524539,,RRAGB
ENSG00000166170,15.496388763365703,0.029774567691361595,0.0874289690666445,0.3405572318788905,0.7334369306787976,0.8960658031255423,,BAG5
ENSG00000172172,16.933509423508298,0.02465695986301321,0.07260068237068748,0.33962435417781217,0.734139435210788,0.8963106073800158,,MRPL13
ENSG00000102977,9.780403849806099,0.029964362799527827,0.08826737850477935,0.339472671638315,0.7342536809609104,0.8963106073800158,,ACD
ENSG00000129235,18.937684180858955,0.022044264317733372,0.06495531163790141,0.3393758533654782,0.7343266065779834,0.8963106073800158,,TXNDC17
ENSG00000085719,30.564524509291523,0.01966215059478312,0.05793926627095142,0.33935794945751646,0.7343400924512296,0.8963106073800158,,CPNE3
ENSG00000145736,10.10965610697187,-0.0436052245549274,0.12855802565389302,-0.3391871050689782,0.7344687827658181,0.8963106073800158,,GTF2H2
ENSG00000147601,29.459010204624228,0.01998750310728787,0.05895834867835302,0.3390105651759277,0.7346017711131048,0.8963106073800158,,TERF1
ENSG00000198771,117.4897574311524,-0.02270907259384293,0.06712211116805897,-0.3383247665882323,0.7351184619580005,0.8965668455251394,,RCSD1
ENSG00000163466,331.2250913579831,-0.009450427134251267,0.027934636767929736,-0.3383049943610077,0.7351333604269974,0.8965668455251394,,ARPC2
ENSG00000174891,40.30633071046746,-0.020616908619940567,0.061027988197678004,-0.3378271057069681,0.7354934821435533,0.8967579414059309,,RSRC1
ENSG00000171476,29.875635087997654,-0.043746814939106864,0.12955678542920152,-0.3376651774291902,0.7356155193447078,0.8967579414059309,,HOPX
ENSG00000167770,31.152861746054015,0.01839221594506185,0.054502420059101345,0.3374568675137305,0.7357725218673123,0.8967579414059309,,OTUB1
ENSG00000170242,18.403395813772924,-0.027954382585214564,0.08292879890664735,-0.3370889600931362,0.7360498394799126,0.8968998918138097,,USP47
ENSG00000108639,80.0160441044692,0.01634970477336736,0.04872880781608436,0.335524415763988,0.7372295299385057,0.898141109665088,,SYNGR2
ENSG00000136573,78.59990290928,-0.020694296746626522,0.06179913114268153,-0.3348638785689014,0.7377277712440617,0.8984686869578595,,BLK
ENSG00000075413,20.49701202328882,-0.02459742540534272,0.07353875146794638,-0.3344824995575849,0.7380154945373969,0.8984686869578595,,MARK3
ENSG00000143774,102.86246922416382,0.011460729543945005,0.03427048365578221,0.33441983658760877,0.7380627727958645,0.8984686869578595,,GUK1
ENSG00000108883,8.824212094412605,0.03150676732987114,0.09424315729891565,0.33431358024158275,0.7381429438583131,0.8984686869578595,,EFTUD2
ENSG00000160087,22.315841295545347,0.021481389531422777,0.06436137793806757,0.33376211354724994,0.7385590745777566,0.8987730439412034,,UBE2J2
ENSG00000158869,51.37652449027363,0.020133898296808884,0.060389776004403296,0.33339912198615923,0.7388330258397178,0.8987730439412034,,FCER1G
ENSG00000243279,10.435642944913829,-0.026947184147402284,0.08083958211381455,-0.33334145777081303,0.738876548318952,0.8987730439412034,,PRAF2
ENSG00000128908,13.739648064532691,-0.03389277297524741,0.10188523891733046,-0.3326563625448036,0.7393936928215387,0.8988072937020583,,INO80
ENSG00000090487,41.636498114592456,-0.015467392354994251,0.0465186549720508,-0.33249870109716895,0.7395127203427065,0.8988072937020583,,SPG21
ENSG00000177963,10.777283776313881,0.029209232484862218,0.08785330372903064,0.3324773371637041,0.7395288496614201,0.8988072937020583,,RIC8A
ENSG00000256053,18.048220340441897,0.023591686337542148,0.07100322914733066,0.33226216076158654,0.7396913096889881,0.8988072937020583,,COA8
ENSG00000114686,16.638643316157786,0.02330028131316453,0.07013160667889871,0.33223652524953706,0.7397106654947535,0.8988072937020583,,MRPL3
ENSG00000101391,8.855840845308617,-0.03046783893102436,0.09194702769323768,-0.3313629564261069,0.7403703422840848,0.8992656098138114,,CDK5RAP1
ENSG00000121774,66.42151212213638,-0.014764751660748403,0.044564774812566134,-0.33130991288180184,0.7404104043499298,0.8992656098138114,,KHDRBS1
ENSG00000163159,8.848648102666314,0.03231774359498545,0.09773525108397783,0.3306661950171573,0.74089663962789,0.8996602052624377,,VPS72
ENSG00000184260,18.588072260382223,-0.04062120234838098,0.12302312316117518,-0.33019160385940033,0.7412551905611124,0.8998996173674642,,H2AC20
ENSG00000104365,11.812512665557172,0.029203226427225802,0.08856330614709539,0.3297440858714327,0.7415933393437943,0.8999412544596691,,IKBKB
ENSG00000120742,196.69726520315177,0.010261375047575235,0.031121574202020042,0.32971902323980734,0.741612278379157,0.8999412544596691,,SERP1
ENSG00000116580,27.074064169036124,-0.021640652353590962,0.06580889061412648,-0.32884086255885914,0.7422759752750143,0.9005506610386161,,GON4L
ENSG00000221823,11.725607975504598,0.030329823736668288,0.09235279820281563,0.32841261257792187,0.7425997079075535,0.9007474377403781,,PPP3R1
ENSG00000033178,21.672336561873937,0.026287236985969163,0.08011929290065242,0.32810121051074703,0.7428351387579538,0.9007874328314142,,UBA6
ENSG00000077254,17.524800761147553,0.025977264895823422,0.0792130681357469,0.3279416579510133,0.7429557753930549,0.9007874328314142,,USP33
ENSG00000132646,7.553139587446621,0.036994685602547386,0.11292812031934883,0.3275949825245502,0.7432179161445092,0.9007941610253427,,PCNA
ENSG00000095209,13.991895629405153,-0.0277834880155863,0.08485462736401993,-0.3274245480614421,0.74334680212809,0.9007941610253427,,TMEM38B
ENSG00000133935,13.54100700981948,0.028789133350046223,0.08796123523174171,0.32729341822222807,0.7434459700571426,0.9007941610253427,,ERG28
ENSG00000154518,96.56669369238135,0.014294799213952712,0.04381221829719286,0.3262742625124875,0.7442168592137691,0.9015305396824143,,ATP5MC3
ENSG00000133961,25.236273799754592,-0.021456568937054048,0.06593323868292664,-0.3254287119162889,0.7448566281238596,0.9015305396824143,,NUMB
ENSG00000086189,9.740346259614268,-0.02817135204242918,0.08661932908344501,-0.3252317045227886,0.7450057151244629,0.9015305396824143,,DIMT1
ENSG00000164040,9.954528284988866,-0.029067653909042493,0.08940459432546137,-0.3251248342252627,0.745086594117134,0.9015305396824143,,PGRMC2
ENSG00000135974,13.996949417993674,-0.029242557327042146,0.08995041066356788,-0.3250964293694559,0.7451080912655719,0.9015305396824143,,C2orf49
ENSG00000198624,34.70779219826204,0.021667990492049365,0.06666374456499663,0.32503410412121747,0.7451552604848422,0.9015305396824143,,CCDC69
ENSG00000162601,14.615104809774358,-0.03229266670605598,0.09937039330075582,-0.324972717057872,0.7452017205977252,0.9015305396824143,,MYSM1
ENSG00000120306,7.626722349020081,-0.03420301751544381,0.1053612244471478,-0.32462623412848646,0.7454639697054225,0.9015305396824143,,CYSTM1
ENSG00000167604,57.08411225178017,0.04503556721304782,0.13875586323644176,0.3245669491912327,0.7455088447768314,0.9015305396824143,,NFKBID
ENSG00000065135,22.01284943732159,-0.02245102967853104,0.06925792277834766,-0.3241655073944837,0.7458127343759601,0.9017024733044998,,GNAI3
ENSG00000135336,10.148970477201813,0.028652258652310546,0.08849035478380804,0.32378962342631873,0.7460973126690493,0.9017743467856265,,ORC3
ENSG00000100023,9.646623476864622,-0.0355404762921585,0.10980813633286268,-0.3236597712980415,0.746195630571894,0.9017743467856265,,PPIL2
ENSG00000148399,7.735672095714487,-0.03110550068367807,0.0963363744050691,-0.32288427788332186,0.746782883561802,0.9022884851008902,,DPH7
ENSG00000066923,35.739366549868265,-0.04285960526638344,0.13312392393052672,-0.32195268890023515,0.7474885364719224,0.9028333223925173,,STAG3
ENSG00000221978,19.493369723997414,-0.025365017093231915,0.07880725090910218,-0.32186146326165377,0.7475576487600883,0.9028333223925173,,CCNL2
ENSG00000064490,20.357058797008403,0.020736048078987705,0.06448425485481254,0.3215676156245472,0.7477802806998511,0.9029066360290969,,RFXANK
ENSG00000131748,10.28590291963372,-0.02856466801663235,0.08903104698253655,-0.3208394036097914,0.7483320968972502,0.9029133863825917,,STARD3
ENSG00000135164,20.470857028824653,-0.02522417118941912,0.0786449751687332,-0.32073468311612446,0.7484114614094807,0.9029133863825917,,DMTF1
ENSG00000107902,18.8890783449225,0.025729100961047528,0.08024699906387489,0.32062383965994434,0.7484954692348587,0.9029133863825917,,LHPP
ENSG00000146909,12.440841778522099,-0.0313634040708827,0.09782134770987157,-0.3206192186587273,0.7484989715385872,0.9029133863825917,,NOM1
ENSG00000048052,26.960968410735305,-0.026817842512727216,0.08367714562878285,-0.3204918417234173,0.7485955138534293,0.9029133863825917,,HDAC9
ENSG00000178252,9.776468135550395,-0.02960164013834935,0.09251191110700044,-0.3199765282560396,0.7489861236351059,0.9029828408983538,,WDR6
ENSG00000138757,57.58061107916879,-0.020991943292757814,0.06560948283395278,-0.31995288464451244,0.7490040471385546,0.9029828408983538,,G3BP2
ENSG00000110108,21.26671215710879,0.025229914868810887,0.07889896640347578,0.3197749732206811,0.7491389207309513,0.9029828408983538,,TMEM109
ENSG00000240857,16.71595759066254,-0.02534394930322856,0.07935284949550352,-0.3193829769738094,0.7494361178283732,0.9031458381264337,,RDH14
ENSG00000153774,30.673632307348253,0.018461437297238863,0.05792154623799195,0.3187317759333162,0.7499299166740354,0.9033902740096003,,CFDP1
ENSG00000033627,11.227489623252358,0.034068604434453226,0.10696877322471672,0.3184911204214986,0.7501124291472548,0.9033902740096003,,ATP6V0A1
ENSG00000130731,38.355784274146885,-0.016915992247253365,0.053115679385134174,-0.3184745529582316,0.7501249943802815,0.9033902740096003,,METTL26
ENSG00000151657,17.54381629171379,0.024942550853947455,0.07840574449629761,0.3181214720195057,0.7503927967144041,0.9035176494233463,,KIN
ENSG00000084623,59.492162025949135,0.013600312317872258,0.042819574149560384,0.31761904661566764,0.7507739246340432,0.9037813911397722,,EIF3I
ENSG00000163162,14.158996547328284,-0.024985260593279265,0.0789105960348729,-0.31662744737395654,0.7515263065553186,0.9044918379780826,,RNF149
ENSG00000108055,45.48250195661726,-0.02139511359714073,0.06781396658516754,-0.31549715603600054,0.7523842100446272,0.9053031698911953,,SMC3
ENSG00000163545,13.601268635577997,0.03224788122792955,0.10233502663295395,0.31512066092085306,0.7526700419403829,0.9053031698911953,,NUAK2
ENSG00000112031,11.660120173476798,-0.026661478201518474,0.08461337840666862,-0.3150976678106167,0.7526874992136983,0.9053031698911953,,MTRF1L
ENSG00000169660,10.659870391749001,0.029942322747817548,0.09515748021738388,0.3146607358603378,0.7530192591576844,0.9053960948787179,,HEXD
ENSG00000100258,8.96634169720426,0.030882320475491644,0.09817368006405405,0.31456822699670905,0.7530895064647585,0.9053960948787179,,LMF2
ENSG00000113593,12.341973233387893,-0.026521659327465925,0.08455473838807928,-0.3136626028660862,0.7537773068944318,0.906027648899192,,PPWD1
ENSG00000188735,8.00524956390707,-0.04080908782309313,0.130203646585098,-0.3134250759745141,0.7539577354021797,0.9060492096126194,,TMEM120B
ENSG00000130755,238.26384909429632,-0.009995542755978023,0.03194508250563483,-0.31289769729706907,0.7543583870949983,0.9063353515280564,,GMFG
ENSG00000066044,25.37469864789177,-0.0180421153029769,0.0577238419391795,-0.3125591557468906,0.7546156133176352,0.9064490865702571,,ELAVL1
ENSG00000168071,11.736761834297585,0.030148542768365358,0.09673993606079684,0.31164526250480784,0.7553101315977679,0.9070879374949719,,CCDC88B
ENSG00000120802,31.84031920195749,-0.02365020574135982,0.07600419991216456,-0.31116972178763214,0.7556715997122416,0.9071439423558303,,TMPO
ENSG00000155463,45.39267594038301,0.014981611078571782,0.048148253596142485,0.31115585633145515,0.7556821399287718,0.9071439423558303,,OXA1L
ENSG00000166004,10.241655020278701,-0.035632597353287915,0.11473120349226455,-0.31057459756961714,0.7561240410152973,0.9073107280603309,,CEP295
ENSG00000162910,42.06331240486576,0.015305168658216422,0.04928485909932955,0.31054504239060765,0.7561465124276108,0.9073107280603309,,MRPL55
ENSG00000126088,12.879333712193533,0.02378971780289873,0.07669046179307147,0.31020438848169757,0.7564055335062267,0.9074262596451637,,UROD
ENSG00000157916,32.48644176799214,0.01741811265131358,0.056363760648993816,0.3090303494790765,0.7572984404415409,0.9081927593502304,,RER1
ENSG00000090104,50.709056340063924,-0.05907631422181351,0.1912250941580109,-0.30893599232848723,0.7573702171769316,0.9081927593502304,,RGS1
ENSG00000107263,10.912017468130054,-0.031732504626755295,0.10312113822093004,-0.3077206591607878,0.758294898297649,0.9089912254425935,,RAPGEF1
ENSG00000188554,8.458992809727818,-0.030662882721308276,0.09967998216494665,-0.3076132444583357,0.7583766409754309,0.9089912254425935,,NBR1
ENSG00000197170,16.137337966933405,0.023573404175227384,0.07672040363395291,0.3072638184712949,0.7586425731221071,0.9089912254425935,,PSMD12
ENSG00000091317,77.05438909647809,-0.01656037425563409,0.05390677925012465,-0.3072039265932549,0.7586881569601561,0.9089912254425935,,CMTM6
ENSG00000122034,154.0360506372348,-0.010208336673436676,0.033326188622628,-0.30631575632700353,0.7593642436338176,0.9096058050488006,,GTF3A
ENSG00000240682,12.055604584284287,-0.024486524261010282,0.08005756288901608,-0.3058614748859641,0.7597101196718975,0.90982466221875,,ISY1
ENSG00000149231,18.407892341537575,0.02155796326737837,0.07055153797512687,0.30556333548644515,0.7599371400460444,0.9099011150733828,,CCDC82
ENSG00000069966,21.602312458987605,0.023018275953274107,0.07555987609557481,0.30463623212084884,0.7606432215960068,0.9104779551877269,,GNB5
ENSG00000160991,66.73365307417615,-0.018907601500259715,0.06209352427070732,-0.3045019866778506,0.7607454794152833,0.9104779551877269,,ORAI2
ENSG00000213079,7.424078106463343,0.03755604900569294,0.12423811451447372,0.30229088031851664,0.7624303298040549,0.9122488994471569,,SCAF8
ENSG00000213639,57.395181021333435,0.029069685851667967,0.09633488386770606,0.3017565879000647,0.7628376268483253,0.9122488994471569,,PPP1CB
ENSG00000109133,8.485616449582256,-0.0347113296920646,0.11503774233485249,-0.3017386206261478,0.7628513246427147,0.9122488994471569,,TMEM33
ENSG00000164919,281.15437295188696,0.008386005935918062,0.027795701477999358,0.30170153980663844,0.7628795943547513,0.9122488994471569,,COX6C
ENSG00000135926,12.00060127130786,0.029919827884052192,0.09955772764812201,0.3005274285668831,0.7637748778096372,0.9130125939498647,,TMBIM1
ENSG00000123179,23.063562259275223,-0.024005005630325284,0.07990095232470508,-0.30043453716011626,0.7638457228795048,0.9130125939498647,,EBPL
ENSG00000163364,9.210559790131231,0.03785456137055862,0.1261326639670636,0.3001170369353603,0.764087884267304,0.9130304516389252,,LINC01116
ENSG00000162191,167.66240335459165,0.007944708630073136,0.026488032380254052,0.29993577914815794,0.7642261421947356,0.9130304516389252,,UBXN1
ENSG00000102805,13.958814414970306,0.02280795155683224,0.07618355855995675,0.2993815462017608,0.7646489408434193,0.9130304516389252,,CLN5
ENSG00000147400,14.770711956500186,-0.02165166985390702,0.07242344021833971,-0.29895942237254,0.7649710066382444,0.9130304516389252,,CETN2
ENSG00000123636,18.885501823055428,0.02799619744005961,0.09365325393819769,0.29893459397080274,0.7649899511111118,0.9130304516389252,,BAZ2B
ENSG00000149084,11.38006185892237,0.02711146037480422,0.0907012928009964,0.29890930479114836,0.7650092473095429,0.9130304516389252,,HSD17B12
ENSG00000180353,88.37244616661997,0.011084341182763819,0.03709534298179379,0.2988068121705725,0.7650874529191435,0.9130304516389252,,HCLS1
ENSG00000151461,110.23040376818427,0.01658476476826872,0.05553406252570292,0.29864130254459176,0.7652137478599053,0.9130304516389252,,UPF2
ENSG00000113312,37.786440996929166,0.018844294801472747,0.06313350594978055,0.2984832620647174,0.7653343491679226,0.9130304516389252,,TTC1
ENSG00000105221,14.680013703122906,0.026828040364096063,0.08999353332300897,0.2981107572230064,0.765618631572022,0.9131444324917375,,AKT2
ENSG00000069329,35.71810881665973,0.01778656363846216,0.059733343134542045,0.2977660834820529,0.7658817023944917,0.9131444324917375,,VPS35
ENSG00000221923,17.65175605696446,0.023273091194473596,0.07817255152216669,0.2977143606202268,0.7659211819877791,0.9131444324917375,,ZNF880
ENSG00000110077,12.35127565593321,-0.02821890084865624,0.09508443146739216,-0.29677730006024705,0.7666365370315105,0.9132280669000381,,MS4A6A
ENSG00000198837,9.169663255229805,-0.02864971539721255,0.09656920555473111,-0.2966754798554822,0.7667142788977444,0.9132280669000381,,DENND4B
ENSG00000138600,15.949600185610597,0.022444050304084584,0.07572377096833113,0.2963937217742502,0.766929419352848,0.9132280669000381,,SPPL2A
ENSG00000158850,8.427159624986093,0.027909184949957914,0.09416670941285564,0.29638059059274885,0.766939446294579,0.9132280669000381,,B4GALT3
ENSG00000108826,16.918757076842837,-0.022810349284361934,0.076968121796433,-0.2963609966304135,0.7669544082743041,0.9132280669000381,,MRPL27
ENSG00000110429,17.274911753198037,-0.026239031563113253,0.08858201609973596,-0.29621172240616306,0.7670683971530445,0.9132280669000381,,FBXO3
ENSG00000152291,46.92809934577681,-0.016921947539301565,0.05714540776527081,-0.29612086431878787,0.7671377807316676,0.9132280669000381,,TGOLN2
ENSG00000112576,81.3270928807669,0.024459221987149497,0.08266219292462887,0.29589369845839125,0.7673112636087404,0.9132396170506587,,CCND3
ENSG00000177548,18.697769684144024,0.02077211920636692,0.07035672249566079,0.2952400064918889,0.7678105425750368,0.9136388359791732,,RABEP2
ENSG00000124193,60.19767391965983,-0.023320705253121868,0.0790906589296768,-0.29486042433730886,0.7681005053004265,0.9137888665575374,,SRSF6
ENSG00000145907,25.444399988019754,0.021795112547655558,0.07397871776225062,0.2946132780741035,0.7682893177249492,0.9138185229595386,,G3BP1
ENSG00000133302,15.526946785944196,-0.025506522930635232,0.08683468022533176,-0.2937365907774065,0.7689591916617553,0.9144202287707288,,SLF1
ENSG00000105374,65.44027167599947,0.019542725193365893,0.0666969433550862,0.29300780830873857,0.7695161833369293,0.9145828401120132,,NKG7
ENSG00000198162,18.886687005599267,-0.02706480308332385,0.09238236350088122,-0.29296504286844405,0.7695488716766599,0.9145828401120132,,MAN1A2
ENSG00000133134,27.504095700741264,0.021177877984655393,0.07230070459927902,0.29291385335775244,0.7695879996064502,0.9145828401120132,,BEX2
ENSG00000046651,60.74722318198516,0.015908824167186905,0.0544153428842658,0.29235916423466923,0.7700120271399886,0.9147117129296009,,OFD1
ENSG00000175826,14.88597641372435,-0.023472993807566737,0.08029270097572626,-0.2923428097737426,0.7700245302172788,0.9147117129296009,,CTDNEP1
ENSG00000130024,10.230192759185295,-0.03167155554911637,0.10852342152052745,-0.2918407391267665,0.7704083951205221,0.9147881087458822,,PHF10
ENSG00000143158,34.878033512826164,0.0168389240333407,0.057701232128414374,0.2918295400671097,0.77041695815471,0.9147881087458822,,MPC2
ENSG00000105447,7.4433241934744405,-0.03065753689675965,0.10529519310491066,-0.2911579910985497,0.7709304895975602,0.9150162402356615,,GRWD1
ENSG00000145675,21.487859053689725,-0.0265568035901987,0.0912137560592374,-0.29114910664299126,0.7709372841870763,0.9150162402356615,,PIK3R1
ENSG00000148300,20.559095012234188,0.02110938486711997,0.07273637824654866,0.2902177064077508,0.771649691114878,0.9153265235840409,,REXO4
ENSG00000198700,7.896246964393692,0.0308797501077842,0.1064796702862191,0.29000606430109077,0.7718115982392686,0.9153265235840409,,IPO9
ENSG00000176853,16.814448006178004,-0.0235337575300994,0.08120045053707678,-0.28982299204551454,0.7719516573206395,0.9153265235840409,,FAM91A1
ENSG00000095059,29.604503557129622,0.01696726843067359,0.058557917057745025,0.28975191200776246,0.7720060389715702,0.9153265235840409,,DHPS
ENSG00000112367,13.282685553272353,0.022722991981767728,0.07842698947422343,0.289734339340363,0.7720194835752769,0.9153265235840409,,FIG4
ENSG00000152465,9.078444316046644,-0.03609213933545034,0.12484126179309597,-0.2891042498053823,0.7725016015266317,0.9156415527918176,,NMT2
ENSG00000093167,9.838224980326576,-0.02737329574922967,0.09474935947203748,-0.2889021720226837,0.7726562415373149,0.9156415527918176,,LRRFIP2
ENSG00000135090,65.918345951642,0.014242872637863165,0.04934053459462251,0.28866474096564526,0.7728379471742101,0.9156415527918176,,TAOK3
ENSG00000146463,8.327284585438562,0.03262692275711278,0.11327968232688143,0.2880209591598613,0.7733306950769221,0.9156415527918176,,ZMYM4
ENSG00000188021,14.59729529196543,-0.027535117662817066,0.09561093625194804,-0.28799129829937264,0.7733533995789097,0.9156415527918176,,UBQLN2
ENSG00000164610,21.780068331054117,-0.02223124592599663,0.07723834301472661,-0.2878265516617559,0.77347951173465,0.9156415527918176,,RP9
ENSG00000119397,45.194375267208585,-0.019065462714856884,0.06631381497040174,-0.2875036328910724,0.7737267206643607,0.9156415527918176,,CNTRL
ENSG00000163463,66.9389480463198,-0.01739588640617482,0.06051657737517091,-0.28745654762214135,0.7737627684860312,0.9156415527918176,,KRTCAP2
ENSG00000127951,8.31275313232656,-0.029374057976299675,0.10218623057447922,-0.28745612604714066,0.7737630912401443,0.9156415527918176,,FGL2
ENSG00000114439,74.65951258818684,-0.015114880584102087,0.05278199351604079,-0.2863643371012233,0.7745990863185073,0.9161494191688342,,BBX
ENSG00000198498,19.888697346602243,0.023371496646099554,0.08163276920007421,0.28630042659484234,0.7746480314202646,0.9161494191688342,,TMA16
ENSG00000085788,8.47760389644731,0.028251924479874856,0.09875676124378313,0.2860758506461587,0.7748200273430059,0.9161494191688342,,DDHD2
ENSG00000136527,243.18617707056598,0.015252431903619574,0.053334047009974794,0.28597927137925594,0.7748939978791732,0.9161494191688342,,TRA2B
ENSG00000115756,20.9129091206525,0.019315901902565425,0.06757996839651045,0.2858228904345392,0.7750137751469496,0.9161494191688342,,HPCAL1
ENSG00000163221,18.877797179884674,-0.025882376887181178,0.09068542303629942,-0.2854083492208116,0.775331311687243,0.9163305201288823,,S100A12
ENSG00000056050,13.069248708591552,-0.02439990050113345,0.0857931624305508,-0.2844037894148624,0.7761009553215007,0.917045756913051,,HPF1
ENSG00000259772,8.259661445767257,0.031896001498685156,0.11264850638336976,0.283146244213265,0.777064733635677,0.9179434431048359,,LINC03034
ENSG00000179335,17.528059524374815,0.019185312462473885,0.06785819114915692,0.28272655279453685,0.7773864601536921,0.9179434431048359,,CLK3
ENSG00000072518,7.386581856518977,0.03538110733754134,0.12517484180943192,0.28265350150317003,0.7774424636228079,0.9179434431048359,,MARK2
ENSG00000167508,10.76485805260959,0.025648502368376444,0.09085052024986554,0.2823154154520585,0.7777016663174708,0.9179434431048359,,MVD
ENSG00000198502,318.625673942495,0.08247513747043922,0.292253298395811,0.28220429991089324,0.7777868614161203,0.9179434431048359,,HLA-DRB5
ENSG00000089916,13.867705377002208,0.02510502618877336,0.08902987597088853,0.2819842880268904,0.7779555579786718,0.9179434431048359,,GPATCH2L
ENSG00000147202,11.927144913108501,0.032005783987590984,0.11358684850655233,0.28177367722060453,0.7781170559652397,0.9179434431048359,,DIAPH2
ENSG00000160226,14.513723947411224,-0.022256818267751197,0.07901044267928405,-0.2816946407716656,0.7781776641959396,0.9179434431048359,,CFAP410
ENSG00000174231,23.74794511394402,0.021609328012060745,0.07681815925518372,0.28130494432021347,0.778476518351811,0.917952315221261,,PRPF8
ENSG00000144468,8.062855402258387,0.03138893741367434,0.11160292710828416,0.281255503121516,0.778514436635822,0.917952315221261,,RHBDD1
ENSG00000067955,12.501210516681612,0.024760431745210875,0.08830339961474695,0.28040179487127925,0.7791692601546307,0.9183071573861133,,CBFB
ENSG00000123353,15.783153378812234,-0.021005640464694792,0.0750085693450661,-0.2800432090373751,0.7794443545717213,0.9183071573861133,,ORMDL2
ENSG00000178104,7.323052488556961,-0.032259793069002826,0.11519582212326909,-0.28004308207013073,0.7794444519814122,0.9183071573861133,,PDE4DIP
ENSG00000165704,19.888629874887304,0.01768627129167453,0.06327225682935124,0.2795264809247342,0.7798408187527963,0.9183071573861133,,HPRT1
ENSG00000172243,7.591427938753125,-0.03362921220814692,0.12034098680005245,-0.27944936386488284,0.7798999924076211,0.9183071573861133,,CLEC7A
ENSG00000108443,9.090927668642266,0.030893086350098114,0.11055760666138757,0.27942976772929345,0.7799150291664945,0.9183071573861133,,RPS6KB1
ENSG00000272501,22.347602788482757,-0.04275420845954208,0.15304315645914726,-0.27936047222702654,0.779968202543155,0.9183071573861133,,ENSG00000272501
ENSG00000102753,13.058928320914479,0.024267986113836997,0.08714230911804338,0.2784868379028546,0.7806386674147949,0.9184996132410983,,KPNA3
ENSG00000253506,11.23242662935191,-0.0668298370934618,0.24003882660203738,-0.27841261365712144,0.7806956378459147,0.9184996132410983,,NACA2
ENSG00000169925,10.243177370422144,0.026513630268824397,0.09524782760015105,0.2783646717920772,0.7807324359991847,0.9184996132410983,,BRD3
ENSG00000126934,12.319993820094307,-0.026842264074737564,0.09645465419756466,-0.2782889462208584,0.7807905607537313,0.9184996132410983,,MAP2K2
ENSG00000120437,8.435595370120797,-0.026496127906094166,0.09528709751137383,-0.27806627128013306,0.7809614866825008,0.9185069077708551,,ACAT2
ENSG00000149600,27.570158245445196,0.016672176610950624,0.06003572707845674,0.27770425082322825,0.7812393972199541,0.9185923396331284,,COMMD7
ENSG00000174456,9.416625071242196,0.025755052474300082,0.09287530126522184,0.2773078754356013,0.7815437128880527,0.9185923396331284,,C12orf76
ENSG00000170545,22.714629800754484,-0.023742416900429806,0.08565069139056235,-0.27720052827321284,0.7816261340143695,0.9185923396331284,,SMAGP
ENSG00000032389,10.583827547133616,0.023835920089475368,0.0860178755755006,0.27710426385215514,0.7817000479003635,0.9185923396331284,,EIPR1
ENSG00000166598,90.25322045655528,-0.013641524233435266,0.04929685320651927,-0.2767220085283505,0.7819935711852958,0.9185923396331284,,HSP90B1
ENSG00000172543,13.801070145676427,0.024596532852787355,0.0890459148408076,0.27622303501244233,0.7823767658527374,0.9185923396331284,,CTSW
ENSG00000163564,11.941601236017709,-0.03773368187201476,0.13663731115719888,-0.2761594293128529,0.7824256166613516,0.9185923396331284,,PYHIN1
ENSG00000184281,18.743203545671292,0.017858312419760203,0.0646747967187217,0.2761247553266863,0.7824522475334322,0.9185923396331284,,TSSC4
ENSG00000143319,12.259343156309663,0.026781997339228012,0.09702190701344238,0.27604072279796943,0.782516788604261,0.9185923396331284,,ISG20L2
ENSG00000115459,9.649070181360846,0.023544786830447688,0.0854103401366016,0.2756667025654174,0.7828040724970278,0.9186313538977106,,ELMOD3
ENSG00000124357,19.682185969383195,0.018759821566562043,0.06807680342691759,0.27556848474387097,0.7828795182428121,0.9186313538977106,,NAGK
ENSG00000205758,19.29965585724998,-0.017062707009312103,0.06199731544089595,-0.27521686847196686,0.7831496280376158,0.9187549602225427,,CRYZL1
ENSG00000140829,9.517033494983822,-0.02680734016943226,0.09759485054623059,-0.27467986291688257,0.7835622033536641,0.9189039981453154,,DHX38
ENSG00000100528,33.754608185238574,-0.018717768833414486,0.06815817095105425,-0.2746225224684519,0.7836062609721979,0.9189039981453154,,CNIH1
ENSG00000197971,33.131738465764066,-0.01931601666312434,0.07048562625065205,-0.27404192444052594,0.7840524033817244,0.9192338522406424,,MBP
ENSG00000138670,19.869741218344537,-0.03412510220644961,0.12507294608967515,-0.2728415958314639,0.7849749833262494,0.9201056407207896,,RASGEF1B
ENSG00000103148,8.581351043001394,-0.025543366572403744,0.09368722584475943,-0.2726451374996345,0.7851260112176321,0.9201056407207896,,NPRL3
ENSG00000161677,10.658817326465343,0.022572588460250093,0.0829429299793093,0.27214602216103273,0.785509743899928,0.9203619104824541,,JOSD2
ENSG00000103254,25.50741494583021,-0.01826981348226066,0.06737920277769842,-0.27114914883361785,0.7862763216373041,0.9207044456805386,,ANTKMT
ENSG00000183172,236.6583404830962,0.0212198210075202,0.07829323473335692,0.2710300714970903,0.7863679038462423,0.9207044456805386,,SMDT1
ENSG00000109220,13.78529807429267,-0.022244818371805444,0.08213419093010224,-0.27083505809092595,0.7865178947610504,0.9207044456805386,,CHIC2
ENSG00000177613,8.597821673357684,0.02586543642934075,0.095637201599737,0.27045371462867934,0.7868112208420285,0.9207044456805386,,CSTF2T
ENSG00000152518,240.94023025026675,-0.02342103232677166,0.08668345793773703,-0.27019033254989105,0.7870138297168379,0.9207044456805386,,ZFP36L2
ENSG00000197535,7.812456893334347,-0.03646156026823324,0.1350252390157928,-0.27003514701402326,0.7871332142443226,0.9207044456805386,,MYO5A
ENSG00000103978,22.03325568000194,-0.019534163374909583,0.07234218284301706,-0.2700245224463136,0.7871413879274572,0.9207044456805386,,TMEM87A
ENSG00000156384,8.63245592362203,-0.026233212838153722,0.09718309168997949,-0.2699359773595124,0.7872095082681436,0.9207044456805386,,SFR1
ENSG00000176407,7.196749540192468,-0.028815925314133815,0.10682492606382923,-0.26974907800933967,0.7873533007826036,0.9207044456805386,,KCMF1
ENSG00000164941,9.062411394832521,0.025988148577740476,0.09641964510170947,0.2695316763541968,0.7875205696106661,0.9207044456805386,,INTS8
ENSG00000127125,38.74654976295981,-0.012951187492002806,0.048126612749766616,-0.2691065660353504,0.7878476777949098,0.9207044456805386,,PPCS
ENSG00000111678,100.93039418490434,-0.01624906892790376,0.06038620988575788,-0.26908575581485716,0.7878636915254231,0.9207044456805386,,C12orf57
ENSG00000119333,10.933371648467585,-0.022969619675174753,0.08543049818341596,-0.268869082629717,0.7880304296355299,0.9207044456805386,,DYNC2I2
ENSG00000128309,9.00744908646323,-0.028888722057601037,0.10748859871563239,-0.2687608025668648,0.7881137588294853,0.9207044456805386,,MPST
ENSG00000113068,40.83020827099654,-0.013150436099669436,0.049029115864553975,-0.26821687211326317,0.788532388590515,0.9208072519912174,,PFDN1
ENSG00000248487,12.010659496880075,0.022308102841462587,0.08318740414474479,0.268166834520366,0.7885709025127736,0.9208072519912174,,ABHD14A
ENSG00000204356,24.62582246249823,0.015390823216326231,0.05743206136680671,0.26798312388664275,0.7887123089709772,0.9208072519912174,,NELFE
ENSG00000166260,21.267897732952985,0.017483145206106828,0.06528719896980474,0.26778825684025387,0.7888623103949148,0.9208072519912174,,COX11
ENSG00000048162,7.688984005851339,-0.0276445374965763,0.10333422039860472,-0.26752548565169776,0.7890645943022181,0.9208506023083232,,NOP16
ENSG00000048392,8.325845617059725,0.0296633624200661,0.11105242267573817,0.2671113489048331,0.7893834298030266,0.9209344338762242,,RRM2B
ENSG00000198911,9.729284112485361,0.026745696567952757,0.10016997299502736,0.267003132458471,0.7894667492697904,0.9209344338762242,,SREBF2
ENSG00000204257,331.01085712963953,-0.0094785063244289,0.03553153729436235,-0.2667631925380503,0.7896514956366267,0.9209572766512927,,HLA-DMA
ENSG00000143622,9.723891873641044,-0.026641218197065466,0.09999355894833158,-0.2664293428222857,0.7899085693321988,0.9210498942050094,,RIT1
ENSG00000083223,20.382830698711764,0.0223142178825716,0.08381523416400609,0.2662310510152377,0.7900612704416355,0.9210498942050094,,TUT7
ENSG00000181704,8.86831450223226,0.026196803481840187,0.09850559557200694,0.2659422881483976,0.7902836561740688,0.921116569152719,,YIPF6
ENSG00000182141,9.918107492069677,-0.03082271180398632,0.11625685343793357,-0.2651259765983753,0.7909124167346429,0.9216209949045115,,ZNF708
ENSG00000028310,19.039109431056215,0.020774485987025294,0.07840870517186603,0.264951269651618,0.7910470017239943,0.9216209949045115,,BRD9
ENSG00000163468,50.53619681670386,0.014338129066076982,0.054190362848088876,0.2645881723706274,0.7913267325848656,0.9217543055970777,,CCT3
ENSG00000106261,16.569481521094552,-0.022264624627081626,0.08428499933245964,-0.2641588040982178,0.7916575534262337,0.9219470588773349,,ZKSCAN1
ENSG00000213983,18.81961960218504,0.017025900543181753,0.06458414748656584,0.2636235238178737,0.7920700301847714,0.9222348064961966,,AP1G2
ENSG00000107968,58.44296207875485,-0.030816136812747426,0.11734852203806019,-0.2626035358396136,0.7928561744840181,0.922957417311667,,MAP3K8
ENSG00000178980,36.652952254346296,-0.015476023626946795,0.05921463623604645,-0.2613547023282377,0.7938189856094375,0.9237728602690422,,SELENOW
ENSG00000104972,14.52609941771468,0.024062907645973814,0.09210146915335199,0.2612651879190795,0.7938880104751166,0.9237728602690422,,LILRB1
ENSG00000198836,10.02179351916238,-0.02740454716394153,0.10516645658221373,-0.2605825854988093,0.7944144205789636,0.9240278713069632,,OPA1
ENSG00000147439,7.842719466300941,0.02527058044372874,0.09698890913952496,0.26055123898110183,0.7944385966724501,0.9240278713069632,,BIN3
ENSG00000116906,16.840443101557188,0.018093881543732888,0.06969311409709164,0.25962222779320404,0.7951551888158358,0.9246684740014809,,GNPAT
ENSG00000132952,11.50644093028483,0.02731206896928915,0.10536959803249446,0.25920255443004064,0.7954789602925427,0.9248521022917469,,USPL1
ENSG00000184007,81.6940248183689,-0.018821477564933492,0.07272856346695519,-0.25879072358531025,0.7957967156292571,0.9250286609023844,,PTP4A2
ENSG00000177576,15.231604708264447,-0.028281352245026817,0.10953051636831833,-0.25820523067676504,0.7962485212763738,0.9253453530737329,,C18orf32
ENSG00000167699,27.372914606693637,-0.016466167475765438,0.06392611348791262,-0.2575812383601096,0.7967301108417812,0.9253453530737329,,GLOD4
ENSG00000120899,25.082809936701075,0.016063902092900678,0.0623647841075713,0.2575796953805291,0.7967313017903885,0.9253453530737329,,PTK2B
ENSG00000126749,15.826692771269402,0.020779981774086378,0.08071981198876656,0.25743347589781607,0.796844163428257,0.9253453530737329,,EMG1
ENSG00000065057,7.788899306184062,0.026486282955434162,0.10291429133540429,0.25736253548220683,0.7968989213522355,0.9253453530737329,,NTHL1
ENSG00000100814,19.295972665862415,-0.01851595165900207,0.07201763636190384,-0.2571030180156914,0.7970992478056065,0.9253852604130881,,CCNB1IP1
ENSG00000115966,7.83887676452873,0.029474943150883042,0.11482012497308816,0.2567053742346253,0.7974062225076037,0.9255489376982511,,ATF2
ENSG00000089195,8.808133240182688,-0.02487846251246853,0.09713889523069943,-0.25611226536377185,0.797864151378218,0.9258102113589258,,TRMT6
ENSG00000144655,17.435285879226097,-0.032946608263368,0.128705863130245,-0.2559837404612049,0.7979633923585002,0.9258102113589258,,CSRNP1
ENSG00000089063,76.98356594153621,0.011514873339510933,0.04506362312074728,0.2555248012051097,0.7983177906426905,0.9258889320613372,,TMEM230
ENSG00000050393,10.91905885986554,0.021160600333817677,0.08283143475616221,0.25546581917975825,0.7983633402709664,0.9258889320613372,,MCUR1
ENSG00000089597,9.330577549317802,-0.024511492656192305,0.09623780802677721,-0.2546971212121979,0.7989570398774605,0.9261174901611986,,GANAB
ENSG00000101882,21.72177773986199,0.01635927013025375,0.06430965884426204,0.25438278517183255,0.7991998490788664,0.9261174901611986,,NKAP
ENSG00000173230,27.107888019607884,-0.024805706769686558,0.09767873923364051,-0.2539519547887805,0.7995326759951666,0.9261174901611986,,GOLGB1
ENSG00000241370,9.672251381241708,-0.024597099271479086,0.09686955399927402,-0.2539198154217106,0.7995575058958004,0.9261174901611986,,RPP21
ENSG00000106153,272.3741708191643,0.007720161279157535,0.03041368655452559,0.2538383916503133,0.7996204123399882,0.9261174901611986,,CHCHD2
ENSG00000153201,15.50952578813058,0.022818041519149616,0.08989927570800138,0.25381785714563576,0.7996362771097913,0.9261174901611986,,RANBP2
ENSG00000055917,16.37895467255705,-0.02292717387708971,0.090369225644237,-0.25370554758705977,0.7997230479064151,0.9261174901611986,,PUM2
ENSG00000182359,11.242791282742326,-0.022292887641676803,0.08837210388120863,-0.25226159231926065,0.8008388731776632,0.926631758180136,,KBTBD3
ENSG00000158545,10.427347152118072,-0.025583157119700172,0.10153716476075486,-0.2519585531069341,0.8010731002665633,0.926631758180136,,ZC3H18
ENSG00000115944,91.24552671970837,-0.010167111045655777,0.04035313466701757,-0.25195343879854304,0.8010770534054324,0.926631758180136,,COX7A2L
ENSG00000100209,9.835950244075173,0.023272531593406687,0.09239793028652989,0.25187286686225097,0.8011393326945584,0.926631758180136,,HSCB
ENSG00000187189,7.602986155710364,-0.026443105858577672,0.104996341828033,-0.2518478777278469,0.8011586486783775,0.926631758180136,,TSPYL4
ENSG00000075292,31.616703734592203,-0.016952115666550336,0.06736266670261523,-0.25165446227639027,0.8013081581571082,0.926631758180136,,ZNF638
ENSG00000241258,15.133557751653424,-0.0242461672814038,0.09635807830601124,-0.2516256831565643,0.8013304049398522,0.926631758180136,,CRCP
ENSG00000100345,32.54206086161731,0.014757567608854842,0.058863565564975684,0.25070801381484303,0.8020398643977136,0.9272432716970267,,MYH9
ENSG00000131368,14.867431546512345,-0.019371805621094217,0.07737481550354135,-0.25036318981862504,0.8023064935445643,0.9272432716970267,,MRPS25
ENSG00000005194,7.563038979302153,0.026522623040432167,0.10596484017312537,0.2502964473602707,0.8023581036474451,0.9272432716970267,,CIAPIN1
ENSG00000125304,23.568211974806385,-0.01861998478660159,0.0746237374476054,-0.24951825549711978,0.8029599215343276,0.9275486201558556,,TM9SF2
ENSG00000163312,8.469416986668216,0.025270738862092877,0.10129186126233534,0.24948439634892583,0.8029861093017948,0.9275486201558556,,HELQ
ENSG00000197070,15.375445459450152,0.018114431524561114,0.07265840217175144,0.2493095221354007,0.8031213662325091,0.9275486201558556,,ARRDC1
ENSG00000166275,30.15540695530802,-0.01441895704988425,0.05793662243402401,-0.24887465723953794,0.8034577392125728,0.9277449479911589,,BORCS7
ENSG00000119314,30.38257223841623,0.018309399167289547,0.07388092860499793,0.2478230784723914,0.8042712977858951,0.9284920820816047,,PTBP3
ENSG00000115523,71.59803642362996,-0.015117201827112835,0.061151426883981064,-0.24720930642867575,0.8047462433021159,0.9285054435747633,,GNLY
ENSG00000095066,8.321386720025792,0.023890797671901002,0.09672526888358537,0.24699644619913125,0.8049109744076024,0.9285054435747633,,HOOK2
ENSG00000171566,12.713394700186656,-0.02023896943521568,0.08194712096789605,-0.2469759668938776,0.8049268236615658,0.9285054435747633,,PLRG1
ENSG00000130779,17.8513077864476,-0.024478814337625197,0.09916482535794505,-0.24684977005976205,0.8050244911298465,0.9285054435747633,,CLIP1
ENSG00000177721,20.555743055121074,-0.018361273307325843,0.07441781484046496,-0.24673222865638125,0.8051154626405991,0.9285054435747633,,ANXA2R
ENSG00000134851,36.665180686030766,-0.013713977715200066,0.05570662148743481,-0.24618218353617785,0.8055412067015765,0.9285849693983091,,TMEM165
ENSG00000104824,25.563122824984102,-0.018728583834684013,0.07629190352513192,-0.24548586375898304,0.8060802524531295,0.9285849693983091,,HNRNPL
ENSG00000173209,10.91394659365235,-0.022868482906270943,0.0931672659542775,-0.24545619829065085,0.8061032195890417,0.9285849693983091,,AHSA2P
ENSG00000131558,14.548741113608083,0.01922582229294934,0.07834289212361983,0.24540608307658948,0.806142019387829,0.9285849693983091,,EXOC4
ENSG00000188921,18.562486975855585,0.021480223117879844,0.08758172862084475,0.2452591819792819,0.8062557547254092,0.9285849693983091,,HACD4
ENSG00000148444,30.339432180179518,0.013416985916693954,0.054706081438652396,0.24525583927519673,0.8062583427971838,0.9285849693983091,,COMMD3
ENSG00000198265,20.605454845035243,0.018675853469169543,0.07618528843885251,0.24513726799313845,0.8063501473864083,0.9285849693983091,,HELZ
ENSG00000164111,39.77592346728103,-0.01620480040871122,0.06616660136565405,-0.24490906400283774,0.8065268433247065,0.9285966711498168,,ANXA5
ENSG00000136819,74.51773142266586,0.011294378983839361,0.04624422563873762,0.24423328162248104,0.8070501523718394,0.9286945042195315,,C9orf78
ENSG00000136950,48.449756385695785,0.01366260920793925,0.05595559119391553,0.24416879379562142,0.807100094657349,0.9286945042195315,,ARPC5L
ENSG00000106615,23.684265168656477,0.018978286650782408,0.07773077090111905,0.24415410307617558,0.8071114719239327,0.9286945042195315,,RHEB
ENSG00000142856,21.549584776240305,-0.018794023943973275,0.07710286256203792,-0.24375260942940175,0.8074224255319097,0.9288606240490878,,ITGB3BP
ENSG00000120159,7.193704157550397,0.027649142184950105,0.11364029741163195,0.24330402871789744,0.8077698836875886,0.9289125377194598,,CAAP1
ENSG00000146282,9.541451270165842,-0.021459260639949955,0.08821380414902243,-0.24326420164012125,0.8078007344694513,0.9289125377194598,,RARS2
ENSG00000104679,8.2864366436847,0.023336228129726022,0.09630923254648686,0.2423052028626852,0.80854368258074,0.929417013160407,,R3HCC1
ENSG00000227486,21.92850035871042,0.01727053580038639,0.07128701550610282,0.24226762304150426,0.808572799648697,0.929417013160407,,ENSG00000227486
ENSG00000157379,10.676608925704402,0.02135628324330099,0.08833279637376572,0.24177071393659258,0.8089578326778364,0.9294553811761196,,DHRS1
ENSG00000115993,9.145405764789274,-0.028395118201033843,0.11753340201998166,-0.24159190249769535,0.8090963971271449,0.9294553811761196,,TRAK2
ENSG00000106554,14.328232782794505,0.018168880343589097,0.0752091786281338,0.24157796528298464,0.8091071975964463,0.9294553811761196,,CHCHD3
ENSG00000106266,11.915028484847012,-0.021444505147463433,0.08884711941581723,-0.24136410148651055,0.8092729332155777,0.9294553811761196,,SNX8
ENSG00000124177,25.96022367102962,0.019385953582467832,0.0806845979094071,0.2402683298271429,0.8101222451061907,0.9302392171977181,,CHD6
ENSG00000128928,7.1234460334143135,0.028996224015559926,0.12083903033407328,0.2399574370581803,0.8103632529798046,0.9303243769024894,,IVD
ENSG00000100580,18.96680422728338,-0.0199891254452768,0.08342184898195426,-0.2396149892290308,0.8106287435309631,0.9304376027024807,,TMED8
ENSG00000260682,15.31955523728076,-0.030142394000108177,0.12604561064483122,-0.23913878353957765,0.810997969143457,0.9306698242321294,,RN7SKP176
ENSG00000146872,11.135760018127593,0.027621943154387627,0.11600485409628188,0.238110235727394,0.8117955960662192,0.9313934657747404,,TLK2
ENSG00000111215,17.453685612635066,-0.01817050978038334,0.07648519255830212,-0.2375689878342473,0.8122154060469681,0.9314260961724697,,PRR4
ENSG00000145649,15.240716350624716,0.023868874640312256,0.10054994613371095,0.23738326630798504,0.8123594703245005,0.9314260961724697,,GZMA
ENSG00000127870,10.163101547041643,-0.02695962165461074,0.11362868981810033,-0.2372606926804171,0.8124545542261028,0.9314260961724697,,RNF6
ENSG00000104671,13.084966886310964,-0.022848406111865775,0.09649862704361632,-0.2367744165058281,0.8128317999265292,0.9314260961724697,,DCTN6
ENSG00000115946,10.880588252366428,0.02304333327250777,0.09741690638739008,0.236543472042452,0.8130109783664994,0.9314260961724697,,PNO1
ENSG00000175309,31.490395676454042,-0.013129717506859212,0.05559753352865868,-0.23615647446107083,0.8133112526784032,0.9314260961724697,,PHYKPL
ENSG00000091592,14.74377061140879,0.021984425353803825,0.09320105059216205,0.235881733243602,0.8135244430996785,0.9314260961724697,,NLRP1
ENSG00000148690,16.140089172867818,-0.019051430449154028,0.08077052434119344,-0.23587107555073386,0.8135327134078714,0.9314260961724697,,FRA10AC1
ENSG00000225733,18.58576875866127,0.017166805689690375,0.07278454752212246,0.23585783348412817,0.8135429892041416,0.9314260961724697,,FGD5-AS1
ENSG00000242086,27.729913115758553,-0.020321151882024036,0.08619968573438183,-0.2357450808421995,0.8136304861504221,0.9314260961724697,,MUC20-OT1
ENSG00000099308,8.41214817997034,-0.02427217096557891,0.10297912429527982,-0.2356999161886586,0.8136655349329902,0.9314260961724697,,MAST3
ENSG00000126247,25.15702055715242,-0.017050684919850897,0.07244879547201542,-0.2353480800993719,0.8139385803864032,0.9314260961724697,,CAPNS1
ENSG00000226752,32.43379575760957,-0.03188763522937911,0.13553367305219005,-0.23527463331640183,0.8139955822540252,0.9314260961724697,,CUTALP
ENSG00000178913,120.17923753103783,0.010116677768152468,0.04308653250774559,0.23479907013482254,0.8143646894938908,0.9316572647964578,,TAF7
ENSG00000064666,67.0298801794942,-0.011612609399214288,0.04960992065540568,-0.234078370733071,0.8149241371686348,0.932080866721642,,CNN2
ENSG00000217128,7.918308717888683,-0.025989200417350446,0.11111652257024217,-0.23389141251177478,0.8150692801532867,0.932080866721642,,FNIP1
ENSG00000122068,23.293641450608707,-0.02051696331052999,0.08780903128306322,-0.23365436346053098,0.8152533197346458,0.9321001662580244,,FYTTD1
ENSG00000116747,33.75053516903518,-0.014238313933553442,0.06106798731024104,-0.23315512039424446,0.8156409542150143,0.932278537443874,,RO60
ENSG00000112851,28.317721666334464,-0.016159355720308424,0.06936842315031558,-0.23294973399196992,0.8158004384413504,0.932278537443874,,ERBIN
ENSG00000132356,21.022371367983133,-0.015918216245359915,0.06837502471038256,-0.23280746607090846,0.8159109151230461,0.932278537443874,,PRKAA1
ENSG00000130338,9.284328286547867,-0.0262689321719075,0.1134848964561731,-0.2314751389146514,0.8169456972922022,0.9330317755581812,,TULP4
ENSG00000100055,18.923097494288555,-0.01909344624202134,0.08252819608271914,-0.23135664110340812,0.8170377467925499,0.9330317755581812,,CYTH4
ENSG00000168566,9.14335359606773,0.02178088254613203,0.09420089232613603,0.2312173696903392,0.8171459365229112,0.9330317755581812,,SNRNP48
ENSG00000051825,7.931019305128574,0.02575511744660006,0.11144722148124024,0.23109699016529883,0.8172394533404155,0.9330317755581812,,MPHOSPH9
ENSG00000108424,44.92582658168801,-0.013198839491168686,0.057300880454109394,-0.2303426995635652,0.8178254830625746,0.9335097018540257,,KPNB1
ENSG00000116539,50.91984287089094,-0.014883968536933693,0.06477240084590787,-0.22978874246675418,0.8182559328840747,0.933809881654032,,ASH1L
ENSG00000139613,23.166445895434606,0.016835022615659223,0.07334958745396128,0.22951761829916112,0.8184666286555704,0.9338592022474853,,SMARCC2
ENSG00000171608,8.02868328066386,0.022748662488727006,0.09929335603141683,0.22910558569023728,0.818786852168328,0.9340334467452122,,PIK3CD
ENSG00000135317,11.94113236739665,-0.020019720577933765,0.08760657948499957,-0.22851845940819593,0.8192432072027571,0.9343628806223305,,SNX14
ENSG00000148290,30.969154799208802,-0.014367881925121426,0.06301981501364813,-0.22798990955479306,0.8196540849756911,0.9344939124929572,,SURF1
ENSG00000136247,14.595957973934858,0.01645737784182515,0.07220064233166015,0.22793949347745,0.8196932794123124,0.9344939124929572,,ZDHHC4
ENSG00000077458,15.702070423035522,0.02171401756909625,0.09542045289037536,0.22756145995285304,0.8199871843526835,0.9346378863349475,,FAM76B
ENSG00000132463,14.968435119423262,0.017592785953916487,0.07744108470326813,0.22717638862274414,0.8202865868813612,0.9346630880077141,,GRSF1
ENSG00000145779,88.00966207962641,-0.013173966142880925,0.05812755970356002,-0.22663889917391605,0.820704542071532,0.9346630880077141,,TNFAIP8
ENSG00000072135,24.458610711802926,0.016381394477770032,0.07230598241868295,0.226556557698292,0.8207685758235168,0.9346630880077141,,PTPN18
ENSG00000169696,14.974053568314453,-0.017110519853996312,0.07557803057526798,-0.22639541840080085,0.8208938910221466,0.9346630880077141,,ASPSCR1
ENSG00000080345,16.803610384236258,-0.019551235768465,0.08639557466423925,-0.22629904187161595,0.8209688435395294,0.9346630880077141,,RIF1
ENSG00000164332,14.458821984749942,-0.018413389755256783,0.0813888693909053,-0.22623965528773354,0.821015029602185,0.9346630880077141,,UBLCP1
ENSG00000135837,29.777153602617005,0.018469896095107397,0.08188470907074287,0.22555976939663608,0.8215438338206519,0.9349523051432759,,CEP350
ENSG00000100592,25.46520810258351,-0.024769078720653818,0.10987845874608711,-0.22542251687286133,0.8216505964536674,0.9349523051432759,,DAAM1
ENSG00000164330,39.388231220830406,0.014979012951267372,0.06658266343774825,0.22496866568385424,0.8220036506157536,0.9349523051432759,,EBF1
ENSG00000215717,19.329847400271607,0.016903582136148648,0.07515132680188322,0.2249272615067797,0.8220358610236006,0.9349523051432759,,TMEM167B
ENSG00000163655,12.184434129387904,-0.017888632453427363,0.07962177050714528,-0.22467011647049512,0.8222359138950156,0.9349523051432759,,GMPS
ENSG00000143761,90.01595424750465,-0.010283753516783201,0.04583810161662825,-0.2243494637450837,0.8224853904656638,0.9349523051432759,,ARF1
ENSG00000110713,7.316191786378709,-0.02555320265036089,0.11391156786202238,-0.22432491387804188,0.8225044916721258,0.9349523051432759,,NUP98
ENSG00000068831,105.21664067917916,0.007493311187100459,0.033424125105105666,0.22418870093194532,0.8226104750776384,0.9349523051432759,,RASGRP2
ENSG00000167642,48.68563284318838,0.011531049968773624,0.05151008832173034,0.22386003100501517,0.8228662170895464,0.9350523795580418,,SPINT2
ENSG00000198677,21.651303383026686,-0.01781475133633066,0.07975215795217855,-0.22337641756368332,0.8232425567152902,0.935289424662685,,SKIC3
ENSG00000108510,12.109184235720823,-0.021957216592538947,0.0984984054285797,-0.22291951323475914,0.823598149123773,0.9355028069900507,,MED13
ENSG00000178567,21.8401583092908,0.0163743908604587,0.07356042353624107,0.2225978328195938,0.8238485232948508,0.9355035063330557,,EPM2AIP1
ENSG00000123737,10.816111374499178,-0.021666629724909233,0.09752535726259769,-0.22216406412713224,0.8241861677459917,0.9355035063330557,,EXOSC9
ENSG00000106733,7.433676021913453,-0.024375225421624114,0.10991788320560664,-0.2217585047196469,0.8245018835965781,0.9355035063330557,,NMRK1
ENSG00000134248,136.3983788198985,-0.009861525530164464,0.044486643245592226,-0.22167385108656298,0.8245677874979959,0.9355035063330557,,LAMTOR5
ENSG00000174944,12.64909836431419,-0.03355693743523145,0.1514015844395847,-0.22164191715326473,0.8245926487817152,0.9355035063330557,,P2RY14
ENSG00000107738,27.625175640266686,-0.014324452146801205,0.06463358234636613,-0.22162553314835043,0.8246054041655252,0.9355035063330557,,VSIR
ENSG00000141298,37.74696665255306,-0.01288518032256038,0.058229671982192456,-0.2212820351538451,0.8248728371545555,0.9356165459670059,,SSH2
ENSG00000138663,12.686600437221845,-0.018017502001625912,0.081579310655126,-0.22085871842916577,0.8252024415855447,0.9356183718453779,,COPS4
ENSG00000227039,17.99605426251848,0.020514253344143408,0.09288815616195704,0.22084896709947996,0.8252100345652025,0.9356183718453779,,ITGB2-AS1
ENSG00000111203,16.568507327230584,-0.016020198520385484,0.07270332247138662,-0.2203502945369581,0.8255983532022004,0.9358026344007646,,ITFG2
ENSG00000170458,10.970811822284075,0.02209601724402804,0.1003758344378606,0.22013283742818557,0.8257677014278553,0.9358026344007646,,CD14
ENSG00000148672,21.029601140247806,0.015203520043816346,0.06914372958274288,0.21988284600156846,0.8259623962938852,0.9358026344007646,,GLUD1
ENSG00000214026,60.992770270280516,0.009326777142149918,0.042437216609313995,0.21977824860697637,0.8260438605668154,0.9358026344007646,,MRPL23
ENSG00000174917,68.89437639127935,0.00910468051211805,0.04155327217274709,0.2191086293822463,0.8265654288216571,0.9360976455545891,,MICOS13
ENSG00000049245,10.758593796275385,-0.021476611101153863,0.09813651035583525,-0.21884425096512364,0.8267713749823788,0.9360976455545891,,VAMP3
ENSG00000076108,44.007355520979964,-0.016496440288066804,0.07539767643720437,-0.21879242262599446,0.8268117497490343,0.9360976455545891,,BAZ2A
ENSG00000257242,17.616607968358576,0.02611066130090311,0.11945484417009676,0.21858185394074972,0.826975789455148,0.9360976455545891,,LINC01619
ENSG00000099797,28.139831148390435,-0.013256861894033845,0.06091719882803619,-0.21762100275583554,0.8277244188317574,0.936754893323702,,TECR
ENSG00000077684,13.162239966024316,-0.01881341202226102,0.08661378934882286,-0.21721035603803318,0.8280444143945109,0.9369268779756074,,JADE1
ENSG00000028839,19.825788600580815,0.015034796616865903,0.06933245950414188,0.2168507611642961,0.8283246513619623,0.936955434548803,,TBPL1
ENSG00000162231,12.677148708977159,0.017156362554196277,0.0791539584917503,0.21674674117510334,0.8284057195705881,0.936955434548803,,NXF1
ENSG00000008869,10.059467255208284,0.02370811768814746,0.10976303494597518,0.21599364212019537,0.8289927034525267,0.9371453012090214,,HEATR5B
ENSG00000136286,39.94084393165207,0.012138664918082975,0.05624486497419371,0.2158181893343053,0.8291294693852471,0.9371453012090214,,MYO1G
ENSG00000107771,15.617707317632512,-0.017683508050361032,0.08198902452299348,-0.21568140556912915,0.8292360963019322,0.9371453012090214,,CCSER2
ENSG00000141699,7.812139730298844,-0.025606284725094502,0.1188336552629226,-0.21548007311935263,0.8293930465146935,0.9371453012090214,,RETREG3
ENSG00000214900,7.91718839359132,-0.024825031153919097,0.11532021730862448,-0.2152704160059062,0.82955649351829,0.9371453012090214,,LINC01588
ENSG00000063245,11.056098723376815,0.019348526809255966,0.0899755545532754,0.2150420400887834,0.8297345419452037,0.9371453012090214,,EPN1
ENSG00000196352,77.07326150055512,0.014024107181281959,0.06522169155017771,0.21502213217657257,0.8297500631400536,0.9371453012090214,,CD55
ENSG00000135930,18.71881150797777,0.01425784320543633,0.0664125494804273,0.21468597903530742,0.8300121548142211,0.9372514733179621,,EIF4E2
ENSG00000197943,15.31034136987618,-0.0201507366058406,0.09410250405220232,-0.21413602973479007,0.8304409797193376,0.9373753497621479,,PLCG2
ENSG00000105698,23.058062888043768,-0.014186116386073023,0.06625589343500134,-0.2141110118753429,0.8304604886853219,0.9373753497621479,,USF2
ENSG00000083454,95.37210747501805,0.013722830500241695,0.06427656019610431,0.2134966534981661,0.8309395990737986,0.9373753497621479,,P2RX5
ENSG00000165792,12.527131181079076,-0.0173940998819186,0.08149022814669285,-0.2134501311078304,0.8309758823495483,0.9373753497621479,,METTL17
ENSG00000215908,9.988616515586916,0.023075376810428216,0.10812509384537752,0.21341370434717746,0.8310042921946286,0.9373753497621479,,CROCCP2
ENSG00000175792,12.556696381766411,0.019991244675680038,0.09375316518993428,0.2132327440378128,0.8311454294654916,0.9373753497621479,,RUVBL1
ENSG00000149100,94.68142501498916,-0.00770818599110138,0.03618249393129537,-0.21303633756528673,0.8312986199020482,0.9373753497621479,,EIF3M
ENSG00000102572,12.724040734750623,0.019071220630877326,0.08970727786324793,0.2125939063712309,0.8316437248128885,0.9375748907312306,,STK24
ENSG00000142657,9.462257547334788,0.01926229714842177,0.0909235768992246,0.21185151096476537,0.8322228805285774,0.9380381608706989,,PGD
ENSG00000072786,17.3510538324201,0.015512839920285045,0.07350041187602792,0.21105786381782904,0.8328421193664816,0.9384118838622912,,STK10
ENSG00000034533,8.786056018741398,-0.02220038064537105,0.10521747953223808,-0.21099517631544265,0.8328910353720372,0.9384118838622912,,ASTE1
ENSG00000104921,113.8117366667055,-0.0196113710727175,0.0931890888502297,-0.21044707395128867,0.8333187554698234,0.9385608048959477,,FCER2
ENSG00000188976,21.228130478419992,-0.014873635106245276,0.07069405971447351,-0.21039441172735665,0.833359853845021,0.9385608048959477,,NOC2L
ENSG00000163374,8.3568034540208,0.01983370114081576,0.09463054044264303,0.20959091058808083,0.8339869743818099,0.9390366140951775,,YY1AP1
ENSG00000140750,19.41441119449399,0.016204927735893822,0.07737945345649605,0.20942158430990324,0.8341191444787328,0.9390366140951775,,ARHGAP17
ENSG00000171603,12.291284589164977,0.018714920076574333,0.08996130396455214,0.20803300143302345,0.8352031995908593,0.9393765236431076,,CLSTN1
ENSG00000219200,12.43256933830379,-0.01825881346338868,0.08786263513966579,-0.2078109020332091,0.835376619852205,0.9393765236431076,,RNASEK
ENSG00000117448,35.14026391038989,0.010756879290915861,0.05177358629243453,0.20776770668652175,0.8354103486910556,0.9393765236431076,,AKR1A1
ENSG00000127419,8.710363789874453,0.018551074801776722,0.08940742370537548,0.2074891998108359,0.835627826453639,0.9393765236431076,,TMEM175
ENSG00000128294,8.800909371472688,0.021729941472488613,0.10476959300767166,0.20740694746134458,0.8356920572795565,0.9393765236431076,,TPST2
ENSG00000128463,33.57285945660152,0.011283821937745164,0.05443843612135935,0.207276746756468,0.8357937331964316,0.9393765236431076,,EMC4
ENSG00000008130,10.356978667154578,-0.018934055840056026,0.09139857151453451,-0.20715920967151075,0.8358855222365676,0.9393765236431076,,NADK
ENSG00000132549,7.566910877566578,-0.023737606062242747,0.11465140112182391,-0.20704156974950644,0.8359773938238646,0.9393765236431076,,VPS13B
ENSG00000197579,21.915664545757238,0.015136258480028846,0.07314687059742152,0.20692967937527065,0.8360647773444263,0.9393765236431076,,TOPORS
ENSG00000125676,48.00083839340186,-0.011036028282216222,0.053392031341286,-0.20669804098055522,0.8362456874350715,0.9393765236431076,,THOC2
ENSG00000135506,30.663302005133044,-0.011897721707320652,0.057571058820197724,-0.2066615058180337,0.8362742222676446,0.9393765236431076,,OS9
ENSG00000107036,7.888845318306274,0.024107982873293975,0.11685490367321735,0.20630698511986725,0.8365511225643565,0.939498299983656,,RIC1
ENSG00000254887,8.704483587083667,0.023793340395718596,0.11564280795381897,0.205748552951259,0.8369873300752037,0.9397989030405428,,LNROP
ENSG00000158987,8.098051962944988,0.022024607920227403,0.10716612669058256,0.20551837227278327,0.8371671454526906,0.9398115568842768,,RAPGEF6
ENSG00000169020,187.65191142270658,0.009668991532564725,0.04740379115728789,0.20397084909269347,0.8383762790628426,0.9409794951800344,,ATP5ME
ENSG00000107872,21.116257421949175,-0.013194714884503841,0.06484281927111966,-0.2034876804065895,0.8387538738657336,0.9412138459801431,,FBXL15
ENSG00000112146,20.51648815085246,-0.016160008242876025,0.07977849355651276,-0.20256096000896215,0.8394782067525496,0.9417394478590188,,FBXO9
ENSG00000168297,23.347879881063168,-0.014374137301519974,0.0709987264114939,-0.20245626968307084,0.8395600421999967,0.9417394478590188,,PXK
ENSG00000183648,111.36036490686534,-0.01182726323377715,0.05864522875576951,-0.2016747736296209,0.8401709850901343,0.9420669194762236,,NDUFB1
ENSG00000151092,33.43362095697316,0.011413962750038253,0.05661512221914207,0.20160625470095855,0.8402245550915663,0.9420669194762236,,NGLY1
ENSG00000010404,60.06580728602805,-0.020108781347118125,0.09982788668448513,-0.20143450908335572,0.8403588338369326,0.9420669194762236,,IDS
ENSG00000152422,8.310675630577943,0.020618629474468093,0.10249921962251893,0.20115889223744107,0.8405743336679175,0.9421031718478278,,XRCC4
ENSG00000004142,14.661012711619708,0.015364835963135499,0.07645681290729016,0.20096097887007872,0.8407290859244604,0.9421031718478278,,POLDIP2
ENSG00000168036,31.76901646747701,-0.015587108024121993,0.07766799426326604,-0.20068894751276065,0.8409418025014934,0.9421521982616691,,CTNNB1
ENSG00000118503,20.54661605351049,0.027525533725478075,0.1374285151878104,0.2002898284090573,0.8412539171306603,0.942312543575846,,TNFAIP3
ENSG00000075624,1700.8722044715569,0.008460963966317072,0.04232877667227289,0.1998868058915427,0.8415691095819178,0.9424762713454055,,ACTB
ENSG00000189050,10.273759993704596,-0.01804513829033014,0.09038974240594305,-0.19963701422323876,0.8417644772925013,0.9425057681491943,,RNFT1
ENSG00000126012,7.667481932932089,0.022042328548510685,0.11084230074649906,0.1988620625885636,0.8423706464316205,0.9429951263807902,,KDM5C
ENSG00000162889,8.476714839377275,0.023223441910088963,0.11707244869013923,0.19836812307185495,0.8427570559493809,0.9431727626772046,,MAPKAPK2
ENSG00000128626,24.027496509025017,0.01145524836026367,0.05778859726110772,0.19822679392104162,0.8428676248960743,0.9431727626772046,,MRPS12
ENSG00000183020,7.770177027315644,0.020827856846984117,0.10557430058903321,0.19728150440759504,0.8436072522649756,0.9438110029352937,,AP2A2
ENSG00000162664,29.21466613174932,0.016246873790740347,0.08302889263648494,0.1956773512790543,0.8448627127593236,0.945025975194782,,ZNF326
ENSG00000247092,8.819114489948879,0.018504240381755823,0.09476103723527728,0.19527266608334604,0.8451794944525037,0.945094875899097,,SNHG10
ENSG00000134748,20.61464155775058,-0.013275311068845696,0.06802074806490398,-0.19516561411789637,0.8452632973652792,0.945094875899097,,PRPF38A
ENSG00000198464,19.84997229296861,0.014034918106525915,0.07222135390723065,0.19433197174001976,0.8459159529665932,0.9452067885566503,,ZNF480
ENSG00000150991,678.0123322436028,0.008862426271302761,0.04566574739666028,0.19407163523071794,0.8461197911652131,0.9452067885566503,,UBC
ENSG00000137309,31.96332319670029,0.012045866410432387,0.062072758733937354,0.19406043256534833,0.8461285628558605,0.9452067885566503,,HMGA1
ENSG00000158201,10.205474560440765,0.01749097335756621,0.09018838695540479,0.19393819922974034,0.846224272836554,0.9452067885566503,,ABHD3
ENSG00000123066,14.254191473355936,-0.01910248193264707,0.09859349298064529,-0.19374992563045765,0.8463716974730038,0.9452067885566503,,MED13L
ENSG00000172795,26.40853461170414,0.012780970796545504,0.06597014031502611,0.19373872384555718,0.8463804690214051,0.9452067885566503,,DCP2
ENSG00000196976,19.085189904110454,0.013667209681857334,0.07074165918994244,0.19319888504679636,0.8468032118909072,0.9454895293359429,,LAGE3
ENSG00000130811,117.9203354575718,0.0071148895019825,0.03688857590873448,0.19287514702615113,0.8470567493573762,0.9455832701534994,,EIF3G
ENSG00000059758,7.378133676816611,0.022342216455430833,0.11601244064516614,0.19258466015525347,0.8472842594536261,0.9456479244822696,,CDK17
ENSG00000157191,37.121502718959235,-0.011024126173969334,0.05733983690637521,-0.19225946163693464,0.847538970904639,0.9456706523973591,,NECAP2
ENSG00000196305,9.104352487775866,0.01860555889561306,0.09684059878529751,0.19212560774084955,0.8476438164781208,0.9456706523973591,,IARS1
ENSG00000171135,17.462891019123116,0.014235739912680956,0.07458591435792537,0.19086365080095433,0.8486324190564251,0.9463991995363185,,JAGN1
ENSG00000156504,10.786114465694412,-0.01862853781549925,0.09760381803576283,-0.19085869989915355,0.8486362980060245,0.9463991995363185,,PABIR2
ENSG00000136280,32.02062661413627,0.011571755651631458,0.06080579440122435,0.19030679173888823,0.8490687318703075,0.9466921113594949,,CCM2
ENSG00000198945,15.472361320915592,0.016716335671360483,0.08814976953164531,0.18963561402573384,0.8495946776097294,0.9470891488108458,,L3MBTL3
ENSG00000005893,10.503270372880504,0.018607485840140183,0.09847496477607605,0.1889565117636962,0.8501269012897605,0.9474710078874197,,LAMP2
ENSG00000112561,19.106668027582405,0.018577873742488614,0.09841804111952417,0.1887649208535521,0.8502770666191979,0.9474710078874197,,TFEB
ENSG00000176410,9.953974344932433,-0.017242337911668883,0.09151303572749098,-0.1884140087212646,0.8505521189864904,0.9475881349587754,,DNAJC30
ENSG00000184209,11.864254631141769,-0.016580151115288405,0.0882363014604776,-0.18790623406529464,0.8509501557134833,0.9478422030080669,,SNRNP35
ENSG00000095787,45.155064730241016,0.011436976597721834,0.061119092066130046,0.18712608795541624,0.8515617741938748,0.9483340229488807,,WAC
ENSG00000119185,26.72377408014614,0.013147723797314565,0.07059005208245697,0.18625462667114304,0.8522450874568581,0.9489054727754475,,ITGB1BP1
ENSG00000102226,13.100977203552155,-0.017259077135392875,0.09277473589546337,-0.18603208048837827,0.8524196038384193,0.9489103036540278,,USP11
ENSG00000137413,9.761964690034945,-0.01717676524499625,0.09272867174438901,-0.18523683044166553,0.8530432824160777,0.9492758441796659,,TAF8
ENSG00000115274,8.142828094604349,-0.019727491508512357,0.10653188072675593,-0.1851792287335233,0.8530884603989071,0.9492758441796659,,INO80B
ENSG00000177889,67.40389332058918,0.010174125925283052,0.05505597808040879,0.18479602542749904,0.8533890254190721,0.9494208311525829,,UBE2N
ENSG00000136444,10.813490404108023,0.016447150338447302,0.0892275828162041,0.18432809473642303,0.8537560751151306,0.949639711717927,,RSAD1
ENSG00000183513,13.991490445192362,0.013117211039777726,0.0713999324830552,0.18371461405640313,0.8542373436866428,0.949947328057488,,COA5
ENSG00000166913,148.54965477753615,-0.005845804907108804,0.031850088448764934,-0.18354124562362054,0.8543733590760945,0.949947328057488,,YWHAB
ENSG00000070010,22.70220194493099,-0.011409861787125728,0.062261210636438864,-0.18325794937960968,0.854595627126262,0.950005027283899,,UFD1
ENSG00000161981,29.787094405020127,-0.014356494184539487,0.07853661482602776,-0.1828000126608667,0.8549549386767674,0.9502150165560406,,SNRNP25
ENSG00000158864,23.089370240501363,0.013324957541009269,0.07300848662421151,0.18251244693778335,0.8551805871659893,0.9502763957826936,,NDUFS2
ENSG00000137692,10.420729009268522,0.015890553332101036,0.08763069876440778,0.18133546298452166,0.8561042719794028,0.9509245759763482,,DCUN1D5
ENSG00000072694,41.0420704605206,-0.01275431349584378,0.07034839961264729,-0.18130211299861326,0.8561304475811452,0.9509245759763482,,FCGR2B
ENSG00000182158,8.41262893329653,0.01885604636035385,0.10417580026868567,0.1810021743218786,0.8563658693430459,0.9509245759763482,,CREB3L2
ENSG00000179958,19.8187943036075,-0.01303377324938784,0.07204959796646786,-0.18090001356362606,0.8564460582053839,0.9509245759763482,,DCTPP1
ENSG00000182307,24.392382033787225,0.011489356522927065,0.0638284049513977,0.18000381697890877,0.8571495716304438,0.95144726169976,,C8orf33
ENSG00000138674,23.03711588978411,-0.011255830968634317,0.06263741898411325,-0.1796981924093829,0.8573895125929126,0.95144726169976,,SEC31A
ENSG00000132676,30.48445233846334,0.009544728724548994,0.05313009112808061,0.17964826564177228,0.8574287105525994,0.95144726169976,,DAP3
ENSG00000131669,8.908947339456281,-0.019676728415101093,0.10978048189370515,-0.17923703809346608,0.8577515824088682,0.951598703495949,,NINJ1
ENSG00000151465,29.24059597750909,-0.010281433654398271,0.05742543147016991,-0.17903972841264662,0.8579065068999526,0.951598703495949,,CDC123
ENSG00000110917,11.99964282807638,0.0159145392563429,0.08905539175750259,0.1787038262621775,0.8581702646280356,0.951701948203247,,MLEC
ENSG00000213339,17.449647845141193,-0.012195485214764311,0.06849909708859823,-0.17803862726818726,0.8586926401485531,0.9517867358692038,,QTRT1
ENSG00000092531,45.265829574836985,-0.00955476625578825,0.053674164434114,-0.1780142524159253,0.8587117827041143,0.9517867358692038,,SNAP23
ENSG00000156860,10.065196615934784,0.01689010412304354,0.0951137328139152,0.1775779755809616,0.8590544225539446,0.9517867358692038,,FBRS
ENSG00000171960,22.36862867959338,0.01112619069851567,0.0628603472137265,0.17699855619133611,0.8595095236661905,0.9517867358692038,,PPIH
ENSG00000214941,22.485912850761025,0.011219911076080311,0.0634163112111932,0.17692468801465,0.8595675462927626,0.9517867358692038,,ZSWIM7
ENSG00000166164,25.4447451809774,0.018447409924639918,0.10428171159675886,0.1768997616377182,0.8595871258541736,0.9517867358692038,,BRD7
ENSG00000147872,14.975781830389728,-0.017815168363901686,0.10075493345718213,-0.17681683419971295,0.8596522656198644,0.9517867358692038,,PLIN2
ENSG00000122557,19.549008546771287,-0.013838259307550595,0.07842559884062916,-0.17645079555811496,0.8599398015410342,0.9517867358692038,,HERPUD2
ENSG00000126261,23.768628984042987,-0.011179767528807158,0.06341076544620615,-0.17630708997341146,0.8600526922910193,0.9517867358692038,,UBA2
ENSG00000159459,10.19453323911591,-0.017405649051199425,0.09886043509128765,-0.17606284086375973,0.8602445735464896,0.9517867358692038,,UBR1
ENSG00000064393,9.247204947871897,-0.025539662962975468,0.14522295182617787,-0.17586519652585447,0.8603998482952007,0.9517867358692038,,HIPK2
ENSG00000143815,46.00317371661004,0.015329529551927866,0.08718263596299829,0.17583237054720352,0.8604256377965307,0.9517867358692038,,LBR
ENSG00000139641,12.907771909530126,0.01409622700917075,0.08022306998758795,0.17571288422833617,0.8605195126469669,0.9517867358692038,,ESYT1
ENSG00000123154,8.476595543176655,-0.016254105672728114,0.09258218504313163,-0.17556407493683313,0.8606364279505965,0.9517867358692038,,WDR83
ENSG00000099204,20.273487735519307,-0.01260638333133041,0.07216926020920675,-0.17467801796480373,0.8613326413183688,0.9522687096446287,,ABLIM1
ENSG00000123933,11.492507751305869,0.015710788063147456,0.0901281184790028,0.17431616601213756,0.8616169951026365,0.9522687096446287,,MXD4
ENSG00000105254,54.51723611987607,-0.007746705908863049,0.04451597737749191,-0.17402079804227605,0.8618491171380924,0.9522687096446287,,TBCB
ENSG00000185049,7.342465421903466,-0.017663729813600385,0.1015473506149253,-0.17394574754177972,0.8619080992838847,0.9522687096446287,,NELFA
ENSG00000172239,15.546499341173838,-0.012713567020144706,0.07309891478845794,-0.17392278745774395,0.8619261437547421,0.9522687096446287,,PAIP1
ENSG00000102699,9.092963430924403,0.021513601557678556,0.12429166282238058,0.17308965918673597,0.8625809530439047,0.9528033665160087,,PARP4
ENSG00000159958,35.585242164206015,-0.01528494848237676,0.08858211117530293,-0.1725511875882934,0.863004222902615,0.9530631433105494,,TNFRSF13C
ENSG00000101160,30.42993199010736,0.01149774094053963,0.06670941326607636,0.17235559987133867,0.8631579759179114,0.9530631433105494,,CTSZ
ENSG00000178177,10.023839353365295,0.01770527880981147,0.10306715333866656,0.17178391210276278,0.8636074137846645,0.9533706076545811,,LCORL
ENSG00000142327,9.925051490232118,0.015564492499015765,0.09072383980238473,0.17155901395838677,0.8637842317409501,0.9533770538771849,,RNPEPL1
ENSG00000198783,22.556932066637696,0.013330006898848317,0.07796182512229675,0.1709812062241728,0.8642385432391329,0.9534539619324046,,ZNF830
ENSG00000107560,9.126934644723512,-0.018043218059501286,0.10559585492514766,-0.17087051449407126,0.8643255816872504,0.9534539619324046,,RAB11FIP2
ENSG00000163634,45.86940182555664,0.007953526616496034,0.04668543315921587,0.17036420309888417,0.8647237223556121,0.9534539619324046,,THOC7
ENSG00000155903,24.754168115249435,0.01329243461137541,0.07808618813760684,0.17022773077296213,0.8648310439779208,0.9534539619324046,,RASA2
ENSG00000196268,17.593274981089124,-0.013942194130097436,0.08190563180748046,-0.1702226552976067,0.8648350353718508,0.9534539619324046,,ZNF493
ENSG00000065357,12.982377171202842,-0.014451815873707828,0.08492792821312661,-0.17016564724669841,0.8648798671904776,0.9534539619324046,,DGKA
ENSG00000170291,16.324071717132906,-0.017841954104056323,0.10504476586621228,-0.16985095789332613,0.8651273505150656,0.9535382697118019,,ELP5
ENSG00000133318,13.356606099058153,-0.012591215666036442,0.07452650232796851,-0.1689495048436102,0.8658363596114854,0.9538187621459561,,RTN3
ENSG00000109670,14.754266923503131,0.01540058858829534,0.09121949669511643,0.16883001053786598,0.8659303521584214,0.9538187621459561,,FBXW7
ENSG00000125755,15.015666393984121,0.013134263623686913,0.07784112956551292,0.16873166791127828,0.86600770851337,0.9538187621459561,,SYMPK
ENSG00000225484,11.084456398495472,-0.01641511835969542,0.09748861199197258,-0.16837985508550554,0.8662844551474452,0.9538187621459561,,NUTM2B-AS1
ENSG00000168944,8.38768486915211,0.017949379922226144,0.10681252302052112,0.16804565059078005,0.8665473657192002,0.9538187621459561,,CEP120
ENSG00000065548,81.81189561265955,0.007169157258403102,0.04282439691119286,0.16740824799635007,0.8670488357961139,0.9538187621459561,,ZC3H15
ENSG00000135775,8.104419788870539,0.016332135365376053,0.09756232550607853,0.167402071246841,0.8670536955537489,0.9538187621459561,,COG2
ENSG00000185808,18.30505181373578,-0.011466812021330538,0.06862756792555778,-0.1670875475839229,0.867301163866203,0.9538187621459561,,PIGP
ENSG00000158716,10.829138566993567,-0.014826585301003054,0.08946133050091015,-0.1657317772716583,0.8683680372225575,0.9538187621459561,,DUSP23
ENSG00000245556,7.5820784826027054,0.017822619222582232,0.10756983246682664,0.1656841775604562,0.868405498424196,0.9538187621459561,,SCAMP1-AS1
ENSG00000104218,8.23039110626745,-0.019222346086640855,0.11611404090992411,-0.16554712880548753,0.868513358103054,0.9538187621459561,,CSPP1
ENSG00000113456,10.492862366118874,-0.016163206158867276,0.09768407907013965,-0.16546407882150052,0.8685787210304191,0.9538187621459561,,RAD1
ENSG00000103024,34.58150056797481,0.010064687120632005,0.061048315840650354,0.16486428793388946,0.8690508018046832,0.9538187621459561,,NME3
ENSG00000173598,22.402713987546143,0.013333410038324943,0.08090983615530489,0.1647934376326225,0.8691065694344001,0.9538187621459561,,NUDT4
ENSG00000124570,16.925654211070785,-0.015930279262295902,0.09677501587962548,-0.16461148693698932,0.8692497892959286,0.9538187621459561,,SERPINB6
ENSG00000119906,9.762064510284286,-0.018047808369925027,0.10989300249156422,-0.16423073317439335,0.8695495079948639,0.9538187621459561,,SLF2
ENSG00000133393,10.157798633325388,-0.014682534086952347,0.08950393333678341,-0.16404345082472782,0.8696969382950259,0.9538187621459561,,CEP20
ENSG00000138688,16.564691341313033,0.015833218454106547,0.09652310728097512,0.16403552372196895,0.8697031786794541,0.9538187621459561,,BLTP1
ENSG00000108591,11.933790502302891,0.013113830978258512,0.07997687736419966,0.16397028004157493,0.8697545402049305,0.9538187621459561,,DRG2
ENSG00000113621,7.917934988001213,-0.017387976373894515,0.10609393237041025,-0.1638922790908262,0.869815945307203,0.9538187621459561,,TXNDC15
ENSG00000160326,13.560409876562664,-0.013171909364071194,0.08040633910381836,-0.16381680239245816,0.8698753639761838,0.9538187621459561,,SLC2A6
ENSG00000172500,35.897544888103184,-0.008404165838968903,0.051323874924641306,-0.16374768762702963,0.8699297748883617,0.9538187621459561,,FIBP
ENSG00000138750,10.935331070915016,0.015040780470474312,0.0919703132719793,0.16353951547381326,0.8700936630786051,0.9538187621459561,,NUP54
ENSG00000085491,12.379512540138672,0.016483048339870673,0.10082517548281246,0.16348147435340213,0.8701393582456423,0.9538187621459561,,SLC25A24
ENSG00000172534,8.840627393349793,0.015868933947486057,0.09713028434599008,0.16337781830184858,0.8702209666494044,0.9538187621459561,,HCFC1
ENSG00000130775,19.588424218385956,-0.02452412739737484,0.15053682510097402,-0.16291115068306408,0.8705883911453365,0.9538187621459561,,THEMIS2
ENSG00000064995,24.8906440798972,-0.011494572843688235,0.0707179952928901,-0.16254098827436478,0.8708798534279463,0.9538187621459561,,TAF11
ENSG00000111642,33.810968854324294,-0.011625433189254268,0.07161126823078226,-0.16234083652573897,0.8710374582766278,0.9538187621459561,,CHD4
ENSG00000144535,8.626297770210238,0.016479618777181165,0.10179744346682865,0.16188637175894457,0.87139533501413,0.9538187621459561,,DIS3L2
ENSG00000136770,13.568132407303679,-0.01359618676218282,0.08410033248083591,-0.16166626648332225,0.8715686704779545,0.9538187621459561,,DNAJC1
ENSG00000169976,112.64332462756248,-0.005831250044846429,0.036144356487905184,-0.16133224136381327,0.8718317309234569,0.9538187621459561,,SF3B5
ENSG00000166200,25.60566460797316,0.013719598091783792,0.08504509372438111,0.16132145301934797,0.8718402274871191,0.9538187621459561,,COPS2
ENSG00000197857,9.286731158042718,-0.016012963979438473,0.09935300080267528,-0.16117242408452037,0.8719575995412661,0.9538187621459561,,ZNF44
ENSG00000188428,8.072877009544522,0.01743066324919683,0.10823649428196405,0.16104238560968787,0.8720600174119358,0.9538187621459561,,BLOC1S5
ENSG00000143748,9.548465682546935,-0.01596253088273067,0.09917806048088014,-0.1609482057355616,0.8721341945071492,0.9538187621459561,,NVL
ENSG00000079462,12.314220863647781,-0.013588282630444195,0.08482679667912733,-0.16018856260533246,0.8727325387698535,0.9538187621459561,,PAFAH1B3
ENSG00000166946,51.48506717122258,-0.0074684638737609246,0.04673161774677135,-0.1598160781471537,0.87302595834577,0.9538187621459561,,CCNDBP1
ENSG00000151247,34.83678245571016,0.009871797543105207,0.06179037791750335,0.15976269891543782,0.8730680085428848,0.9538187621459561,,EIF4E
ENSG00000131374,19.97538897107881,0.012884213429552841,0.08065736940714963,0.15974006497180357,0.8730858388401788,0.9538187621459561,,TBC1D5
ENSG00000186283,20.017300847953166,-0.012104239251127432,0.07586777953744925,-0.15954387125766128,0.8732403966771181,0.9538187621459561,,TOR3A
ENSG00000102897,16.911796421091452,0.011129526438462625,0.06977250425942132,0.15951163795242188,0.8732657899511553,0.9538187621459561,,LYRM1
ENSG00000214253,81.75458733948531,0.006466679111092529,0.040620727050634374,0.15919653784216398,0.8735140314801189,0.9538187621459561,,FIS1
ENSG00000138085,54.28342587629349,-0.007151360893049891,0.04494347082152936,-0.15911901689675825,0.8735751057835052,0.9538187621459561,,ATRAID
ENSG00000143393,10.685495441611915,-0.014131009156440106,0.08900734757001691,-0.15876227684825753,0.8738561704966358,0.9538187621459561,,PI4KB
ENSG00000100300,91.66677977405853,-0.007409592841965145,0.04668610290014729,-0.15871088785913137,0.8738966596421476,0.9538187621459561,,TSPO
ENSG00000117335,18.91453362758514,-0.013840070530032953,0.08730557350329485,-0.15852447873228437,0.8740435332969465,0.9538187621459561,,CD46
ENSG00000135951,8.856868790076913,-0.018145550381058747,0.11475838775335913,-0.1581196001119979,0.8743625562412144,0.9538187621459561,,TSGA10
ENSG00000165119,221.58148302229563,0.00512205875982181,0.03240501381093233,0.15806377339341865,0.8744065463469458,0.9538187621459561,,HNRNPK
ENSG00000002834,9.618070962003204,0.015867008419120802,0.10044033494173626,0.1579744674121705,0.8744769181100706,0.9538187621459561,,LASP1
ENSG00000108256,24.624993726957875,-0.014798984794374533,0.093754924692194,-0.15784754606716345,0.8745769319191868,0.9538187621459561,,NUFIP2
ENSG00000178605,11.87173717601651,0.013530948013093489,0.08579435551268841,0.15771373224072244,0.8746823791620894,0.9538187621459561,,GTPBP6
ENSG00000198961,36.410184318764266,0.011598299044815207,0.07364438312417262,0.15749061303506587,0.8748582052915715,0.9538187621459561,,PJA2
ENSG00000124486,14.727890154847568,-0.01356141152327905,0.08613983024213369,-0.15743485313540517,0.8749021471059392,0.9538187621459561,,USP9X
ENSG00000089818,14.257115451508074,0.01405168142903613,0.08927984293239559,0.1573891817851464,0.87493813888554,0.9538187621459561,,NECAP1
ENSG00000160208,11.50171531983276,-0.014000431782324166,0.08908798796690143,-0.1571528564269035,0.8751243816579327,0.9538187621459561,,RRP1B
ENSG00000005471,16.465008165217483,-0.01427954102527584,0.09110430077875634,-0.1567383855999643,0.875451033619759,0.9538187621459561,,ABCB4
ENSG00000109929,9.349292285694737,0.023200518964058846,0.14805116526606954,0.15670608821189708,0.875476488667929,0.9538187621459561,,SC5D
ENSG00000135698,11.168595757884942,-0.015082313626504286,0.09632748734141315,-0.15657331092887433,0.8755811378684939,0.9538187621459561,,MPHOSPH6
ENSG00000143575,42.46917880031592,0.007084145766367335,0.04543145934588575,0.15593040303709443,0.8760878802623208,0.9538187621459561,,HAX1
ENSG00000160602,12.875867166735874,-0.013711922628727455,0.08806495942470387,-0.1557023669607347,0.8762676313627192,0.9538187621459561,,NEK8
ENSG00000152256,8.259983657716184,-0.018301486934166007,0.11777982361692162,-0.15538728427452494,0.876516008088023,0.9538187621459561,,PDK1
ENSG00000008324,56.14364870907675,-0.00896752622628486,0.05780732278434832,-0.15512785914231741,0.876720519615084,0.9538187621459561,,SS18L2
ENSG00000115652,13.023263797736023,-0.014744579776959265,0.09512588832110651,-0.15500070524637344,0.8768207613194027,0.9538187621459561,,UXS1
ENSG00000128789,33.276765339592096,-0.008217318567171722,0.05305010057034931,-0.15489732307434181,0.8769022640544174,0.9538187621459561,,PSMG2
ENSG00000148154,15.376498717765875,-0.014291282347701943,0.09243464321080781,-0.15460959063918311,0.8771291086838963,0.9538187621459561,,UGCG
ENSG00000105393,24.665065633954722,0.00971870020657984,0.06287298444839007,0.15457672785610382,0.8771550179308166,0.9538187621459561,,BABAM1
ENSG00000088298,10.635346975646202,-0.012768313804888411,0.08268044314289384,-0.15442967308268246,0.8772709585495636,0.9538187621459561,,EDEM2
ENSG00000168101,21.374851962221083,-0.009402112651635697,0.06090870517920322,-0.1543640211029469,0.8773227205972296,0.9538187621459561,,NUDT16L1
ENSG00000122218,20.504818794158933,0.013711317759185989,0.08884515634575366,0.1543282529193424,0.8773509215582026,0.9538187621459561,,COPA
ENSG00000123104,14.282750261303086,-0.017334847502615703,0.11236214008567746,-0.15427658719741077,0.8773916570021333,0.9538187621459561,,ITPR2
ENSG00000170445,11.570951265278099,0.011992003816796857,0.07781709745169045,0.15410500017996176,0.8775269458050133,0.9538187621459561,,HARS1
ENSG00000152464,13.624612186536307,0.013052477149795098,0.08497121588809135,0.15361057286723365,0.8779167999480597,0.9540565341084352,,RPP38
ENSG00000165525,48.40272434759911,-0.008255753943859306,0.05397591938286434,-0.1529525395445186,0.8784357027491383,0.9542886729391908,,NEMF
ENSG00000147155,19.08977825879073,-0.010834095936902101,0.07090955505270395,-0.15278753235511905,0.8785658300316076,0.9542886729391908,,EBP
ENSG00000091527,31.56170564956033,-0.0158184102514023,0.10364320558624385,-0.1526237070913389,0.8786950284743468,0.9542886729391908,,CDV3
ENSG00000165283,28.053177530630123,-0.008981846550009318,0.05890832138013835,-0.15247160909659963,0.8788149812666329,0.9542886729391908,,STOML2
ENSG00000069275,100.61288837704922,-0.007682933364434931,0.050524606965712815,-0.1520631990200092,0.8791370895325923,0.9544525722807117,,NUCKS1
ENSG00000183049,32.24887230180624,0.011510768249274491,0.07602590923359065,0.15140586104544304,0.8796555663175145,0.9548295576769439,,CAMK1D
ENSG00000172766,8.766394150195483,0.015457692103627055,0.1024827753411729,0.15083209887873578,0.8801081646856409,0.9551349019632414,,NAA16
ENSG00000161960,200.50344756473436,-0.006205188359185108,0.04139576657241406,-0.14989910498046471,0.8808442178613378,0.9554551772357447,,EIF4A1
ENSG00000058091,12.307417528505809,0.01664272598507714,0.11106152819354063,0.14985140449422596,0.8808818522770331,0.9554551772357447,,CDK14
ENSG00000205155,30.75192658722368,-0.008517956271522208,0.056902680985508776,-0.14969340853538074,0.8810065088095203,0.9554551772357447,,PSENEN
ENSG00000162419,8.099151249966361,0.015846159708895816,0.10593113722400542,0.14958925320878044,0.8810886874724174,0.9554551772357447,,GMEB1
ENSG00000100815,19.719720833456957,0.013131320589315957,0.08804308599335957,0.14914652798865266,0.8814380124172376,0.9556186906626303,,TRIP11
ENSG00000171310,10.551189964368549,-0.0147628131090648,0.09910339195550964,-0.14896375207512827,0.8815822354319531,0.9556186906626303,,CHST11
ENSG00000105879,13.256028244182014,-0.01251165878027913,0.08426538830246127,-0.14847921587176358,0.8819645874699175,0.955844925276336,,CBLL1
ENSG00000180096,57.61663877457741,-0.007066651341878019,0.047662363639828266,-0.14826481110502227,0.8821337850559585,0.955844925276336,,SEPTIN1
ENSG00000175376,12.085183025120374,-0.015363657782109186,0.1039160942636136,-0.14784675935889938,0.8824637061780346,0.956016636030449,,EIF1AD
ENSG00000185515,10.25870248156914,-0.013359741731052211,0.09088895052145002,-0.14698972377175024,0.8831401314585616,0.9564778165273088,,BRCC3
ENSG00000136628,24.340141676310804,-0.01132468411767829,0.07710542240740667,-0.14687273299459225,0.8832324744080188,0.9564778165273088,,EPRS1
ENSG00000183255,8.159765768713784,0.014783368198129395,0.1008457552531764,0.14659385673710595,0.8834526029100899,0.9565304298692545,,PTTG1IP
ENSG00000128050,7.8668675267047,-0.013869064011428284,0.09538853417230345,-0.14539550410090313,0.8843986141541635,0.9573687968401506,,PAICS
ENSG00000157637,8.625000823911419,0.015942959857374213,0.11020664780262801,0.1446642301100282,0.8849759822439829,0.9578078565590933,,SLC38A10
ENSG00000213988,45.4535930511811,0.023574318746913344,0.16344746488500558,0.14423177969446752,0.8853174467371205,0.9579914773930106,,ZNF90
ENSG00000051108,174.6700589882634,-0.014027305869460141,0.0975570692820122,-0.14378564231886504,0.8856697408259645,0.9581212580631673,,HERPUD1
ENSG00000071994,34.05701599381149,-0.007300387765826695,0.05082253478905868,-0.14364470005534546,0.8857810411254713,0.9581212580631673,,PDCD2
ENSG00000068305,39.398195757449756,-0.010704285334445575,0.07514651242608827,-0.1424455372426494,0.8867280955593726,0.958663904656673,,MEF2A
ENSG00000133460,9.516955617155995,-0.014154897697906526,0.09953822301956912,-0.14220564993533877,0.88691756914366,0.958663904656673,,SLC2A11
ENSG00000145247,70.89909088555568,-0.005988608969356199,0.042114851423862606,-0.1421970817155253,0.8869243368215028,0.958663904656673,,OCIAD2
ENSG00000100453,13.967886862693938,0.012776522513658215,0.089887690806729,0.14213873333479565,0.8869704239820257,0.958663904656673,,GZMB
ENSG00000104979,121.5809889026324,0.004653696992516856,0.03281860824400332,0.14180055893647436,0.8872375425637877,0.9587667708014885,,C19orf53
ENSG00000167257,8.484577630323479,0.014245512337943805,0.10120124652365245,0.14076419834032763,0.888056226975802,0.9587833218009352,,RNF214
ENSG00000168734,67.2514813728255,0.009059055060154704,0.06437405089316593,0.14072526017026574,0.8880869889435299,0.9587833218009352,,PKIG
ENSG00000178950,10.820367254246804,0.012787769670122682,0.09094438459558422,0.14061087693306124,0.8881773550649714,0.9587833218009352,,GAK
ENSG00000251022,10.70517234845772,-0.013539133279572395,0.09639903368136084,-0.14044884852606404,0.8883053647591496,0.9587833218009352,,THAP9-AS1
ENSG00000143442,14.969201445289432,0.010937518450248054,0.0779036103698468,0.14039809449552168,0.8883454633144361,0.9587833218009352,,POGZ
ENSG00000100461,53.6442159295981,0.008976954573112858,0.06405743801856825,0.14013914466124477,0.8885500527780463,0.9587833218009352,,RBM23
ENSG00000108773,10.999200892810881,0.013355226038712318,0.09539141812737845,0.14000448154443793,0.8886564495054343,0.9587833218009352,,KAT2A
ENSG00000197372,9.199080978470995,-0.01579558287507539,0.1128291011868375,-0.13999564570596865,0.8886634307321102,0.9587833218009352,,ZNF675
ENSG00000104825,11.449723022927566,-0.014999514072046674,0.1073851662410468,-0.13967957211499177,0.888913167250126,0.9587833218009352,,NFKBIB
ENSG00000147669,54.281788743400924,0.00750337203047097,0.05374728065177809,0.13960468212493166,0.8889723410528757,0.9587833218009352,,POLR2K
ENSG00000046653,10.995516542374027,0.016085547085050857,0.11554893744866453,0.13920982261041787,0.8892843467638851,0.9588307840846995,,GPM6B
ENSG00000076685,8.459578992053219,0.014318185290245667,0.10292429781504105,0.1391137524783118,0.8893602609910447,0.9588307840846995,,NT5C2
ENSG00000090382,156.73256983241947,-0.009183502087459596,0.06627194355393524,-0.13857300080516924,0.8897875796687705,0.9589406999643478,,LYZ
ENSG00000132604,8.1491059411211,0.018199139105621463,0.13143272808921505,0.1384673313123965,0.8898710867103865,0.9589406999643478,,TERF2
ENSG00000136100,26.414642994111706,0.009265135757226628,0.067016504939538,0.1382515511005176,0.8900416143393002,0.9589406999643478,,VPS36
ENSG00000182903,20.236063026246395,-0.01022686078769606,0.07416273892125087,-0.13789756064100292,0.8903213783175817,0.9589406999643478,,ZNF721
ENSG00000075239,16.19517392745505,0.011257803305428636,0.0817560319797553,0.13769997188973568,0.8904775416172791,0.9589406999643478,,ACAT1
ENSG00000175467,14.205051681060686,0.01027027014932843,0.07459573278404255,0.13767905704554506,0.8904940718105081,0.9589406999643478,,SART1
ENSG00000197746,122.712308400415,-0.006350294931539077,0.04639421330100998,-0.13687687493131465,0.8911281179064101,0.959377256808599,,PSAP
ENSG00000163346,22.914524852025583,0.00998753965153386,0.07304527694098924,0.13673080683371833,0.8912435778817329,0.959377256808599,,PBXIP1
ENSG00000107679,15.357568396093026,0.013440464599557438,0.09852328165216032,0.1364191729525356,0.8914899175430058,0.9594572052151709,,PLEKHA1
ENSG00000084072,19.916899158203854,0.010076218694124135,0.07416420923317057,0.1358636301567611,0.8919290877443584,0.9597446146782214,,PPIE
ENSG00000170540,59.93884256926906,-0.006652142948632567,0.04923468832183889,-0.13511089793335598,0.8925241938844635,0.9601996729885719,,ARL6IP1
ENSG00000164543,116.01515432471858,0.00947262670155415,0.07023215289786325,0.1348759266333461,0.8927099733708801,0.9602142769128139,,STK17A
ENSG00000111605,22.0479037597599,-0.008247019999208025,0.06148499279580625,-0.13413061666277915,0.8932992897934062,0.9606628427942204,,CPSF6
ENSG00000187764,9.816535831632804,0.013348946763178958,0.0999669330957116,0.13353362306712202,0.893771375004094,0.960985188396226,,SEMA4D
ENSG00000180389,13.630244915925237,0.02287843171734746,0.171725164306308,0.13322701893904704,0.8940138432892301,0.9610605726201555,,ATP5F1EP2
ENSG00000205323,8.853737454028199,0.0119962144795366,0.0902803896642975,0.132877300642408,0.8942904191564254,0.9610642782614114,,SARNP
ENSG00000198382,52.64203702242411,-0.008739419177785916,0.06591940063346773,-0.1325773458769717,0.8945276496117264,0.9610642782614114,,UVRAG
ENSG00000135446,10.874994575456334,0.012666873252960344,0.09554938765435662,0.13256885851306438,0.8945343622985518,0.9610642782614114,,CDK4
ENSG00000084676,8.036145560080032,0.014264087636320996,0.10793193054117492,0.1321581812240391,0.8948591774679402,0.9612280434523665,,NCOA1
ENSG00000065809,69.06843256352502,0.009921866301187738,0.07529222283155057,0.13177810307693644,0.8951598067029216,0.9613657708350329,,FAM107B
ENSG00000170345,722.4682220033934,-0.015896465514386577,0.12136803812296437,-0.13097736241135438,0.8957932152944128,0.9618190712758182,,FOS
ENSG00000122958,14.868827316635176,-0.011843495961520114,0.09054078835253558,-0.13080840333977983,0.8959268752163916,0.9618190712758182,,VPS26A
ENSG00000119977,9.340593366603327,-0.013492120632366137,0.10338637671887028,-0.13050191969735148,0.8961693354332997,0.9618941702360113,,TCTN3
ENSG00000130706,34.505776431204644,-0.007669901575901166,0.0589396132563316,-0.13013152194508548,0.8964623712527505,0.9620235146469085,,ADRM1
ENSG00000147123,141.26433901732892,-0.004231331768934219,0.032597071129192634,-0.12980711525167693,0.8967190333919084,0.9621137829888939,,NDUFB11
ENSG00000136521,48.73922979420401,-0.0074724735737963675,0.057738805758297485,-0.12941856825160467,0.8970264558964072,0.9622584682720982,,NDUFB5
ENSG00000261824,11.755043552511195,-0.0116585544417531,0.09030004228495522,-0.12910906957233526,0.8972713455953569,0.9622851916529971,,LINC00662
ENSG00000071537,9.271652288934778,0.013084750998502962,0.10147081972697783,0.1289508750762969,0.8973965201928953,0.9622851916529971,,SEL1L
ENSG00000035681,7.950045327335607,0.012466195718116876,0.09687511162686775,0.1286831623599332,0.8976083591148876,0.9623272852191141,,NSMAF
ENSG00000107672,20.88430403843122,-0.007894008942452454,0.06162940923432265,-0.12808834354453172,0.8980790605650746,0.9624423740653877,,NSMCE4A
ENSG00000189241,40.9611983891273,0.012183252292631997,0.09518840528985363,0.12799092762961373,0.8981561526925698,0.9624423740653877,,TSPYL1
ENSG00000134109,11.169694493061337,-0.012536675801040264,0.09816969479171611,-0.12770413341550035,0.8983831188869675,0.9624423740653877,,EDEM1
ENSG00000103061,7.686224022101624,-0.014180579298026906,0.11106772935657933,-0.1276750625962706,0.898406125719215,0.9624423740653877,,SLC7A6OS
ENSG00000103507,7.514051275397648,-0.0132637486181705,0.10491163498813434,-0.1264278134610203,0.8993932868340699,0.963005575860747,,BCKDK
ENSG00000168137,20.93080600115033,0.00927387789881841,0.07345293178073271,0.12625606186152288,0.8995292354169971,0.963005575860747,,SETD5
ENSG00000152520,30.519580824943223,0.01071153296499405,0.08490316089317215,0.1261617689177867,0.8996038734841675,0.963005575860747,,PAN3
ENSG00000163798,9.070606145042047,-0.012048212478961484,0.09559758173092628,-0.12603051521609598,0.8997077695084532,0.963005575860747,,SLC4A1AP
ENSG00000151332,8.34815063010877,0.013128792832649755,0.10426310431323621,0.12591983443354135,0.8997953820363148,0.963005575860747,,MBIP
ENSG00000080189,12.759851959737418,-0.009306465169220363,0.07407172869990067,-0.12564125790725394,0.900015902627173,0.9630197985984912,,SLC35C2
ENSG00000147526,22.294610708213757,0.011878234254082166,0.09484724198727608,0.12523542071656288,0.9003371762999723,0.9630197985984912,,TACC1
ENSG00000101191,14.778245662133582,0.010410614462119163,0.08340044394809294,0.12482684706808703,0.9006606327347098,0.9630197985984912,,DIDO1
ENSG00000117713,23.6297697515002,0.00827626599661164,0.06654132510295988,0.12437783563530956,0.901016121667556,0.9630197985984912,,ARID1A
ENSG00000188811,25.296804961745767,-0.008159149518441005,0.06560660557148117,-0.1243647563742841,0.9010264770081455,0.9630197985984912,,NHLRC3
ENSG00000108788,14.645590500907458,-0.010184149415813758,0.08190414085930438,-0.12434230197601578,0.901044255035139,0.9630197985984912,,MLX
ENSG00000065000,11.85639543457331,-0.010925953182995576,0.08823172616403206,-0.1238324767973266,0.9014479169473565,0.9630197985984912,,AP3D1
ENSG00000224032,72.22129149496061,0.0066312250908474755,0.05356589025155028,0.12379566660250844,0.9014770629719243,0.9630197985984912,,EPB41L4A-AS1
ENSG00000102390,17.075066438332232,-0.008534572332935754,0.0689917621802715,-0.12370422298586037,0.9015494678876205,0.9630197985984912,,PBDC1
ENSG00000086619,17.586754488502475,0.012000813611566602,0.09716801957540244,0.12350579608400852,0.9017065848209214,0.9630197985984912,,ERO1B
ENSG00000158517,187.37756061724554,0.00655834517130539,0.053133654082147534,0.12343109625334313,0.9017657340906231,0.9630197985984912,,NCF1
ENSG00000072864,15.188038070880687,-0.00998581494222081,0.08126564063695184,-0.1228786835857443,0.9022031657229332,0.9630197985984912,,NDE1
ENSG00000096063,15.833257217403398,0.00966490835394809,0.07877778720272553,0.12268570490659461,0.9023559841742741,0.9630197985984912,,SRPK1
ENSG00000101040,23.375781442777896,-0.01014733578208341,0.08279820590416459,-0.12255502001853182,0.9024594746680457,0.9630197985984912,,ZMYND8
ENSG00000172493,13.239895621103482,0.01331567736776848,0.10865493712061178,0.12255013642856827,0.9024633420573376,0.9630197985984912,,AFF1
ENSG00000032219,40.212105605436896,-0.008147489614618244,0.06655742691472398,-0.12241292959021885,0.9025719991886146,0.9630197985984912,,ARID4A
ENSG00000100906,325.29268826726064,-0.014522049754776938,0.11961374335955031,-0.12140786958840256,0.9033679839607182,0.9631784478106514,,NFKBIA
ENSG00000169905,13.036980458607644,-0.010427347602257468,0.0858971109998194,-0.12139346109416171,0.9033793958701499,0.9631784478106514,,TOR1AIP2
ENSG00000117676,11.015552583164126,0.012088787238109423,0.09960118188535301,0.12137192560650885,0.9033964525845237,0.9631784478106514,,RPS6KA1
ENSG00000172530,8.520841812466605,0.01111997521064489,0.09163347937074581,0.1213527554230901,0.9034116359486561,0.9631784478106514,,BANP
ENSG00000165025,37.243647626723934,-0.009636373376877238,0.07961536314824645,-0.12103660645162154,0.9036620405710526,0.9632612384293997,,SYK
ENSG00000130429,200.9414637980283,-0.005505696876535991,0.04565089206915711,-0.12060436558819797,0.904004410847772,0.9632687700356561,,ARPC1B
ENSG00000107521,29.584298025219,-0.006659221921168225,0.05532908118341092,-0.12035663305330344,0.9042006434193213,0.9632687700356561,,HPS1
ENSG00000166949,14.94899513630017,-0.010166981944375075,0.08461091955082427,-0.1201615819606824,0.9043551503659012,0.9632687700356561,,SMAD3
ENSG00000048740,90.04081510043571,0.0057503249883393125,0.048023563110775026,0.11973965728188782,0.9046893843758724,0.9632687700356561,,CELF2
ENSG00000141543,12.471809187318732,0.01136077954184094,0.0951577506382118,0.11938890385329132,0.9049672518609565,0.9632687700356561,,EIF4A3
ENSG00000080815,9.513311979715436,0.013053408092087208,0.1095909560566724,0.11911026750544033,0.9051879963625309,0.9632687700356561,,PSEN1
ENSG00000113532,14.319214592049512,-0.010086090833150183,0.08479142620174945,-0.11895177714255833,0.9053135606958915,0.9632687700356561,,ST8SIA4
ENSG00000141867,33.598861743002566,-0.008016604644818168,0.06744722552204034,-0.11885744124787624,0.9053882996368782,0.9632687700356561,,BRD4
ENSG00000078596,16.149568585373114,-0.011213812404207766,0.09439645346751781,-0.11879484866522538,0.9054378899544244,0.9632687700356561,,ITM2A
ENSG00000169689,23.723467543323167,0.007274490793080314,0.06129898343297883,0.11867229088772524,0.9055349900527866,0.9632687700356561,,CENPX
ENSG00000116649,23.305218497780334,0.010099226229267592,0.08513294884999223,0.11862887830965242,0.9055693853168776,0.9632687700356561,,SRM
ENSG00000132002,32.99235123183458,-0.009451100576082097,0.07991938250014127,-0.11825792793213073,0.9058632920615947,0.9633976190225925,,DNAJB1
ENSG00000128585,15.43645407506436,0.010710992515327353,0.09122336861833286,0.11741500755295282,0.9065311920242138,0.9639240897648772,,MKLN1
ENSG00000077463,7.457637010936771,-0.01143419336113866,0.09880446668385655,-0.11572547016244225,0.9078701196010915,0.9651637343938391,,SIRT6
ENSG00000035928,32.83833069976036,-0.008299599474156889,0.07209633601846341,-0.11511818675544641,0.9083514447913515,0.9652607461752216,,RFC1
ENSG00000197006,38.675595068115236,0.005612996952850598,0.04884642816181863,0.11491110331047832,0.9085155842278482,0.9652607461752216,,METTL9
ENSG00000135541,10.02631670453952,0.01828955812250369,0.15928387280658118,0.11482366544862169,0.9085848908029093,0.9652607461752216,,AHI1
ENSG00000079974,8.934951503327781,-0.011005204320966614,0.09591702512161447,-0.11473671443638883,0.9086538121724781,0.9652607461752216,,RABL2B
ENSG00000110958,91.75938675923781,-0.006214025938499267,0.05445724526661287,-0.11410834147185583,0.9091519098794003,0.9656059141881023,,PTGES3
ENSG00000135269,30.79947906798314,-0.007410692238321995,0.06518668375134297,-0.11368414240230959,0.9094881835457675,0.9656552387760614,,TES
ENSG00000168522,22.229087327456607,0.008629033299727243,0.07595121856219363,0.11361283548941677,0.9095447119892172,0.9656552387760614,,FNTA
ENSG00000160551,15.215757064952937,-0.010437584187175693,0.09220626690112842,-0.11319820808240484,0.9098734162807369,0.9657667407294682,,TAOK1
ENSG00000184216,7.6252696802858875,-0.012895124083584791,0.11407231619162587,-0.11304341416126545,0.9099961362612313,0.9657667407294682,,IRAK1
ENSG00000135905,20.336855971577528,-0.00966199432348516,0.0862125576142873,-0.11207177458662888,0.9107664970255385,0.9660941582700396,,DOCK10
ENSG00000107745,14.58137653493376,-0.009778532493732232,0.08728124511338559,-0.11203475020354149,0.9107958533315401,0.9660941582700396,,MICU1
ENSG00000171202,22.531314399727712,0.0070453266664611165,0.06290542331339534,0.11199871641211664,0.9108244243230986,0.9660941582700396,,TMEM126A
ENSG00000160714,7.170374627518499,0.013359849246424194,0.11976317165872898,0.11155223313969789,0.9111784479652347,0.9661462566469783,,UBE2Q1
ENSG00000178028,13.06770340509148,0.008399203850557991,0.07545939204456108,0.11130760032625236,0.9113724286706375,0.9661462566469783,,DMAP1
ENSG00000175567,169.13016653133792,-0.006541742540584253,0.058785683893526154,-0.11128121861153802,0.9113933482717191,0.9661462566469783,,UCP2
ENSG00000168385,32.061501612643724,0.007378616961796643,0.0665067583401667,0.11094537075550612,0.911659666997462,0.9662448780037728,,SEPTIN2
ENSG00000102786,10.528799200831463,-0.010790352565840195,0.09758378466886208,-0.1105752620935523,0.9119531651548985,0.9663302533283094,,INTS6
ENSG00000137404,7.1715020286671125,-0.01130610690858565,0.102404153914698,-0.11040672156720871,0.9120868226805761,0.9663302533283094,,NRM
ENSG00000123728,18.453569410391587,0.009457179898656002,0.08597837068787711,0.10999487223348205,0.912413441604213,0.9664926577479278,,RAP2C
ENSG00000102974,18.515933449688,0.008863993569922722,0.08085135033188305,0.1096332161867095,0.9127002667244632,0.9665330468369288,,CTCF
ENSG00000196275,8.853113602589744,-0.011091542180827736,0.10135836905323564,-0.10942897251042205,0.9128622549884262,0.9665330468369288,,GTF2IRD2
ENSG00000105669,98.68524316777837,0.00427320067796754,0.039166962857592386,0.10910217096751976,0.9131214529874396,0.9665330468369288,,COPE
ENSG00000214367,7.967628342135806,0.011346015438020218,0.10402261894847697,0.1090725801052939,0.9131449230159507,0.9665330468369288,,HAUS3
ENSG00000101439,74.7079224458334,-0.0061710743058685435,0.0569167117657343,-0.10842288871620531,0.9136602455885935,0.9668026910258049,,CST3
ENSG00000157450,9.305183352194794,-0.010572715270536805,0.09761151958885628,-0.10831421655015223,0.9137464457865838,0.9668026910258049,,RNF111
ENSG00000160818,16.93783870396978,-0.008466881574799712,0.0783497773932896,-0.10806516440115466,0.9139440010674904,0.966828258385947,,GPATCH4
ENSG00000064961,12.825625659221632,0.008861935872415535,0.08241597328033103,0.10752692129561345,0.9143709690248638,0.9670964573753111,,HMG20B
ENSG00000174606,11.451182180126338,0.00945648470314214,0.08822426215529422,0.10718689476253859,0.9146407119948996,0.9671594263226728,,ANGEL2
ENSG00000106682,40.913535775130455,0.006080506718908134,0.05687162373124465,0.10691635511661274,0.9148553380578999,0.9671594263226728,,EIF4H
ENSG00000108774,53.47013010874104,-0.005276840680716742,0.049410491758484755,-0.10679595553328215,0.9149508561427725,0.9671594263226728,,RAB5C
ENSG00000159199,73.93418041134993,0.004421353184280229,0.04176560215533665,0.1058611143168993,0.9156925469285111,0.9677599775726645,,ATP5MC1
ENSG00000119866,84.56743438369459,-0.005799715295108602,0.05508139635780753,-0.10529354153322076,0.9161428875991917,0.9680524429132258,,BCL11A
ENSG00000115484,47.0191463513773,0.004988263061408777,0.047574361530245766,0.10485191815422369,0.916493312329933,0.9682392401575799,,CCT4
ENSG00000186687,14.541831473870864,0.008855154900608524,0.08497225494469207,0.10421230913987502,0.9170008658804923,0.9682721608615632,,LYRM7
ENSG00000176533,99.24088638637777,-0.004208338244528213,0.04051157572560518,-0.10387989529294832,0.9172646620096143,0.9682721608615632,,GNG7
ENSG00000109689,28.363100463433486,0.00802607256322488,0.07747044710844651,0.10360173282580432,0.9174854124695706,0.9682721608615632,,STIM2
ENSG00000153310,81.00509958370651,0.0042557964283279565,0.04109669429415553,0.10355568742017249,0.9175219548378165,0.9682721608615632,,CYRIB
ENSG00000181026,9.937426645304134,-0.011856046244623377,0.11487811702517613,-0.10320543678501506,0.9177999250258482,0.9682721608615632,,AEN
ENSG00000088356,14.886430027797712,-0.008661959563790409,0.08395511728652434,-0.10317369379913596,0.9178251177792025,0.9682721608615632,,PDRG1
ENSG00000198373,7.413215046593903,0.011598505253503503,0.11243679473377335,0.10315577992921553,0.917839335120456,0.9682721608615632,,WWP2
ENSG00000196636,16.168838420720046,-0.010732246182010423,0.1041337668954299,-0.10306211425913017,0.9179136732988205,0.9682721608615632,,SDHAF3
ENSG00000163220,320.270984195174,0.007419179272508009,0.07256529227104432,0.10224143030797768,0.9185650434086764,0.9687266092078077,,S100A9
ENSG00000076554,86.34289290255842,0.003964364341764551,0.03883526975088757,0.10208154513138014,0.9186919493348076,0.9687266092078077,,TPD52
ENSG00000172663,44.55336707931224,-0.004695066168582635,0.04635181590723997,-0.10129195753578416,0.9193187003157814,0.9692042111856302,,TMEM134
ENSG00000144567,12.810839330976506,0.008819961311360846,0.08782704456169514,0.10042420709221474,0.9200075524273433,0.9693810446140465,,RETREG2
ENSG00000242372,49.75287213799027,0.004494750350709004,0.0447888504828946,0.10035422437165703,0.920063109899107,0.9693810446140465,,EIF6
ENSG00000186166,7.990891926632288,0.01127161190317167,0.11245536832354058,0.1002318703962855,0.9201602444927659,0.9693810446140465,,CENATAC
ENSG00000134283,53.024015748704436,-0.004562618480462784,0.04555201904320539,-0.10016281553042053,0.9202150664196463,0.9693810446140465,,PPHLN1
ENSG00000139266,14.063821138098016,0.008463088834075606,0.08464298999446955,0.09998570271003625,0.9203556761454021,0.9693810446140465,,MARCHF9
ENSG00000130340,20.742355178127582,-0.013697763640008433,0.13736436126445975,-0.09971846783196489,0.9205678384118757,0.9694213913096541,,SNX9
ENSG00000197555,16.19197191801227,-0.009924502912409396,0.09985654406686956,-0.09938760654247548,0.9208305225886438,0.9695149157768651,,SIPA1L1
ENSG00000196230,50.51424801796806,-0.005709693286014028,0.05784169926090713,-0.09871240573793065,0.9213666186218941,0.9697333842880654,,TUBB
ENSG00000163904,9.677969613539977,-0.010620670709617103,0.10790819457369559,-0.09842320827973586,0.9215962466059442,0.9697333842880654,,SENP2
ENSG00000168286,7.589283288320618,0.011130048808122475,0.11310839740449416,0.09840161352759333,0.9216133934900932,0.9697333842880654,,THAP11
ENSG00000116497,8.347159113399554,0.010295156926969699,0.10478516245051255,0.09825014044170469,0.9217336687099619,0.9697333842880654,,S100PBP
ENSG00000083535,13.66611603645454,-0.0111348410000733,0.11569594111603178,-0.09624227861983627,0.9233281531581033,0.9711660001263992,,PIBF1
ENSG00000110876,8.355309714518702,-0.012252305811714301,0.12763964822206375,-0.09599137871641651,0.923527419731042,0.9711660001263992,,SELPLG
ENSG00000114354,13.324521808747908,0.007485299711658012,0.07825566187046383,0.09565186125507938,0.9237970746677238,0.9711660001263992,,TFG
ENSG00000160446,18.363172361515797,-0.006582409329064023,0.06888176601196366,-0.0955609838447052,0.9238692537159174,0.9711660001263992,,ZDHHC12
ENSG00000145012,22.101086887368183,-0.007606270264313676,0.07969779736662227,-0.09543890189742193,0.923966217839051,0.9711660001263992,,LPP
ENSG00000137776,72.04852355386686,-0.004379652328644534,0.04632201500635678,-0.09454796662113066,0.9246738812139803,0.9713558682765809,,SLTM
ENSG00000127334,7.609994809138439,-0.010130961073722529,0.10754037002866144,-0.0942061206505282,0.9249454228237912,0.9713558682765809,,DYRK2
ENSG00000121413,12.592802886582474,0.008510115317071491,0.09044099741451944,0.09409577028509498,0.9250330802988581,0.9713558682765809,,ZSCAN18
ENSG00000155849,19.894852267603145,-0.006988541482337759,0.07431021972829437,-0.09404549613620375,0.9250730161726182,0.9713558682765809,,ELMO1
ENSG00000120697,18.480328636672702,-0.006067777497315545,0.0645683640166878,-0.0939744655098791,0.925129440525253,0.9713558682765809,,ALG5
ENSG00000129351,42.712689794041204,0.006392675769805902,0.06808279256853778,0.0938956163316965,0.9251920761149429,0.9713558682765809,,ILF3
ENSG00000121552,12.979543397220421,0.008836079277202171,0.09506070720845265,0.09295196234787195,0.9259417244161039,0.9716926438051818,,CSTA
ENSG00000273472,8.307123175828162,0.009733309248702342,0.10495426587018383,0.09273857682679909,0.9261112491792199,0.9716926438051818,,ENSG00000273472
ENSG00000164182,19.41393023004977,-0.006888154299657986,0.0744846319678916,-0.09247752345245248,0.9263186483722482,0.9716926438051818,,NDUFAF2
ENSG00000198589,13.800015075329178,0.007913703832560908,0.08558628730053479,0.0924646235064745,0.9263288971281342,0.9716926438051818,,LRBA
ENSG00000125037,28.97809618532919,0.005983564504623804,0.06476065312059405,0.09239506114123817,0.9263841632834194,0.9716926438051818,,EMC3
ENSG00000132661,30.315868241699448,-0.0076623098110407345,0.08347264723882475,-0.09179425913159305,0.9268615053547872,0.9720104859616876,,NXT1
ENSG00000132341,113.30185586828267,0.0034376973920300976,0.03776164527304066,0.09103674819180582,0.9274633914433414,0.9721366989912867,,RAN
ENSG00000104805,22.453435943654473,-0.005779051565687548,0.06357805792129398,-0.09089695021577548,0.9275744735374822,0.9721366989912867,,NUCB1
ENSG00000198791,43.94504647480034,0.00456737225445425,0.05027249011820555,0.09085231791214243,0.9276099382234984,0.9721366989912867,,CNOT7
ENSG00000139746,42.0628168713953,-0.0063614348676656815,0.07013625144677965,-0.09070109588752152,0.9277300998302593,0.9721366989912867,,RBM26
ENSG00000128731,18.212797021616932,-0.00784047139798316,0.08676764324042754,-0.09036169596375598,0.9279997943213721,0.9721366989912867,,HERC2
ENSG00000175854,8.17987046531001,0.008735321396648512,0.09670849494559472,0.09032630899242865,0.9280279140478155,0.9721366989912867,,SWI5
ENSG00000057663,16.051485549152535,-0.006160920390186506,0.06846675814110467,-0.08998411137693021,0.9282998408865394,0.9722389017248955,,ATG5
ENSG00000111237,49.82201503362891,-0.004001964595880427,0.04475853403305363,-0.0894123250981595,0.9287542286925631,0.9725321275473675,,VPS29
ENSG00000151883,15.924669652932382,-0.007118432303593107,0.08007662045849527,-0.08889526384648914,0.929165147554767,0.9726225317068073,,PARP8
ENSG00000172586,16.33228088856141,0.007344066542244645,0.08264322130921735,0.08886471783046951,0.9291894236732717,0.9726225317068073,,CHCHD1
ENSG00000121716,16.484807581582608,0.00760354484963345,0.08660067672270243,0.08780006274062031,0.9300355878992437,0.9733255326813405,,PILRB
ENSG00000146409,7.5413790657080675,0.010103221594551553,0.11549522819451524,0.08747739410961522,0.930292053425779,0.9733717130353018,,SLC18B1
ENSG00000144034,31.125102965406235,0.004696204146782787,0.05379059786465382,0.08730529745364098,0.9304288433425678,0.9733717130353018,,TPRKB
ENSG00000156136,54.59153128611924,0.010507141893742748,0.12247460100239417,0.08579037455723044,0.9316330582586616,0.9744486837085532,,DCK
ENSG00000140575,92.84163642323534,-0.0048163906151587,0.056525469222337824,-0.08520744155548472,0.9320964745936097,0.9747505518255754,,IQGAP1
ENSG00000082258,16.049800526386267,-0.00739786088344606,0.08769358415436213,-0.08436034351639703,0.9327699361406764,0.9752719227302479,,CCNT2
ENSG00000185359,9.554364778202984,0.007569900191279082,0.09004574000204765,0.08406727726494269,0.9330029414775889,0.9753097855630671,,HGS
ENSG00000170989,8.409604813461797,-0.00979691801143018,0.11710708258065043,-0.08365777539273206,0.9333285297626639,0.9753097855630671,,S1PR1
ENSG00000231663,11.008895702934742,-0.008056716207108648,0.09638212490706345,-0.08359139430550369,0.9333813093386054,0.9753097855630671,,COA6-AS1
ENSG00000108561,77.83565952611035,0.0038838587821810543,0.04669055668476217,0.08318296156551463,0.9337060604829401,0.9753097855630671,,C1QBP
ENSG00000132680,16.881187149372963,-0.006058012760725284,0.07290826587766167,-0.08309089083109568,0.9337792688637806,0.9753097855630671,,KHDC4
ENSG00000109519,15.397388590841876,0.005960545355919377,0.0718182413432946,0.08299486654689422,0.9338556214349383,0.9753097855630671,,GRPEL1
ENSG00000119632,52.153931543195874,-0.005060509287123374,0.06134292686535432,-0.08249539997057889,0.934252776159852,0.9755418501624222,,IFI27L2
ENSG00000105518,22.540782266790778,-0.005163280374007515,0.06299499229127241,-0.08196334639004087,0.9346758606926879,0.9758008985625216,,TMEM205
ENSG00000168255,40.368669531968784,0.008569363352637357,0.10615372027815001,0.08072598237898233,0.9356598732959089,0.976573015571262,,POLR2J3
ENSG00000180228,22.85157435568961,0.0049065807574147965,0.06100349945256815,0.08043113594212402,0.9358943642142643,0.976573015571262,,PRKRA
ENSG00000132471,30.852809647088332,0.004583136179977247,0.057156584179307926,0.08018562070818176,0.9360896263467642,0.976573015571262,,WBP2
ENSG00000139637,19.60275444623296,-0.00525548880945487,0.06556864397460767,-0.08015247061522468,0.936115991432639,0.976573015571262,,MYG1
ENSG00000198252,10.941879117278937,-0.007746490889303805,0.09747629202269414,-0.07947051255807197,0.9366583849838431,0.976956070832381,,STYX
ENSG00000272606,9.162790972418485,-0.0074797897006857895,0.09475235521165914,-0.0789404092803533,0.9370800215538141,0.9772130540834238,,PPP4R3B-DT
ENSG00000153944,20.952877565007938,0.007164653668540071,0.09188896669948084,0.07797077196407902,0.937851302785585,0.9776185520096905,,MSI2
ENSG00000149577,11.460189314697926,0.008549289593053065,0.109863689279344,0.07781724470689569,0.9379734287528481,0.9776185520096905,,SIDT2
ENSG00000132824,13.839108221604171,0.0066787043056766695,0.08592858789211621,0.07772389224016828,0.9380476883341511,0.9776185520096905,,SERINC3
ENSG00000147905,87.84205061147935,0.003972430800829906,0.05122345459131114,0.07755101315450394,0.9381852107987174,0.9776185520096905,,ZCCHC7
ENSG00000140995,22.118462240099362,0.005563610041648558,0.0722198091083104,0.07703717456944023,0.9385939717962961,0.9776185520096905,,DEF8
ENSG00000122783,8.469060909239118,0.006924610633995078,0.09023790717911971,0.07673726985101638,0.938832554887421,0.9776185520096905,,CYREN
ENSG00000160190,7.568972508009349,-0.00746814021544291,0.09765579660099415,-0.07647411086058237,0.9390419101865584,0.9776185520096905,,SLC37A1
ENSG00000145220,13.015624563191526,-0.006430663368056054,0.08411140963811685,-0.07645411479516881,0.9390578181653148,0.9776185520096905,,LYAR
ENSG00000107164,7.4447019316162795,0.008278879141094195,0.10877435363651719,0.07611057996960462,0.9393311229596568,0.9776185520096905,,FUBP3
ENSG00000061273,7.38268002533497,0.00790814527391697,0.10396862887601184,0.07606280239924927,0.9393691337602286,0.9776185520096905,,HDAC7
ENSG00000166822,18.191398874295515,0.005603963805118215,0.07375463121441177,0.07598117857612163,0.9394340722262561,0.9776185520096905,,TMEM170A
ENSG00000197629,15.943533449360432,-0.0070074965120777485,0.092514032409611,-0.07574522836764556,0.9396217922906506,0.9776185520096905,,MPEG1
ENSG00000174720,51.803357039730834,0.0033456821234549997,0.04426297982100464,0.07558646383466784,0.9397481059490569,0.9776185520096905,,LARP7
ENSG00000130749,7.875476311926141,0.007841696167594305,0.10433289513070933,0.07516034284077085,0.9400871368966476,0.9777744006086728,,ZC3H4
ENSG00000135390,385.51904078385,0.0018476935835629676,0.024649923527378628,0.07495737589249467,0.9402486255494447,0.9777744006086728,,ATP5MC2
ENSG00000185946,17.677518181578296,0.006582934736410251,0.08825347851449981,0.07459122118714778,0.9405399591430113,0.9778949864220456,,RNPC3
ENSG00000205250,11.956259037539498,0.00599753123189284,0.080671591512611,0.07434502182785467,0.94073585388918,0.977916316421713,,E2F4
ENSG00000173715,9.548109389756842,-0.006400327602280615,0.08673738369633377,-0.073789723986696,0.9411777038049132,0.97805913504652,,TOP6BL
ENSG00000099977,90.72373131971278,-0.003481292548732996,0.04721582619839155,-0.07373147584255531,0.9412240528442658,0.97805913504652,,DDT
ENSG00000117174,16.96139638017662,-0.006577969509320689,0.0901189707423919,-0.07299206210559189,0.9418124341841937,0.978488193219874,,ZNHIT6
ENSG00000224470,10.62036326796922,0.0066037819640489,0.09094205221035198,0.07261527317169107,0.9421122725737733,0.9786173680833382,,ATXN1L
ENSG00000182606,12.412727298800442,-0.006785276506630704,0.0949331320639071,-0.07147427203879664,0.9430203001164807,0.9793781325106159,,TRAK1
ENSG00000168802,13.269346415829627,0.005605309540669462,0.07952541577338705,0.07048450468517087,0.9438080333442755,0.9798334837823812,,CHTF8
ENSG00000107854,15.863110294180137,0.006144643530561237,0.08723971330845928,0.07043401792065972,0.9438482160865397,0.9798334837823812,,TNKS2
ENSG00000173890,14.668459662062368,-0.006163556050270991,0.08772370724304203,-0.07026100747423514,0.943985917302538,0.9798334837823812,,GPR160
ENSG00000101901,35.78059252310819,-0.005710106857333904,0.0827439880291004,-0.06900932615582542,0.944982196000239,0.9803178823732244,,ALG13
ENSG00000114120,22.81139482362716,0.005415198072245291,0.0788093225999168,0.06871265852310483,0.9452183419761935,0.9803178823732244,,SLC25A36
ENSG00000089335,18.115605142061284,0.005153745554636244,0.07510153100615101,0.06862370827319271,0.9452891468764529,0.9803178823732244,,ZNF302
ENSG00000141252,11.021734307348597,0.006759117195148964,0.09892531989677163,0.06832545198946123,0.9455265637103375,0.9803178823732244,,VPS53
ENSG00000113811,113.78595495542655,-0.0046577630208132935,0.06887761668222005,-0.0676237542059965,0.9460851455581075,0.9803178823732244,,SELENOK
ENSG00000179088,13.223952829264686,0.0060656384955342785,0.08974513325234267,0.06758738079399913,0.9461141010954697,0.9803178823732244,,C12orf42
ENSG00000146842,7.8527476293441,0.006741713312329375,0.09988973217097749,0.06749155459531955,0.9461903851534166,0.9803178823732244,,TMEM209
ENSG00000145817,8.081218645468631,0.006520721477371113,0.09664967253126569,0.06746760031971855,0.9462094544346993,0.9803178823732244,,YIPF5
ENSG00000054611,22.94220792408973,0.005158083520576174,0.07673161269079998,0.0672224046868576,0.9464046491037794,0.9803178823732244,,TBC1D22A
ENSG00000213516,7.742632934926403,0.007008396112542214,0.10437713485252761,0.06714493669944321,0.9464663202767973,0.9803178823732244,,RBMXL1
ENSG00000125734,13.140040464228322,-0.0054634473277049515,0.08137602868336112,-0.06713828895439888,0.9464716124678901,0.9803178823732244,,GPR108
ENSG00000150995,19.639724425183903,0.006107738307084851,0.09112715216791774,0.06702435181810876,0.9465623168395695,0.9803178823732244,,ITPR1
ENSG00000159314,7.08603073020871,-0.007241365958658874,0.10931534879763832,-0.0662429021935785,0.9471844407524262,0.9804864874643378,,ARHGAP27
ENSG00000170653,10.07703868508884,0.006099378020038048,0.09215800513150844,0.06618391979442594,0.9472313988479432,0.9804864874643378,,ATF7
ENSG00000116750,10.54991538334466,-0.005277064697639591,0.07979877978637362,-0.0661296414778099,0.9472746120092589,0.9804864874643378,,UCHL5
ENSG00000145337,68.80115868479085,0.003099494821700985,0.047047999473303716,0.06587941796461974,0.9474738270637366,0.9804864874643378,,PYURF
ENSG00000185721,15.84928736042606,-0.004620162940561213,0.07058353605288306,-0.06545666594401935,0.9478104078712649,0.9804864874643378,,DRG1
ENSG00000172890,14.11638609283951,0.0050464186118805736,0.07723027418245924,0.06534249250440613,0.9479013104879049,0.9804864874643378,,NADSYN1
ENSG00000165102,10.386330985586532,0.006349832743119201,0.09727995615674052,0.06527380350468241,0.9479559996270167,0.9804864874643378,,HGSNAT
ENSG00000114125,46.31600150915499,0.0034879718897995013,0.05420256900785357,0.06435067476772399,0.9486910044053054,0.9810018312427208,,RNF7
ENSG00000172794,10.252838234456046,0.006525570788101388,0.10192058944194149,0.06402603069538411,0.9489494998290923,0.9810018312427208,,RAB37
ENSG00000123143,15.453033334622699,0.004513112151608492,0.07055953137133031,0.06396176482320369,0.9490006716889501,0.9810018312427208,,PKN1
ENSG00000112137,75.78142502505634,0.00644190339027027,0.10102694672104001,0.06376420944461414,0.9491579769645766,0.9810018312427208,,PHACTR1
ENSG00000165233,14.019622811860975,-0.004968517424571317,0.07839014196164859,-0.06338191640221932,0.9494623869153748,0.9810818412707241,,CARD19
ENSG00000054282,25.208473677917716,-0.003917091448440713,0.06195472221359673,-0.06322506676627562,0.9495872843145798,0.9810818412707241,,SDCCAG8
ENSG00000133104,8.468752857400084,0.007618984613272128,0.12193360375932534,0.06248469969206038,0.9501768460065662,0.9813392456445879,,SPART
ENSG00000151366,61.2946473763191,-0.003180142492161861,0.050906572396023565,-0.06247017511652915,0.950188412344894,0.9813392456445879,,NDUFC2
ENSG00000147471,12.491878655671455,0.005054209866256181,0.08122305634774377,0.06222629501427987,0.9503826226684756,0.9813580562961888,,PLPBP
ENSG00000010072,11.846308962762853,-0.006097235876329769,0.10076058027148657,-0.060512115550560956,0.9517477667195872,0.9825857336101496,,SPRTN
ENSG00000126775,11.176846830827067,-0.00685043224409307,0.11469849248074392,-0.05972556479103812,0.9523742103175602,0.982678551490088,,ATG14
ENSG00000115350,65.43355563870152,0.002735557366435377,0.0458235553400125,0.059697623768767805,0.9523964643194197,0.982678551490088,,POLE4
ENSG00000102893,32.02583536707281,-0.0038641054340120048,0.06479852269834856,-0.05963261619404919,0.9524482406176354,0.982678551490088,,PHKB
ENSG00000159592,18.092509833434978,-0.004717298894170715,0.07926350197622614,-0.05951413672822071,0.952542605954793,0.982678551490088,,GPBP1L1
ENSG00000131876,34.09770848040316,-0.003439364485159564,0.0590289589849768,-0.05826571473223679,0.9535369767798721,0.9835224163012518,,SNRPA1
ENSG00000146247,55.54343664978429,-0.0030364698400922566,0.052622954259783195,-0.057702382597186526,0.9539856958223695,0.9837502465844291,,PHIP
ENSG00000185973,7.538951611595927,0.006230621066248412,0.10827306904604003,0.0575454369322349,0.9541107126127318,0.9837502465844291,,TMLHE
ENSG00000178105,13.05711223367832,0.005132320993478932,0.0902587534292099,0.05686230751573831,0.9546548799530991,0.9838998765434601,,DDX10
ENSG00000141425,14.286088320510784,-0.004536441175274893,0.07996390673403121,-0.056731109828883144,0.9547593918550576,0.9838998765434601,,RPRD1A
ENSG00000022840,19.935002366648167,-0.004119057750140656,0.07264815891005495,-0.05669872178371959,0.9547851922483255,0.9838998765434601,,RNF10
ENSG00000135341,8.084653875446469,-0.0055114537708259885,0.09851285018100238,-0.055946546675885736,0.9553843899864067,0.9843354321072069,,MAP3K7
ENSG00000124243,37.17720977755693,-0.003271729748779364,0.05977522112916131,-0.05473387947340027,0.9563504778913124,0.9845670312603962,,BCAS4
ENSG00000119953,19.927067196440206,-0.004103465640678722,0.0750184900990039,-0.05469938991391681,0.9563779554149117,0.9845670312603962,,SMNDC1
ENSG00000114383,17.93726225070402,0.0036855443145479747,0.06753738193848988,0.054570435050393405,0.9564806930604215,0.9845670312603962,,TUSC2
ENSG00000177082,7.8837348206603926,0.006067473251000427,0.11181929044964092,0.05426141792352888,0.9567268882805486,0.9845670312603962,,WDR73
ENSG00000184164,15.736060575308894,0.003959098145946626,0.07314845371985294,0.054124153616552824,0.9568362486458512,0.9845670312603962,,CRELD2
ENSG00000130985,14.975197768179639,0.00441468614439986,0.08195340151455549,0.05386824784345018,0.9570401344702196,0.9845670312603962,,UBA1
ENSG00000164978,12.083041908896735,-0.0062794514691228666,0.11699395499184898,-0.05367329850128034,0.9571954568363761,0.9845670312603962,,NUDT2
ENSG00000123130,7.673772119702571,-0.005355940047449669,0.10023197027942088,-0.05343544612082043,0.9573849636236588,0.9845670312603962,,ACOT9
ENSG00000023445,210.86800351026528,0.004107299038841319,0.07703999321186587,0.0533138551498302,0.9574818410889121,0.9845670312603962,,BIRC3
ENSG00000119138,21.526285735577567,0.005605165010910072,0.10528860702758032,0.053236196860708775,0.9575437155695175,0.9845670312603962,,KLF9
ENSG00000169738,42.369045513890384,0.003370849686263723,0.06333033622626394,0.05322646123684697,0.9575514724758122,0.9845670312603962,,DCXR
ENSG00000111011,92.83610219960197,-0.003537126596371294,0.06715891841710273,-0.05266801014279776,0.9579964278425099,0.9848429354074181,,RSRC2
ENSG00000114626,21.49015675883504,-0.00323825707944554,0.06275264680304449,-0.051603513866261864,0.9588446194121761,0.9850256502719354,,ABTB1
ENSG00000139636,12.446255930346004,0.004564732690169192,0.08906016996851733,0.05125447988458611,0.959122740186008,0.9850256502719354,,LMBR1L
ENSG00000105122,14.69245038463996,0.004821061700622493,0.09412706086673596,0.051218657591445435,0.9591512847486428,0.9850256502719354,,RASAL3
ENSG00000162623,11.898082628625469,-0.0045136002906840805,0.08821533590685048,-0.05116570995603466,0.9591934755298102,0.9850256502719354,,TYW3
ENSG00000112249,17.505080477922444,-0.004504775557513856,0.08809217620056843,-0.05113706746507629,0.9592162990531186,0.9850256502719354,,ASCC3
ENSG00000114021,15.592977246704526,-0.004106957788420937,0.08035847038120134,-0.051107963714820764,0.9592394901611838,0.9850256502719354,,NIT2
ENSG00000107341,15.896869084751952,0.0040923056881193645,0.08040991236768537,0.0508930499688488,0.9594107436561838,0.9850256502719354,,UBE2R2
ENSG00000173581,7.891108261400199,0.0049067471284951,0.09793129932040624,0.05010397250465834,0.9600395341153399,0.9854897721331249,,CCDC106
ENSG00000150459,167.6042318035008,-0.00184172707649122,0.03724029448317386,-0.04945522322127073,0.9605565201984284,0.9858389760033935,,SAP18
ENSG00000067167,61.52379537310862,0.002806153930748503,0.0580987106860896,0.04829976255256852,0.9614773437901745,0.9860637634604671,,TRAM1
ENSG00000163029,43.646931505425705,-0.002940945083473183,0.06096192291052426,-0.04824232804778322,0.9615231165363208,0.9860637634604671,,SMC6
ENSG00000169429,11.734868621452257,0.007770838615834301,0.1611548916775701,0.04821968812080349,0.9615411595861627,0.9860637634604671,,CXCL8
ENSG00000008513,20.663264088280098,0.0037365552671129766,0.07755723751768334,0.04817803452915697,0.961574355761914,0.9860637634604671,,ST3GAL1
ENSG00000168724,13.385539164195311,0.0041390757799541,0.08610358246798937,0.048070889286086084,0.9616597463590424,0.9860637634604671,,DNAJC21
ENSG00000138767,23.025318271420723,0.0038687198052583228,0.08117031488095602,0.047661756775641044,0.9619858131165212,0.9861477263847531,,CNOT6L
ENSG00000196396,68.15529916259185,0.003843267812018882,0.0810663405286602,0.047408921963859124,0.9621873183186519,0.9861477263847531,,PTPN1
ENSG00000112305,21.506433501689916,0.003098902645270615,0.06551255898992521,0.0473024209869008,0.9622721985759399,0.9861477263847531,,SMAP1
ENSG00000173163,19.05311703667779,0.003026918374789391,0.06431424053267586,0.04706451245819373,0.962461810934859,0.9861607970916528,,COMMD1
ENSG00000113391,26.252779164843542,-0.003554776296491804,0.07771494042077723,-0.04574122140794215,0.9635165082441005,0.9870600863437634,,ARB2A
ENSG00000119979,8.8891674607832,0.0041469663898430365,0.09189053691437375,0.045129417338232544,0.9640041536582473,0.9872335473251465,,DENND10
ENSG00000213563,10.53297970167072,-0.004719756462318757,0.1050617202436112,-0.044923654889476895,0.9641681620003688,0.9872335473251465,,C8orf82
ENSG00000182004,105.67378979844905,-0.0014919376330559514,0.03339107183874832,-0.04468073502584149,0.9643617895828597,0.9872335473251465,,SNRPE
ENSG00000080546,15.592828353188665,0.00779107881181225,0.17486820053510582,0.04455400574816429,0.9644628043212847,0.9872335473251465,,SESN1
ENSG00000147065,68.52930289700576,-0.0020620724071547854,0.04642408162571416,-0.04441816262042349,0.9645710842588591,0.9872335473251465,,MSN
ENSG00000100564,7.958416630773922,0.004099427187600384,0.09538350794858552,0.04297836466457173,0.9657187804113445,0.9881463110171965,,PIGH
ENSG00000160305,9.088853646020919,0.0045496842160955096,0.1068146371278702,0.042594201866257154,0.9660250175377928,0.9881463110171965,,DIP2A
ENSG00000118873,16.178527790426152,0.0035097634380705897,0.08252072901998478,0.04253190052672219,0.9660746818081095,0.9881463110171965,,RAB3GAP2
ENSG00000085224,99.78082225020295,-0.002178463525496632,0.05166548048687323,-0.04216477820331351,0.9663673404981583,0.9881463110171965,,ATRX
ENSG00000134324,8.667790165372274,-0.004383591994172947,0.10440668894923141,-0.04198573902007853,0.966510066706062,0.9881463110171965,,LPIN1
ENSG00000137078,15.658949189560266,-0.004482508215090792,0.10681405990575131,-0.04196552606507035,0.9665261801090009,0.9881463110171965,,SIT1
ENSG00000119318,25.027255436970083,-0.002821776626118031,0.0682640427868876,-0.041336207334325185,0.9670278684478959,0.9882518873291442,,RAD23B
ENSG00000184640,50.76513760443302,-0.002176977323810846,0.052808251650919055,-0.04122418856434454,0.9671171703748273,0.9882518873291442,,SEPTIN9
ENSG00000048471,36.55186703969039,-0.0038555686150122336,0.09365216821437464,-0.04116902671368631,0.9671611458312662,0.9882518873291442,,SNX29
ENSG00000096401,26.760359448193615,-0.0029229427175665726,0.07139438887848047,-0.04094079049463786,0.9673430985804522,0.988256708993148,,CDC5L
ENSG00000168591,18.390485438097762,0.002998767524456754,0.07501472312128604,0.039975719427881605,0.9681124839050804,0.9888442639210009,,TMUB2
ENSG00000118263,10.172109144210483,-0.004507980177233751,0.11333842179393955,-0.039774509878297976,0.9682728983157578,0.9888442639210009,,KLF7
ENSG00000234171,9.213816799101146,-0.003962109918701771,0.10189751057135597,-0.03888328474842589,0.9689834433289641,0.9889707392141627,,RNASEH1-DT
ENSG00000159111,11.548942126804356,0.003372840836648913,0.08689170462093475,0.03881660339572044,0.9690366072150197,0.9889707392141627,,MRPL10
ENSG00000149196,27.64037251201918,-0.0024240497745296923,0.06265483513367498,-0.038688949852919534,0.9691383835544654,0.9889707392141627,,HIKESHI
ENSG00000169093,9.417909514901577,0.0035226596995787374,0.091070858062012,0.03868042724688162,0.9691451785239847,0.9889707392141627,,ASMTL
ENSG00000129083,17.721832232520043,0.003033687752194506,0.07953698463209627,0.0381418501873944,0.9695745839467685,0.9889707392141627,,COPB1
ENSG00000136807,9.677928405726147,0.0034001436396482792,0.09007218989508793,0.03774909484946036,0.9698877318395085,0.9889707392141627,,CDK9
ENSG00000182518,7.927631324891155,0.003423477066470496,0.09351467434977627,0.036608982389924626,0.9707967814212424,0.9889707392141627,,VCF2
ENSG00000101084,26.790156226419978,0.002203526823689708,0.06036818756584343,0.036501457349308805,0.97088251668853,0.9889707392141627,,RAB5IF
ENSG00000160584,11.006374314448442,0.0039190775651441875,0.10795182577789644,0.03630394888556516,0.9710400012616708,0.9889707392141627,,SIK3
ENSG00000106290,8.26995110111767,0.003535307779361769,0.09738674216940081,0.03630173574563389,0.9710417659286456,0.9889707392141627,,TAF6
ENSG00000130810,7.57133614570723,-0.0036671594796544777,0.10214543991262018,-0.03590135284347037,0.9713610171512673,0.9889707392141627,,PPAN
ENSG00000215712,19.099893597431652,-0.0025671822330398074,0.07157473644152751,-0.03586715593618775,0.9713882847739789,0.9889707392141627,,TMEM242
ENSG00000170634,25.94532690444482,0.0025135052704468247,0.07013419253673676,0.035838514418345,0.9714111227159051,0.9889707392141627,,ACYP2
ENSG00000117054,30.131505227046112,0.002712145923230737,0.07606324554938013,0.035656458038856836,0.9715562899071294,0.9889707392141627,,ACADM
ENSG00000163812,8.193039707512586,0.003554958677232825,0.09971517423550905,0.035651130376974136,0.971560538065318,0.9889707392141627,,ZDHHC3
ENSG00000122741,7.84525824444333,0.00371924439504231,0.10433294598085553,0.035647842204367244,0.9715631599808671,0.9889707392141627,,DCAF10
ENSG00000185591,6.861053651207945,0.004034340986185881,0.11334997588802495,0.03559189981805807,0.9716077672399216,0.9889707392141627,,SP1
ENSG00000115806,11.750235835536733,0.003069306195016676,0.08631697013082472,0.035558548804073394,0.971634360665466,0.9889707392141627,,GORASP2
ENSG00000198912,7.974349298056615,-0.0033151489715565964,0.09390456726670801,-0.035303383722975916,0.9718378251935489,0.9889707392141627,,C1orf174
ENSG00000136986,19.105713312367644,-0.002594637623770502,0.073773643998095,-0.03517025163942697,0.9719439833022976,0.9889707392141627,,DERL1
ENSG00000151743,11.027678521718158,-0.003105022735956649,0.08903616438112576,-0.034873725272636116,0.9721804320600007,0.9890308500577566,,AMN1
ENSG00000181929,15.695588531250612,0.0025200328982966187,0.07297788326250823,0.03453146056911278,0.9724533553951458,0.9891280389790831,,PRKAG1
ENSG00000129315,12.168939789016394,0.003265741448469187,0.09588971875921866,0.034057263810206184,0.9728314872378767,0.9893321854529273,,CCNT1
ENSG00000120690,166.16356755216825,0.002450681028750391,0.07248499801745045,0.03380949294032402,0.973029066002893,0.9893526754252608,,ELF1
ENSG00000137075,8.699383913503919,0.003509316593240878,0.10543381023244532,0.03328454682140426,0.9734476767825253,0.9895108792728214,,RNF38
ENSG00000169032,17.887488205507342,0.002404715751883051,0.07249823013723854,0.033169302855131005,0.9735395774194223,0.9895108792728214,,MAP2K1
ENSG00000164828,14.313951310756536,0.002649544487873115,0.08127127096587933,0.03260124342075924,0.9739925782525227,0.9897908905296275,,SUN1
ENSG00000178691,23.131960387642398,-0.0026575549520730215,0.08255471151700315,-0.03219143890443691,0.9743193834070031,0.9899214640603459,,SUZ12
ENSG00000133943,10.526149753314774,0.002995455774699647,0.09362296814204892,0.03199488153542418,0.9744761327523741,0.9899214640603459,,DGLUCY
ENSG00000105364,16.15051682374594,0.0022887492524689638,0.07218247430791196,0.03170782484825535,0.9747050546992458,0.9899736584704909,,MRPL4
ENSG00000121064,47.06185200819437,0.0021020774592566496,0.06904409424876114,0.030445434647647172,0.9757118100253505,0.9908157080133589,,SCPEP1
ENSG00000196449,7.62160092701204,-0.0038572268627518375,0.1294397631446355,-0.029799396793099713,0.9762270398437548,0.9908677780209918,,YRDC
ENSG00000096080,12.986853627456345,-0.0025890974294438536,0.0870132719435735,-0.029755201380346152,0.976262287051152,0.9908677780209918,,MRPS18A
ENSG00000011260,17.283510644817635,-0.002071354762634651,0.07023272216990607,-0.029492730719217413,0.9764716164669871,0.9908677780209918,,UTP18
ENSG00000125844,10.066705056081876,0.0035434166147934073,0.12015706441386767,0.029489873375971486,0.9764738953058374,0.9908677780209918,,RRBP1
ENSG00000198839,12.366929458472745,-0.0022735216018899824,0.07966599055397232,-0.028538170254089935,0.9772329249566872,0.9911818767291887,,ZNF277
ENSG00000197969,15.614960576816802,0.0022979692768326045,0.08208681987863646,0.027994375713788166,0.9776666369206207,0.9911818767291887,,VPS13A
ENSG00000130640,22.678642222960466,0.002424044009129623,0.0898161676038158,0.02698894947090393,0.9784685478670713,0.9911818767291887,,TUBGCP2
ENSG00000158552,20.324213351147566,0.001655033322498393,0.061637116465680056,0.026851245116567488,0.9785783802407524,0.9911818767291887,,ZFAND2B
ENSG00000185033,14.77614689253942,-0.002565535682576478,0.09577759976361792,-0.026786385218551093,0.9786301123445122,0.9911818767291887,,SEMA4B
ENSG00000196911,14.751137301145747,0.0024541378016431424,0.0923391864886841,0.026577424980280605,0.9787967791545304,0.9911818767291887,,KPNA5
ENSG00000168288,33.72447021510918,-0.0014994038984872406,0.05657099010720898,-0.02650481979625398,0.9788546893094351,0.9911818767291887,,MMADHC
ENSG00000004059,35.48450570216424,-0.002215677019354542,0.08366555416584669,-0.02648254758418858,0.9788724537279241,0.9911818767291887,,ARF5
ENSG00000198286,7.53806644924391,-0.0026949884309782086,0.10227063416356248,-0.02635153730119719,0.97897694834228,0.9911818767291887,,CARD11
ENSG00000007080,19.7887007486339,0.0015979253865769348,0.06098057668255704,0.026203841837953747,0.9790947515924019,0.9911818767291887,,CCDC124
ENSG00000167113,12.644100228935189,0.002093583981739992,0.07992885708659064,0.026193092933531066,0.9791033250345488,0.9911818767291887,,COQ4
ENSG00000132842,36.611162194741325,-0.0021986845132664517,0.0849095229318125,-0.0258944396028715,0.9793415351152288,0.9911818767291887,,AP3B1
ENSG00000111859,15.235438484263248,0.002127795552531076,0.08284453878809331,0.02568419818201571,0.9795092277241367,0.9911818767291887,,NEDD9
ENSG00000165672,11.998866718660134,0.0025898160297296545,0.10114377656478095,0.025605292957109616,0.9795721642862281,0.9911818767291887,,PRDX3
ENSG00000107077,18.1546172507878,0.0018199396457408293,0.0715293888070682,0.025443243345048563,0.9797014190587923,0.9911818767291887,,KDM4C
ENSG00000101558,80.35419098584732,0.001002139442948806,0.039714400180019975,0.0252336542515119,0.9798685932856986,0.9911818767291887,,VAPA
ENSG00000135074,31.580119695601656,0.002097122898124966,0.08338792543246429,0.025148999537390117,0.9799361165464456,0.9911818767291887,,ADAM19
ENSG00000159256,28.212814762935235,0.0018172633279499415,0.07242945755891451,0.02509011373544762,0.9799830857977075,0.9911818767291887,,MORC3
ENSG00000116954,16.817804133530096,0.002057292785308633,0.08326063509827296,0.024709069092259502,0.9802870212006383,0.9913094722913963,,RRAGC
ENSG00000100239,15.25329258344364,-0.0023943257169317268,0.09909210286435087,-0.024162628985776664,0.9807228871700348,0.9915704113980259,,PPP6R2
ENSG00000187713,11.281876350759957,-0.0020026430347072437,0.08495653732719659,-0.023572559542938794,0.9811935603800216,0.9918336941648831,,TMEM203
ENSG00000113194,8.667380048295389,0.002452170163271286,0.10483760709947978,0.023390176780212428,0.9813390406577582,0.9918336941648831,,FAF2
ENSG00000164924,273.9073424900531,0.00106503851986848,0.04668070821742946,0.02281538906624429,0.981797532520437,0.9920168981379389,,YWHAZ
ENSG00000145703,8.14855549813786,-0.0025393220947897894,0.11321547338969715,-0.022429108131264267,0.9821056612576605,0.9920168981379389,,IQGAP2
ENSG00000068400,15.85404408206392,0.0017470998939613813,0.0784752477956688,0.022263069477785162,0.9822381078630344,0.9920168981379389,,GRIPAP1
ENSG00000128951,57.478736181835046,-0.0011183887038034542,0.05100902621269173,-0.021925309829286335,0.9825075353015922,0.9920168981379389,,DUT
ENSG00000146701,56.219108292099705,-0.0009653160305601517,0.044132866965225045,-0.021872950862693388,0.9825493016964558,0.9920168981379389,,MDH2
ENSG00000164405,107.19253017463717,0.0008309465370057918,0.03834403585684569,0.021670815771925065,0.9827105439441586,0.9920168981379389,,UQCRQ
ENSG00000181555,27.547861533245477,0.002031953977293968,0.09647422069685546,0.02106214450468423,0.9831960825001484,0.9920168981379389,,SETD2
ENSG00000164308,26.452344069206145,-0.0023018857551834197,0.10951394960040098,-0.02101911001824549,0.9832304114527654,0.9920168981379389,,ERAP2
ENSG00000179271,70.78925161995464,0.0008593725433651573,0.040995891007667484,0.02096240677399665,0.9832756441297663,0.9920168981379389,,GADD45GIP1
ENSG00000144161,17.327765579189894,0.001607182701805332,0.0777617858623382,0.02066802715475863,0.9835104742038172,0.9920168981379389,,ZC3H8
ENSG00000005844,9.610162369717965,-0.001998808429293209,0.09734744046064513,-0.020532727104430357,0.9836184051209174,0.9920168981379389,,ITGAL
ENSG00000171612,7.931269193354136,-0.0022905963349839215,0.11180952410979343,-0.020486594082402387,0.9836552062060014,0.9920168981379389,,SLC25A33
ENSG00000174744,21.116575955387656,0.0011828159334693375,0.0626375863626434,0.018883485174881517,0.984934054114394,0.9931269956133565,,BRMS1
ENSG00000110777,42.02164639731678,-0.0010796611704215627,0.06159311335946934,-0.01752892671816167,0.9860146562048835,0.9940368329413181,,POU2AF1
ENSG00000150907,11.655468642285005,-0.001641461704496609,0.10325554830811128,-0.015897079928320554,0.9873164995886071,0.9951103608638598,,FOXO1
ENSG00000123200,43.70602791724411,0.0009887262090248002,0.06400987345522959,0.015446464047712029,0.9876759948900247,0.9951103608638598,,ZC3H13
ENSG00000116350,27.01721480389885,-0.0010006257584660595,0.06486332676213659,-0.01542667958021182,0.9876917787305266,0.9951103608638598,,SRSF4
ENSG00000215845,178.7571342321995,-0.0008400186404031025,0.05626117768983143,-0.014930697772345534,0.9880874693686859,0.9951103608638598,,TSTD1
ENSG00000168264,31.901415264906152,0.001178596368012937,0.0811870074753683,0.014517056419039913,0.9884174716428884,0.9951103608638598,,IRF2BP2
ENSG00000134759,23.30649550186078,-0.0010515376590349162,0.07426661296560012,-0.014158955377727843,0.9887031655656715,0.9951103608638598,,ELP2
ENSG00000005075,64.52560162958264,-0.0006127526353393079,0.04375420938544866,-0.014004427092747126,0.9888264490745445,0.9951103608638598,,POLR2J
ENSG00000107937,18.946261043418925,-0.001085954985893236,0.0805706787974421,-0.013478290143531869,0.9892462059861932,0.9951103608638598,,GTPBP4
ENSG00000184384,11.782524022026942,-0.0012859374141671205,0.09621701300780906,-0.013364969187546415,0.9893366148838384,0.9951103608638598,,MAML2
ENSG00000165516,18.834998905745582,0.0009108051325403001,0.06859604497167346,0.013277808260176143,0.9894061530716942,0.9951103608638598,,KLHDC2
ENSG00000023228,8.283481675174166,-0.0013039795680832818,0.09896690590688001,-0.01317591528333949,0.9894874447934321,0.9951103608638598,,NDUFS1
ENSG00000135821,14.64847940462726,0.0012421391577961333,0.09431464619640377,0.013170161877185688,0.9894920349490945,0.9951103608638598,,GLUL
ENSG00000115760,35.021739107444915,0.0008546150711927536,0.06571171420208316,0.013005520881171307,0.9896233882074051,0.9951103608638598,,BIRC6
ENSG00000145414,7.621138150119905,0.001516029561209827,0.1184816689216279,0.012795477773128226,0.9897909644152697,0.9951103608638598,,NAF1
ENSG00000136108,17.671779114556966,0.0012650134391101826,0.09894061242408544,0.012785583271791395,0.9897988584393748,0.9951103608638598,,CKAP2
ENSG00000136897,13.275659888117927,0.0011085461076744238,0.08787503686668838,0.012615028649787694,0.9899349303643885,0.9951103608638598,,MRPL50
ENSG00000156931,8.7662347918871,-0.0009993214444516797,0.09483934322212112,-0.010536992460093184,0.9915928519708496,0.9960128696053169,,VPS8
ENSG00000161671,24.259294771134215,-0.0006227852789335036,0.05982255395032274,-0.010410543144825795,0.9916937383933958,0.9960128696053169,,EMC10
ENSG00000082153,59.53832261284485,-0.0005927793367906602,0.06073045015512506,-0.009760825669437844,0.9922121115613778,0.9960128696053169,,BZW1
ENSG00000074319,15.13895128086548,0.0007824212621398934,0.08058697187837609,0.00970902918800254,0.9922534372159763,0.9960128696053169,,TSG101
ENSG00000115816,47.67201914202752,-0.0006054200415688866,0.06448298562895637,-0.009388833901900165,0.9925089044428241,0.9960128696053169,,CEBPZ
ENSG00000178307,12.786278660272242,0.0007731617701057705,0.08541810291137723,0.009051497794418816,0.9927780482731109,0.9960128696053169,,TMEM11
ENSG00000137504,12.912899578977736,-0.0007750886652390259,0.08697050307957167,-0.008912086716686878,0.9928892777328732,0.9960128696053169,,CREBZF
ENSG00000102984,16.143209213929687,0.0006862706957144605,0.07714913759238048,0.008895377409665808,0.9929026093025166,0.9960128696053169,,ZNF821
ENSG00000112309,17.301733660438785,-0.0007748346373459273,0.08744481985959822,-0.008860840911903131,0.9929301643548869,0.9960128696053169,,B3GAT2
ENSG00000197540,8.90484359535924,0.001004279068572382,0.11485849206133461,0.008743620524254274,0.9930236890691665,0.9960128696053169,,GZMM
ENSG00000198964,7.0975900416383695,-0.0010455798106199894,0.12310137233164949,-0.008493648696320582,0.9932231303233194,0.9960128696053169,,SGMS1
ENSG00000071243,34.10734382844182,0.0006391281731675197,0.07542097840272502,0.008474143225174967,0.9932386928775183,0.9960128696053169,,ING3
ENSG00000141698,9.072836126108838,-0.0008788319917201163,0.10380568051800795,-0.00846612620171262,0.9932450893073084,0.9960128696053169,,NT5C3B
ENSG00000214753,11.251118376367563,-0.0007329452858163335,0.08772196515769466,-0.008355322233134468,0.9933334949560917,0.9960128696053169,,HNRNPUL2
ENSG00000127527,13.461663160759663,0.0005427648829979023,0.08051623278062538,0.0067410615754554745,0.9946214517808052,0.9969605087143457,,EPS15L1
ENSG00000186298,73.6463394592949,-0.00033669556791069213,0.050084064166968464,-0.0067226087481285154,0.9946361746732255,0.9969605087143457,,PPP1CC
ENSG00000168827,8.252033078665647,-0.0005326650950241087,0.10091785173693076,-0.00527820485529797,0.9957886213916582,0.9979362604025676,,GFM1
ENSG00000187555,13.352497655256283,-0.0004420991004867536,0.09412974692149795,-0.004696699130142718,0.9962525900546698,0.9981435364683042,,USP7
ENSG00000075884,57.26940466743323,0.00019689067560696566,0.0443776917378535,0.004436703845933043,0.9964600341141284,0.9981435364683042,,ARHGAP15
ENSG00000167986,13.447683664147622,0.00035803505278862095,0.0823842793744949,0.004345914724350481,0.996532472654062,0.9981435364683042,,DDB1
ENSG00000119285,7.7211443358438325,0.000398875414743036,0.10584833480747327,0.003768367404820751,0.9969932849444518,0.9983144797767073,,HEATR1
ENSG00000104219,9.537896226757745,-0.0003938214649149315,0.11100734913452634,-0.0035477062373381386,0.9971693459048374,0.9983144797767073,,ZDHHC2
ENSG00000117318,31.62108857943395,-0.0003884556527450906,0.11230818719097942,-0.003458836461179131,0.997240253292012,0.9983144797767073,,ID3
ENSG00000175463,80.85926642186689,-0.00012476415258618075,0.045901687561065566,-0.0027180733261756456,0.9978312939282868,0.9987268524401594,,TBC1D10C
ENSG00000164897,28.019448618861198,0.00015020568074807595,0.06111868523909681,0.0024576065430804025,0.9980391156566496,0.9987555830763599,,TMUB1
ENSG00000183943,22.183193853604806,0.00013310670986638103,0.09455605685467264,0.001407701571893576,0.9988768170205226,0.99927875211227,,PRKX
ENSG00000206527,8.83829307681972,-0.00012495242903528257,0.09234085691711635,-0.0013531651449524432,0.9989203307521151,0.99927875211227,,HACD2
ENSG00000117859,14.594711178561857,5.2378300085510496e-05,0.07171437128431712,0.0007303738308999839,0.9994172460485218,0.9995523504662761,,OSBPL9
ENSG00000127084,17.607463311348113,4.104207636658392e-05,0.07315284590114242,0.0005610455186124613,0.9995523504662761,0.9995523504662761,,FGD3
