variable,baseMean,log_fc,lfcSE,stat,p_value,adj_p_value,contrast,gene
ENSG00000126709,81.14223802399832,2.277623810850447,0.19609173079482914,11.615093617759566,3.454098460226201e-31,1.0113600291542317e-27,,IFI6
ENSG00000137959,30.494817063951047,3.047108234523479,0.2768893158175282,11.004788052318865,3.623670197032152e-28,5.30505316845507e-25,,IFI44L
ENSG00000142089,151.30116651023226,1.9773492214847528,0.19295934935113584,10.24749113289396,1.2145512092262214e-24,1.185401980204792e-21,,IFITM3
ENSG00000187608,101.16276688808661,1.8532345550731708,0.18358888908856255,10.094481012841566,5.843937288307854e-24,4.277762095041349e-21,,ISG15
ENSG00000133106,36.88232975498334,1.316087606354014,0.13365904903606876,9.846603098297214,7.089978395922389e-23,4.151891348652151e-20,,EPSTI1
ENSG00000125148,100.97622672047174,1.497297137798105,0.16056107103063805,9.325405767331938,1.1055973385307896e-20,5.395315012030253e-18,,MT2A
ENSG00000137965,13.137008421988796,1.8167300052577862,0.203112335386009,8.944459241262448,3.737752740239704e-19,1.5634485747745503e-16,,IFI44
ENSG00000160932,107.15077740618753,1.292844170860625,0.14659315243418003,8.819267130782993,1.1521128506145411e-18,4.2167330332492206e-16,,LY6E
ENSG00000157601,22.990993066227947,1.7640231927088736,0.20809342642893047,8.477073125187523,2.3092981164327693e-17,7.512916538794609e-15,,MX1
ENSG00000185885,15.692167342301312,2.031364812959995,0.2405827827086796,8.443516988577539,3.079295904800052e-17,9.016178409254552e-15,,IFITM1
ENSG00000089127,14.27106120769799,1.3485512931205423,0.1602681682251479,8.414342711062067,3.9510402905656136e-17,1.0516950882523743e-14,,OAS1
ENSG00000183486,15.095652667724497,1.3828255382317427,0.1653774249912593,8.361634233359416,6.185536388025243e-17,1.509270878678159e-14,,MX2
ENSG00000002549,41.77842438064366,0.7874278031787529,0.09651566750509614,8.158549005913219,3.390731446457619e-16,7.636970519406083e-14,,LAP3
ENSG00000086065,21.796896356778742,0.7261832018656474,0.09050284281532477,8.023871729062234,1.0246329601246417e-15,2.021625704952156e-13,,CHMP5
ENSG00000135899,33.397947609957725,0.7153602934861202,0.08916862221947208,8.022556317236718,1.0356689062254898e-15,2.021625704952156e-13,,SP110
ENSG00000111335,9.43067421154367,1.4427901563669918,0.18159271118187706,7.945198609441667,1.9387989550912306e-15,3.548002087816952e-13,,OAS2
ENSG00000172183,17.599349152332444,1.0496938057832186,0.13243378865888425,7.926178178644144,2.259932681354298e-15,3.892401700591403e-13,,ISG20
ENSG00000025708,159.5886153738179,0.6163494867254304,0.07787438841174324,7.914662308057198,2.479250926798088e-15,4.03291484092489e-13,,TYMP
ENSG00000143947,1338.1039611444544,-0.2303520467375439,0.029992574919090197,-7.680302453489093,1.587134187221818e-14,2.326520018321185e-12,,RPS27A
ENSG00000164587,1697.6766447565603,-0.2029708388240332,0.026428014209711467,-7.680139612965993,1.5891530179789514e-14,2.326520018321185e-12,,RPS14
ENSG00000122406,587.140424789842,-0.32378729713290466,0.042721068484239046,-7.579101099785426,3.479572933363066e-14,4.779963909849391e-12,,RPL5
ENSG00000174748,1145.3358757264225,-0.22342336469113414,0.029494865517649693,-7.574991808572168,3.5915029377283676e-14,4.779963909849391e-12,,RPL15
ENSG00000115415,25.561234952200483,0.9456559076154829,0.12511801565689845,7.558111457015772,4.089635502183604e-14,5.206283804518952e-12,,STAT1
ENSG00000147403,2392.7231326017304,-0.2221213458861559,0.029737632002142505,-7.469368975651886,8.058029809010866e-14,9.639158632542829e-12,,RPL10
ENSG00000132530,20.1727391558317,1.141700407974332,0.15290793589634152,7.466587010554552,8.23015593625583e-14,9.639158632542829e-12,,XAF1
ENSG00000142937,1200.579524844007,-0.2775194255619523,0.0373308116077262,-7.434058184379664,1.0531560892733176e-13,1.18601578053549e-11,,RPS8
ENSG00000100129,104.0131662772118,-0.41379325733510536,0.05578427741658756,-7.417739845314607,1.1913581750908716e-13,1.2569404097328352e-11,,EIF3L
ENSG00000137154,1408.157194338618,-0.26260734938749053,0.03540823005402208,-7.4165624485277135,1.2019921950997058e-13,1.2569404097328352e-11,,RPS6
ENSG00000174444,401.6925405515387,-0.2539348557818127,0.03452322550840491,-7.355478870883328,1.9024384900957542e-13,1.920806861724265e-11,,RPL4
ENSG00000089009,789.2093319655102,-0.2769428599102033,0.037691884892696044,-7.347546048668673,2.0187875813233497e-13,1.970336679371589e-11,,RPL6
ENSG00000185507,20.553721192678175,1.023277270870138,0.13985981650507442,7.316449402269961,2.546179644891695e-13,2.4049077420138333e-11,,IRF7
ENSG00000171863,786.7157692964263,-0.22382168212010167,0.030681518052163455,-7.2950002584477485,2.986585052523882e-13,2.732725323059352e-11,,RPS7
ENSG00000089157,397.7912049595152,-0.2978903701740109,0.04108570226688875,-7.250463147470228,4.153488818711755e-13,3.685277351875157e-11,,RPLP0
ENSG00000177409,14.841289128989194,1.0405102878466963,0.14370757197052902,7.240469472687771,4.4713422887215225e-13,3.8506147709931234e-11,,SAMD9L
ENSG00000100316,945.621772250445,-0.25565630891997165,0.035532344490496776,-7.195030685024109,6.244671978017258e-13,5.224114157609866e-11,,RPL3
ENSG00000240065,79.26318373949695,0.4773880231773259,0.06669559540298614,7.157714393174935,8.203323699348487e-13,6.672036608803436e-11,,PSMB9
ENSG00000100911,115.30030158294163,0.4556559436262149,0.06389195716959295,7.131663574129293,9.91630133264346e-13,7.847278459994607e-11,,PSME2
ENSG00000161970,1534.3647088129362,-0.1992392174231645,0.02796655374101858,-7.12419625486211,1.0468978589847868e-12,8.066623502914357e-11,,RPL26
ENSG00000138496,9.316491942491748,1.112868515990032,0.15636829343674485,7.116970400653615,1.1032516708084841e-12,8.282874082377543e-11,,PARP9
ENSG00000137818,2156.756028211399,-0.20936275403815585,0.029537324286940638,-7.088074464846553,1.3599079751257588e-12,9.954526377920554e-11,,RPLP1
ENSG00000142541,1910.558256083199,-0.19166716327204458,0.027500598418086136,-6.969563365791782,3.1792615384478783e-12,2.2704579962378997e-10,,RPL13A
ENSG00000055332,18.22046047067724,0.9426409242593352,0.13541585241363036,6.961082528063407,3.376678789152854e-12,2.3540274987237036e-10,,EIF2AK2
ENSG00000163565,67.4697165045681,0.5643921341328695,0.08207780587188467,6.876306306406749,6.14243543260166e-12,4.1825699875948043e-10,,IFI16
ENSG00000144713,1693.2227511547876,-0.15319771433022106,0.022364379185168766,-6.850076769929574,7.381036752919728e-12,4.911744457397492e-10,,RPL32
ENSG00000166710,3014.9452966484146,0.2355322472502756,0.035053558573405724,6.71921074024616,1.8271150042365315e-11,1.1888428294232365e-09,,B2M
ENSG00000071082,839.0161677040262,-0.20770188255720495,0.03107546036115894,-6.683791008831216,2.3283880023265586e-11,1.4820695806113398e-09,,RPL31
ENSG00000117228,11.586185976360879,1.0520876705950195,0.15756322975795709,6.677241081000932,2.4348224602574924e-11,1.5168425880072208e-09,,GBP1
ENSG00000166441,1353.4722066718534,-0.15791600081118148,0.023756058490725786,-6.6473990570797294,2.9831743588464127e-11,1.8136413177049037e-09,,RPL27A
ENSG00000140988,1791.0989798099245,-0.2032524388490022,0.030587934457353826,-6.644856622547689,3.0351237898750096e-11,1.8136413177049037e-09,,RPS2
ENSG00000149273,999.4873687732197,-0.1905820972247076,0.028810287881612648,-6.615070908275833,3.7137368901544763e-11,2.1747643228744616e-09,,RPS3
ENSG00000182899,1004.831482795536,-0.18017890664514105,0.027523999642435622,-6.546247238259188,5.900087444254727e-11,3.3873443209368315e-09,,RPL35A
ENSG00000186468,1451.180956488084,-0.21825147739579964,0.03341359310532979,-6.531817057441406,6.497649501270605e-11,3.6586764884077562e-09,,RPS23
ENSG00000063177,726.2098540464613,-0.18183502618310718,0.028376506286998098,-6.407942695412882,1.4749632176375336e-10,8.148476040080563e-09,,RPL18
ENSG00000114942,264.6338420633579,-0.3242888596501379,0.050673656881632334,-6.3995551062682985,1.558303331174648e-10,8.449466951258091e-09,,EEF1B2
ENSG00000130303,62.05913474096729,0.49206634126845533,0.077239215309291,6.370680221155293,1.8819165832806062e-10,9.847956251304016e-09,,BST2
ENSG00000156587,31.3758814240162,0.600659028973392,0.0942868083108233,6.370552145463191,1.8834889005226258e-10,9.847956251304016e-09,,UBE2L6
ENSG00000198034,1272.4643229463825,-0.22782226147127316,0.0359000776773319,-6.346010265463162,2.2097049635466448e-10,1.1350905496955398e-08,,RPS4X
ENSG00000147604,1191.6421849468009,-0.24167756405098487,0.03836481330497718,-6.29945888514545,2.986865131110795e-10,1.5078519144642083e-08,,RPL7
ENSG00000204628,520.7059689659694,-0.18963128033618515,0.03013081656270421,-6.293599111114363,3.101882965445807e-10,1.5393751394619192e-08,,RACK1
ENSG00000156508,1851.469903380148,-0.257420975575196,0.04169657049065651,-6.173672619739305,6.672162767120415e-10,3.256015430354762e-08,,EEF1A1
ENSG00000108298,1270.3912998630997,-0.1465607242024759,0.023967656113614493,-6.11493771054334,9.659468620320641e-10,4.636544937753908e-08,,RPL19
ENSG00000134419,1353.7720425808754,-0.17132819238239394,0.028042269800502125,-6.109640681772705,9.98557007085854e-10,4.7157659947538394e-08,,RPS15A
ENSG00000118181,813.3668145662449,-0.13230768229088238,0.021709794359289623,-6.094377500829155,1.0986412397029683e-09,5.1060659521433195e-08,,RPS25
ENSG00000068079,14.156184014604897,0.7205147733562198,0.11997607110516881,6.005487316921971,1.9075807713113047e-09,8.727182028749219e-08,,IFI35
ENSG00000138326,1390.0031435350963,-0.19081103431255386,0.03179736818671207,-6.00084362932567,1.9629496072777997e-09,8.842333000168304e-08,,RPS24
ENSG00000167526,1773.297084191391,-0.18678498007117073,0.031151122760581296,-5.996091425235205,2.0212325569706354e-09,8.966922616378819e-08,,RPL13
ENSG00000175390,97.27824276199618,-0.2614928521124086,0.04366552302123311,-5.988542768290058,2.117294663788448e-09,9.252893694884442e-08,,EIF3F
ENSG00000102524,64.8218609585687,0.32273912927065085,0.05428923470061802,5.944808967199843,2.767794483306605e-09,1.1917797422237853e-07,,TNFSF13B
ENSG00000114391,471.1146098780102,-0.1702738762149175,0.02883590539623129,-5.904925608376128,3.5280591513346895e-09,1.497124231175068e-07,,RPL24
ENSG00000185201,98.84982644872765,0.5342637947123939,0.09070848697022345,5.889898647386488,3.86432543816234e-09,1.6163921261341902e-07,,IFITM2
ENSG00000083845,573.2509127716385,-0.18209125018259173,0.030955656471524522,-5.882325588865923,4.04541540628222e-09,1.6683065224780762e-07,,RPS5
ENSG00000255198,15.157720222850523,-0.5429763487451724,0.09270994328944988,-5.8567218302566,4.720928723502076e-09,1.9018669303996887e-07,,SNHG9
ENSG00000205413,11.285046464984418,0.7680972533737833,0.13116430094784973,5.855993191921748,4.741676431665891e-09,1.9018669303996887e-07,,SAMD9
ENSG00000122026,2012.0490710636666,-0.1960852772629817,0.033512309188928106,-5.851141923928206,4.882094003417051e-09,1.931725843514206e-07,,RPL21
ENSG00000121858,16.053286355858113,0.7653791199285633,0.13199205137930847,5.798675843964849,6.6840591383838624e-09,2.6094566876250597e-07,,TNFSF10
ENSG00000123609,22.776570035324767,0.5202779172044524,0.08980061562555018,5.793701007283766,6.885199002323976e-09,2.6526135103690264e-07,,NMI
ENSG00000152061,14.278867741354025,0.6684752177708907,0.11626048305744432,5.749805954621718,8.934593282960268e-09,3.397466121104891e-07,,RABGAP1L
ENSG00000198755,726.1268724248357,-0.17436190286722242,0.030376490349783306,-5.740027924867437,9.466094060832054e-09,3.5534260782200327e-07,,RPL10A
ENSG00000198242,1097.323095371974,-0.15862420580173955,0.027706351928876955,-5.7251927720016225,1.033163571693058e-08,3.8292442252117386e-07,,RPL23A
ENSG00000145425,1288.1612075613455,-0.2864587652383021,0.05019557165200589,-5.7068533300956,1.15083867713825e-08,4.2120695583259947e-07,,RPS3A
ENSG00000177600,1378.7187222821517,-0.1424592509593287,0.02518417320016353,-5.656697554732655,1.54313337724926e-08,5.578141393315843e-07,,RPLP2
ENSG00000169100,316.7996448237914,-0.21494493225667605,0.03803700220068391,-5.650943024442955,1.5956998020499026e-08,5.697815878539165e-07,,SLC25A6
ENSG00000136147,15.839968267520497,0.518448167130044,0.09196660154337583,5.637352674008718,1.7268422842542596e-08,6.091800250959605e-07,,PHF11
ENSG00000148303,542.9053197381003,-0.21640385080829608,0.03848149951766479,-5.623581552713576,1.8703840097112508e-08,6.519624262422074e-07,,RPL7A
ENSG00000145287,47.78422092213338,0.6077312261217455,0.10880205620306663,5.585659383012803,2.3281515406840543e-08,8.019797307203424e-07,,PLAC8
ENSG00000105640,1501.8782378503215,-0.1366994239006137,0.024684860058443076,-5.537784033491321,3.063226612903927e-08,1.0429218049514762e-06,,RPL18A
ENSG00000229117,2805.685431438367,-0.1295395214944963,0.023511562182806027,-5.509609292964308,3.596310448453903e-08,1.210344481962417e-06,,RPL41
ENSG00000116251,562.2391209790604,-0.1507911285667616,0.027420019398481654,-5.499307873396743,3.812848978152627e-08,1.2686388418216923e-06,,RPL22
ENSG00000142676,1460.7286603375137,-0.12278408789474088,0.022380195969044486,-5.48628296483961,4.104791923023887e-08,1.3504304214172967e-06,,RPL11
ENSG00000170345,741.6759675674239,-0.38671158199454053,0.07055812424608411,-5.480752020076591,4.235217535192891e-08,1.377857438116087e-06,,FOS
ENSG00000161016,895.1557754063106,-0.17154776269285835,0.03145193582640723,-5.454283120749147,4.917080646382289e-08,1.582111223363444e-06,,RPL8
ENSG00000110700,1216.424478613244,-0.1712886238841834,0.031676080650441446,-5.407506874806377,6.390809059981986e-08,2.0339444486551364e-06,,RPS13
ENSG00000109475,2088.0165457710277,-0.1674622593525198,0.03204150722469133,-5.226416416000324,1.728268918454723e-07,5.441259562618741e-06,,RPL34
ENSG00000132274,22.295891085850368,0.4879000996204478,0.09340034196209845,5.223750677684199,1.7533482512190154e-07,5.461493276137529e-06,,TRIM22
ENSG00000162244,729.3873793353525,-0.1408508526667853,0.026974913440787687,-5.221549754959004,1.7743194215622202e-07,5.46863922772019e-06,,RPL29
ENSG00000168394,15.983529447420457,0.5704261535728157,0.10974062475210382,5.197948844025331,2.0149955921728297e-07,6.145736556127131e-06,,TAP1
ENSG00000267519,25.954343452220304,-0.9919021709084073,0.19116747679995788,-5.18865545286428,2.1181789595412786e-07,6.350704666972447e-06,,MIR23AHG
ENSG00000168028,405.752189761817,-0.18909078166022994,0.03644767971870335,-5.1880060162841275,2.1255773817052588e-07,6.350704666972447e-06,,RPSA
ENSG00000164169,15.637326632461749,-0.7299304189703624,0.1426891077641969,-5.1155300527677285,3.1286112682345824e-07,9.253104841808947e-06,,PRMT9
ENSG00000092010,125.86484456905816,0.21173707535637923,0.04146682584118763,5.106179965819033,3.287366244332292e-07,9.556962666583904e-06,,PSME1
ENSG00000204592,122.66283048567034,0.2131179835239331,0.04174161375483103,5.10564792189587,3.2966298815743657e-07,9.556962666583904e-06,,HLA-E
ENSG00000149806,744.1775626318203,-0.10381987951751293,0.0203807058173189,-5.094027677357963,3.505355592308672e-07,9.98049485251216e-06,,FAU
ENSG00000182718,216.121638674897,0.20307421524738528,0.03986750042559094,5.093728301988856,3.5108981209315315e-07,9.98049485251216e-06,,ANXA2
ENSG00000147677,104.48228754586616,-0.18665808473540227,0.036701682313322694,-5.08581822331467,3.660445165595114e-07,1.0305561004675475e-05,,EIF3H
ENSG00000113387,181.2018967834825,0.21191729347552926,0.041825213355581224,5.066735504105938,4.0469598453262253e-07,1.128523659725256e-05,,SUB1
ENSG00000163682,824.1070239534292,-0.18618658237728505,0.03679032243103692,-5.060748862048977,4.1761298381790164e-07,1.1535573741686943e-05,,RPL9
ENSG00000187193,15.728022558542838,0.6669099060399741,0.13258649747248258,5.02999867070466,4.904832366275137e-07,1.3421821652760377e-05,,MT1X
ENSG00000152234,73.04827696753475,-0.21883244282930286,0.04354014434837661,-5.0259925892382125,5.008352288588784e-07,1.3578199537951815e-05,,ATP5F1A
ENSG00000102317,112.93923344876106,-0.243617071018505,0.04859410813860472,-5.013304706069248,5.350306819797936e-07,1.437220033795262e-05,,RBM3
ENSG00000173812,566.3319701647982,-0.19299921310446427,0.0388120375736115,-4.972663770574245,6.603914099782858e-07,1.757841862196746e-05,,EIF1
ENSG00000125691,601.8084835745512,-0.17915251793098258,0.03621561422353489,-4.946830856580073,7.543146634717543e-07,1.989058213613588e-05,,RPL23
ENSG00000100353,47.516223841645775,-0.2338662665678926,0.047292021076207835,-4.945152718067033,7.608419396336129e-07,1.989058213613588e-05,,EIF3D
ENSG00000136942,880.3997307321225,-0.1042432296111358,0.021087500763766316,-4.943365777619895,7.678522184881898e-07,1.989620615693292e-05,,RPL35
ENSG00000112306,1291.011080120526,-0.15328182172374974,0.031029719447400825,-4.9398391108105635,7.81870568151911e-07,2.008172827674382e-05,,RPS12
ENSG00000188846,661.2896157703791,-0.13342202493208863,0.027056246643598108,-4.931283584512199,8.169103824032797e-07,2.0799248692841763e-05,,RPL14
ENSG00000187109,167.3306133133296,-0.23776797007846168,0.04886769047831664,-4.8655454708661345,1.1414156411918194e-06,2.8810905150083165e-05,,NAP1L1
ENSG00000167658,170.39845144151693,-0.2684171855305382,0.05527820370931718,-4.8557508659655735,1.1993141164433492e-06,3.0013604555095098e-05,,EEF2
ENSG00000168961,48.05773679200766,0.31224617878570976,0.06446773132028533,4.843449154964428,1.2760438596273047e-06,3.166319000837922e-05,,LGALS9
ENSG00000099622,70.72589258577605,-0.2543220981469065,0.05267912520125092,-4.827758569932884,1.3807834622966277e-06,3.3974235105920386e-05,,CIRBP
ENSG00000135486,275.37176517035863,-0.17359825379897464,0.03597966114945579,-4.824899630873827,1.4007378908751508e-06,3.417800453735368e-05,,HNRNPA1
ENSG00000233927,1200.5933120272618,-0.16066215290120373,0.033320357395010054,-4.821741585678908,1.4231023004985122e-06,3.443672343685656e-05,,RPS28
ENSG00000173193,15.630454731787992,0.6346954551068463,0.13319383116589317,4.765201582919646,1.8866493374302442e-06,4.5279584098325864e-05,,PARP14
ENSG00000271614,34.765175841706544,-0.3684889391758134,0.07736463384778754,-4.763015357906348,1.9072131957722948e-06,4.5400977538384385e-05,,ATP2B1-AS1
ENSG00000063046,43.22987156585022,-0.36780286484632363,0.0773645207853736,-4.754154244252229,1.9927885918293266e-06,4.7055524168357e-05,,EIF4B
ENSG00000115268,1413.1515399446835,-0.07899325158706837,0.01665110689149842,-4.744024052082692,2.09513956131377e-06,4.907654908421375e-05,,RPS15
ENSG00000137752,54.48983000200159,0.25917793041536374,0.05488750419323688,4.721984251696019,2.335547707963216e-06,5.427368007076426e-05,,CASP1
ENSG00000213689,13.279937879143647,0.4285046431550405,0.09082133637894446,4.71810546111258,2.380510900927921e-06,5.4882959983598054e-05,,TREX1
ENSG00000204264,48.659064853282764,0.2729142021843846,0.05788097452101469,4.715093421333091,2.415998723415977e-06,5.526597079814047e-05,,PSMB8
ENSG00000101608,284.3357137092054,0.15272627184981427,0.032482731304185546,4.701768161661171,2.579182498009067e-06,5.854144460597325e-05,,MYL12A
ENSG00000163563,192.1324464866703,0.3457011045545838,0.07372636554338119,4.6889752669439595,2.7457656951125103e-06,6.184309196376485e-05,,MNDA
ENSG00000170889,927.867670409673,-0.13228940232474973,0.02857532491499631,-4.629497747384295,3.6655371359442935e-06,8.165874590180772e-05,,RPS9
ENSG00000145741,335.5877348267937,-0.15030478925393315,0.0324730075811755,-4.628606970826575,3.6813369054093644e-06,8.165874590180772e-05,,BTF3
ENSG00000186395,32.35861284799417,-0.28585171665108033,0.061992497262665196,-4.611069553141453,4.006024622901054e-06,8.819278267559614e-05,,KRT10
ENSG00000106605,14.87676533554442,0.5119133894145063,0.11135623273158997,4.5970789138351,4.2845537488118895e-06,9.362069683971054e-05,,BLVRA
ENSG00000163319,16.362837965811426,0.4034924694899131,0.08823980501021443,4.572680883000657,4.815232209352199e-06,0.00010443703636283881,,MRPS18C
ENSG00000070756,314.13166431579634,-0.21680405811786171,0.047492726345006946,-4.564994996137024,4.99506254665388e-06,0.00010754075835737178,,PABPC1
ENSG00000105193,864.2798152077638,-0.16202431008861376,0.03575597899548794,-4.531390683193422,5.859665697809757e-06,0.0001252343150597589,,RPS16
ENSG00000173821,25.813417814511922,0.45387363949444376,0.10031895061546807,4.524306092815743,6.059397710608692e-06,0.00012856461229465398,,RNF213
ENSG00000131469,656.016704993087,-0.1232886232892207,0.027424382719780895,-4.495584259779675,6.937917700838182e-06,0.00014576742914141583,,RPL27
ENSG00000163479,67.45697541777842,-0.15766577471285723,0.03507885487277432,-4.494610080194666,6.969754125614145e-06,0.00014576742914141583,,SSR2
ENSG00000168209,65.32433532912795,0.45843248378430784,0.1021085495527936,4.489658170565655,7.133755955693943e-06,0.0001481392726118572,,DDIT4
ENSG00000133313,14.958838699089847,0.3807553126464583,0.08595622045894843,4.429642329705528,9.438950170629868e-06,0.0001946284936591849,,CNDP2
ENSG00000197111,101.54521976334182,-0.18034629607432107,0.04086318770714391,-4.413417214702318,1.0175163741538527e-05,0.00020834181423234132,,PCBP2
ENSG00000171858,519.3092240388376,-0.17561083251642054,0.03993831773809506,-4.397051314680554,1.097314095928186e-05,0.00022312053283873114,,RPS21
ENSG00000173221,57.62154716471936,0.23407260971385357,0.053270216375042596,4.3940615533808485,1.112522927822791e-05,0.0002246529057010436,,GLRX
ENSG00000170142,13.27763262131959,0.3374700343199999,0.07683771474420344,4.391984267666658,1.1232082853897102e-05,0.00022525711367267612,,UBE2E1
ENSG00000083457,16.10712919378319,-0.3692755025207985,0.08437768480744055,-4.376459289722479,1.2062270780941137e-05,0.00024026074045303163,,ITGAE
ENSG00000213719,168.9440602914143,0.13143600602830152,0.030046831288473148,4.374371618970826,1.2178276706571324e-05,0.00024093239322189755,,CLIC1
ENSG00000084754,39.764548825997245,-0.25782531930303576,0.05921433585910657,-4.354103032017454,1.3361285880472694e-05,0.0002625627185102285,,HADHA
ENSG00000198938,1346.369970485679,-0.1573080593379496,0.03643097897408463,-4.317975079666444,1.5746720428484147e-05,0.00030737598276401056,,MT-CO3
ENSG00000131966,8.904456259588505,0.4082421459172588,0.09474682960981214,4.30876840521723,1.6416616238171426e-05,0.00031833014798255587,,ACTR10
ENSG00000105372,1466.6792692078093,-0.10445518087574018,0.024278813082052115,-4.302318260893804,1.6902029404108202e-05,0.00032558646115282117,,RPS19
ENSG00000184752,59.42569668177292,0.2367040130315006,0.05532612162907302,4.278340972794961,1.882914388723936e-05,0.0003603381261557964,,NDUFA12
ENSG00000104529,248.19060786637468,-0.11056047500998208,0.025870325707156753,-4.273640628320218,1.9230689949186234e-05,0.00036563285825465773,,EEF1D
ENSG00000105373,96.78019786668708,-0.201499676502593,0.047499678335665846,-4.242127179865426,2.2141115520198164e-05,0.0004182528144718724,,NOP53
ENSG00000165629,73.07572985258811,0.15523187027339513,0.036708753915021666,4.228742567310965,2.350010556322994e-05,0.00044107890441754657,,ATP5F1C
ENSG00000206503,363.5863715645383,0.2851696461751692,0.06769102658877559,4.212813138550562,2.5220970647984015e-05,0.00047036307042864453,,HLA-A
ENSG00000103490,101.03766258023956,0.16748821645806297,0.039790152732758606,4.209288101580283,2.561765668559469e-05,0.0004747373340216535,,PYCARD
ENSG00000169385,17.90854000311609,0.60780956991664,0.14447018369111086,4.207162712661783,2.5859695140438163e-05,0.00047620872560504994,,RNASE2
ENSG00000168303,15.869905135935996,0.3206135182059803,0.07638939320977924,4.19709471085229,2.703608896933648e-05,0.0004947604281388576,,MPLKIP
ENSG00000137767,14.5997144728594,0.3237037591494865,0.0772705354851893,4.1892262958567414,2.7990716384126555e-05,0.000509048556352314,,SQOR
ENSG00000104325,35.6448212812899,0.22499538996461735,0.05387006665198699,4.176630992832053,2.9585839489749135e-05,0.0005347366544813917,,DECR1
ENSG00000109971,70.07180920052024,0.24030338940472365,0.057589573600787494,4.1726891584666586,3.01025499385541e-05,0.0005407378295710822,,HSPA8
ENSG00000177954,2426.379513986129,-0.15599870848364136,0.0374281695567372,-4.1679491765463865,3.073524393800547e-05,0.000548736550307805,,RPS27
ENSG00000155090,31.019628115765396,0.3104304178813949,0.07525523155082932,4.125034386104071,3.706793714072398e-05,0.0006577873936244838,,KLF10
ENSG00000120129,279.101885717054,-0.33433102236228646,0.08112660871241889,-4.121101913028776,3.7706456848591856e-05,0.0006650873834498611,,DUSP1
ENSG00000114978,35.0288825614046,0.2630990604392078,0.06387226391852094,4.119144121380006,3.802822525321221e-05,0.0006667463685114094,,MOB1A
ENSG00000205302,30.832300411296945,0.23671488366712942,0.05752701261840099,4.114847493252451,3.874354868593368e-05,0.0006752447056691298,,SNX2
ENSG00000125991,30.509311739867478,-0.22904753872146966,0.05599150709672003,-4.090755019789192,4.299711269960584e-05,0.0007449440590795615,,ERGIC3
ENSG00000118705,25.286091241699676,0.25114325704025536,0.061488813843869006,4.084373097161259,4.4195971400649155e-05,0.0007612106133005925,,RPN2
ENSG00000115875,57.048878928793144,-0.229155976826442,0.056455267656836575,-4.059071656862331,4.9268194420495426e-05,0.0008436097851649743,,SRSF7
ENSG00000041357,91.76135858319228,0.20811530822300237,0.05160597424065192,4.032775493250203,5.512193556140792e-05,0.0009383548100221069,,PSMA4
ENSG00000118680,118.38736631700283,0.13250707652180566,0.032924824964068095,4.024533969927398,5.7088253547918446e-05,0.0009662104415508972,,MYL12B
ENSG00000104408,175.67420357632298,-0.16849382750711805,0.04197852646739523,-4.0138099568117855,5.974645659200362e-05,0.0010050266875760848,,EIF3E
ENSG00000178035,11.009089612602448,-0.34842076001804406,0.08683290888473286,-4.0125427616453395,6.006819341728649e-05,0.0010050266875760848,,IMPDH2
ENSG00000196141,12.787857624775812,0.4122111931870939,0.10335551746674043,3.9882843537573365,6.655286206444975e-05,0.0011071976143449368,,SPATS2L
ENSG00000136156,159.93557811641713,0.15774306756159362,0.03960541890969396,3.982865777061226,6.808921443095893e-05,0.001126357174315524,,ITM2B
ENSG00000075624,2778.1184049955186,0.15617733554285534,0.039526925624771996,3.9511632406082486,7.777225155994539e-05,0.0012793098458849443,,ACTB
ENSG00000185650,36.90348709483877,-0.3124662619361149,0.07913884305485046,-3.9483299208651204,7.869829777461421e-05,0.0012873107032629631,,ZFP36L1
ENSG00000133112,833.1890619623539,-0.19596745888245135,0.04968010050850608,-3.944586602615636,7.993776109575515e-05,0.0012965126797921007,,TPT1
ENSG00000121741,7.879978225558823,-0.4145541366618636,0.10511109456148016,-3.9439617520050483,8.014644639425213e-05,0.0012965126797921007,,ZMYM2
ENSG00000100519,12.583311247874695,0.3348964019729224,0.08502174052731401,3.9389502013938884,8.18389128382523e-05,0.001316617235112103,,PSMC6
ENSG00000111913,27.85235846018948,0.3182060962700735,0.08110557058815875,3.9233568540670736,8.732365836940679e-05,0.0013971785339105087,,RIPOR2
ENSG00000149269,38.288802942965766,0.26445811856742585,0.06803225482405093,3.887246119526439,0.00010138794042402206,0.0016133907041387858,,PAK1
ENSG00000204397,78.16783236096529,0.1976931423981633,0.051039375126499094,3.873345665149477,0.0001073513984280833,0.001699053484310421,,CARD16
ENSG00000138385,37.13596042114926,0.25628647406217103,0.06619311658028619,3.8717994755741563,0.00010803481528728438,0.0017006770922643477,,SSB
ENSG00000079616,11.353015667373494,-0.40208318225357564,0.10485442841801834,-3.8346800256314317,0.00012572785870728996,0.0019686158839301872,,KIF22
ENSG00000169413,67.99865370789237,0.25783470507882567,0.06769954875382474,3.8085143819257596,0.00013980421631097252,0.002177376305098551,,RNASE6
ENSG00000160201,48.302600430666104,0.16657403706898477,0.043825727043218465,3.8008276943065615,0.00014421356151673794,0.0022341656514339083,,U2AF1
ENSG00000156482,892.4449849245209,-0.11696940091050495,0.03085437075936219,-3.7910156010883074,0.00015003252858021565,0.0023120802299098496,,RPL30
ENSG00000105202,39.550346926482135,-0.19341104363773148,0.05107590781329388,-3.7867372684737886,0.00015263834270649003,0.00233992181908169,,FBL
ENSG00000234745,631.3549604675765,0.23025612142097332,0.060870924583532375,3.782694660814554,0.00015513967992610123,0.00234869577056361,,HLA-B
ENSG00000140280,9.973365639608167,0.38579841913959184,0.10199892930441529,3.7823771462166866,0.00015533776544406509,0.00234869577056361,,LYSMD2
ENSG00000177889,21.627568585610167,0.24973522389539343,0.0660338041782375,3.7819299827299315,0.00015561713780373645,0.00234869577056361,,UBE2N
ENSG00000231500,2325.5337035327825,-0.11708615393538925,0.031056535060981636,-3.77009713754231,0.00016318402080242692,0.002450270835433364,,RPS18
ENSG00000087074,53.76846161534826,-0.3142852001417897,0.08340346295586663,-3.7682512092824645,0.00016439522019168898,0.002455863289394211,,PPP1R15A
ENSG00000177575,8.99014013560632,0.5063660738991812,0.13446788086765935,3.765702788144157,0.00016608126198405313,0.0024684565232959777,,CD163
ENSG00000197756,979.9980453381852,-0.13965734100580482,0.03735381566846382,-3.738770417601845,0.00018492250684997436,0.0027346116164481057,,RPL37A
ENSG00000163191,249.51183915234824,0.18693614409132028,0.05016192423265791,3.7266541694908812,0.00019403840439035947,0.002854997226406897,,S100A11
ENSG00000008988,735.9927362726982,-0.1353974293519957,0.0363725575337867,-3.7225160542044415,0.00019724736286744782,0.002887701392379436,,RPS20
ENSG00000125868,21.52767341698751,-0.2738163032346447,0.07368805737266737,-3.715884405119486,0.0002024941492462205,0.002949765517377779,,DSTN
ENSG00000000419,12.364901481978627,0.293481196936419,0.07908890313793498,3.710775915359114,0.00020662494971993286,0.0029892197689574693,,DPM1
ENSG00000133574,11.800312814798913,0.48649892378643345,0.13113114448341565,3.7100181326333326,0.00020724440338058957,0.0029892197689574693,,GIMAP4
ENSG00000116539,11.33781052528699,-0.37480448357114293,0.1011285098688825,-3.706219779734649,0.0002103757590107199,0.003019510894036215,,ASH1L
ENSG00000134333,72.5491320368066,0.17075107620217048,0.04632739821674805,3.685747155566388,0.00022803265999850198,0.0032534483774935207,,LDHA
ENSG00000160710,19.62004018924581,0.3305815074134084,0.08971530985688546,3.684783655551706,0.00022889698284278185,0.0032534483774935207,,ADAR
ENSG00000204387,60.371725062157246,-0.20566812760559738,0.055853894966526645,-3.6822521997589375,0.00023118253964080933,0.003270060270861303,,SNHG32
ENSG00000164054,8.800590529671487,0.38048536265202093,0.10353030445839662,3.6751110183870654,0.00023774601069222355,0.003346732304359762,,SHISA5
ENSG00000197958,1031.4068543785058,-0.11197081471862996,0.030544493410520283,-3.6658265440429414,0.00024654099651130013,0.003453933195143956,,RPL12
ENSG00000178982,167.79813004791248,-0.10359904780669679,0.028278022049109057,-3.6635889040181593,0.0002487058375129498,0.0034676699630377,,EIF3K
ENSG00000204525,358.2423583798842,0.241682367839738,0.06633932047530353,3.643123958885143,0.0002693490422379012,0.0037376966619553304,,HLA-C
ENSG00000093144,17.49789406929434,0.2674653125506623,0.07347046647121365,3.6404466365469106,0.000272165513227102,0.0037459618263622797,,ECHDC1
ENSG00000117984,20.648548757330982,0.27030847675968883,0.07425797523455424,3.6401272173915533,0.0002725033705652888,0.0037459618263622797,,CTSD
ENSG00000096060,18.24411477103486,0.6021283585226932,0.16572048816670953,3.633397205039435,0.00027971391376242565,0.0038271137359644036,,FKBP5
ENSG00000146278,73.63213268596047,-0.24040843233432274,0.06632898818771095,-3.624485144473592,0.00028953766110293593,0.003943098938183239,,PNRC1
ENSG00000086061,25.880429189374674,0.30885220816642484,0.08604551079673951,3.5894052496940727,0.00033143326769136973,0.004481157045747908,,DNAJA1
ENSG00000083799,12.837183920410036,-0.31229931641314695,0.08701871427435637,-3.588875324318355,0.0003321076089232568,0.004481157045747908,,CYLD
ENSG00000103035,28.659089447459987,0.20164160817393112,0.05639200017000422,3.5757130012421063,0.00034927466224390544,0.004691175280046583,,PSMD7
ENSG00000177733,49.2161224965853,-0.16091540383109854,0.045026800585863315,-3.5737694381425755,0.0003518787992172453,0.004704571342959335,,HNRNPA0
ENSG00000172428,51.17234495651505,-0.14607970887119512,0.040906877126573926,-3.5710305731526697,0.0003555793819396534,0.004732438319633206,,COPS9
ENSG00000140350,41.02350113099723,0.1709399837673874,0.047916887895925755,3.5674266688325966,0.000360504221000221,0.004776273118048176,,ANP32A
ENSG00000141232,39.382780701490766,0.3308337608352925,0.09283338667318308,3.563736848252472,0.0003656124959616351,0.004822132379169674,,TOB1
ENSG00000005022,119.88082795470827,-0.1547746676589544,0.043497283107283485,-3.5582605763493733,0.00037331886525094336,0.004901693441501175,,SLC25A5
ENSG00000159228,8.691825914443365,0.37951535968947636,0.10686899783313754,3.55122034813166,0.0003834492436026944,0.005012229398520934,,CBR1
ENSG00000118363,41.48422812418712,0.1821240303183845,0.05143633403396385,3.5407661478776156,0.0003989670227670276,0.005191890856274919,,SPCS2
ENSG00000163659,10.673081274487643,-0.7577952249278488,0.2141650154871516,-3.5383707427850704,0.0004026043409620771,0.005196420501775633,,TIPARP
ENSG00000123349,397.39109339455285,-0.09544127575401826,0.026974527132171036,-3.538200142911521,0.00040286456758984585,0.005196420501775633,,PFDN5
ENSG00000111237,53.16321136414759,0.15786308107855884,0.04481259848143455,3.5227388374713438,0.00042711201087936604,0.005485017402871859,,VPS29
ENSG00000101596,17.947894840800437,0.31115696702200923,0.08839846509922136,3.519936309671852,0.0004316504370746097,0.005519093798054398,,SMCHD1
ENSG00000175550,64.80205609331101,0.15967119207397798,0.04552837583659927,3.507069802951806,0.0004530702829818707,0.005767781689438771,,DRAP1
ENSG00000100567,25.06142679315823,0.2400701541037881,0.06854825943408631,3.502206417576969,0.00046142198771827815,0.0058290047625495865,,PSMA3
ENSG00000108798,18.533132137368792,0.3140708051155993,0.08970536464757767,3.501137377340567,0.00046327696545552666,0.0058290047625495865,,ABI3
ENSG00000213928,7.600800259913762,0.5256773578657956,0.15015891284567198,3.500806897863387,0.00046385181341326967,0.0058290047625495865,,IRF9
ENSG00000115738,248.81536133575298,0.21338979414196418,0.0611145706847434,3.4916353293672837,0.00048007320020350365,0.006007069787161789,,ID2
ENSG00000100387,74.15896750126248,0.16045350412204,0.04598062640086447,3.4895893484179106,0.0004837633091529428,0.006027484975318368,,RBX1
ENSG00000188243,169.97760336327096,-0.12389598130557035,0.03557025731572584,-3.4831342434735535,0.0004955797905880616,0.00613853265074056,,COMMD6
ENSG00000169567,212.62887911873383,-0.10995898499245324,0.03157864257263867,-3.4820681332175836,0.0004975570775519502,0.00613853265074056,,HINT1
ENSG00000223865,1312.8429048597322,-0.17865565712923165,0.05131849682194712,-3.4813111878371874,0.0004989654272118351,0.00613853265074056,,HLA-DPB1
ENSG00000108826,9.044386006181606,0.3575846266970122,0.10277164056095926,3.4794095408539283,0.000502519989080382,0.0061563955147588235,,MRPL27
ENSG00000170634,9.410374336545177,-0.30364248954410816,0.08734861656962102,-3.4762140657613116,0.0005085461910278719,0.006204263530540037,,ACYP2
ENSG00000164111,96.34502443561543,0.14177213671165118,0.04082607083757307,3.4725883192554345,0.0005154653786510721,0.006262583521536676,,ANXA5
ENSG00000174695,29.906523164965883,0.1970837048445126,0.05679990356792808,3.469789426822116,0.0005208665465950841,0.006302054745580192,,TMEM167A
ENSG00000103381,20.90423858883423,0.2274313565798283,0.06595682538005117,3.4481853131854274,0.0005643666830383055,0.006800270156115878,,CPPED1
ENSG00000145592,954.7096743206658,-0.12092785681399423,0.035324029412755004,-3.423387955008579,0.0006184574202215479,0.0074214890426585745,,RPL37
ENSG00000080824,126.43439107335601,0.181115257974108,0.05294076231229495,3.4210927471296695,0.0006237005844987085,0.007453858413927422,,HSP90AA1
ENSG00000115091,61.23556799217108,0.2176772871526063,0.06367553855306819,3.418538611513912,0.0006295838446087348,0.007493583321196648,,ACTR3
ENSG00000067066,26.13177831092141,0.22550673040031108,0.06607885586101526,3.412691207526702,0.0006432478402388581,0.0076252213612120505,,SP100
ENSG00000224032,11.227158478969224,-0.30722722518925694,0.09007678799406271,-3.4107258044048754,0.0006479021124333412,0.007649424940342028,,EPB41L4A-AS1
ENSG00000198804,1914.7558015919744,-0.12165069277181582,0.03573078034016337,-3.404646963029624,0.0006624964138046557,0.007790319275582458,,MT-CO1
ENSG00000204252,8.204084321118922,-0.3538943133872877,0.10431434236785016,-3.392575798822833,0.0006923877239388126,0.008107682128034893,,HLA-DOA
ENSG00000110324,18.065977578599675,-0.24783373139841716,0.07307421097877131,-3.3915348257460485,0.0006950232971778545,0.008107682128034893,,IL10RA
ENSG00000197956,953.9880915755389,0.10270016681551929,0.03045322046660911,3.3723910063346643,0.0007451857421526212,0.008658348623106646,,S100A6
ENSG00000152558,46.480520066224486,0.21864286343858583,0.0650263457803584,3.362373524372766,0.0007727551641282578,0.008943190199871696,,TMEM123
ENSG00000232112,209.32170644008892,-0.12062136230439904,0.035914192936745686,-3.3585987165810716,0.0007833873522981228,0.009030543966649228,,TMA7
ENSG00000230989,38.00486994967207,0.17487792821801498,0.05212098350389679,3.3552307815707345,0.0007929879971025471,0.00910536806084807,,HSBP1
ENSG00000196531,464.2742253410278,-0.11135496082765357,0.03323379926123314,-3.3506539517902154,0.0008062098129284896,0.0092210247353696,,NACA
ENSG00000198604,26.37525053301004,0.230075869272961,0.06870003743101907,3.348991905630002,0.0008110616516255288,0.009240422241087736,,BAZ1A
ENSG00000132963,93.56479629076478,0.14731661684615718,0.044044370852525674,3.3447320053547656,0.0008236211210351025,0.009347142024770466,,POMP
ENSG00000153234,52.93890006388489,-0.41328720882031494,0.12406631699368816,-3.3311797983117435,0.000864787264205352,0.009776436716576336,,NR4A2
ENSG00000034510,2628.741043817712,0.08061017401069055,0.024239859065489436,3.3255215631784005,0.0008825327342172079,0.009938676329953787,,TMSB10
ENSG00000161057,9.13068430805569,0.32219657976074484,0.09704182337733992,3.3201826650340993,0.0008995856645765673,0.010091903547433676,,PSMC2
ENSG00000188313,40.75605540246008,0.3112873388091566,0.0938485045893087,3.3169131481783753,0.0009101790575808544,0.010171772063346341,,PLSCR1
ENSG00000164022,30.223954212403395,0.17411083443302972,0.052535040690709,3.314184821100211,0.0009191073318064723,0.010203642648925816,,AIMP1
ENSG00000164442,10.061010965528272,-0.3834150275326097,0.1156985721848032,-3.3139132168389076,0.000920000566706426,0.010203642648925816,,CITED2
ENSG00000115271,26.912930739206047,0.2609853247559077,0.07901369307656109,3.3030391897139073,0.000956430203736561,0.010567651458643964,,GCA
ENSG00000067225,88.11187381123517,0.14413925186132084,0.04375923216365255,3.2939163859700056,0.0009880188421934751,0.010875635977227426,,PKM
ENSG00000241553,52.515900061354166,0.1682934855729229,0.051252220776947896,3.2836330410997046,0.001024782625154004,0.01123806564213829,,ARPC4
ENSG00000221983,741.8467619130249,-0.06938428945656479,0.021173782167963062,-3.2768963478592172,0.0010495489122413566,0.011466713488965271,,UBA52
ENSG00000043462,15.423863129027952,0.28056184636536136,0.08576099119465239,3.2714389427772352,0.0010700169087625583,0.011646875497608813,,LCP2
ENSG00000134001,8.846777379668536,0.3273200269256202,0.10066281631255478,3.251647817097647,0.0011473809615114988,0.0124427090937247,,EIF2S1
ENSG00000205544,29.477078425448557,-0.18517725238900745,0.057271338684996655,-3.233332005866283,0.0012235527510263701,0.013219787656845798,,TMEM256
ENSG00000196683,165.7836126487408,-0.15948790900036613,0.04934365159379714,-3.2321869956704816,0.0012284663712635168,0.013224079173013152,,TOMM7
ENSG00000198900,14.642352170166482,0.2786141369419107,0.08623237970608041,3.2309688992876655,0.0012337136299905972,0.013231917613965086,,TOP1
ENSG00000198727,563.1570957749951,-0.13035491049750425,0.0404222877749114,-3.2248276303255317,0.0012604853609700375,0.013469712178541132,,MT-CYB
ENSG00000109321,12.34308797952998,0.9564594416550865,0.29675948243579936,3.223012231334532,0.0012685013696677012,0.013506080037771014,,AREG
ENSG00000166794,79.78469961831584,0.13733389102823318,0.042664347125459204,3.21893806611848,0.0012866627217888388,0.013649813222455506,,PPIB
ENSG00000101439,1496.9502957296888,0.13122639996130345,0.04101887184701821,3.199171358264518,0.00137823222846892,0.014545106288214451,,CST3
ENSG00000023892,10.841606995415487,0.2852698315133224,0.08918598079319559,3.198594991905801,0.0013809902828291042,0.014545106288214451,,DEF6
ENSG00000010256,26.56602990226293,0.1775817934844615,0.05555173446076916,3.1966921502670704,0.0013901320296222242,0.014588912482917105,,UQCRC1
ENSG00000103994,24.656994354065606,-0.24605087584283325,0.07707824730638722,-3.192221987933602,0.001411827821759701,0.014712254099313362,,ZNF106
ENSG00000075415,89.42671722358365,-0.16239031735309606,0.0508709686308693,-3.192200221926875,0.001411934221962792,0.014712254099313362,,SLC25A3
ENSG00000079950,20.263824950310582,0.25540830560454386,0.08006563334027299,3.1899867015237056,0.0014227934068048967,0.014772833670655098,,STX7
ENSG00000088986,67.2682680219589,0.2406492917165567,0.07556484730155921,3.1846725072597493,0.0014491790779694576,0.014993626644150432,,DYNLL1
ENSG00000111679,37.34010384268984,0.18051664950261911,0.056747521966418996,3.1810490264128526,0.0014674279398358924,0.015128975379716525,,PTPN6
ENSG00000143553,9.75476582635865,0.295776190723054,0.09309483699146578,3.177149241371661,0.0014873047846975173,0.015280099682787126,,SNAPIN
ENSG00000146192,14.538750672068849,0.33200989721888247,0.10458271120661995,3.1746155113816426,0.0015003516049322662,0.015360243004341523,,FGD2
ENSG00000153147,14.90399347562244,0.29602106775181686,0.09330662619122719,3.1725621194912432,0.0015110023041247271,0.015371168179944626,,SMARCA5
ENSG00000104312,12.57233377904983,0.38780789728710496,0.1222448582513898,3.1723861668651896,0.0015119181816338977,0.015371168179944626,,RIPK2
ENSG00000196591,16.003219305514868,0.24176165905198707,0.07626776857409422,3.169906024156395,0.0015248824705394732,0.01544932828283591,,HDAC2
ENSG00000116209,56.89931495831159,0.13577482113178865,0.04285687317531858,3.1680990952457497,0.0015343921028708777,0.015492069231744588,,TMEM59
ENSG00000142347,42.396222112013845,-0.163478291326999,0.051691561489213306,-3.162572122359134,0.0015638199355194821,0.015719098495455,,MYO1F
ENSG00000172809,543.1592011899172,-0.11751847476984757,0.037167439180529435,-3.161866336796507,0.0015676150138910043,0.015719098495455,,RPL38
ENSG00000198585,11.956990965209128,0.3002152914248116,0.09510000372285689,3.156837851444333,0.0015949000760171988,0.015938114070233305,,NUDT16
ENSG00000071127,25.77631543312388,0.202492104146258,0.06418245578803308,3.154944784521831,0.0016052848270463483,0.01598732644078812,,WDR1
ENSG00000172216,54.50700230946913,0.2839136908316569,0.09027685129611182,3.144922388801623,0.001661308964768584,0.016489195419804793,,CEBPB
ENSG00000018189,9.807536188490793,0.350026592254997,0.1114526769260168,3.1405848823832874,0.0016861083856922348,0.016678801869279943,,RUFY3
ENSG00000013374,12.834969325099442,0.2883542855081683,0.09187401296875514,3.138583764771796,0.0016976640573834615,0.016736566868750084,,NUB1
ENSG00000070961,37.02079751185143,-0.2135251365917238,0.06810206635311264,-3.135369424542645,0.001716378185908627,0.016864279625303555,,ATP2B1
ENSG00000115128,46.118945536309674,0.13166208292884535,0.042013328804700927,3.1338169736770185,0.0017254844490715462,0.016897051728700627,,SF3B6
ENSG00000178127,40.004523323372794,0.1673567021325733,0.05343932550828738,3.13171434221451,0.0017378887697518245,0.016961794392777806,,NDUFV2
ENSG00000132334,51.95301693960541,-0.18590238319512323,0.05945789297264915,-3.126622453315643,0.0017682684768221414,0.017200963787824684,,PTPRE
ENSG00000164687,31.77990077329632,0.25223257838449376,0.08081050748677414,3.121284424872291,0.0018006402925842626,0.017457863498962653,,FABP5
ENSG00000136732,20.400769158138985,-0.23939195306779995,0.07680188095114775,-3.1170063819149525,0.0018269761710873588,0.017654740029517446,,GYPC
ENSG00000106028,44.570600391285964,0.13849957230120524,0.044557171107838384,3.108356497004827,0.0018813098437501013,0.01811998428454045,,SSBP1
ENSG00000143546,497.6561955777131,0.26903821235732706,0.08663358898980847,3.1054723173130525,0.001899754023918259,0.018237638629615284,,S100A8
ENSG00000135390,240.83219534692998,-0.07641562333461657,0.02462860970258336,-3.1027177034114573,0.0019175245461125403,0.018348078009861168,,ATP5MC2
ENSG00000105402,15.290027741754962,0.2783279714916018,0.0899931846275793,3.092767220578007,0.001982996134556047,0.018912744892443344,,NAPA
ENSG00000168899,20.237119789574813,0.28524894488857105,0.0924831949874666,3.084332725823629,0.0020400929637756113,0.01939413051277594,,VAMP5
ENSG00000120860,8.894498338307269,0.3100506167845337,0.10060851242023498,3.0817533161555275,0.0020578529810720723,0.019499655432294587,,WASHC3
ENSG00000121022,11.821672586244185,0.24984279588131972,0.08124115815267949,3.0753229220560963,0.0021027475076047424,0.019860789362150598,,COPS5
ENSG00000139180,15.350474690172664,0.21744068154893945,0.07099030971102428,3.062962852733864,0.002191572632614694,0.020633198290340268,,NDUFA9
ENSG00000132514,115.55556149875454,-0.2778759308819027,0.09076237887517345,-3.0615761103404826,0.002201750085820253,0.02066257772846699,,CLEC10A
ENSG00000144848,39.94085031589064,0.16312653839127067,0.05336629164589088,3.056733630166547,0.0022376302586863232,0.020932208937487397,,ATG3
ENSG00000134996,34.72771839228807,0.15372797460664694,0.05046127365250858,3.046454508169249,0.0023155751602312053,0.021592369646996717,,OSTF1
ENSG00000169139,15.521440048685365,0.2122636371593033,0.06975932080156808,3.042799653441178,0.0023438832563272556,0.021786952935003826,,UBE2V2
ENSG00000126756,60.84687400105175,-0.11686007909743162,0.03850632298375651,-3.0348283098006488,0.002406726509797873,0.022289759287943512,,UXT
ENSG00000175130,18.129643773883227,-0.31602848634299635,0.10416170915629909,-3.0340178641729287,0.0024132013983190212,0.022289759287943512,,MARCKSL1
ENSG00000140105,15.437585795081045,0.30499158792153647,0.10057985074964527,3.032332874311927,0.0024267143422083384,0.02234408677354093,,WARS1
ENSG00000156467,230.21955537844835,-0.09802893822819041,0.03249648545331718,-3.0166012373557707,0.002556258424914866,0.02346308673401482,,UQCRB
ENSG00000111144,29.2555597524882,-0.2582216718803998,0.08588086291510465,-3.006742865819342,0.0026406302339109077,0.024161766640284806,,LTA4H
ENSG00000215301,28.45232321559671,-0.2113321602453953,0.07032020174653114,-3.0052837590987176,0.002653331872846041,0.02420235427941809,,DDX3X
ENSG00000144802,20.220973755528746,-0.2946174461167409,0.09819465730277874,-3.000340896432904,0.0026967760052428245,0.024522236470034132,,NFKBIZ
ENSG00000116473,48.91904505745156,0.13167668247921038,0.04390911759713317,2.998846018436216,0.0027100423294797327,0.02456657566785343,,RAP1A
ENSG00000139644,61.95915181308316,0.13262582895845051,0.044316394160796455,2.9927035236042534,0.002765182263439747,0.024989054528862898,,TMBIM6
ENSG00000115919,12.739002028511255,0.2687992527700957,0.08987047049549073,2.9909630080726326,0.002780991796819743,0.02505459686488679,,KYNU
ENSG00000215021,22.68695495939939,-0.1979636382835397,0.06627480768750635,-2.987011885677012,0.002817187694829662,0.02530283917319402,,PHB2
ENSG00000198918,1894.6825157864228,-0.11835484153815587,0.0396786918412704,-2.9828312387822526,0.002855954227496822,0.02557258097281558,,RPL39
ENSG00000116489,48.61411287744499,0.19678166888782736,0.0660234685565719,2.9804806259037404,0.0028779644231976707,0.02569109704610604,,CAPZA1
ENSG00000143106,27.59375678766355,0.16649575511476347,0.0559090813216005,2.9779733663847154,0.002901611974570706,0.025823464624750842,,PSMA5
ENSG00000198898,51.266300561823186,0.16808686589189992,0.05647646862991737,2.9762283295960006,0.0029181750497716936,0.025892171350701574,,CAPZA2
ENSG00000131507,29.409542273479214,0.15448322508285095,0.05194826231209937,2.9737900404585806,0.0029414626878635215,0.026019947885390908,,NDFIP1
ENSG00000122694,30.277134281616895,0.17860227959012723,0.06009247454064506,2.972123896634096,0.002957473113844324,0.026082774931735483,,GLIPR2
ENSG00000129103,10.253778740744927,-0.28261898982728884,0.09522309330727302,-2.9679669081460385,0.002997766027053295,0.0263587355171533,,SUMF2
ENSG00000166411,8.52753919147815,0.2942449488706123,0.09918078457269656,2.966753591820394,0.003009620536676032,0.026383739315531205,,IDH3A
ENSG00000101182,93.6926397487235,0.10930833465900043,0.036884770773281096,2.963508580028431,0.003041535824936105,0.02658393103108333,,PSMA7
ENSG00000172053,17.98280588641516,-0.2194842639640946,0.0741224112216871,-2.961105289838127,0.0030653712594908016,0.026712520975562697,,QARS1
ENSG00000152795,77.31566885313087,-0.14496063681388024,0.04902379275983215,-2.9569445498442612,0.00310703987518743,0.02699529007284509,,HNRNPDL
ENSG00000176978,24.227543756027575,-0.17801274171947856,0.06029951365004828,-2.9521422469936627,0.0031557751730878296,0.027337602682843683,,DPP7
ENSG00000165233,23.359620219222563,-0.22614983665750193,0.0770592671084306,-2.9347519791394463,0.0033381439296088933,0.02852318137075265,,CARD19
ENSG00000116701,36.427568843285165,0.18068862677669426,0.06157149879592681,2.9346147212620313,0.003339620743430296,0.02852318137075265,,NCF2
ENSG00000004455,11.549405532547878,0.2423540828779995,0.0825852959459175,2.9345912017644107,0.003339873859060013,0.02852318137075265,,AK2
ENSG00000167645,16.95449661038301,0.21575807405885197,0.07352336973243818,2.934550944060722,0.0033403071509524687,0.02852318137075265,,YIF1B
ENSG00000077380,18.209967498153972,0.247562895592481,0.08436418898223476,2.9344547559701226,0.0033413426264235512,0.02852318137075265,,DYNC1I2
ENSG00000163754,10.797167863478704,0.2641397439516254,0.09010420975517752,2.931491710202226,0.0033733836936024448,0.02871298678740685,,GYG1
ENSG00000107798,15.507491834545986,-0.31229311493045997,0.10658410911766698,-2.9300157173119854,0.0033894485950693777,0.02876610285902359,,LIPA
ENSG00000146112,17.82047243249528,0.20328629442512228,0.0694450665283917,2.927296416974579,0.0034192283172869843,0.028934972580971937,,PPP1R18
ENSG00000121067,10.458573532649384,0.32519410966933976,0.11124803027747175,2.923144875987913,0.003465152462825194,0.02913953117347918,,SPOP
ENSG00000116741,103.18272336879103,-0.30620892455999604,0.10477042216538789,-2.922665750803433,0.0034704884979580215,0.02913953117347918,,RGS2
ENSG00000105698,9.057719306700752,-0.262085751520545,0.08968114839823521,-2.922417433335437,0.003473256960226856,0.02913953117347918,,USF2
ENSG00000067560,108.1281776876326,0.10936254743416401,0.03763615894572321,2.905783972054126,0.0036633427023616792,0.03064647837861428,,RHOA
ENSG00000101109,36.26442031303882,-0.17212600778926224,0.059319792892009636,-2.9016623187241026,0.00371188422219239,0.0309640940244425,,STK4
ENSG00000042980,14.687934985069516,-0.2722069950606208,0.09395646227071926,-2.8971609667071494,0.0037655649495413907,0.03132265389845793,,ADAM28
ENSG00000164733,31.530429870736132,0.19602315961607672,0.06771126444297836,2.8949859558619466,0.0037917549659933266,0.03145115733832425,,CTSB
ENSG00000178951,8.050856255982522,0.32036192152041676,0.11072577552008377,2.8932912866553693,0.0038122756467056673,0.03153204263715874,,ZBTB7A
ENSG00000111729,35.81236376463924,-0.1541825846609026,0.05334324771039708,-2.8903861553006083,0.0038476886659393546,0.0317353025742829,,CLEC4A
ENSG00000125740,93.73378716011831,-0.2724777741065915,0.0946062063915896,-2.880125781375951,0.003975165459672279,0.032694619286293344,,FOSB
ENSG00000171421,8.997204362781723,0.26729227581148396,0.09294129608892668,2.8759258484596275,0.004028443355694282,0.03304000600972789,,MRPL36
ENSG00000169442,270.3441032872046,-0.21255357709917683,0.07400173240862536,-2.8722783937745007,0.004075237872206441,0.03333043712240352,,CD52
ENSG00000136448,13.367564437767726,0.26489603944071893,0.09241651410685232,2.8663279717999868,0.004152637839407958,0.03384798879473213,,NMT1
ENSG00000135387,10.581052755603663,0.2665001405886635,0.09299838746860103,2.865642597068059,0.004161637966565426,0.03384798879473213,,CAPRIN1
ENSG00000158517,22.630363311925947,0.28851233008287797,0.10091816958914157,2.8588739892674475,0.004251476304603712,0.034482888143711,,NCF1
ENSG00000139626,18.505476037216386,0.22750266679225714,0.07963530505430812,2.8568066215996706,0.004279264623171391,0.03461239452112108,,ITGB7
ENSG00000224877,17.01152583894447,-0.20141778126162957,0.07055066427321227,-2.8549381261900733,0.0043045214117084715,0.03472076775064023,,NDUFAF8
ENSG00000090273,20.251661863075864,0.17299067826917602,0.06062973760168661,2.8532315182634687,0.004327707963328939,0.03481189262809652,,NUDC
ENSG00000123353,8.410667148434452,0.32100522489764155,0.11257911399462486,2.8513745890109603,0.004353065418605808,0.034919933001857,,ORMDL2
ENSG00000114209,14.792945523816966,0.22486121360895395,0.07897295449959736,2.847319250416297,0.00440891232063983,0.0351964472560396,,PDCD10
ENSG00000128340,44.00654686922599,0.15088584932784954,0.05299582767181609,2.8471269523750204,0.004411576551559608,0.0351964472560396,,RAC2
ENSG00000130724,40.217053485714246,0.12704828043248745,0.044854796553921654,2.832434660131785,0.004619500622415082,0.0367122418094448,,CHMP2A
ENSG00000140749,71.2359395837172,0.19818277498640038,0.06998126290243116,2.831940533321177,0.00462664522803454,0.0367122418094448,,IGSF6
ENSG00000047249,8.233260850145799,0.2750391494810067,0.09722836021169651,2.82879551688582,0.00467235418863171,0.03697473801165851,,ATP6V1H
ENSG00000143222,46.04238779502952,-0.12091993220741339,0.04291717696035683,-2.8175183171788944,0.004839635406244356,0.03819528967515761,,UFC1
ENSG00000167641,10.578974192873353,0.3607247258546711,0.1283544233440618,2.8103801681047376,0.0049483011884567845,0.03894791903172437,,PPP1R14A
ENSG00000168118,14.689026353648904,-0.2023243709846102,0.07219301138220784,-2.8025478797865135,0.005070069001624716,0.039799362028839595,,RAB4A
ENSG00000176845,8.616107143713528,-0.338997745404625,0.12117692053487915,-2.797543821944618,0.005149278152329656,0.04031306532091239,,METRNL
ENSG00000233429,19.321379835596918,-0.20567918114695707,0.07368105842022482,-2.7914797311122763,0.005246764364289705,0.040966736156374015,,HOTAIRM1
ENSG00000155957,54.867067217384495,0.1255689924976474,0.04512120524108958,2.7829263829880615,0.0053871028020452925,0.0418334744655431,,TMBIM4
ENSG00000145833,33.47069177709239,-0.16013980926803031,0.0575481363593444,-2.7827106036601923,0.005390686608647694,0.0418334744655431,,DDX46
ENSG00000143742,37.737053371325764,0.15944538313276116,0.057313813734066195,2.781971269135594,0.005402982298079151,0.0418334744655431,,SRP9
ENSG00000197747,494.0017138667813,0.10996017723919792,0.039547668179380956,2.78044654214349,0.005428419645444396,0.0418334744655431,,S100A10
ENSG00000115944,57.34458183461324,-0.12332103633607473,0.0443537126644706,-2.7803994057719694,0.005429207751675676,0.0418334744655431,,COX7A2L
ENSG00000115541,39.75785544641478,0.16032926577621376,0.057715217461084795,2.7779374804282386,0.005470514286296218,0.042041117664764635,,HSPE1
ENSG00000088448,9.202148153179472,0.24891466726247027,0.08971326497499166,2.774558113918353,0.005527675722067416,0.04236920029898794,,ANKRD10
ENSG00000149781,23.733055356908988,0.17782097674494451,0.06424250024658752,2.767964759503428,0.005640755467941065,0.043123060078672164,,FERMT3
ENSG00000169756,21.344048410497592,0.1996385233841316,0.07219255644970027,2.7653615996162784,0.0056859727463269465,0.04326941474470719,,LIMS1
ENSG00000184009,396.12981631070295,-0.10956404612558397,0.039623013180140144,-2.765161892849171,0.005689455149150365,0.04326941474470719,,ACTG1
ENSG00000120533,49.39339602008057,0.11872228062338706,0.04300165461230349,2.760877033541371,0.005764637645489483,0.04372761405697722,,ENY2
ENSG00000157954,10.694220619999637,-0.22702169490125998,0.08230291126894497,-2.7583677345192665,0.00580908081355456,0.04395087499247481,,WIPI2
ENSG00000129534,27.024551147706365,0.23482544663999175,0.08523760200250537,2.7549513492072384,0.005870086329571883,0.044297971064398124,,MIS18BP1
ENSG00000145781,11.278591647319368,0.22860783962555936,0.08320709867354363,2.7474559655358717,0.006005957320859212,0.04520679443567036,,COMMD10
ENSG00000110057,14.882963321072717,0.23307433720263382,0.08495787914262362,2.7434104941739266,0.006080462202431922,0.04565023930441197,,UNC93B1
ENSG00000136521,44.868178459837004,0.12327476695132876,0.04496776532064726,2.7414030044033852,0.006117742042628069,0.0458126565238235,,NDUFB5
ENSG00000177606,84.72974820362822,-0.3346000459845436,0.12214958043334072,-2.7392647997439585,0.006157675589791035,0.045994066650275896,,JUN
ENSG00000166598,68.17785312760323,0.15508715080814348,0.0566532788625188,2.737478817148348,0.006191210716464971,0.04603320695001927,,HSP90B1
ENSG00000090013,46.773975476327436,0.14437333068640582,0.052742746294459526,2.7373115893582476,0.006194359131935653,0.04603320695001927,,BLVRB
ENSG00000269893,39.28785909181582,-0.2469170569819063,0.090357740644377,-2.732660812687906,0.006282499376851374,0.046570020697267914,,SNHG8
ENSG00000197728,331.85417735808215,-0.38632157227369673,0.14157488055886255,-2.728743762655522,0.006357608301602194,0.0469673724006626,,RPS26
ENSG00000173660,143.14107684619455,-0.08855280904264251,0.03246214774395781,-2.727878935833039,0.006374299753410736,0.0469673724006626,,UQCRH
ENSG00000155660,9.356212874999565,0.2715788830420806,0.09957553331186018,2.727365588809089,0.006384226166483509,0.0469673724006626,,PDIA4
ENSG00000139168,17.993693251586087,0.19000307316846324,0.06993786333524714,2.7167411772030197,0.006592814183660382,0.04838035070114686,,ZCRB1
ENSG00000174891,11.194196722106529,-0.2501003923210381,0.09211408717464327,-2.715115570182674,0.006625264573606672,0.04849693667880084,,RSRC1
ENSG00000136810,92.21954067117554,0.14152836029247443,0.0522102810323131,2.7107373776609647,0.006713377562223816,0.049019375317185365,,TXN
ENSG00000143612,20.48981532860752,0.16588746342511915,0.06122278740380282,2.7095705775528796,0.0067370369988429945,0.04902154392957046,,C1orf43
ENSG00000051523,505.61416705759217,0.07144712766366491,0.026373279935201818,2.7090725097222603,0.006747159222546754,0.04902154392957046,,CYBA
ENSG00000147894,16.394270868953182,-0.217488125436323,0.08032150573030666,-2.707719725356955,0.00677472085303832,0.04909995707350545,,C9orf72
ENSG00000104870,96.320215755649,-0.11443837288717838,0.04239269885612296,-2.6994830707894306,0.006944728898838169,0.05020781781678557,,FCGRT
ENSG00000154473,11.242336709395406,0.2328997156388229,0.0863796768561712,2.696232772746057,0.007012864149137565,0.05057553258294283,,BUB3
ENSG00000132463,14.904319948120529,0.20171450711372296,0.07485673562997719,2.6946741053579184,0.007045750613558563,0.0506878569938562,,GRSF1
ENSG00000272047,16.12244796855236,0.20955562300353753,0.07781161326994941,2.69311500169689,0.007078784758019187,0.050727621548780376,,GTF2H5
ENSG00000038274,9.894724118948366,0.27594942073300543,0.10247757024982558,2.69277872280032,0.007085928010058461,0.050727621548780376,,MAT2B
ENSG00000113328,12.369246730865807,-0.22847243250444318,0.08488483009313592,-2.6915578702786167,0.00711191584778647,0.05078948683492387,,CCNG1
ENSG00000143256,39.35826158200764,0.12686076065326168,0.04723970127764195,2.685469154592295,0.007242805977135067,0.05159838418747318,,PFDN2
ENSG00000172262,8.277355126111036,-0.2705619909085551,0.10087680900577767,-2.6821029885378196,0.007316093285194251,0.05199398334720575,,ZNF131
ENSG00000167005,10.225391802879033,0.23350365052618322,0.08714907913455641,2.6793587820435634,0.007376331008426681,0.05229515058758674,,NUDT21
ENSG00000204220,13.373918104480591,0.21739443412954865,0.08120924691584842,2.676966507949761,0.007429206093109599,0.052445795201170854,,PFDN6
ENSG00000213741,1311.9333277694038,-0.11987449669159005,0.04479338040169505,-2.676165442674512,0.007446987414353613,0.052445795201170854,,RPS29
ENSG00000136930,36.678463053933484,0.11970767716313054,0.044734299850961765,2.675970733015885,0.007451315165193673,0.052445795201170854,,PSMB7
ENSG00000125743,83.7005025660474,-0.1061612528832731,0.03972667410665645,-2.6722914835069247,0.0075335178198987435,0.052891965601119945,,SNRPD2
ENSG00000089327,128.23659742450317,-0.09891842037693428,0.03702700406636851,-2.671521039067309,0.007550833887045128,0.052891965601119945,,FXYD5
ENSG00000185432,7.863357115666009,0.3205037789911257,0.12012313858833322,2.6681269134126184,0.007627543959649335,0.05315178361991208,,TMT1A
ENSG00000014641,20.97087806402434,0.16523148257667514,0.06193926171793515,2.667637262599639,0.00763866794702181,0.05315178361991208,,MDH1
ENSG00000165502,163.79471406764893,-0.08959007674273736,0.033586112785279426,-2.667473825134182,0.007642384188518779,0.05315178361991208,,RPL36AL
ENSG00000213614,16.537822003990108,-0.18349830081736052,0.0688424822240189,-2.665480599904032,0.007687836724708273,0.053341198886127546,,HEXA
ENSG00000133812,8.164699531124887,-0.278369679996249,0.10448975219101492,-2.6640859429675823,0.007719783713864478,0.053436233366891704,,SBF2
ENSG00000167283,320.0526399063905,-0.059280927065773974,0.022302982982648597,-2.6579819888619243,0.007861009405148889,0.054285461175179114,,ATP5MG
ENSG00000198668,128.67001002152904,0.12474429830933713,0.04699107177740544,2.6546382874654393,0.00793934901659374,0.0545338837536394,,CALM1
ENSG00000143771,12.86694382622543,0.22617886694886785,0.08521962416326835,2.6540702234915066,0.00795272745737533,0.0545338837536394,,CNIH4
ENSG00000168259,29.085473236859215,0.146327851353693,0.05513349102117907,2.6540646827076917,0.007952858047405746,0.0545338837536394,,DNAJC7
ENSG00000114127,7.884400417146543,0.2993524434404445,0.11307073989748301,2.6474793011158866,0.008109432404407781,0.05547761233669623,,XRN1
ENSG00000112237,8.432583995881863,0.2697384329022578,0.10233076814568713,2.635946527033143,0.008390295234455596,0.057265231809990644,,CCNC
ENSG00000124614,374.00429389118625,-0.19630105067864767,0.07461658514994433,-2.630796494963883,0.008518502814446181,0.058005061024880046,,RPS10
ENSG00000023191,69.38073375155923,0.1181483162678763,0.044955355233907666,2.6281255181532344,0.008585682932671132,0.058326866883668387,,RNH1
ENSG00000010610,17.826765704874003,-0.19341344442949235,0.0737174865008519,-2.623711870958286,0.008697732976602923,0.058951301285864253,,CD4
ENSG00000100380,47.73976263625524,-0.12911306268071188,0.04928885739522892,-2.619518274595057,0.008805405466755407,0.05954324989990723,,ST13
ENSG00000235162,15.839197073016672,-0.24906253097477776,0.09531240318700292,-2.6131177333354727,0.008972038920658983,0.0604057892862258,,C12orf75
ENSG00000142546,17.217478541554954,0.1980321432123586,0.07578626805449253,2.6130346340575543,0.008974220744367562,0.0604057892862258,,NOSIP
ENSG00000119138,10.44661096013084,0.3733413496015886,0.14298952384729702,2.610969947702543,0.009028582740295273,0.06063231711831321,,KLF9
ENSG00000131143,318.61370903740146,-0.06133261029373994,0.023533146961516753,-2.606222210486164,0.009154704874346086,0.06133861755625936,,COX4I1
ENSG00000184293,9.1916919456695,0.45417989786459445,0.17440045739042123,2.604235703624593,0.009207940810979615,0.06145998775158373,,CLECL1P
ENSG00000108179,10.357699839959816,-0.3031029163748029,0.11639984130103151,-2.603980495050012,0.009214800076142506,0.06145998775158373,,PPIF
ENSG00000086730,19.078628115356132,0.17792346939560502,0.06836235029281026,2.6026529022703513,0.009250555529395493,0.0615582422501591,,LAT2
ENSG00000141401,8.660163202048972,-0.23694095479838898,0.09110284569573608,-2.600807395080949,0.009300465410480257,0.06167795004655548,,IMPA2
ENSG00000005059,24.53490965847028,0.15158471640885363,0.05829215101376923,2.600430997529113,0.009310674153202705,0.06167795004655548,,MCUB
ENSG00000253738,8.41786193963149,-0.2612382471622415,0.10076761050819545,-2.592482305025928,0.009528608296139432,0.06297915370450623,,OTUD6B-AS1
ENSG00000158716,25.66084116528311,-0.14156711594339325,0.05467801909111417,-2.5891046950235905,0.009622583364905112,0.06345703624423912,,DUSP23
ENSG00000115286,47.37490495653225,0.11332541244161783,0.04379892692683742,2.587401573351758,0.00967028188234655,0.06362828168878808,,NDUFS7
ENSG00000101457,10.436561805553513,0.2365223458619991,0.09144610881958494,2.586467034137414,0.009696544535491776,0.06365803228681596,,DNTTIP1
ENSG00000130522,44.14189137430925,-0.18529314041240835,0.07168294034245909,-2.5848987154710215,0.009740760710692556,0.06373608199807668,,JUND
ENSG00000112305,11.65028278228006,0.21216094861412457,0.08208967681950645,2.58450217900858,0.009751968830306814,0.06373608199807668,,SMAP1
ENSG00000119535,25.87236613128984,-0.17285487330557014,0.06697921910972864,-2.580723926064155,0.009859339164716298,0.06429430974229247,,CSF3R
ENSG00000169032,19.243409400165767,0.18254219422634704,0.07077195478140966,2.5793012894748686,0.009900039803131918,0.06441625898571168,,MAP2K1
ENSG00000162909,28.719509375388604,0.18194927608195383,0.07060047490403125,2.577167877826338,0.009961355791120863,0.06462896307701481,,CAPN2
ENSG00000184924,43.21709616594721,-0.1156952625426633,0.04490178020127978,-2.5766297466167227,0.009976875447681248,0.06462896307701481,,PTRHD1
ENSG00000169508,97.44015212661638,-0.3295264444100416,0.12801853253971696,-2.574052661537954,0.010051497291133568,0.06479383238793501,,GPR183
ENSG00000232119,16.641701638093966,0.17754282055128176,0.06900218712168013,2.5730027982765016,0.0100820392556819,0.06479383238793501,,MCTS1
ENSG00000140612,62.24725145987277,-0.12449025584829042,0.04838880157954698,-2.5727079775604538,0.010090630844442098,0.06479383238793501,,SEC11A
ENSG00000167642,38.8892860297883,-0.12871839992902231,0.05003240349140964,-2.5727007088740548,0.010090842748940699,0.06479383238793501,,SPINT2
ENSG00000015475,45.76177300521459,-0.15839494490696657,0.06166948507800744,-2.5684492858438563,0.010215465850963081,0.06545051206043742,,BID
ENSG00000145012,11.036183155375213,-0.24716046709674394,0.09638253462436949,-2.564369862859485,0.01033633327808932,0.06608031405730465,,LPP
ENSG00000099860,48.90200948374739,-0.26430372265497987,0.10334154240559357,-2.5575747806980083,0.010540489224064867,0.06723867635743341,,GADD45B
ENSG00000188529,9.284514068968729,-0.269520920480076,0.10556401447320946,-2.553151486565304,0.010675305476669403,0.06795064007758263,,SRSF10
ENSG00000137309,27.12224499735685,-0.16300024561280657,0.06396581139327617,-2.548240099865918,0.010826792697579973,0.06876539917248191,,HMGA1
ENSG00000149823,11.942304232309342,-0.2067941533181973,0.08130461296240304,-2.5434492064284626,0.010976401452330855,0.06956472608749945,,VPS51
ENSG00000071462,20.17455393265667,-0.1754856678698896,0.06911770154434593,-2.5389395762429676,0.011118902483372077,0.07031565112594695,,BUD23
ENSG00000099940,8.407178472080664,0.26137292004902,0.10316121363073841,2.5336355675747897,0.011288606502888498,0.07122445737514088,,SNAP29
ENSG00000142534,833.2831251631798,-0.09673323264745054,0.03819020774220108,-2.532932873799427,0.011311261161011103,0.07122445737514088,,RPS11
ENSG00000148834,53.339566879667785,0.12408085906356718,0.04907959294021997,2.5281558307686134,0.011466344624664556,0.07204604519531721,,GSTO1
ENSG00000204261,15.080455228507299,0.20609822644499862,0.08158053430132943,2.526316212685556,0.011526568069024678,0.07212517754157721,,PSMB8-AS1
ENSG00000123144,66.44711458107953,-0.10205309176075723,0.04039680618547765,-2.5262663412595368,0.011528204607055373,0.07212517754157721,,TRIR
ENSG00000144029,14.072115955515116,0.19541623161322902,0.07747739817790732,2.5222353384209533,0.011661166371351606,0.07280148216485609,,MRPS5
ENSG00000009307,39.307508660179934,-0.17246493027992216,0.06849206048404227,-2.518028061370765,0.011801391842818535,0.07352016024632484,,CSDE1
ENSG00000117362,20.600129185676376,-0.16361975987698102,0.06501358393817923,-2.51670112560731,0.011845926799155108,0.07364092073869673,,APH1A
ENSG00000085719,29.144317185587784,0.2346873227603403,0.09367534245541657,2.5053265524173165,0.012233838492050907,0.07589126928967173,,CPNE3
ENSG00000130414,22.08123127182754,-0.1576598536298696,0.06314822766642723,-2.4966631599336155,0.012536797985698204,0.07748336720335224,,NDUFA10
ENSG00000163541,20.575936311526938,0.15590291449579025,0.06244919298284707,2.4964760479548893,0.012543413953001693,0.07748336720335224,,SUCLG1
ENSG00000154589,34.462139456867234,0.14653136028093533,0.058814556880698726,2.491413147567601,0.012723607077757266,0.07843099268141743,,LY96
ENSG00000135535,39.349500631148324,0.1708363174600817,0.06862081666827134,2.4895698674928832,0.012789777748339934,0.07867325472088094,,CD164
ENSG00000061794,11.883012888634488,0.21269517164076468,0.08549639654813128,2.487767674758377,0.012854767696375474,0.078907253280896,,MRPS35
ENSG00000129128,23.269548610311933,0.16140318142009666,0.06500588522156116,2.4829010614959284,0.013031727718056512,0.07982614803027085,,SPCS3
ENSG00000232388,50.12781949262106,-0.10682126465432287,0.043186363831033615,-2.4734952234520233,0.013379859268608223,0.08178753223065736,,SMIM26
ENSG00000084463,13.65376476593414,-0.23049197858417333,0.09332797463493693,-2.469698710228837,0.013522689150348113,0.08248840381712348,,WBP11
ENSG00000169021,47.32011202401307,0.10309597327674502,0.04182321049040287,2.465042067978075,0.013699716607587125,0.0833945326964971,,UQCRFS1
ENSG00000182670,24.467671646862705,-0.181407937982953,0.07365663643794651,-2.462886533459666,0.013782352457085418,0.08372350206295871,,TTC3
ENSG00000117450,38.244537246553115,0.1376881267744534,0.0561574347088004,2.45182365413277,0.014213429958185331,0.08616340148564523,,PRDX1
ENSG00000184863,8.674777864493217,-0.2290407229574313,0.09349754590917632,-2.4496976977333915,0.01429761966737954,0.08632013441924279,,RBM33
ENSG00000170892,12.836355221797541,0.19300355722640952,0.07878719111474486,2.4496819152407796,0.014298246309198345,0.08632013441924279,,TSEN34
ENSG00000204482,293.27057161006013,-0.08140879965932307,0.03324735796659168,-2.4485795154347603,0.01434207694385747,0.08640658701978328,,LST1
ENSG00000139278,72.09718789427384,0.1000811300263479,0.04092958181813424,2.445202847931517,0.014477069190637182,0.08672811260613303,,GLIPR1
ENSG00000116350,13.986490324428498,0.19616096719531104,0.08022617000358144,2.4450994879420778,0.014481218925610693,0.08672811260613303,,SRSF4
ENSG00000084093,9.428615287598834,-0.23877857315834758,0.09765904458951111,-2.445022620915474,0.01448430569139312,0.08672811260613303,,REST
ENSG00000130255,896.3175357041059,-0.07641675365826105,0.03131294848825679,-2.4404202525648264,0.014670184581106171,0.08766183766016096,,RPL36
ENSG00000117676,9.436585093711136,0.2453637962442787,0.10064252751381596,2.437973313126459,0.014769864348676155,0.08807772466990586,,RPS6KA1
ENSG00000091317,51.643681511856265,-0.1318896895756183,0.05413891402855314,-2.4361347459991345,0.014845153419584228,0.0883467666921598,,CMTM6
ENSG00000177410,99.96843155303532,-0.109489745330246,0.044980339105942166,-2.4341689615181616,0.014926025919330286,0.0886114709285816,,ZFAS1
ENSG00000115310,62.84468177525366,0.10409247030519211,0.042773318423711425,2.433584162773033,0.014950159371147305,0.0886114709285816,,RTN4
ENSG00000067082,93.38821970519955,-0.2119572818162602,0.0871799777999888,-2.4312610207648784,0.015046370571894833,0.08900156168587489,,KLF6
ENSG00000134851,18.37261229716834,-0.16538998661050391,0.06806858986691919,-2.4297548536536113,0.015109038390792254,0.08908332679854157,,TMEM165
ENSG00000179029,13.41711435625737,-0.2928006168323917,0.12053877741517081,-2.4290989431882215,0.015136400946582747,0.08908332679854157,,TMEM107
ENSG00000029363,45.9450391203818,-0.15921651080099097,0.06556742688435757,-2.4282867022035797,0.015170345602925227,0.08908332679854157,,BCLAF1
ENSG00000056050,8.40918427459169,0.24617164445168854,0.10138820086643122,2.4280107778615676,0.015181892101254183,0.08908332679854157,,HPF1
ENSG00000118503,19.282580684359377,0.36591806248496345,0.15077186701029024,2.426965121152141,0.015225719553947002,0.08916181370791364,,TNFAIP3
ENSG00000183726,39.92195840444729,0.12006968441677159,0.049565844991626175,2.4224278721982158,0.015417185972299135,0.0901028353830177,,TMEM50A
ENSG00000100596,12.277389891092634,0.24498547572160673,0.10120212504560183,2.420754263917046,0.01548834340516018,0.09033838543886256,,SPTLC2
ENSG00000172115,51.91103949112817,-0.12768423529100925,0.05278155010430057,-2.419107340324317,0.015558648269465292,0.0905680360496906,,CYCS
ENSG00000150753,20.58068164063186,0.1649828069087084,0.06831651808613699,2.4149768098644833,0.01573621154219612,0.09141989562609175,,CCT5
ENSG00000135363,8.785800626529584,0.26181812057452253,0.10852065343414083,2.4126109849994135,0.015838714463999395,0.09183318010017867,,LMO2
ENSG00000239713,8.090245005374237,0.24816622717561082,0.10324566409634489,2.403647933767288,0.016232397832182846,0.09382050575033747,,APOBEC3G
ENSG00000186566,9.210575998439992,-0.22397701520401708,0.09319361113976633,-2.4033516081709663,0.016245558885048188,0.09382050575033747,,GPATCH8
ENSG00000125652,31.389084243110094,-0.13789160385281604,0.057455579111405836,-2.399968914862828,0.016396464175220393,0.09450560453749078,,ALKBH7
ENSG00000120616,22.75396299492523,-0.17039465825316646,0.0710628853306816,-2.397801010474846,0.016493822798345534,0.09487998654922539,,EPC1
ENSG00000099246,12.259865073863454,0.19237268115129322,0.0803181274443501,2.3951340409994266,0.01661429027712973,0.0953855724145801,,RAB18
ENSG00000105993,27.00721969532594,-0.17185207073229095,0.07185238203831347,-2.391737975237274,0.01676880909215462,0.09608429162784486,,DNAJB6
ENSG00000180817,77.91215862472866,0.12158508762302711,0.050890211570871674,2.389164514549188,0.01688673873675438,0.09629865405910011,,PPA1
ENSG00000151247,14.195520651023937,0.19925528540822351,0.08341225795982418,2.3888010021763892,0.01690345534444495,0.09629865405910011,,EIF4E
ENSG00000204161,9.406068642730478,-0.2900322224201856,0.12141488530415438,-2.3887698917116365,0.01690488667567536,0.09629865405910011,,TMEM273
ENSG00000100461,9.853824026093617,-0.2325566106302022,0.09754867100802514,-2.3840059349559994,0.017125326180702182,0.09736496127591454,,RBM23
ENSG00000099331,10.309668086251067,-0.24948218793185123,0.10474572463668741,-2.381788744096096,0.017228778004667853,0.097763298445092,,MYO9B
ENSG00000145860,15.39840389051025,-0.20757806400837764,0.08718151481634616,-2.3809871214747194,0.01726631558147403,0.09778679308037903,,RNF145
ENSG00000186469,9.731064073215613,-0.2110145060729017,0.08868946941016087,-2.3792509694361352,0.01734786036571253,0.09805894816757971,,GNG2
ENSG00000131504,12.55945400998842,-0.21538780521775427,0.09056947508089587,-2.3781500889275526,0.017399742078834244,0.09816270675689145,,DIAPH1
ENSG00000168291,15.003221754497684,0.1834709886583001,0.07727466611692034,2.374270868808408,0.017583645889527936,0.09900945223949577,,PDHB
ENSG00000147872,8.440918775444153,0.2735476376869872,0.11527210888479496,2.373060060524925,0.017641395030816152,0.0991439628603257,,PLIN2
ENSG00000241343,419.587689329755,-0.17841432450528477,0.07568597958165156,-2.3572968929180314,0.018408522461922552,0.1032569995565311,,RPL36A
ENSG00000198563,8.307874540018897,-0.3147087308686924,0.13357009538041298,-2.356131662348442,0.018466371225009322,0.10338343202070228,,DDX39B
ENSG00000103024,14.882150290529095,-0.18039170014931144,0.07679113584579436,-2.3491213948385816,0.018817770559582676,0.10514967976804976,,NME3
ENSG00000125971,25.186278867212913,0.13337146591194188,0.056867833376508393,2.3452883289736244,0.01901237058977916,0.10576053608160213,,DYNLRB1
ENSG00000067836,12.432018717731236,-0.2170377633278155,0.0925682532183046,-2.3446241641394407,0.019046267680587196,0.10576053608160213,,ROGDI
ENSG00000122643,10.792132614135987,0.25646352324654975,0.10939528839216418,2.344374488297613,0.019059024086341414,0.10576053608160213,,NT5C3A
ENSG00000171425,8.415523660417373,-0.22594442401440593,0.09641431410071949,-2.343473851593991,0.019105101390154887,0.10576053608160213,,ZNF581
ENSG00000129084,58.844605686309116,0.0995421825511376,0.042477252900073995,2.3434232619822786,0.019107692481956123,0.10576053608160213,,PSMA1
ENSG00000143110,157.2192791847159,0.09995661335293936,0.042675544769327514,2.3422457497199156,0.019168088995803544,0.10589465015040146,,C1orf162
ENSG00000134248,44.10807387905253,0.11037314323133542,0.04717632476402347,2.3395875745604005,0.019305044993951765,0.10645041759376792,,LAMTOR5
ENSG00000116044,17.934975843985296,-0.25076376973293124,0.10722587879792614,-2.338649704196048,0.01935357015955704,0.10651739366011846,,NFE2L2
ENSG00000101361,11.542400597389296,0.20936357149765916,0.08978577749210051,2.331812201727376,0.01971057285363681,0.10827871916594481,,NOP56
ENSG00000167004,53.7978639887969,0.12971106323437126,0.05564868101125868,2.3308919614487986,0.019759057265819994,0.10834179714292312,,PDIA3
ENSG00000006652,14.9149067670578,-0.21736736548739827,0.09331901475074542,-2.3292934035789523,0.019843527594671864,0.10860158653682096,,IFRD1
ENSG00000204256,17.099451032397987,-0.1917238865686268,0.08262103398168319,-2.3205215104319725,0.02031268266642521,0.11086398446958735,,BRD2
ENSG00000163220,763.2025101345547,0.172778086472681,0.07446842249433233,2.320152363719412,0.020332636495959157,0.11086398446958735,,S100A9
ENSG00000186480,16.01601155889028,-0.3368613724315979,0.14551664424087318,-2.314933622809446,0.020616564952134677,0.11215080158508411,,INSIG1
ENSG00000129518,17.18447948983735,-0.1571808331681933,0.06791399872616949,-2.3144099319191818,0.020645246603265145,0.11215080158508411,,EAPP
ENSG00000124702,8.222020623841319,-0.21501356084804127,0.09308709634988967,-2.309810588997882,0.02089864280502534,0.11331708543169296,,KLHDC3
ENSG00000168092,10.13046961735373,0.20376543387925417,0.08833180114183747,2.306818509814612,0.02106493991973781,0.11400766004619652,,PAFAH1B2
ENSG00000163634,30.07079608381609,0.11957742975673256,0.051932170912484844,2.3025694411705278,0.021303080179273078,0.11508379845924643,,THOC7
ENSG00000151651,14.178688752120223,0.20420183556407737,0.08874764366034628,2.300926843146346,0.0213957665377531,0.11537164718700015,,ADAM8
ENSG00000064601,11.829583152497152,0.19992717085657866,0.0869218178761806,2.3000804141185043,0.02144366467709297,0.11541737164435334,,CTSA
ENSG00000179218,38.81784320094403,0.1704732371367571,0.07431660954254607,2.2938780198141524,0.021797506298034047,0.11710660264338292,,CALR
ENSG00000140368,9.629886471201656,0.2220334418270364,0.09686084630393245,2.292293019310756,0.021888740376711267,0.11738137696522084,,PSTPIP1
ENSG00000205352,60.47897407809439,0.11411799320687868,0.04984126502079288,2.2896287475703256,0.022042847050615582,0.11799169317038835,,PRR13
ENSG00000112149,17.200955062989348,-0.36238765326470385,0.15837904280664705,-2.2881035700355596,0.022131490400141177,0.11825000710148426,,CD83
ENSG00000188229,16.245290588748183,-0.23783230250512857,0.10399858679518603,-2.2868801378379646,0.02220282024954315,0.11832039465148492,,TUBB4B
ENSG00000136783,19.16903452936201,0.1657082987339877,0.07247271770576116,2.286492130828631,0.02222548396800434,0.11832039465148492,,NIPSNAP3A
ENSG00000150459,68.39171545703316,0.09482184981492264,0.04149211797183597,2.2852978939104975,0.02229536635148111,0.11847701030333337,,SAP18
ENSG00000066044,12.256142600429206,0.17809256901312562,0.07807350489056977,2.281088434069223,0.02254321440240791,0.11953124112505933,,ELAVL1
ENSG00000142507,46.56241031938563,0.10919659703153387,0.04789152461629579,2.280081870569185,0.02260283325479407,0.11953124112505933,,PSMB6
ENSG00000091164,17.435075744240056,0.16094525158212927,0.07059546670020331,2.27982417434271,0.022618118641292182,0.11953124112505933,,TXNL1
ENSG00000127184,269.281336324384,-0.06300453807220789,0.027643650358261156,-2.2791685343892842,0.022657048778827845,0.11953124112505933,,COX7C
ENSG00000204287,2776.4555562360633,-0.08310918903287286,0.036519065543210744,-2.2757753462923334,0.02285945904057404,0.12038218717769926,,HLA-DRA
ENSG00000186818,16.14074214443396,0.21242509451513078,0.09347594405869268,2.2725108224823174,0.023055675081118783,0.12119751640487575,,LILRB4
ENSG00000004059,42.79930383149835,-0.17315501281364792,0.07621897329495969,-2.2718098306514256,0.023097998843689887,0.1212024025346308,,ARF5
ENSG00000100632,59.28152759151329,0.09327714607687371,0.04111901250233387,2.2684675628233872,0.023300723883130967,0.1219337769195793,,ERH
ENSG00000115165,20.123796131574046,0.1974090147528487,0.08705303185436929,2.2676868403973978,0.023348300496968608,0.1219337769195793,,CYTIP
ENSG00000165102,9.391665767420815,-0.22973802403401536,0.10131967469917375,-2.2674571815999807,0.023362311766353817,0.1219337769195793,,HGSNAT
ENSG00000134717,18.028434149816636,0.15921811737960115,0.0703208382280636,2.2641669438471004,0.02356384886295897,0.12276681400488232,,BTF3L4
ENSG00000127483,24.532721797952135,-0.14907567381663053,0.06593112444532481,-2.261081925582137,0.023754184394764406,0.12353863571557759,,HP1BP3
ENSG00000206573,11.361627717617585,-0.2154170401378591,0.09534976875122245,-2.259229812081713,0.02386909329671646,0.12391614392337907,,THUMPD3-AS1
ENSG00000164104,54.84059186546306,0.1633317640212382,0.07239953897468134,2.2559779569640153,0.02407201165468175,0.12474840730072241,,HMGB2
ENSG00000127951,70.35780444555408,0.15665714071030337,0.06948253493437542,2.254626156893416,0.02415680420113974,0.12476739493507544,,FGL2
ENSG00000064995,9.482678855771994,0.20936591302419177,0.09286327369842698,2.254560976431937,0.024160899224107846,0.12476739493507544,,TAF11
ENSG00000175489,15.051482468028277,0.194156747345905,0.08614662370974338,2.2537940430501795,0.02420912774504117,0.12479634865753618,,LRRC25
ENSG00000175701,8.285945350439242,0.24542664563197625,0.10910592541493899,2.2494346177679914,0.024484858216313684,0.12599589605864053,,MTLN
ENSG00000102144,71.02244469764841,0.08493010578587432,0.037813285673837974,2.2460387737380683,0.024701524452313547,0.1268878308708317,,PGK1
ENSG00000175567,53.66136719850607,-0.14530226441515484,0.064724186000596,-2.2449454121186916,0.024771637139368266,0.12702513755528946,,UCP2
ENSG00000163866,9.134142667492867,0.2051796656658243,0.09154212376714635,2.241368860828871,0.025002191832573153,0.12798324770240244,,SMIM12
ENSG00000133961,14.60790967596907,-0.16707533498977417,0.07462309282766823,-2.2389226800825806,0.02516094749737348,0.12840465360684533,,NUMB
ENSG00000125445,13.548589784903273,0.18634521550821706,0.08323629802854285,2.2387494389084526,0.02517222376035834,0.12840465360684533,,MRPS7
ENSG00000125534,86.34324766999534,-0.133415935957594,0.059671892868114876,-2.2358254371529003,0.025363208008721015,0.12915386617310456,,PPDPF
ENSG00000244509,11.522611569832032,0.21906958564012516,0.09816223863214914,2.231709348653522,0.02563417897483242,0.1302767017073606,,APOBEC3C
ENSG00000100216,35.16587249762941,-0.10830266943172655,0.0485467298715001,-2.2308952573818335,0.025688067968642845,0.1302767017073606,,TOMM22
ENSG00000153037,14.954667093058454,0.16660468160957312,0.0746953480666031,2.2304559242567263,0.025717190432668863,0.1302767017073606,,SRP19
ENSG00000141524,8.131831109532543,0.22106181042869083,0.09917843437827492,2.2289302287787933,0.02581854744512576,0.13046840369549076,,TMC6
ENSG00000100664,36.02066373758066,-0.17215226260610034,0.07724870384299455,-2.2285456459695965,0.025844151005254314,0.13046840369549076,,EIF5
ENSG00000122705,40.048605757534716,0.11576468939876162,0.05203001349811744,2.224959818681389,0.02608393569457571,0.1314522611251595,,CLTA
ENSG00000130313,59.97984435865592,-0.10639786830343817,0.04783854288441928,-2.2241034506527853,0.026141484794485043,0.13151592350215155,,PGLS
ENSG00000197345,17.38731674138755,0.16960089333960598,0.07631730489931167,2.2223124042884757,0.02626220043712698,0.13187525552895335,,MRPL21
ENSG00000265681,173.1589369357916,-0.1878198904051085,0.08453848057764643,-2.2217088492926096,0.02630298812462731,0.13187525552895335,,RPL17
ENSG00000172936,13.75263627395619,0.19075449537638173,0.08591151923237675,2.2203599363715325,0.026394344343859653,0.13204080491634126,,MYD88
ENSG00000121552,157.3733982633699,-0.12800218673152086,0.05766148594389016,-2.2198905324097713,0.026426199344595624,0.13204080491634126,,CSTA
ENSG00000187837,13.154687548694469,0.3137875461270138,0.14155405772763513,2.2167329652306687,0.026641344705899846,0.1328890243592415,,H1-2
ENSG00000100442,20.1891016309108,0.14945865011536946,0.06745297629669372,2.2157458176192493,0.026708915095946004,0.13299949557981275,,FKBP3
ENSG00000165527,66.07800610503969,0.11691623512000478,0.052809428752462195,2.2139272831000594,0.02683378157009897,0.13324247090862157,,ARF6
ENSG00000166226,17.389660720232197,0.15664493178875805,0.07076126447603327,2.2137101837943196,0.02684872193855421,0.13324247090862157,,CCT2
ENSG00000111786,40.723180202063794,0.1071220686984579,0.04842916196012477,2.2119331485987566,0.026971284417354975,0.13346154808867441,,SRSF9
ENSG00000090621,19.61479873550086,-0.1923281752028149,0.08695751436489052,-2.211748767286157,0.026984028848529802,0.13346154808867441,,PABPC4
ENSG00000172322,35.89687907548612,0.25444432954403184,0.11513434637529738,2.209977626612245,0.02710671508635395,0.13384226268607818,,CLEC12A
ENSG00000106399,10.89921810353116,0.19304123765607137,0.08749321786053385,2.206356588276173,0.027359042088678006,0.1347255640444846,,RPA3
ENSG00000198888,463.14000008737975,-0.12533367646705673,0.05682514465138159,-2.2056024183655025,0.027411849610683235,0.1347255640444846,,MT-ND1
ENSG00000030582,124.63142616930621,0.10072244837368015,0.04567012345846552,2.205434116360156,0.027423646233098644,0.1347255640444846,,GRN
ENSG00000160783,12.878494894711512,-0.1741938818915019,0.0790135124609146,-2.2046087620477564,0.027481560383412613,0.1347839343427674,,PMF1
ENSG00000182117,57.95914908838772,0.10106526959044428,0.045881344255271586,2.2027530193567135,0.0276121611039693,0.13518580908511663,,NOP10
ENSG00000198763,548.361951968474,-0.09587921920253169,0.04353922899103692,-2.20213406218722,0.027655840041661495,0.13518580908511663,,MT-ND2
ENSG00000100554,11.575070612361786,0.17700034586787808,0.08046084303762714,2.1998321069679156,0.02781880910103462,0.13575578841304894,,ATP6V1D
ENSG00000122257,14.82469533307108,-0.17358898586876523,0.07894794296258358,-2.1987778193414824,0.027893724408884317,0.1358948836426178,,RBBP6
ENSG00000182196,72.60629886196382,-0.08715877325304436,0.03969322826680099,-2.1958096395485946,0.028105571419356504,0.13669626005828894,,ARL6IP4
ENSG00000120265,23.0467622917323,0.13741733352735197,0.06259993143671441,2.195167476601383,0.028151586343971392,0.13669626005828894,,PCMT1
ENSG00000101294,14.860762158026011,0.1756462202821674,0.08011438066340319,2.192443089838474,0.028347528140138353,0.13741980528861772,,HM13
ENSG00000184990,20.84742391132464,-0.13800917844638702,0.06330932981267802,-2.1799184868128227,0.02926350432073288,0.1416256870266213,,SIVA1
ENSG00000155849,10.913465832801764,-0.20392307035241047,0.0937858982291413,-2.1743468282851843,0.029679098074603717,0.14339999861788727,,ELMO1
ENSG00000100097,636.7936992594043,0.09648740882184753,0.044549578443758175,2.165843363560859,0.030323158425538066,0.14624101392899347,,LGALS1
ENSG00000137776,23.909144717523393,0.15321033629278363,0.07075806273738158,2.1652703644731415,0.030366986498916677,0.14624101392899347,,SLTM
ENSG00000174004,11.934679463574568,-0.2054424654328597,0.09514184221719146,-2.159328226626851,0.030824711782863477,0.14820156995110717,,NRROS
ENSG00000118640,130.98387970799638,0.07287591954522928,0.03380201673450395,2.155963654998136,0.03108650326064872,0.14921521565111384,,VAMP8
ENSG00000074800,127.25926486322203,0.08433271624480736,0.03918420510468698,2.152211995101056,0.03138066132695091,0.150380648715732,,ENO1
ENSG00000104660,23.713603392955093,0.1461127034268544,0.06800342773658616,2.148607920071727,0.03166549333268422,0.15149765437597942,,LEPROTL1
ENSG00000140931,18.435285449819197,-0.16211601896444905,0.07553818323608814,-2.1461466508635674,0.03186128034371385,0.1521856914296805,,CMTM3
ENSG00000167770,15.432683192408792,0.15103821745007887,0.07069670418563892,2.1364251585685694,0.03264477521493741,0.15567410721390348,,OTUB1
ENSG00000169429,27.06443980739936,-0.3898803378358587,0.1827511284955267,-2.1333949674921,0.03289233954754873,0.1565996263336954,,CXCL8
ENSG00000172349,13.640432022723719,-0.18538451608502754,0.08697579622544632,-2.13144948514757,0.0330521298184439,0.1569947365985256,,IL16
ENSG00000156411,201.09109107235332,-0.07933686453903413,0.03723117812962047,-2.1309254373531394,0.0330952853922204,0.1569947365985256,,ATP5MJ
ENSG00000119318,14.92378340252863,0.17148668986582188,0.08049650177895473,2.1303620166840087,0.033141737130614655,0.1569947365985256,,RAD23B
ENSG00000204356,10.56863307753307,0.17826381737272345,0.08370058861917588,2.1297797340923728,0.03318980258008448,0.1569947365985256,,NELFE
ENSG00000198899,669.7598165760153,-0.1097851929395104,0.05178096020321571,-2.120184571870734,0.03399048298577198,0.16041402766850704,,MT-ATP6
ENSG00000013364,11.685245033007472,0.18898582818996215,0.089153538600744,2.1197793285165805,0.03402465936357133,0.16041402766850704,,MVP
ENSG00000128272,35.55739293238172,-0.15396218411722082,0.07265248949020783,-2.119159098298648,0.03407702363723066,0.16041402766850704,,ATF4
ENSG00000170776,26.594340330159234,0.1779472138899169,0.08400453609581832,2.1183048220984695,0.03414926051982906,0.16042497695013094,,AKAP13
ENSG00000145494,54.03284711191125,0.0875990231773682,0.04136250806298503,2.1178363517989824,0.03418892951396233,0.16042497695013094,,NDUFS6
ENSG00000181444,10.255841895766038,-0.20845634812687241,0.09847517050918439,-2.11684170790474,0.03427328427785934,0.16056348218491545,,ZNF467
ENSG00000135241,10.016987284771092,0.21561631975597909,0.10228002127451145,2.108098112115972,0.03502250371801478,0.16380829324708068,,PNPLA8
ENSG00000157557,25.623203676791736,0.26292593369614514,0.12478686269518027,2.1070001121704642,0.035117569848770104,0.16380829324708068,,ETS2
ENSG00000132341,58.09592523941624,0.09201604771240407,0.043701635275851726,2.1055515916414578,0.035243321376182746,0.16380829324708068,,RAN
ENSG00000125347,27.68949738239713,0.23747366120257662,0.11279852186950227,2.1052905416377024,0.035266024935207294,0.16380829324708068,,IRF1
ENSG00000255112,57.8579527566156,-0.17924547092057963,0.08514699083177227,-2.1051298368807987,0.03528000765901722,0.16380829324708068,,CHMP1B
ENSG00000215845,13.69361859900565,-0.20317711817724582,0.09652660801648509,-2.104881983862384,0.03530158232203139,0.16380829324708068,,TSTD1
ENSG00000108788,10.363659663370207,0.1972528718400216,0.09407457259602034,2.0967713846235005,0.036013817852533034,0.16684882701300113,,MLX
ENSG00000167978,37.227820573513185,-0.1502038022374255,0.0717724688079608,-2.092777421929303,0.0363690282107781,0.16813681598030938,,SRRM2
ENSG00000111678,17.31129988323854,-0.18204638326705802,0.0870054501865325,-2.092356086621765,0.036406673952020546,0.16813681598030938,,C12orf57
ENSG00000129625,34.27664532172308,0.10927116871547432,0.052256816681276935,2.091041430669944,0.03652435021485084,0.16841464162060357,,REEP5
ENSG00000099337,13.517013893045974,-0.1832798191600343,0.08771972319473484,-2.0893798165910678,0.03667354661427966,0.1688367051676271,,KCNK6
ENSG00000198848,11.296010818769524,0.391487712453974,0.18767889114949332,2.0859442958992083,0.036983669196485915,0.16970046678090125,,CES1
ENSG00000013275,17.95434098529712,0.14531141723245788,0.06969075847058857,2.085088760998108,0.03706124426107455,0.16970046678090125,,PSMC4
ENSG00000143761,47.796333103681135,0.1034881246553443,0.04963652357876923,2.0849188700960664,0.03707666548402409,0.16970046678090125,,ARF1
ENSG00000028137,19.69176138224658,-0.1911586538682442,0.09172035704611833,-2.0841464209753005,0.03714685063042327,0.16970046678090125,,TNFRSF1B
ENSG00000076662,42.02889241131595,-0.11213376928046018,0.053804376287073415,-2.0841012761149784,0.03715095601316862,0.16970046678090125,,ICAM3
ENSG00000102265,107.10677905530424,0.10794659557853564,0.051856464236271146,2.081642031872896,0.03737517914676189,0.17045271708315812,,TIMP1
ENSG00000070831,150.30227726818282,0.1104398179601473,0.053070039703532676,2.0810200741718257,0.037432068676390255,0.17045271708315812,,CDC42
ENSG00000089248,75.35959082843767,-0.07477626371072428,0.03596112499789173,-2.079363860699801,0.03758391955109628,0.1708784416857297,,ERP29
ENSG00000198856,49.228852899401225,-0.09904283289015817,0.04767766760084231,-2.077342241641208,0.03776998295437935,0.1711858915991184,,OSTC
ENSG00000147274,31.35757273215636,-0.12936440719631823,0.062282417903391354,-2.077061417188079,0.03779589102922817,0.1711858915991184,,RBMX
ENSG00000087460,46.769520567859814,-0.11035389462070562,0.05313842152932615,-2.0767251161159024,0.037826937112236884,0.1711858915991184,,GNAS
ENSG00000173198,9.397158200692166,0.19420581182984667,0.09361146415445337,2.074594320086892,0.03802414896624789,0.17181282125489786,,CYSLTR1
ENSG00000180992,17.441708140924845,0.14278834268955304,0.06891947593034572,2.0718141100472636,0.0382827802955217,0.17271491634096692,,MRPL14
ENSG00000118816,109.75784425978055,-0.09617959560096459,0.04646566044936394,-2.0699069952051263,0.0384610547526269,0.17325225894721777,,CCNI
ENSG00000126524,22.11956719736722,-0.17885191488265365,0.08650274508039531,-2.0675865802458566,0.03867891505829617,0.1739659958382353,,SBDS
ENSG00000175634,11.124554197174199,-0.16542575356654374,0.080100900815604,-2.065217143404685,0.03890245914960676,0.1747030680828966,,RPS6KB2
ENSG00000204568,9.125158673408235,0.213565140523433,0.10344239961835384,2.064580300837685,0.038962728748581456,0.1747057730104847,,MRPS18B
ENSG00000070814,20.92163799036062,-0.2574453214209417,0.1248503933358447,-2.0620305194267163,0.03920483043634247,0.1755225436049094,,TCOF1
ENSG00000084623,34.687924353791395,-0.10272456691242016,0.04985036423134974,-2.060658302027391,0.03933565036177191,0.17583936528132543,,EIF3I
ENSG00000142188,8.020813888684357,0.21232453651984876,0.10307718632548392,2.059859645852163,0.039411960495827875,0.17591192123747565,,TMEM50B
ENSG00000156171,24.029042968444845,-0.1348436644239945,0.06558190026147717,-2.0561109679098717,0.03977182129514658,0.17711845532396076,,DRAM2
ENSG00000150681,18.28721478455881,0.21422609740779075,0.1042064775943757,2.055784845176967,0.039803259427310854,0.17711845532396076,,RGS18
ENSG00000187118,10.421127716232494,0.208586131999305,0.1015120112186162,2.054792624983994,0.039899038856828,0.1772752439647836,,CMC1
ENSG00000271869,9.34698876311599,-0.22252071589110917,0.10839363768500992,-2.0528946222632607,0.04008279870422125,0.17782187061509064,,DCTN6-DT
ENSG00000130204,8.521845186672024,-0.20350394676244635,0.09923367843899851,-2.050754844158533,0.040290827041034025,0.1784743442906923,,TOMM40
ENSG00000134294,18.351221122311596,0.16802792737088001,0.08197876185116469,2.0496519290684163,0.04039840909852795,0.17868057679832303,,SLC38A2
ENSG00000174231,7.917511444956951,-0.21191403226728386,0.10344470975246825,-2.048572931127853,0.04050389380536769,0.1788769246789089,,PRPF8
ENSG00000173726,35.12722842146951,-0.11374535259720951,0.05557729918593984,-2.046615331498247,0.040695868318049264,0.1791851856003434,,TOMM20
ENSG00000092148,12.913898116342194,-0.20142828360524814,0.09842030472589901,-2.0466130862551872,0.04069608894270094,0.1791851856003434,,HECTD1
ENSG00000005020,30.074933617542875,0.13021447588523063,0.06374526702936081,2.0427316717530473,0.04107900776090593,0.1804056623351967,,SKAP2
ENSG00000164615,23.04684444279504,-0.14560696395520373,0.07130677728007129,-2.0419793112133497,0.041153583586089906,0.1804056623351967,,CAMLG
ENSG00000144381,28.380529546808706,0.13478918900478074,0.06601056555082757,2.0419335583633833,0.04115812241800252,0.1804056623351967,,HSPD1
ENSG00000129292,12.209998765906493,0.17117861024100234,0.08392952542923446,2.0395517473208202,0.041394992195332464,0.18117270126746407,,PHF20L1
ENSG00000116663,8.050021253169993,0.21977886396985427,0.10792655301344801,2.036374347492309,0.04171277932651622,0.18229107144483506,,FBXO6
ENSG00000177885,39.883322746342536,-0.12964460495949615,0.063703255953615,-2.0351331029907764,0.04183748196609003,0.18256355767021104,,GRB2
ENSG00000143977,53.696774502303505,0.10945110004875253,0.053798383099415696,2.0344682078361807,0.04190441088989225,0.18258350459167338,,SNRPG
ENSG00000197622,26.28132628966595,0.15320518099744848,0.07549286123427178,2.0293995815315227,0.04241760770891844,0.184502214062728,,CDC42SE1
ENSG00000132661,21.58462922806791,0.21132346061863935,0.10415783543377034,2.0288772298173496,0.04247079654312796,0.184502214062728,,NXT1
ENSG00000181163,175.34950090381602,-0.0717544454531865,0.03543662195118863,-2.02486697383354,0.04288102566037868,0.1860083601979093,,NPM1
ENSG00000143870,32.405835596440156,0.1155868551636193,0.05721786929202382,2.0201181308184806,0.04337113562365608,0.18758568015694027,,PDIA6
ENSG00000145050,9.631612326073553,0.22255606493745705,0.11017069274190924,2.020102255858795,0.04337278192153298,0.18758568015694027,,MANF
ENSG00000185896,7.971515541906497,0.2233352535490402,0.11063007559525508,2.018757126824372,0.043512469167201265,0.1877426065560692,,LAMP1
ENSG00000101654,20.77876426407776,-0.13472803714346424,0.06676408384989717,-2.017971780251902,0.04359420040747253,0.1877426065560692,,RNMT
ENSG00000136436,16.11440634323344,0.16128035829674472,0.07992475589093571,2.0179024195810595,0.04360142501985214,0.1877426065560692,,CALCOCO2
ENSG00000152240,9.84862649461263,0.1761068911430621,0.08742842534759565,2.0142978721497147,0.043978269246466785,0.18902261293677092,,HAUS1
ENSG00000148444,14.512425817431133,0.1466994966827423,0.07284616388619795,2.0138259704645503,0.04402780806792274,0.18902261293677092,,COMMD3
ENSG00000145782,12.644649468197539,0.15299707184897074,0.07603403936926421,2.0122181212276598,0.044196949084531145,0.18911266275083372,,ATG12
ENSG00000118939,12.835835961138896,0.15822740137404018,0.07863925737495663,2.0120663222899293,0.04421294618295206,0.18911266275083372,,UCHL3
ENSG00000067182,8.737896991618596,0.2423159763847367,0.12044821279877388,2.0117855695340245,0.04424254575967251,0.18911266275083372,,TNFRSF1A
ENSG00000179583,10.261493428970201,-0.20181593167431466,0.10039819444739083,-2.0101549911843013,0.04441478738630231,0.1895721537421183,,CIITA
ENSG00000135916,8.153577490913419,-0.24068566179513678,0.12013125867863807,-2.003522350822883,0.04512125101461813,0.19230716589636374,,ITM2C
ENSG00000087088,37.15390867979005,-0.09805873043922286,0.04898092184276185,-2.001978050842126,0.045287092224380654,0.19273343900143391,,BAX
ENSG00000185215,19.202610839861812,-0.17124176937395,0.0856041736957137,-2.000390424684682,0.045458121540833195,0.1931805223099559,,TNFAIP2
ENSG00000121410,13.210413656189502,-0.20248129071112422,0.10128187924246354,-1.9991857598375973,0.04558825874281466,0.1934527849260309,,A1BG
ENSG00000133983,36.42580331074301,-0.09140911880840287,0.04577903258145475,-1.996746406682107,0.045852738135325005,0.1942935126776145,,COX16
ENSG00000232956,16.249181472539554,-0.2318876903297872,0.11648162841287038,-1.9907662134311754,0.04650659543485417,0.19677935178215755,,SNHG15
ENSG00000111843,39.221005299918374,-0.11106088347334067,0.05595657592058778,-1.9847691115152506,0.047170165566294775,0.19929905451386884,,TMEM14C
ENSG00000147454,9.571294691038888,0.19718159987993292,0.09942433182799584,1.9832328390303613,0.04734142735229839,0.19932577360151124,,SLC25A37
ENSG00000103811,65.26489840189056,-0.10194375767118279,0.05141929031227192,-1.9825975242379514,0.04741240414782264,0.19932577360151124,,CTSH
ENSG00000165671,12.549313287169994,-0.18281274220859575,0.09222051477371267,-1.9823435453290947,0.04744080346699745,0.19932577360151124,,NSD1
ENSG00000147459,9.421981438525144,-0.18308839775763958,0.09237248285750331,-1.98206643465541,0.04747180564052852,0.19932577360151124,,DOCK5
ENSG00000112576,31.658030900282423,0.1456401714498393,0.07349388064334564,1.98166391779757,0.04751686816046956,0.19932577360151124,,CCND3
ENSG00000172543,8.370397529219817,0.23780154342357523,0.12011077179196872,1.979851930644875,0.047720169125318394,0.1998922105850247,,CTSW
ENSG00000099956,11.096618155924974,0.16377916819723015,0.08281368387203678,1.9776824377273299,0.04796454271881142,0.20062883011525692,,SMARCB1
ENSG00000173473,11.658425488023646,-0.18735975073112932,0.09485476183081286,-1.9752276756048623,0.048242316548966664,0.2013946505260282,,SMARCC1
ENSG00000149100,64.56348239650546,-0.07682475990631019,0.038901570613094294,-1.9748498247124997,0.04828519285152725,0.2013946505260282,,EIF3M
ENSG00000137815,25.064625158520784,0.11779446500751839,0.059667920883304124,1.9741674129704565,0.04836271004505075,0.201431031311392,,RTF1
ENSG00000243317,37.69051459304802,-0.09572121906573611,0.0485311314227313,-1.972367349772967,0.04856768627313195,0.20199742245416244,,STMP1
ENSG00000110696,50.06419305885287,0.08827175283698221,0.04478731454597356,1.9709097036030703,0.048734205014574795,0.2024024855073404,,C11orf58
ENSG00000185862,71.59861835244334,-0.09201086175679421,0.04677891906145757,-1.9669300531701355,0.0491912752492207,0.20401140783246208,,EVI2B
ENSG00000187051,17.998313710497946,-0.13035220704155573,0.06630289456699535,-1.9660108037944275,0.04929736264217908,0.20416220341768082,,RPS19BP1
ENSG00000179639,238.39961952030694,-0.1657338435843337,0.08434930585776719,-1.9648513037416104,0.04943145025273386,0.20427892527554703,,FCER1A
ENSG00000184076,88.3732281902203,0.06745024183011099,0.03433349501463608,1.9645608989518109,0.04946508129110753,0.20427892527554703,,UQCR10
ENSG00000196154,1138.136477358003,0.0644153776499423,0.032809092435725495,1.963339210803681,0.04960677217705023,0.204486425344492,,S100A4
ENSG00000134884,51.590540576681526,-0.10171476919827457,0.051817985813125314,-1.9629240234287646,0.04965500287566045,0.204486425344492,,ARGLU1
ENSG00000123338,12.58648479776105,0.1670832746565864,0.08515821759150013,1.962033487573411,0.04975858561164781,0.20455758664663576,,NCKAP1L
ENSG00000154001,8.459419356241975,0.19089568448302097,0.09731756544859635,1.9615748051553248,0.04981200795049566,0.20455758664663576,,PPP2R5E
ENSG00000124766,13.091053898740098,-0.2428032983069604,0.12388832903534287,-1.9598561074925263,0.05001261109628917,0.20509373289906818,,SOX4
ENSG00000227507,30.09381838350267,-0.1554171136976874,0.07944716386342211,-1.9562323705458573,0.0504377868642149,0.20654802788590382,,LTB
ENSG00000162585,23.239536159713428,-0.11000970211427358,0.05634109645301594,-1.9525658718057264,0.050871058440448313,0.20776173981722232,,FAAP20
ENSG00000128590,8.605878304988478,-0.22878513906883996,0.11717407609907982,-1.952523516169091,0.050876081779012435,0.20776173981722232,,DNAJB9
ENSG00000147168,28.446028926817313,0.12895045355842652,0.06611765798776124,1.9503179253913676,0.051138237447061315,0.2082541020151355,,IL2RG
ENSG00000160752,14.459531179795187,0.14318765737371328,0.07341780737818501,1.9503123627233154,0.05113890005084782,0.2082541020151355,,FDPS
ENSG00000162194,9.516447290873938,0.18151618068093928,0.09310811318086072,1.9495205571221013,0.05123329027677571,0.20827185994748168,,LBHD1
ENSG00000163041,485.4566843769044,-0.05496909968141898,0.02820959902851905,-1.9485955693963206,0.05134374167047442,0.20827185994748168,,H3-3A
ENSG00000146066,103.15167703015076,-0.07186761905945672,0.03688379704366009,-1.9484875424942174,0.05135665398978202,0.20827185994748168,,HIGD2A
ENSG00000125870,46.16395442906362,0.09991375510019827,0.05131186851994147,1.947186060109437,0.051512432303721795,0.20861466360345424,,SNRPB2
ENSG00000189403,173.71733296461753,-0.061468809480987166,0.0315885104692915,-1.9459230133925922,0.05166398807143473,0.20893944347121668,,HMGB1
ENSG00000151702,11.093963244471981,0.18800891398562075,0.09670548400937454,1.9441391138417274,0.05187867763689722,0.20951830085632425,,FLI1
ENSG00000108055,15.11868918977302,0.16189804695651794,0.08338506913898565,1.9415711784884104,0.05218903482094196,0.21048139663322046,,SMC3
ENSG00000110876,17.54809072463915,0.15229393124116986,0.07850665521751571,1.9398856163113083,0.05239359251168316,0.21101573435241855,,SELPLG
ENSG00000113732,81.50778154044478,0.08833941165956902,0.04559911688985344,1.9373053182796616,0.05270803255194929,0.2119905485056422,,ATP6V0E1
ENSG00000135441,73.0299666523219,0.08601612071779752,0.04445300120128597,1.9349901782404102,0.05299150095573674,0.21283829190452289,,BLOC1S1
ENSG00000188994,10.558413254313804,-0.17357105154680752,0.08984722918287516,-1.9318464589878535,0.053378459834440777,0.2140988087606063,,ZNF292
ENSG00000217555,86.12685147247825,0.07405119489447856,0.038369717988281475,1.9299384717160182,0.05361446185952757,0.2147512234263977,,CKLF
ENSG00000125826,15.219106599066256,0.15041379157476945,0.07805227114408005,1.9270905172908315,0.05396835031238638,0.21587340124954552,,RBCK1
ENSG00000187840,26.331280615241365,-0.11261355117006239,0.05848118318612432,-1.9256373594845788,0.05414967044168734,0.21630318561154235,,EIF4EBP1
ENSG00000128228,14.683624101526135,0.17591736229699073,0.09156516786098019,1.9212257936782158,0.054703247678588314,0.21800473373844018,,SDF2L1
ENSG00000122008,9.052489360727819,0.1868637147967199,0.09727131246094413,1.9210567850798603,0.054724548940489594,0.21800473373844018,,POLK
ENSG00000125863,11.308195334196187,-0.18426259519122454,0.09612092388312665,-1.9169873503844936,0.05523953870384819,0.21975729527835258,,MKKS
ENSG00000131871,15.82296505964188,0.14858394547377832,0.07754930984915896,1.915993137305654,0.055365969220120506,0.21996140824492924,,SELENOS
ENSG00000096968,11.45509563129683,0.18873014961264264,0.09855119092519672,1.9150468689505176,0.05548652668281273,0.22014166683912692,,JAK2
ENSG00000104805,13.375941565591493,0.15204139739836278,0.07954085388223164,1.91148812185843,0.05594188181204583,0.22158063970894198,,NUCB1
ENSG00000019582,2619.823339695476,-0.0711835092220292,0.03724874257446848,-1.9110312000389709,0.056000571511139706,0.22158063970894198,,CD74
ENSG00000170027,9.324825179391787,-0.18231280542158843,0.09548647075973538,-1.909305098104703,0.05622274503716471,0.22215951075414073,,YWHAG
ENSG00000049860,28.42276979004036,0.10600115995299028,0.055540921127379315,1.908523621887434,0.056323573069443085,0.22225798106109076,,HEXB
ENSG00000085231,21.853076028310415,0.11649669052903693,0.06117900472642961,1.9041939477434784,0.0568849296723581,0.2241710283723614,,AK6
ENSG00000111011,25.081561912383442,0.14358634692353245,0.07564880285553623,1.8980650255329765,0.05768751667850224,0.22682370040214386,,RSRC2
ENSG00000187446,18.564105385484655,-0.15544331269923117,0.08191479304144711,-1.8976219914341994,0.05774589533877558,0.22682370040214386,,CHP1
ENSG00000093072,19.867488554635433,0.13035247693808624,0.06873560353747706,1.8964331471536946,0.05790279224201782,0.22682370040214386,,ADA2
ENSG00000006625,12.094283638635813,0.14880443534557092,0.07847748962458648,1.8961416331919907,0.057941318638304234,0.22682370040214386,,GGCT
ENSG00000167085,23.064558663421277,0.116353327251391,0.06136420358298837,1.896110769107202,0.05794539887322527,0.22682370040214386,,PHB1
ENSG00000101084,28.9574852801037,0.10916845756401024,0.05760118448956444,1.8952467476391601,0.05805971954002166,0.22696776877594582,,RAB5IF
ENSG00000137210,33.70172242503494,-0.08935252738557227,0.04716608954826259,-1.8944230535402453,0.058168878840996044,0.22709130299524855,,TMEM14B
ENSG00000136603,9.263169850339828,-0.23225312529564798,0.1226431887577819,-1.893730321659719,0.05826081445436733,0.2271262197132818,,SKIL
ENSG00000214941,15.477711944518807,-0.1417525733982638,0.07487509142356041,-1.8931873164118707,0.05833296353291937,0.2271262197132818,,ZSWIM7
ENSG00000184983,36.349027461642095,-0.10839630443592392,0.05729202926131518,-1.891996248579651,0.05849148063612005,0.22744097649742298,,NDUFA6
ENSG00000089220,42.73630699927952,-0.08451914235552536,0.04474554476509786,-1.8888839726776878,0.058907377505335035,0.22875437842920554,,PEBP1
ENSG00000167851,14.867412403007837,0.17245367697687713,0.0913725361414241,1.8873688337812764,0.05911073401215224,0.22893298569788528,,CD300A
ENSG00000111666,14.242733002811857,0.18847278415203722,0.09986065477119312,1.887357784543649,0.05911221913864593,0.22893298569788528,,CHPT1
ENSG00000198624,11.610219517556034,0.16583976248405954,0.08789496580959727,1.8867947777954706,0.05918793380235627,0.22893298569788528,,CCDC69
ENSG00000168906,16.673285446689963,0.1713173602471392,0.09085381401990095,1.8856375166551977,0.05934381817313055,0.22923311294317447,,MAT2A
ENSG00000173230,12.05142962444999,-0.23861940241568777,0.12663278319332144,-1.8843414509132612,0.05951880395978287,0.22935356071995247,,GOLGB1
ENSG00000198886,979.2120482247473,-0.07302706533867531,0.038756644375573024,-1.88424634060171,0.05953166193550679,0.22935356071995247,,MT-ND4
ENSG00000126432,47.00460753613752,0.07927045993089504,0.04211725590473674,1.88213733843899,0.05981737086770656,0.2301514611046581,,PRDX5
ENSG00000125821,8.754613494465039,0.1753493327580276,0.09320885303887873,1.881251909460649,0.05993765944303674,0.23031163628505455,,DTD1
ENSG00000115234,24.62976753004692,0.11152194186030805,0.05930542534130998,1.8804677855101049,0.0600443528042791,0.23041922019781022,,SNX17
ENSG00000112667,16.55920378001741,-0.13455346732464207,0.07166688580624617,-1.8774845008392285,0.06045171965129115,0.23167884180494827,,DNPH1
ENSG00000170035,8.832157586771368,-0.17240255555517053,0.09186514144347335,-1.8766917771661369,0.06056035028824071,0.2317787866051041,,UBE2E3
ENSG00000090060,39.30257325370777,-0.08901989844833325,0.04745903305733088,-1.8757208631030577,0.06069361955309152,0.2317787866051041,,PAPOLA
ENSG00000125538,32.32703946989509,-0.3851228493800904,0.20533716948712946,-1.8755632520990306,0.06071527640919223,0.2317787866051041,,IL1B
ENSG00000107551,15.928809589830223,-0.15340252302009488,0.08183951114575168,-1.874431077024561,0.060871033472103604,0.232070815112395,,RASSF4
ENSG00000152082,47.24112405201609,-0.0864578267597499,0.04615315260227062,-1.8732810628302865,0.061029583482169296,0.23237271838204382,,MZT2B
ENSG00000198961,13.338061580372198,-0.17314282134422812,0.09246389029710007,-1.8725452799778897,0.06113120363476629,0.2324573561592152,,PJA2
ENSG00000135821,16.511279732898217,0.1756179940032604,0.0938756576129519,1.8707511453856447,0.06137958206970047,0.2330991132296796,,GLUL
ENSG00000168769,11.752521904505066,-0.17831114833387784,0.09539423910279676,-1.8692024802643468,0.061594649344108375,0.2334110500914483,,TET2
ENSG00000008083,15.565910537438551,-0.20044309366525137,0.1072454866176109,-1.8690119275596293,0.06162115495925189,0.2334110500914483,,JARID2
ENSG00000104979,52.40021403758905,-0.07326040542940916,0.039231399014496016,-1.8673921213551272,0.0618468492328403,0.23396327461725633,,C19orf53
ENSG00000121966,135.5664095694511,0.22013011221729498,0.11801827023061814,1.8652206288665414,0.062150485162895376,0.2348085426541389,,CXCR4
ENSG00000105568,13.057665485927151,0.1471050136117231,0.07897854100217507,1.8625947218709933,0.06251930751020686,0.23589759328593515,,PPP2R1A
ENSG00000144747,8.18389834902355,0.19410671843291402,0.104284243551907,1.8613235501516419,0.06269849940492087,0.2362692487227906,,TMF1
ENSG00000152291,22.10768172682845,-0.12419117495253626,0.06675924855871963,-1.8602841948303397,0.0628453284789918,0.2365181513965141,,TGOLN2
ENSG00000026297,105.46796322375536,-0.10457616758573875,0.056290544385883504,-1.8577927914295367,0.06319844520418746,0.23754178120392927,,RNASET2
ENSG00000169764,12.803806485824605,0.16067017885761212,0.08664831606808751,1.854279299915752,0.06369921202178012,0.2386443598728986,,UGP2
ENSG00000198771,17.3021997288791,-0.14330047546546631,0.07728335166936649,-1.8542218002983897,0.06370743444029996,0.2386443598728986,,RCSD1
ENSG00000172531,60.171426253204714,0.07776567730295632,0.041973363634969056,1.852738750681582,0.0639198129494785,0.2386443598728986,,PPP1CA
ENSG00000159377,20.402855028115784,0.12251982938422894,0.0661321079514075,1.8526527155954857,0.06393215143274818,0.2386443598728986,,PSMB4
ENSG00000162385,28.218932480319953,0.10018921471091383,0.054083220399948874,1.852500904532093,0.06395392779268383,0.2386443598728986,,MAGOH
ENSG00000115053,89.22105845387702,-0.10387860141739705,0.056080463502698616,-1.852313531830891,0.06398081369543217,0.2386443598728986,,NCL
ENSG00000168090,20.035882934742943,0.11768035335782921,0.06358366728428959,1.8507953124450554,0.06419900570696241,0.238946726874985,,COPS6
ENSG00000015285,32.926828759020054,0.10433884961531198,0.05638066364635166,1.8506140734663674,0.0642250935965209,0.238946726874985,,WAS
ENSG00000204642,20.718096967556203,0.14068094095418332,0.07615618801013077,1.847268680720588,0.06470820971982742,0.23987358437333137,,HLA-F
ENSG00000134516,16.570500551337293,-0.14902386114738617,0.08068488037133562,-1.8469862068523173,0.06474913937244318,0.23987358437333137,,DOCK2
ENSG00000205220,28.264841444759316,0.1425165173322639,0.07717170633087432,1.846745706531655,0.06478400401279018,0.23987358437333137,,PSMB10
ENSG00000112245,13.914874377113605,0.1594833888916809,0.08640616636155606,1.8457408262315693,0.06492984623365912,0.23987358437333137,,PTP4A1
ENSG00000155508,9.72703961772007,0.16909919137519877,0.09161676326954882,1.845723264395253,0.06493239745808874,0.23987358437333137,,CNOT8
ENSG00000103653,20.67129612862548,0.12269085908585164,0.0664813230728014,1.84549364265054,0.06496576243444391,0.23987358437333137,,CSK
ENSG00000214212,15.937195207747454,-0.14107591453829862,0.07664311009789562,-1.8406861929024474,0.06566755843036358,0.24215945980365813,,C19orf38
ENSG00000229807,67.9916989340473,-0.12777927382308127,0.06944813876098328,-1.8399236625023714,0.06577944549021672,0.2422669388620812,,XIST
ENSG00000163939,9.641079425519797,0.17318345708891605,0.09420125868060215,1.8384410093299302,0.06599744688897993,0.24276447800368497,,PBRM1
ENSG00000167996,1955.054151233854,-0.08946277270219395,0.04871221185590551,-1.8365573907181993,0.0662752624219234,0.24324457214635065,,FTH1
ENSG00000111906,9.088255795833684,0.18007548526331332,0.09805737460078226,1.8364298044532468,0.06629411494972262,0.24324457214635065,,HDDC2
ENSG00000140497,11.64537991885329,0.14778671972927826,0.08057850199628877,1.8340713225977436,0.06664340766284223,0.24400789207506748,,SCAMP2
ENSG00000150867,18.721163291125787,0.16405949232434983,0.08945978837385474,1.8338909056965462,0.06667018981168499,0.24400789207506748,,PIP4K2A
ENSG00000106069,9.128878246543813,-0.1817582212931808,0.09916681741047463,-1.8328532269099762,0.06682440111296656,0.24400789207506748,,CHN2
ENSG00000197170,8.26788951680663,0.17965771189147947,0.09802477327584593,1.83277865265666,0.06683549502875824,0.24400789207506748,,PSMD12
ENSG00000167815,21.244416074245443,-0.15018137949386906,0.0819995252184364,-1.8314908420970095,0.0670273133650085,0.24440345396356772,,PRDX2
ENSG00000179010,19.424761177328257,-0.12483167334942448,0.06823800729394831,-1.829356956625185,0.06734615133087185,0.24526061081690642,,MRFAP1
ENSG00000153201,8.643592781464163,0.21279443617554247,0.11642180742450026,1.8277884606244414,0.06758130572392389,0.24581125858341507,,RANBP2
ENSG00000130816,13.445830178505167,0.16968280054793647,0.09288795820629119,1.826747016777941,0.06773781548855878,0.24588606821783043,,DNMT1
ENSG00000231925,32.086103942794516,0.10920159924318086,0.05978623160742352,1.8265342422020379,0.06776982822807007,0.24588606821783043,,TAPBP
ENSG00000015153,8.425520885523518,0.19051167676648553,0.10438009911564557,1.8251724071981619,0.06797501630005481,0.24632530659227786,,YAF2
ENSG00000119655,119.01698196916422,0.07309042771929103,0.040066548774666984,1.8242256933670356,0.06811795877627812,0.24653817465629457,,NPC2
ENSG00000147601,8.104161482821816,0.1844759374114231,0.10117017283093814,1.8234221831338988,0.06823947305204081,0.24667305814367343,,TERF1
ENSG00000106400,35.46067427252559,0.08533179256896409,0.04683237648717711,1.8220683845144663,0.06844461011430879,0.2470824722393254,,ZNHIT1
ENSG00000166275,12.54475881912706,-0.15520460423437346,0.08520413983056997,-1.8215617755545765,0.06852150527948504,0.2470824722393254,,BORCS7
ENSG00000131236,79.8266727700149,0.07552375695974554,0.041544733923941334,1.8178900146047834,0.06908094480091934,0.24862409478458122,,CAP1
ENSG00000005075,29.65742645043943,-0.09277720866142836,0.05104261731239245,-1.8176420714010548,0.06911885695172443,0.24862409478458122,,POLR2J
ENSG00000113648,109.10569502214734,0.06264447026817793,0.034509865810706176,1.815262644363671,0.0694835567711465,0.24962926898885515,,MACROH2A1
ENSG00000108946,30.25343940800606,-0.11583532743600508,0.06383358387684292,-1.814645526710384,0.06957840131864614,0.2496636753198479,,PRKAR1A
ENSG00000117697,9.015035022964733,0.17381446876518344,0.09609299134810977,1.8088152562086155,0.07047970932693583,0.2525882361190552,,NSL1
ENSG00000234769,14.738182988639666,-0.15847950034139782,0.08769685923497252,-1.8071285759136742,0.07074223404594192,0.2530055486022801,,WASH4P
ENSG00000164924,91.3431683210287,-0.08370202029198512,0.04632208522320468,-1.8069570894458624,0.07076897004961318,0.2530055486022801,,YWHAZ
ENSG00000198786,245.47477772504394,-0.09622492149828421,0.053293586999475444,-1.805562862549134,0.07098664798828684,0.25347427476793155,,MT-ND5
ENSG00000163736,13.461101600009828,-0.20665501521085436,0.11456810868548369,-1.8037743450768733,0.07126668923198269,0.2538484329806021,,PPBP
ENSG00000095059,10.258734844433175,0.15892144058447516,0.08812728278585749,1.8033171517456406,0.07133842047358521,0.2538484329806021,,DHPS
ENSG00000144566,9.924691615539835,0.16214278652795136,0.08991778960302793,1.8032336787168006,0.07135152334120066,0.2538484329806021,,RAB5A
ENSG00000141298,8.425672505977643,0.18860650278092758,0.10465396614550297,1.8021916390507677,0.07151525970109524,0.2541221849572899,,SSH2
ENSG00000164548,21.888353249993244,0.12623382107484754,0.07009921210901483,1.800788015684612,0.07173629851696098,0.25442973116469003,,TRA2A
ENSG00000139083,10.532433920911874,-0.17200324738650968,0.09556385628465405,-1.7998776323358825,0.07187996224680301,0.25442973116469003,,ETV6
ENSG00000188404,61.55328097227748,0.12227682266794344,0.06794680394054643,1.7995963838848972,0.07192439249270155,0.25442973116469003,,SELL
ENSG00000152601,46.40308430654459,-0.10529045558874645,0.058512960033213095,-1.799438201878379,0.0719493911900148,0.25442973116469003,,MBNL1
ENSG00000182944,18.255610675419607,0.1186146949596607,0.06600830917902077,1.7969661158562091,0.0723409991865442,0.2550944624087183,,EWSR1
ENSG00000163660,74.74516413494007,-0.11866509868955147,0.06604377088979364,-1.796764435022439,0.07237302469290526,0.2550944624087183,,CCNL1
ENSG00000177989,17.163158812937127,0.14860452791163778,0.08274074052573341,1.7960260805910953,0.072490369269477,0.2550944624087183,,CIMAP1B
ENSG00000188186,101.59588588598528,-0.059336344297237165,0.03304703320094331,-1.7955119885177302,0.0725721644103731,0.2550944624087183,,LAMTOR4
ENSG00000130402,11.063817445266698,0.15114201719549308,0.08417791124693354,1.7955068610828586,0.07257298059646938,0.2550944624087183,,ACTN4
ENSG00000138430,17.91106492637997,-0.12904631308051911,0.07199675129779702,-1.792390778116508,0.07307039097350064,0.25653489780624683,,OLA1
ENSG00000122873,10.46543614095991,0.17133854728417547,0.09599072071513522,1.7849490659898741,0.07426957892916645,0.2604327270713765,,CISD1
ENSG00000112146,8.166335217794296,-0.19388740334059934,0.10867046787403002,-1.7841774967358395,0.07439482771953257,0.2605598750751093,,FBXO9
ENSG00000146701,39.26049629759219,0.08274454978347325,0.04639330035995587,1.7835452347963103,0.07449759137732821,0.260608061592374,,MDH2
ENSG00000105701,31.00836613065257,-0.09454436611866977,0.053032468693624116,-1.7827638133322743,0.07462475864973497,0.260741400150864,,FKBP8
ENSG00000174021,74.38426715762228,0.06855570098527339,0.03848837122156926,1.7812055644187432,0.07487887497361419,0.2613174564037453,,GNG5
ENSG00000101558,44.81948773812909,0.09020167657676341,0.05066649659093841,1.780302224268962,0.07502651331975466,0.2615209892860019,,VAPA
ENSG00000165795,22.396875352127157,-0.14452043611630905,0.08124793793110281,-1.778758203548015,0.07527941230021515,0.26178312786510377,,NDRG2
ENSG00000123689,18.93721742369266,-0.36420856434878196,0.20475518240624355,-1.7787513852820374,0.0752805306224103,0.26178312786510377,,G0S2
ENSG00000109861,28.25661307311759,0.10116408162990674,0.05691438799759326,1.7774781595505282,0.07548960114563359,0.2621351901831149,,CTSC
ENSG00000109519,12.100992266526474,0.15294071064886172,0.08606462169090305,1.7770450580511576,0.07556082667846618,0.2621351901831149,,GRPEL1
ENSG00000108107,1433.8386972399933,-0.04908438279182183,0.027642786479235248,-1.7756669657269581,0.07578782529557976,0.2626115413792397,,RPL28
ENSG00000258289,26.719811874437664,0.10325985093739387,0.05819792824461129,1.7742874025237314,0.07601562323933973,0.2630895329134595,,CHURC1
ENSG00000182578,11.542680565312331,0.1820001854112788,0.10269162325754107,1.7722982619024263,0.07634505961522262,0.26391775035817217,,CSF1R
ENSG00000111229,274.197166307873,0.04178455269638475,0.023584255139300257,1.7717139019055106,0.07644206079359873,0.26394145519299184,,ARPC3
ENSG00000113282,12.600811418915148,-0.15682673450930854,0.08859840141762551,-1.7700853740021305,0.07671291965498629,0.264564698174087,,CLINT1
ENSG00000026508,55.69118430659002,-0.09919569659167325,0.05608141993501848,-1.7687800470567838,0.07693058778452921,0.264775660965879,,CD44
ENSG00000140968,29.494584760481334,0.19791059326312196,0.11192236252377782,1.7682846287405343,0.0770133323090419,0.264775660965879,,IRF8
ENSG00000160014,28.75549403671294,0.09573548927393193,0.05417306327685878,1.7672157246242979,0.07719210723488296,0.264775660965879,,CALM3
ENSG00000125977,43.030445693379576,0.08995311096858553,0.05090261234670505,1.7671609927581298,0.07720127026939437,0.264775660965879,,EIF2S2
ENSG00000171223,383.97210418026714,-0.13827035105421562,0.07825094477854003,-1.7670119056777913,0.07722623444838138,0.264775660965879,,JUNB
ENSG00000116670,9.368806163392884,-0.15356737772213175,0.08697957114588652,-1.7655568508674389,0.0774702244948082,0.26530154072608003,,MAD2L2
ENSG00000158411,11.50084139874331,0.15520424234764135,0.08794910905539077,1.7647051120198725,0.07761333899111754,0.2654811408481217,,MITD1
ENSG00000161011,19.070381337309723,-0.13021394468458414,0.07385989534938817,-1.7629857728421867,0.07790288923384445,0.2661606297277673,,SQSTM1
ENSG00000137207,9.375307207770941,0.162394740929514,0.09214537786089745,1.7623753323217677,0.0780059035711824,0.2662019646345245,,YIPF3
ENSG00000108671,10.229725097503659,0.15102505226840948,0.08577832439831543,1.7606435346896965,0.07829875529230573,0.26689028579263235,,PSMD11
ENSG00000132780,13.686920966282559,0.14982677920807108,0.08521298898681755,1.7582622202261828,0.07870290276319902,0.2679559294077288,,NASP
ENSG00000179271,30.79739838700874,0.08951797745965183,0.05097035102975224,1.7562754748814404,0.0790413828162452,0.26851495914697027,,GADD45GIP1
ENSG00000163719,17.274630468680122,-0.11654470638926283,0.06636103336347714,-1.7562219947799227,0.07905051051389629,0.26851495914697027,,MTMR14
ENSG00000163156,19.2693663895727,-0.1263172854848973,0.07196663314595636,-1.7552201619424344,0.07922165650147588,0.2687844846307316,,SCNM1
ENSG00000163902,12.555944806730041,0.13774831104686563,0.07857086773391671,1.7531728364430905,0.0795723441430212,0.26937723665310964,,RPN1
ENSG00000135905,10.0079887197079,0.1912166164977992,0.10907179872225613,1.753126094351109,0.07958036533638656,0.26937723665310964,,DOCK10
ENSG00000055208,7.579970715463371,0.19961899292197643,0.11390437763213204,1.7525137933387434,0.07968550018659061,0.26942164497267584,,TAB2
ENSG00000037241,13.98264865236483,0.13089413218083826,0.07477591384370418,1.7504852224799525,0.08003462187975859,0.2702899340991155,,RPL26L1
ENSG00000134308,26.326077883340954,0.10583218368608761,0.06064917566238194,1.7449896479257627,0.08098667095438233,0.27319006054658,,YWHAQ
ENSG00000140319,178.12067612511433,0.04375864424809613,0.025222763164405113,1.7348870130870213,0.08276081989342098,0.27853462651161415,,SRP14
ENSG00000106615,17.457157557386562,0.12155207275094662,0.0700640115782312,1.7348717267669655,0.08276352803801218,0.27853462651161415,,RHEB
ENSG00000146007,18.285609127205664,-0.11551832817133248,0.06660621762393493,-1.7343475172777412,0.08285644115150817,0.27853462651161415,,ZMAT2
ENSG00000103769,27.716542132414116,0.09910759707437684,0.05720835614388711,1.7323972187752994,0.08320286284488593,0.278931509265789,,RAB11A
ENSG00000213722,13.765887685761403,-0.13553443431764578,0.078237335604476,-1.7323498208429757,0.08321129648300792,0.278931509265789,,DDAH2
ENSG00000105887,51.742987408174336,0.08759811787376305,0.05057410426627694,1.732074529932385,0.08326029340788921,0.278931509265789,,MTPN
ENSG00000158195,28.79679351222268,-0.11387135950002512,0.06578423026290102,-1.7309826237222514,0.08345486368211875,0.2791944752872379,,WASF2
ENSG00000035687,11.049191696263389,0.1682948448832376,0.09725047182098472,1.7305298548374026,0.08353565196101333,0.2791944752872379,,ADSS2
ENSG00000100243,14.185688118260792,-0.13826507252545747,0.07992060389278373,-1.7300303775349957,0.08362484796000944,0.2791944752872379,,CYB5R3
ENSG00000120306,10.506662759743104,0.16521082232645182,0.0956584496750686,1.7270907367580994,0.08415136896769047,0.280632355737355,,CYSTM1
ENSG00000196642,7.599510055361772,-0.18561107743967178,0.10750719319825092,-1.7264991478048521,0.08425765249911565,0.28066712914381187,,RABL6
ENSG00000159658,9.04973866122426,-0.16877152975706805,0.09787910544390938,-1.7242855764939977,0.08465630181277516,0.2816746042134155,,EFCAB14
ENSG00000111481,20.372601179025928,0.11542723643673987,0.0669700158917792,1.7235659107990289,0.08478623696497223,0.28178672171786456,,COPZ1
ENSG00000009954,8.88727778146181,0.20021606349877816,0.1162337783156799,1.7225290823379273,0.08497371921491553,0.28208962569305296,,BAZ1B
ENSG00000104714,14.764545037057927,0.12979629774001142,0.07539070270205243,1.7216485997348034,0.08513319369220501,0.2822989707030309,,ERICH1
ENSG00000172086,8.204657145461233,0.1973983697688012,0.11471132090542908,1.7208272750301727,0.08528217147918819,0.2824730747636459,,KRCC1
ENSG00000162924,40.816609667688525,-0.13751520743098425,0.07999112570962912,-1.7191307937104148,0.08559055879627873,0.28317418774633235,,REL
ENSG00000246705,22.840127280331387,0.10254512103494506,0.059717283630343294,1.7171765827412864,0.08594691282677658,0.283994902090954,,H2AJ
ENSG00000197858,8.027715626012146,-0.16839292894477506,0.09811375737101435,-1.7163029268974181,0.0861066129047042,0.283994902090954,,GPAA1
ENSG00000153914,15.689255053703079,-0.1375163297586206,0.08012944343526829,-1.7161772734601821,0.08612960145381392,0.283994902090954,,SREK1
ENSG00000106803,93.47897878159722,0.05970489662478951,0.03481782504181882,1.7147796151275803,0.08638564029458096,0.2845187342885636,,SEC61B
ENSG00000130985,8.402453787119455,0.1654304028788635,0.09653858527827272,1.7136195066667894,0.08659862864453893,0.2848997580575393,,UBA1
ENSG00000010404,23.528654359083667,-0.16801501004538544,0.09814857494453051,-1.7118436018081824,0.08692549440380969,0.2856541499599941,,IDS
ENSG00000175857,12.761387950321625,0.19960896099410322,0.11671104023868814,1.7102834537836253,0.08721346996745065,0.2862791928976407,,GAPT
ENSG00000125611,20.53270976672602,-0.1078822562308289,0.0631237083675989,-1.70906081123403,0.0874396857166413,0.2867003356980131,,CHCHD5
ENSG00000006459,7.9869349233067775,-0.18752552405158687,0.10984510233598048,-1.7071814770403437,0.08778832675476989,0.28752149970689733,,KDM7A
ENSG00000177556,33.171959884201435,0.09609859934135338,0.056390845454018214,1.7041524837522315,0.08835260363215672,0.2890462831675473,,ATOX1
ENSG00000082074,54.98497258466658,0.09897810741841064,0.05813789812886473,1.7024713758832855,0.08866703989916105,0.2891454037879897,,FYB1
ENSG00000042493,79.90896637819498,0.09234292067681596,0.0542492802517257,1.7021962364906855,0.08871858804857313,0.2891454037879897,,CAPG
ENSG00000086666,21.723563947632822,0.1122676849823371,0.06596105253823993,1.7020299201146252,0.08874975960538052,0.2891454037879897,,ZFAND6
ENSG00000100321,8.758147728820752,-0.19132930009862884,0.11242233657085225,-1.7018797681548525,0.08877790915485066,0.2891454037879897,,SYNGR1
ENSG00000155366,24.15597669984394,-0.11576520297410699,0.06804798165077904,-1.7012290470011562,0.08889998544701937,0.28922128598763636,,RHOC
ENSG00000151131,15.312356702679189,0.135719313452824,0.07982135670627469,1.700288231785407,0.08907672293141658,0.2894746334552583,,NOPCHAP1
ENSG00000046651,9.423872545780297,0.16794603317698778,0.09882400531046408,1.6994457232265676,0.08923523308530723,0.2896682510795782,,OFD1
ENSG00000123636,12.821699386293133,-0.15867073121419964,0.09348014123894174,-1.697373678636473,0.08962603559881477,0.2900660795985067,,BAZ2B
ENSG00000078618,14.866063128596009,-0.1526785512946558,0.08997059802565609,-1.696982732638032,0.08969992513085073,0.2900660795985067,,NRDC
ENSG00000160213,123.879617061001,0.06015018453575006,0.035453031236849335,1.6966161266693291,0.08976925890314326,0.2900660795985067,,CSTB
ENSG00000108424,13.962890348723285,0.13268849090054646,0.07822954723326848,1.6961428973235622,0.08985882143723765,0.2900660795985067,,KPNB1
ENSG00000198887,9.685556179666262,-0.17539180342466898,0.10342536982988011,-1.6958295988031111,0.08991815531596996,0.2900660795985067,,SMC5
ENSG00000254999,100.30489930454631,-0.055044563037533224,0.032482884500463646,-1.6945712760437746,0.09015677988577916,0.2900660795985067,,BRK1
ENSG00000170860,38.13412687724205,0.07661575381852719,0.04523131700877261,1.6938651997169918,0.09029090114504669,0.2900660795985067,,LSM3
ENSG00000085265,153.070211287858,0.13830254567282893,0.08166146576448458,1.6936084158922624,0.09033971777572798,0.2900660795985067,,FCN1
ENSG00000167461,20.849609087553535,0.10987532930422855,0.06487874795218707,1.6935488549378617,0.09035104381666756,0.2900660795985067,,RAB8A
ENSG00000136045,9.57717813811967,0.15407299939725022,0.09098043625416741,1.6934739570474728,0.0903652879329801,0.2900660795985067,,PWP1
ENSG00000112137,51.92767524539501,-0.15274304041561268,0.09021811710559052,-1.6930417671745857,0.09044751730650159,0.2900660795985067,,PHACTR1
ENSG00000140332,8.249314496554891,-0.1923547409235104,0.11386159271881646,-1.6893733552325618,0.09114790380046969,0.29199240954898825,,TLE3
ENSG00000143119,51.75205100836095,0.1129346033051963,0.06687754281198122,1.68867752247865,0.09128124544007486,0.29209998540823956,,CD53
ENSG00000116171,42.10600434260658,0.08863479455986085,0.052584756429235484,1.6855606182970295,0.09188045989441444,0.2936964918895693,,SCP2
ENSG00000144224,27.648071508680513,0.10114547052954498,0.06003551492825249,1.6847606062914986,0.09203476815383663,0.2938689216515089,,UBXN4
ENSG00000159322,14.630667980007114,-0.12115904035778481,0.07200437269758436,-1.6826622581193533,0.09244049194875888,0.2946804011919994,,ADPGK
ENSG00000110200,13.732206193904378,-0.1247876390014285,0.07418033054921892,-1.682220045091757,0.09252617853357836,0.2946804011919994,,ANAPC15
ENSG00000147140,22.484789999879172,-0.11332775269698829,0.06738132903051676,-1.6818865749243765,0.09259083644010911,0.2946804011919994,,NONO
ENSG00000116679,9.896468526718202,-0.15740725701364403,0.0936703416050868,-1.6804385925832468,0.09287201259760336,0.2952543462386348,,IVNS1ABP
ENSG00000100836,19.372754001024617,-0.11526012138026723,0.06863790145730707,-1.679248912526256,0.09310354293883683,0.2955674768797185,,PABPN1
ENSG00000124380,12.307198488436317,0.1343934221498969,0.08006983954026037,1.6784524974890425,0.09325879644492532,0.2955674768797185,,SNRNP27
ENSG00000131100,16.043549808752918,0.12448323302280956,0.07416877374817143,1.6783779309264715,0.09327334311368166,0.2955674768797185,,ATP6V1E1
ENSG00000079459,15.442589455099093,0.13128509039108652,0.07834704607315664,1.675686537926381,0.09379960807738687,0.29647893925378094,,FDFT1
ENSG00000169223,24.03196381427497,0.11156494087763986,0.06658692611331193,1.675478166506563,0.09384045137360544,0.29647893925378094,,LMAN2
ENSG00000184840,26.02112798844845,0.1051303939116388,0.06275114266323449,1.6753542557119685,0.0938647461366991,0.29647893925378094,,TMED9
ENSG00000225921,21.26177006785614,0.10941487983224757,0.06541077810063442,1.672734723685948,0.09437953026823645,0.29777311752448254,,NOL7
ENSG00000133321,15.839597270736155,0.14914584969832678,0.08918949688578195,1.6722355760042718,0.09447787779379926,0.29777311752448254,,PLAAT4
ENSG00000170540,23.397243785521056,0.10972843008077557,0.06570494558324418,1.6700178214401884,0.0949158376696445,0.2986194110663362,,ARL6IP1
ENSG00000110011,18.69875775966659,-0.11388460678278935,0.06820077374852901,-1.6698433246916888,0.09495036601870185,0.2986194110663362,,DNAJC4
ENSG00000188921,36.41763671156867,0.08997828137752872,0.05394394474921078,1.6679959501635286,0.09531653072861374,0.2994493583405376,,HACD4
ENSG00000197629,26.786979790011117,0.11767447067921517,0.07067811963633153,1.6649349372153577,0.09592573703484612,0.3009619329378622,,MPEG1
ENSG00000125818,14.177879121145677,0.12408599204871439,0.07454649320990736,1.6645449934085317,0.09600356740572517,0.3009619329378622,,PSMF1
ENSG00000152518,64.72850146020832,0.14200536380271875,0.08533863492138762,1.6640219747308063,0.09610803804686993,0.30096720363768464,,ZFP36L2
ENSG00000087365,30.613865604739477,0.0966581047222167,0.0581344762959684,1.6626640658139016,0.0963796990605774,0.30136024742146134,,SF3B2
ENSG00000188042,48.48403398752473,-0.18183365733583615,0.1093824397233677,-1.6623660780990104,0.09643939611813841,0.30136024742146134,,ARL4C
ENSG00000103642,15.998652531315772,0.12606029295844876,0.07585542966018946,1.661849303644613,0.09654299372189984,0.3013623514048217,,LACTB
ENSG00000172172,12.879291805110624,0.15077230455820817,0.09079021708547465,1.6606668581512838,0.09678037308962487,0.301781610656466,,MRPL13
ENSG00000086589,8.738661913532592,0.15752142537985675,0.09499975291467846,1.6581245797694917,0.0972923236211198,0.3030552378325944,,RBM22
ENSG00000126653,11.826414012134864,-0.14252273716376854,0.08611722780559562,-1.6549851962897004,0.0979275008310339,0.30470958813312143,,NSRP1
ENSG00000129355,23.581575097466068,-0.12459118829985666,0.07542662066749327,-1.6518198375756203,0.09857128343368671,0.3063871739849625,,CDKN2D
ENSG00000117133,11.260977665400063,0.1376039160572201,0.08341556702157794,1.6496191414921957,0.09902085747954077,0.30745818738080105,,RPF1
ENSG00000198712,1431.3177856848104,-0.05878049099498032,0.03566983482397737,-1.6479047712177208,0.09937221418725209,0.30786049004828187,,MT-CO2
ENSG00000169019,18.493670217389305,0.1127931771188545,0.0684628670055423,1.6475088183164097,0.09945350516908975,0.30786049004828187,,COMMD8
ENSG00000128829,18.02806680763765,-0.15525127104463873,0.0942779283352655,-1.6467403748260514,0.09961142160383141,0.30786049004828187,,EIF2AK4
ENSG00000196735,442.4536395657362,-0.1335244566993228,0.08109261869475055,-1.6465673306461663,0.09964701005326428,0.30786049004828187,,HLA-DQA1
ENSG00000100376,11.249192887080163,0.2855254747285559,0.1734214134278885,1.6464257157452018,0.09967614226973061,0.30786049004828187,,FAM118A
ENSG00000162032,9.48432637429189,0.14918868721363657,0.09065560972772926,1.6456641531804017,0.09983292313291306,0.3080198092024968,,SPSB3
ENSG00000165494,9.107622676700185,-0.16398287433252912,0.09967967940737008,-1.6450983320518648,0.09994953452300089,0.30805498640352275,,PCF11
ENSG00000134330,16.44167310420712,0.12496531988042733,0.07608302976580532,1.6424861137245566,0.1004893016328269,0.30938845171405294,,IAH1
ENSG00000205531,8.199913462118356,-0.15557447851824052,0.09474791883266268,-1.6419830687047128,0.10059351298899534,0.30938845171405294,,NAP1L4
ENSG00000122545,65.28625275549116,0.06719200982117832,0.04096413336639209,1.640264404477898,0.10095020330820356,0.3101597012449318,,SEPTIN7
ENSG00000060138,30.677847719577308,-0.13745960234975405,0.0838492641213411,-1.6393656377333452,0.10113713356561634,0.31040830930830676,,YBX3
ENSG00000075142,29.33419184336381,0.09820234599726475,0.05993604144339447,1.6384523173758516,0.10132737312010288,0.310666542927394,,SRI
ENSG00000119541,9.59585154460997,0.16717206582006366,0.10224124117102247,1.6350746910479024,0.10203339097898093,0.31249811598538446,,VPS4B
ENSG00000102931,10.204403474040395,-0.1351358309552879,0.08267930986433125,-1.6344576554525276,0.10216279056289648,0.31249811598538446,,ARL2BP
ENSG00000124226,14.500503887115999,0.1397095606052899,0.08549810136901709,1.634066235018384,0.10224494368647483,0.31249811598538446,,RNF114
ENSG00000148700,14.77417076700588,0.1416444977425916,0.08676581662289733,1.6324919565755796,0.10257589154369429,0.3130885758394203,,ADD3
ENSG00000091640,21.281886323155938,-0.10250553350291967,0.06280474005849021,-1.632130527209507,0.10265199207849847,0.3130885758394203,,SPAG7
ENSG00000172663,9.463958188110185,-0.13953703169543188,0.08552180440837377,-1.631595973222582,0.10276462708538427,0.3131059605681635,,TMEM134
ENSG00000129226,28.90223397991523,0.11301005906342103,0.06932760461401466,1.6300874621676444,0.10308301319824542,0.3137495453684643,,CD68
ENSG00000108479,8.654012401110425,0.1510837072799183,0.0927944636445541,1.6281543245795251,0.10349216699539315,0.31466777254674055,,GALK1
ENSG00000176340,122.73410182128279,0.044955549214918705,0.02762917031254459,1.6271045676137206,0.10371489111447159,0.31501784355100915,,COX8A
ENSG00000112419,9.629063976372796,0.17034965443402364,0.10475763334436394,1.6261311848659532,0.10392175131973688,0.3153190547815436,,PHACTR2
ENSG00000168036,20.998385146046612,0.15137338907467082,0.09316914649038534,1.62471585043759,0.10422311841456991,0.31570392910517453,,CTNNB1
ENSG00000008018,73.16624408064969,0.05715269996144794,0.03518121992193834,1.6245229724341823,0.10426424161362834,0.31570392910517453,,PSMB1
ENSG00000234545,25.698921802498564,-0.11102421431452075,0.06841829242314593,-1.6227270570839507,0.10464776472691716,0.3158109735611995,,FAM133B
ENSG00000163154,8.277816488081621,0.23235335789430417,0.14319582679920015,1.6226266022411904,0.1046692501971174,0.3158109735611995,,TNFAIP8L2
ENSG00000113070,21.81701027944772,0.24633354208404734,0.15181162556077643,1.6226263382275024,0.10466930666947472,0.3158109735611995,,HBEGF
ENSG00000120992,22.616176011682313,-0.10479680249532167,0.06459616464809731,-1.6223378441464245,0.10473102982511091,0.3158109735611995,,LYPLA1
ENSG00000170515,34.45691846592768,0.08827872357433933,0.05443998147379602,1.6215788687736996,0.10489355022981839,0.3159756327910579,,PA2G4
ENSG00000132676,14.294007901890218,-0.12411552327513399,0.07660821886777165,-1.6201332586698243,0.1052036544167967,0.3164762717070808,,DAP3
ENSG00000156136,10.542086607229063,0.19525450785478315,0.12054258846811948,1.6197968729236565,0.10527591825228712,0.3164762717070808,,DCK
ENSG00000233016,11.568871917364254,-0.1802817934624098,0.11155267787314967,-1.6161135429434903,0.10606976667714574,0.31853566854428994,,SNHG7
ENSG00000054282,10.837270854356282,0.14623843027456587,0.09063783614120885,1.6134369100199424,0.10664961961907046,0.31994885885721136,,SDCCAG8
ENSG00000120333,8.40791465940443,0.1771815073505183,0.10986444849435682,1.6127283191124309,0.10680354520553995,0.32008268204894674,,MRPS14
ENSG00000240230,11.63825992299275,-0.14224751320851134,0.088233694579796,-1.6121677085602122,0.10692545005662157,0.32012036581368913,,COX19
ENSG00000185088,46.79389229487528,0.08719009045394346,0.05414966596244511,1.6101685745284777,0.10736105986362307,0.3209607619616025,,RPS27L
ENSG00000116586,55.25418947428445,0.06941804673538784,0.043120176971307475,1.6098738829754615,0.10742539164015386,0.3209607619616025,,LAMTOR2
ENSG00000101901,8.70974674938239,-0.14775507468807203,0.09184695157578426,-1.6087096213112435,0.10767985100734849,0.32117819985029367,,ALG13
ENSG00000084733,15.353710110117289,0.12968441485786064,0.08062257193921622,1.608537308331389,0.10771755199897144,0.32117819985029367,,RAB10
ENSG00000131669,13.54051407174675,-0.21320572336281812,0.13262832996337776,-1.6075428486635543,0.10793533775475679,0.32150017186767843,,NINJ1
ENSG00000175348,19.14963173413363,-0.10278372458452587,0.06402176747231698,-1.6054496563058738,0.10839488394280256,0.32254087417126615,,TMEM9B
ENSG00000166333,13.379855467118736,0.1309523244994672,0.08160932949073878,1.604624438365567,0.10857647990874257,0.3227532316475109,,ILK
ENSG00000136888,85.23602812763156,0.05607121029642859,0.034983634540124826,1.6027840169699112,0.10898234673353335,0.3236184116312652,,ATP6V1G1
ENSG00000272211,44.18683541875427,-0.2484297148402868,0.15504538614249302,-1.6023031772900986,0.10908858342898183,0.3236184116312652,,ENSG00000272211
ENSG00000137575,43.96039232892836,0.09669511127656634,0.060400448736697816,1.6009005445983844,0.10939894896737716,0.32421065038105296,,SDCBP
ENSG00000145569,19.084815893521544,-0.11106222668484106,0.06939879632141674,-1.600348025785093,0.1095213982714555,0.3242124463240753,,OTULINL
ENSG00000168264,28.346219293178823,0.11881251129875463,0.07426251163896759,1.5998989082993853,0.10962101156449268,0.3242124463240753,,IRF2BP2
ENSG00000140299,24.129672499415065,-0.10477875974462701,0.06570342234554186,-1.594723014481399,0.11077418917108156,0.32729245801506235,,BNIP2
ENSG00000140678,13.927738421575937,0.15237253465598855,0.09559506835375305,1.5939371902756363,0.11095010357932993,0.32748175733898993,,ITGAX
ENSG00000105854,10.63987269005674,-0.1484935391396191,0.09322183828728473,-1.5929050731868406,0.11118148804067582,0.327610351526443,,PON2
ENSG00000077984,11.061086447057855,0.1816318561336087,0.11405545645637676,1.5924872143497857,0.11127527368703753,0.327610351526443,,CST7
ENSG00000159840,26.117259159611333,0.09748549782382346,0.061225130759904156,1.5922464617693546,0.11132933735273592,0.327610351526443,,ZYX
ENSG00000253719,8.914763672473706,-0.1994626055200676,0.12533502629573404,-1.5914354623377664,0.11151160883170955,0.3278172596980377,,ATXN7L3B
ENSG00000143669,22.813925493206657,-0.12356856942091782,0.07768804576547511,-1.5905737903865798,0.111705526846455,0.3280579564758478,,LYST
ENSG00000101193,9.33847770070588,-0.1389501578701859,0.0874467657292471,-1.588968519435055,0.11206750015916857,0.3287912229118693,,GID8
ENSG00000044574,31.67185126218453,0.10605456879991533,0.06679176185775171,1.5878390665271376,0.11232273499998084,0.32921017825820215,,HSPA5
ENSG00000182180,10.374084222712472,0.13374504973399023,0.08426767170608379,1.587145426308656,0.11247971152476807,0.3293405953445209,,MRPS16
ENSG00000060688,9.146383736702708,0.14189461477697551,0.08959509471977603,1.5837319578797833,0.1132547290535798,0.3312785681007809,,SNRNP40
ENSG00000177156,70.34776634638347,0.07395714382343012,0.04672308015558464,1.5828824550341696,0.11344825839350832,0.33151347362893446,,TALDO1
ENSG00000165669,23.38726764252493,-0.09593614103956015,0.060630144991882615,-1.5823175262471239,0.11357710169962226,0.33155907654685346,,FAM204A
ENSG00000089289,24.253334479743707,-0.0956111422648521,0.06045011990403395,-1.5816534759010759,0.1137286989872065,0.33157574533102285,,IGBP1
ENSG00000105323,19.547356369833576,-0.1254414432947038,0.07932801311409675,-1.5813007079136414,0.1138092978339064,0.33157574533102285,,HNRNPUL1
ENSG00000114331,18.920061458613368,-0.10911969951308848,0.06906871999971474,-1.5798714600985677,0.11413630633631937,0.33219791744805477,,ACAP2
ENSG00000139343,61.32183773377594,-0.06508768334436518,0.04121752234207667,-1.5791265375968704,0.11430703581821523,0.3323644497276407,,SNRPF
ENSG00000109390,21.061155497394576,0.11335578032325518,0.0718359775977701,1.5779806179845723,0.11457006257885369,0.3327563333408061,,NDUFC1
ENSG00000141002,38.53782109155481,-0.09240536183847824,0.05857524759457861,-1.5775496584845976,0.11466910530767532,0.3327563333408061,,TCF25
ENSG00000059804,21.5700174936321,-0.1922826211520065,0.1220450528555849,-1.5755052470626012,0.11513986827592423,0.33353424074319077,,SLC2A3
ENSG00000204257,220.1728259096872,-0.05504584184374995,0.03494094915920303,-1.5753962948442553,0.11516499910907303,0.33353424074319077,,HLA-DMA
ENSG00000129657,15.082064061208435,0.1350707560440028,0.08592448145718785,1.5719705694273198,0.11595737677246326,0.3354972324009609,,SEC14L1
ENSG00000136950,12.470892251552074,0.12217408366161223,0.07776411400897536,1.5710856507348772,0.11616275517892455,0.33575967143523305,,ARPC5L
ENSG00000129055,10.35697532465824,0.131850473200656,0.08403879496468235,1.5689238911156056,0.11666567424253962,0.336786911630192,,ANAPC13
ENSG00000077232,9.5850104927258,-0.15884133729666336,0.10126506905449696,-1.5685698808063921,0.11674819511770657,0.336786911630192,,DNAJC10
ENSG00000100101,8.115060686510045,0.15415297140097048,0.09838899132410121,1.566770523067751,0.11716833973601454,0.3376662389242624,,ENSG00000100101
ENSG00000132792,14.012907820701827,0.11991059274102944,0.07656159953642189,1.5661975907907406,0.11730236657039253,0.33772008782508295,,CTNNBL1
ENSG00000166848,18.926058304739488,0.10392534578667084,0.0664124694228453,1.5648468832710118,0.11761881574507266,0.33801121072111057,,TERF2IP
ENSG00000180389,6.6438546493525195,-0.2851222550412594,0.18221229104182227,-1.5647805831924737,0.11763436602623349,0.33801121072111057,,ATP5F1EP2
ENSG00000162961,15.401290278567052,0.12271177111940201,0.07850409823968939,1.5631256694999207,0.11802303898171328,0.33860010633059756,,DPY30
ENSG00000110801,10.615108253418233,0.14612803385292017,0.0935025826821886,1.562823503491912,0.11809411432131273,0.33860010633059756,,PSMD9
ENSG00000166801,7.941683291165165,0.15608124266199377,0.09989633893343883,1.5624320603579984,0.11818623929981924,0.33860010633059756,,FAM111A
ENSG00000269293,12.614197743757572,-0.12984541873563474,0.08316162387257398,-1.5613622328322128,0.11843830760203927,0.33899058128912124,,ZSCAN16-AS1
ENSG00000184260,9.134998798664444,-0.24896539306567786,0.15955146193619563,-1.5604080968260805,0.1186634726496695,0.3391484145782877,,H2AC20
ENSG00000188820,44.83445282695048,0.15225019614965163,0.0975870743593598,1.5601471521627697,0.11872511097771342,0.3391484145782877,,CALHM6
ENSG00000081237,134.35354900765174,-0.08082869191453029,0.05184931676574774,-1.5589152751946513,0.11901643444179304,0.3395242032308653,,PTPRC
ENSG00000160633,8.669291306719487,0.15597398558863568,0.10007276426714118,1.5586057478363236,0.11908972178848337,0.3395242032308653,,SAFB
ENSG00000147687,13.429837142576616,-0.12248871192654162,0.07861308681070305,-1.5581211334633025,0.1192045358337874,0.3395242032308653,,TATDN1
ENSG00000109536,19.22200432692676,0.10498459199195768,0.06740706032606406,1.5574717467891663,0.11935852344263942,0.33963241655981363,,FRG1
ENSG00000149091,10.030604929445904,-0.15483345516336108,0.09946035445906831,-1.5567354048298803,0.1195333190854262,0.33979957114769704,,DGKZ
ENSG00000118482,11.726925272834903,-0.14854132488848423,0.09545177616817094,-1.5561923607034602,0.11966235739534843,0.33983645242830285,,PHF3
ENSG00000105355,11.073256372020293,0.13449913074489786,0.08651081905185275,1.5547087892472957,0.12001544038864408,0.3405089238933623,,PLIN3
ENSG00000122042,8.219350636426153,-0.1695798555131166,0.10913264805412197,-1.5538874803900768,0.12021125856877,0.34073433212909837,,UBL3
ENSG00000112110,14.275684432410582,0.14465301773042863,0.09319350686361431,1.552179144220033,0.12061936490168178,0.3415604452921898,,MRPL18
ENSG00000132424,66.00084380067756,-0.06345560569060085,0.040943014819153065,-1.5498518116188267,0.1211770879682081,0.34280822567238,,PNISR
ENSG00000124831,88.0486516955567,0.07688472049654073,0.04968616258625229,1.5474070947433969,0.1217651115203509,0.3441392341038489,,LRRFIP1
ENSG00000114416,13.348163161838771,-0.1251796479457787,0.08094696285911704,-1.546440329869396,0.12199826047314602,0.3444656766300594,,FXR1
ENSG00000158869,358.90897541509656,0.06252326502245412,0.04049212958241135,1.5440843854656754,0.12256789104893327,0.34574064064670196,,FCER1G
ENSG00000115484,22.73896170410989,0.09149358740487509,0.05927687370039429,1.5434954931549723,0.12271060015167387,0.3458100454707421,,CCT4
ENSG00000100906,151.2974771142395,0.12385751683612412,0.08027262939540136,1.5429607547304243,0.12284029830378411,0.3458426859937307,,NFKBIA
ENSG00000072778,17.38826349056917,-0.1024475305050175,0.06644790760051332,-1.5417721069703945,0.12312898246678083,0.34632244059820777,,ACADVL
ENSG00000182511,15.518449419697513,0.1142280510933169,0.07412196774330147,1.5410822806122804,0.12329676181098947,0.34646153414834663,,FES
ENSG00000011422,37.429240959232565,-0.17963987871083348,0.11667024425562598,-1.5397231732646433,0.12362784572954924,0.34705880373549397,,PLAUR
ENSG00000261740,13.732581806078699,0.13494852661939222,0.08780681805749442,1.5368798187292267,0.12432274240764248,0.3483864715242673,,BOLA2-SMG1P6
ENSG00000130175,12.73202458309202,-0.13013792573588542,0.08468031045106954,-1.5368144618586685,0.12433875093676891,0.3483864715242673,,PRKCSH
ENSG00000104915,18.676507897473325,0.1020104971267694,0.06645038590221042,1.5351377684531415,0.1247499907022227,0.34913776902450905,,STX10
ENSG00000148803,13.72218551644999,-0.1333711952665339,0.08691274419233667,-1.534541297780051,0.12489654156385693,0.34913776902450905,,FUOM
ENSG00000176788,25.48901610340339,0.14563452277193636,0.09492139647338316,1.5342644354455284,0.12496461131751553,0.34913776902450905,,BASP1
ENSG00000129235,26.723747922145947,0.0912713399526923,0.059680202875441124,1.5293403097704814,0.12618010155641624,0.35219765239007317,,TXNDC17
ENSG00000133773,18.469775349555004,0.11340557874543056,0.07439907353741643,1.5242875126448607,0.1274369051658746,0.35532890525336613,,CCDC59
ENSG00000159720,32.104318080886536,0.08055039673053828,0.05285957787079345,1.5238562238887052,0.12754463094989338,0.35532890525336613,,ATP6V0D1
ENSG00000095015,9.63234451117984,-0.15862916320046702,0.10413804454859568,-1.523258516021426,0.12769404140570206,0.3554069897679616,,MAP3K1
ENSG00000170310,13.359483295778842,0.11357722760015525,0.0745861999509735,1.5227646357477802,0.1278176005147572,0.35541304302678933,,STX8
ENSG00000111371,14.509282121462993,-0.14678403847309818,0.0964722899531849,-1.52151502306339,0.12813064422580558,0.3559454708663745,,SLC38A1
ENSG00000067829,24.909663189702982,0.09109224502032423,0.05989522660118867,1.520859844589292,0.12829501270708007,0.35606426275481556,,IDH3G
ENSG00000169738,22.131268109224113,0.10443427429692591,0.06879372362914436,1.5180785221034683,0.12899460489566064,0.35766685902887724,,DCXR
ENSG00000168310,10.61758508888628,0.16281651915498893,0.10738729094345568,1.516161900766444,0.1294784192042734,0.35866869577115656,,IRF2
ENSG00000062650,12.846548427507424,-0.13386456355441023,0.0883373921254641,-1.5153782598006136,0.1296766397297846,0.35873818396065155,,WAPL
ENSG00000196419,32.4898193795658,0.08050915488746073,0.05315223515570761,1.5146899213478413,0.12985094796160007,0.35873818396065155,,XRCC6
ENSG00000183617,30.593967157732582,-0.08645165915928188,0.05709468741888633,-1.5141804442331455,0.1299800801549591,0.35873818396065155,,MRPL54
ENSG00000110719,12.021186359152004,0.1282387686543868,0.0846948456517185,1.5141271900031472,0.12999358373710768,0.35873818396065155,,TCIRG1
ENSG00000110958,41.17320575434824,0.0836616867342221,0.05532610960458874,1.5121556048698428,0.13049428194808535,0.3589559504976509,,PTGES3
ENSG00000035403,13.738347705319997,-0.13167879315505393,0.08709027534627815,-1.5119804436429687,0.13053883767251806,0.3589559504976509,,VCL
ENSG00000181631,9.844563117749429,0.19255391055191365,0.12737291169354625,1.5117336016875398,0.13060164684349002,0.3589559504976509,,P2RY13
ENSG00000198858,8.875271899432647,0.13823678186079144,0.09147665451351523,1.5111700640557162,0.13074512738924426,0.3589559504976509,,R3HDM4
ENSG00000114738,12.914775022060853,0.12460808416682716,0.08247006318860292,1.5109492990427047,0.13080136899593942,0.3589559504976509,,MAPKAPK3
ENSG00000128989,12.077374105736586,0.12667215498647263,0.08383759569255081,1.5109230404340874,0.1308080598295743,0.3589559504976509,,ARPP19
ENSG00000108344,9.932394538433785,0.1325201713072886,0.08777788144319668,1.5097216876104014,0.13111445493296034,0.3593539037880768,,PSMD3
ENSG00000166595,32.475976433609645,0.07221679284441405,0.04784494331694395,1.50939237958798,0.13119853932699935,0.3593539037880768,,CIAO2B
ENSG00000074319,8.765547451059156,0.1527242022979141,0.1012988933088173,1.5076591392990137,0.13164178835789728,0.35991118444368103,,TSG101
ENSG00000089280,48.33461176427274,-0.09431669499827722,0.06256158793543128,-1.5075815386211078,0.13166166062739823,0.35991118444368103,,FUS
ENSG00000135940,137.65897120710508,0.04462490031015442,0.02960868699183043,1.5071556642301374,0.13177076151763184,0.35991118444368103,,COX5B
ENSG00000100300,166.28031077326455,-0.060755236978513816,0.04032656299431246,-1.506581083716025,0.13191806909302442,0.3599777318773304,,TSPO
ENSG00000177189,13.229592604663434,-0.12850305797171427,0.0854238778993766,-1.5042990453217537,0.13250438479396884,0.3612410043545072,,RPS6KA3
ENSG00000115523,28.227703762633485,-0.21286362438789833,0.14178632120723222,-1.5012987330193923,0.13327831255073957,0.36263253783042537,,GNLY
ENSG00000034152,13.546242278621056,-0.12392741084805793,0.08254918218417891,-1.5012554645491016,0.13328949914795754,0.36263253783042537,,MAP2K3
ENSG00000162368,25.978783081420765,-0.12344828392912306,0.08225054964219328,-1.5008809602628599,0.1333863535667241,0.36263253783042537,,CMPK1
ENSG00000065518,54.305976680931856,0.06240038943684433,0.04165205743595584,1.4981346247491159,0.13409827673182992,0.3642298277094601,,NDUFB4
ENSG00000196262,225.24587911744388,0.04017188068744967,0.02682903915922982,1.4973283407217959,0.13430784403741772,0.3643246405069889,,PPIA
ENSG00000125952,11.197390122453042,-0.12232490182944086,0.08171100786674561,-1.497043116013554,0.13438203953126637,0.3643246405069889,,MAX
ENSG00000101782,14.031463557532792,0.13911540721858784,0.09297059915694152,1.4963376430838133,0.13456569031268545,0.3644495644653497,,RIOK3
ENSG00000096746,22.59516593251381,-0.09248307824809496,0.06182445349437249,-1.4958980309710808,0.1346802295149586,0.3644495644653497,,HNRNPH3
ENSG00000126860,30.780513059091543,0.10359893888040182,0.06927689421531061,1.4954327854020026,0.13480152947949922,0.3644495644653497,,EVI2A
ENSG00000169727,8.217288190291267,0.14662911429897155,0.09827629916377008,1.4920089131014707,0.13569680874863482,0.36651934648546786,,GPS1
ENSG00000109133,7.984153436360694,0.15574636070593537,0.10441921362114615,1.491548875966586,0.13581744909041416,0.36651934648546786,,TMEM33
ENSG00000141367,9.518461979957078,-0.14988633179146676,0.1006650395923844,-1.4889611368394682,0.1364976028199874,0.36738446611575687,,CLTC
ENSG00000127603,9.778243029901127,-0.1683854853672056,0.11312197945419052,-1.4885302235662734,0.1366111176687169,0.36738446611575687,,MACF1
ENSG00000104231,12.576797561689885,-0.12456300220403242,0.08375350565110988,-1.4872571749166148,0.13694690053291966,0.36738446611575687,,ZFAND1
ENSG00000121851,14.080776213427647,0.11181285223201644,0.07518568411140754,1.4871561461931508,0.13697357539667016,0.36738446611575687,,POLR3GL
ENSG00000100528,21.6150532406929,-0.10235778665116836,0.06882888033657247,-1.4871342690835578,0.1369793521919509,0.36738446611575687,,CNIH1
ENSG00000130332,60.9464616390247,-0.056576131643768575,0.03804458596316052,-1.487100732244861,0.136988208180605,0.36738446611575687,,LSM7
ENSG00000168298,21.123828887293374,0.29715598230676993,0.19997433499316322,1.4859705987617318,0.13728689798779092,0.36738446611575687,,H1-4
ENSG00000112308,17.217564102942355,0.12145807887713782,0.08174134923598081,1.4858829712548292,0.13731007855707597,0.36738446611575687,,C6orf62
ENSG00000129675,10.350162456595287,-0.1376115113978365,0.09262945372826255,-1.4856129002070244,0.13738154087231494,0.36738446611575687,,ARHGEF6
ENSG00000135624,17.843133839816158,0.10283273894261502,0.06922104150272959,1.4855705246584598,0.13739275628304431,0.36738446611575687,,CCT7
ENSG00000101166,9.156553246840646,0.13930025842295002,0.09382888966306174,1.4846201305714621,0.13764447980589292,0.3677177187514123,,PRELID3B
ENSG00000170881,11.713235364317304,-0.13784198176523954,0.0928989627292779,-1.4837838627642443,0.1378662695433069,0.3677177187514123,,RNF139
ENSG00000168913,26.412410196317413,-0.15270145385298106,0.10293059299561162,-1.4835380755990728,0.13793150803733106,0.3677177187514123,,ENHO
ENSG00000105364,11.277153880955748,0.12133748396933822,0.08180758262802833,1.4832058358336875,0.13801973118435865,0.3677177187514123,,MRPL4
ENSG00000136240,22.240090088458135,0.10151248300096574,0.06855670446670116,1.480708324453834,0.13868431475275236,0.36915243054187175,,KDELR2
ENSG00000170017,10.660286331634873,-0.1487352814241637,0.10053418102883717,-1.4794498736852548,0.13902011898594474,0.36948306156107796,,ALCAM
ENSG00000125901,8.542397209009359,0.13676927551710547,0.09247542151417691,1.4789797470254094,0.13914572781896306,0.36948306156107796,,MRPS26
ENSG00000138433,17.017520096112406,0.10858888347629894,0.07342916467892012,1.4788249866537349,0.13918709593643067,0.36948306156107796,,CIR1
ENSG00000143774,51.811218678919175,-0.06033762262520796,0.04083101551369445,-1.4777399451397706,0.13947739821150387,0.36991831699572764,,GUK1
ENSG00000110422,8.011515451816356,0.1665689447605321,0.11306188228224301,1.4732546584065909,0.14068238176142087,0.3727764830746066,,HIPK3
ENSG00000113269,63.20127246247109,-0.06274294338890027,0.0426331527796772,-1.471693724204446,0.14110360308824124,0.37355456586109437,,RNF130
ENSG00000135334,19.033223214715026,0.118509182982916,0.08058053425893098,1.470692445424948,0.14137431017918833,0.3739331347828938,,AKIRIN2
ENSG00000167615,9.297044470222199,0.1441231081096481,0.09818786252776501,1.4678301818505701,0.14215035687187866,0.37564643043398976,,LENG8
ENSG00000128016,162.70649995914638,-0.13809051481359663,0.0941751155811485,-1.4663163826393955,0.1425621143593611,0.37616350060605414,,ZFP36
ENSG00000044115,8.984593275389164,0.1421998728826713,0.09698754194857774,1.466166375863664,0.14260296641827871,0.37616350060605414,,CTNNA1
ENSG00000106588,56.112474106314664,0.07838231288457052,0.05348595323807827,1.4654747300786215,0.14279144185264564,0.3763216397340652,,PSMA2
ENSG00000151500,7.860990410154675,0.13975488249635531,0.09552210034673193,1.4630633328733826,0.14345004993242702,0.37771739766380064,,THYN1
ENSG00000131370,12.774211834457088,0.17057755880502204,0.11677700228044835,1.4607119165070515,0.14409451739115095,0.3790734473686343,,SH3BP5
ENSG00000079462,8.748850363267012,-0.13185367398855546,0.09060466318119362,-1.4552636625873328,0.14559628229357366,0.382054058905081,,PAFAH1B3
ENSG00000132510,10.955594943619696,-0.19846135241100912,0.136418034578761,-1.4548029006855936,0.1457238349357688,0.382054058905081,,KDM6B
ENSG00000086062,13.301175903005207,0.13872248154555858,0.09535999888926519,1.4547240264405537,0.14574567825304763,0.382054058905081,,B4GALT1
ENSG00000065911,11.33259595284024,0.1493996112886759,0.10271322548072889,1.4545313964140514,0.1457990354648525,0.382054058905081,,MTHFD2
ENSG00000175334,31.255942492444085,0.08168896498602053,0.056173245607208724,1.454232599576503,0.14588182974865604,0.382054058905081,,BANF1
ENSG00000213676,13.526293197235388,-0.10863508982910165,0.07472889325972915,-1.4537227180861292,0.14602319704897487,0.382054058905081,,ATF6B
ENSG00000159388,16.3847831256209,-0.1575029733324842,0.108398469117907,-1.4529999788204142,0.14622375988529587,0.382054058905081,,BTG2
ENSG00000136938,55.235164084793865,-0.06841302548705631,0.04708954015610404,-1.4528284893049268,0.1462713797925532,0.382054058905081,,ANP32B
ENSG00000121316,28.709566967610854,-0.10416391906280469,0.07177365345269071,-1.4512835010058929,0.1467009336232309,0.3827189231994732,,PLBD1
ENSG00000117118,24.119439614564275,0.09040453552228903,0.06230614100630766,1.450973115364933,0.14678734656865042,0.3827189231994732,,SDHB
ENSG00000072401,17.191278491747372,0.11395252271769468,0.07857160896972927,1.450301504727953,0.1469744596465604,0.3828117078340836,,UBE2D1
ENSG00000110955,78.93884755726666,0.05610330173604376,0.03869441031579616,1.449907138477332,0.14708441643215303,0.3828117078340836,,ATP5F1B
ENSG00000198833,13.533756434572645,0.12238071095735795,0.08452399962929609,1.447881211183725,0.14765027517036255,0.38394316669522344,,UBE2J1
ENSG00000104823,29.062439605514957,0.07593563237981062,0.05250376954865589,1.4462891528091164,0.14809611690506727,0.3844930675565714,,ECH1
ENSG00000227039,8.758411238222342,-0.158277257906764,0.10945972021095621,-1.4459863190014026,0.14818103911341732,0.3844930675565714,,ITGB2-AS1
ENSG00000171055,10.423912040834956,0.13269794108488234,0.09178673748922975,1.4457202065870693,0.14825569442328182,0.3844930675565714,,FEZ2
ENSG00000176101,19.4675384543534,-0.08925185073216695,0.06175849368592067,-1.4451753176828865,0.1484086474673309,0.38454913255251755,,SSNA1
ENSG00000197061,26.633878756654937,-0.15949530895890607,0.11047615079114263,-1.443708056596171,0.14882111421324715,0.3852769428968945,,H4C3
ENSG00000137161,56.235458764780674,-0.05863846214932545,0.040814483039658914,-1.4367072122988107,0.15080120477428827,0.3898906420235445,,CNPY3
ENSG00000174744,8.6464630219065,-0.12825976484957718,0.08930217004516859,-1.4362446599528773,0.15093273501995566,0.3898906420235445,,BRMS1
ENSG00000231389,1053.549583857136,-0.06922592322906157,0.04820751307473061,-1.4359986403311973,0.15100272816075802,0.3898906420235445,,HLA-DPA1
ENSG00000137547,9.339529126721452,0.13981874964947835,0.09752645499776254,1.4336494610891586,0.15167232121758023,0.3912744991410351,,MRPL15
ENSG00000119844,9.401385585823872,0.14499868187302836,0.10117288462018295,1.4331773025685048,0.15180717437634447,0.3912776466319865,,AFTPH
ENSG00000158717,18.507103249154873,0.10121007942946599,0.07070731115862022,1.4313948270839747,0.15231709011797326,0.3921640607797847,,RNF166
ENSG00000038219,12.077825874599467,-0.1582101910366802,0.11055614773904482,-1.4310392888337364,0.15241895531673327,0.3921640607797847,,BOD1L1
ENSG00000105058,13.00501384793609,-0.10781961030718303,0.07562764809444107,-1.4256639340752972,0.15396537180328976,0.3957950909921268,,FAM32A
ENSG00000116815,11.76095565511555,0.11752912656138313,0.08256634458479221,1.423450767409057,0.15460552446653458,0.3970920838929941,,CD58
ENSG00000196072,25.139584937511536,0.08514747858186764,0.05992637982632212,1.4208680522441202,0.15535512223363115,0.3986676581069869,,BLOC1S2
ENSG00000122566,135.93698246752257,0.055328437767861005,0.03895505140824574,1.4203148441013085,0.15551604152576148,0.39873114674906274,,HNRNPA2B1
ENSG00000136536,10.581886220196248,0.14147112160959097,0.09973675017622773,1.418445270771522,0.15606080648779885,0.39964748249970866,,MARCHF7
ENSG00000205937,25.974578730006886,0.0821304778213988,0.05791373806814167,1.4181519024857894,0.15614642075808288,0.39964748249970866,,RNPS1
ENSG00000167522,20.90716715567725,0.12185521835682955,0.08604788246996088,1.4161326793761477,0.15673666168219857,0.40080781258120296,,ANKRD11
ENSG00000183049,8.486906601596061,-0.15423334892554041,0.10901050371064228,-1.4148485116162544,0.15711291703142846,0.401181717127321,,CAMK1D
ENSG00000181061,15.27731904497306,0.10120745933827496,0.07153994863629418,1.41469851834545,0.157156908997622,0.401181717127321,,HIGD1A
ENSG00000169499,9.937371597015703,0.14180536340281227,0.10029826465885446,1.4138366589405744,0.15740986724023254,0.401249667181051,,PLEKHA2
ENSG00000122862,413.0296861541325,0.07873013640587057,0.05569185630301923,1.4136741281795333,0.15745760505158046,0.401249667181051,,SRGN
ENSG00000110717,40.84467307786212,-0.06503128155920282,0.04619542559082999,-1.407742882059557,0.15920721903842538,0.40535542377783434,,NDUFS8
ENSG00000090863,8.159217717319464,-0.14910993045182458,0.10609032642995818,-1.405499779947122,0.15987271470515663,0.40669618475820907,,GLG1
ENSG00000166002,14.257339431462464,0.11396479550476613,0.08117498558091715,1.4039398305918185,0.16033676758714954,0.4075226176173384,,SMCO4
ENSG00000135316,19.116780175200642,0.10497592618753346,0.07495821374637658,1.4004592817902881,0.16137582848282106,0.4094887957214283,,SYNCRIP
ENSG00000113558,93.37572999917887,0.04867757907846884,0.03475947615605372,1.400411757068184,0.1613900513191695,0.4094887957214283,,SKP1
ENSG00000171159,43.00967230769178,-0.06200183785950297,0.04436779162738029,-1.3974515202429039,0.1622778355095683,0.411384850538542,,BBLN
ENSG00000174547,19.123399892596886,-0.0880632208246892,0.06305633121840486,-1.3965801549676167,0.16253986139958965,0.4116926593235281,,MRPL11
ENSG00000310560,19.9066954442552,-0.09512715619129004,0.06815821679225297,-1.3956814111090774,0.16281045448789533,0.41202161688898664,,PAXX
ENSG00000105401,29.326741971056038,0.07266829291340701,0.05214706379188625,1.3935260708717743,0.1634607669158996,0.4133101256733628,,CDC37
ENSG00000167468,90.08800312459664,-0.05876115206611492,0.04218370009246309,-1.3929824064108995,0.16362511098770216,0.41336870144261595,,GPX4
ENSG00000100941,33.93038017659698,-0.09813530171589671,0.0705251632108565,-1.3914934364985625,0.1640758485845123,0.41415007297883794,,PNN
ENSG00000092108,11.298662410950298,-0.11558945436570789,0.08311355201873202,-1.3907413599608458,0.16430387077689212,0.4143684182900432,,SCFD1
ENSG00000163687,9.02013855324511,-0.3420936247699247,0.24702262386907306,-1.3848675858582136,0.16609296008843455,0.41851995450855106,,DNASE1L3
ENSG00000123684,10.54617860901258,-0.14046469193121675,0.10158392856293519,-1.3827452227759964,0.16674300024809385,0.4197966506676,,LPGAT1
ENSG00000104872,10.308847060437978,-0.11920763301613022,0.0863296923602916,-1.3808416288410317,0.1673276606516939,0.42034445892543315,,PIH1D1
ENSG00000080503,8.84902355711739,0.13928941230121664,0.10087451631852905,1.3808186386875532,0.16733473113425867,0.42034445892543315,,SMARCA2
ENSG00000124882,18.390582276964075,-0.25964765744661855,0.18806396366610698,-1.3806348243707278,0.16739127018683575,0.42034445892543315,,EREG
ENSG00000091009,12.636438678882785,-0.11654470674972536,0.084524305121958,-1.3788306994250463,0.16794695901797596,0.4211634692406767,,RBM27
ENSG00000198189,37.69848424855677,-0.08840436787978406,0.06412422898531209,-1.378642196228721,0.16800509975174538,0.4211634692406767,,HSD17B11
ENSG00000169249,8.171637324497762,0.13668915297721923,0.09937118278235536,1.3755411694816835,0.1689637313023371,0.42320428165375795,,ZRSR2
ENSG00000108654,174.35131970496752,0.05520732795447636,0.04020843114281038,1.3730286505930465,0.16974344004595054,0.4247938397047378,,DDX5
ENSG00000089693,16.69805061372356,-0.10042341615633461,0.07320228463971579,-1.371861775224568,0.17010647190498362,0.42533881275644064,,MLF2
ENSG00000163737,9.159220474784322,-0.1778374930203343,0.12970750614947554,-1.3710655481679954,0.17035452350151825,0.42559560137580665,,PF4
ENSG00000126067,29.038805709524084,0.0801512561273099,0.05853413591414344,1.3693079239244936,0.17090304212300467,0.42660196703849756,,PSMB2
ENSG00000062194,24.578145968311095,0.08786663148025013,0.06435228325591119,1.3654003717448362,0.17212724712429384,0.4292918054343547,,GPBP1
ENSG00000213639,47.69730057188003,0.11578806273579838,0.0848310338612116,1.3649257525875995,0.1722763872448584,0.42929809519399603,,PPP1CB
ENSG00000104904,400.56529448597155,0.03316307015516264,0.02434470695648518,1.362229178377041,0.17312557014313623,0.4310473379074004,,OAZ1
ENSG00000077420,18.008280233249163,0.10800580015486329,0.07941311654328433,1.3600498866707296,0.17381413781365584,0.4323940488686358,,APBB1IP
ENSG00000109787,23.74470918655249,-0.11480829021537327,0.08451752537436705,-1.3583962581350373,0.17433798097471676,0.43332903929878663,,KLF3
ENSG00000116871,9.679155636487332,0.13294346900566234,0.09810009082698468,1.355181915581807,0.17535960499662862,0.4354986627906095,,MAP7D1
ENSG00000102007,53.93954461582921,-0.07883822130302749,0.05828480210873046,-1.3526377108728032,0.17617139879860633,0.43692100964198194,,PLP2
ENSG00000174718,11.466327497177813,-0.13581308230485512,0.10044082629340335,-1.3521701017086802,0.17632090581433013,0.43692100964198194,,RESF1
ENSG00000116824,15.934798323685971,0.12392106673075316,0.09165858605322008,1.3519853629293428,0.1763799977448165,0.43692100964198194,,CD2
ENSG00000175354,22.212570494943392,0.08596410989849095,0.06371926282324997,1.3491071002648864,0.17730256798998079,0.43870864602251297,,PTPN2
ENSG00000102309,17.012960645898787,0.09312039705661991,0.06905480292158002,1.3484999321824036,0.17749764196717943,0.43870864602251297,,PIN4
ENSG00000168461,35.74546985132446,0.08211906281199864,0.0609041182475316,1.3483334982085036,0.17755114260132443,0.43870864602251297,,RAB31
ENSG00000198015,8.492934152086761,0.13407192472615007,0.09954887562766195,1.3467949676057926,0.17804627595752587,0.43918004349373274,,MRPL42
ENSG00000164758,12.811943319594103,0.10322869505925578,0.07666652634514641,1.3464637043098662,0.1781530181895976,0.43918004349373274,,MED30
ENSG00000135090,29.7163356560567,-0.08546413163734025,0.06347871784565685,-1.346343066429588,0.17819190289294895,0.43918004349373274,,TAOK3
ENSG00000138185,15.991770905624206,-0.12197431355836812,0.09064958526415377,-1.3455584292298062,0.17844496587671843,0.439433860460077,,ENTPD1
ENSG00000113441,8.409311436512557,0.14435754576466317,0.10733062944343533,1.3449799606434016,0.1786317060678505,0.43952406333333305,,LNPEP
ENSG00000173575,14.262524383451487,-0.12712186278192766,0.09457856413917509,-1.3440874677994072,0.1789201041384907,0.4398640343555842,,CHD2
ENSG00000123562,16.419728933837703,0.09658417232905174,0.07190186338171482,1.3432777369941404,0.17918205817484822,0.4401384784697614,,MORF4L2
ENSG00000170791,10.906945803823485,0.12157565011385149,0.0906563687203827,1.341060223676454,0.1799009002910399,0.44079809130493736,,CHCHD7
ENSG00000106829,21.400600348260145,-0.11054359603207295,0.08244870416820198,-1.340756014873868,0.1799996813301512,0.44079809130493736,,TLE4
ENSG00000102898,17.673214663873654,-0.08957369671364708,0.06681439366786135,-1.3406347314760303,0.1800390750553219,0.44079809130493736,,NUTF2
ENSG00000151327,10.411931303298417,-0.11579166432246914,0.08639475077039865,-1.340262727653388,0.1801599445471761,0.44079809130493736,,FAM177A1
ENSG00000114779,9.99314741447417,-0.12248864664755543,0.09140061962649809,-1.340129280830877,0.18020331806421108,0.44079809130493736,,ABHD14B
ENSG00000237541,82.32232845427063,-0.611683378850655,0.4565976259833794,-1.3396551888180885,0.18035747243021139,0.4408069109145734,,HLA-DQA2
ENSG00000168066,36.108542076895965,-0.07479914188334512,0.055871630287523344,-1.3387678415399393,0.18064626288574803,0.4411445018594414,,SF1
ENSG00000058673,8.971566852467067,0.13439136709614746,0.10060506327429862,1.3358310478840496,0.18160450234118652,0.44311498571249514,,ZC3H11A
ENSG00000171490,58.61029919004527,-0.06847308911669414,0.05129948713022885,-1.3347714167759297,0.1819511712283708,0.4435911984651704,,RSL1D1
ENSG00000159023,8.40036968541044,-0.15694339113971603,0.11778907283058412,-1.3324104466417486,0.1827253511697322,0.44510801017052903,,EPB41
ENSG00000100138,48.82497883000572,0.05866037034404392,0.044048148159082916,1.3317329512284592,0.18294795729141677,0.44527981625043084,,SNU13
ENSG00000131174,120.75289006397496,0.045334333369612234,0.03406346396769113,1.3308785451946819,0.18322897781474556,0.44548522101294485,,COX7B
ENSG00000172757,425.4167580163249,0.03603439651344619,0.027082302036250172,1.3305514599613235,0.18333664321058696,0.44548522101294485,,CFL1
ENSG00000163584,30.50292980895166,0.08347903031248342,0.06278863268628675,1.3295245769974466,0.1836749629287291,0.4459372234289542,,RPL22L1
ENSG00000114120,9.404531814184658,0.14289369014897585,0.10761093460090937,1.3278733307067505,0.18421995644007494,0.44688983633516105,,SLC25A36
ENSG00000149089,11.474995766395695,0.11328634459330308,0.0853910170205451,1.3266775422764474,0.1846153729527047,0.4474369279551217,,APIP
ENSG00000163807,11.47220692726201,-0.10803208691656074,0.08146105191182994,-1.3261808481615263,0.18477980145247808,0.4474369279551217,,KIAA1143
ENSG00000170473,13.156840299659397,-0.0985702768861402,0.07434742877509766,-1.3258061308927993,0.18490392173008785,0.4474369279551217,,PYM1
ENSG00000092203,10.983633632338234,0.11092025484317812,0.08372255151906259,1.3248551654320158,0.18521919372918427,0.4474989396834337,,TOX4
ENSG00000110711,17.35621261387564,0.09420257469315643,0.0711204993970689,1.3245488360144841,0.18532083523827358,0.4474989396834337,,AIP
ENSG00000104903,9.45584770035741,0.140269382262118,0.1059159370622826,1.3243463274052354,0.185388051173499,0.4474989396834337,,LYL1
ENSG00000241837,93.67730571327778,0.04740740277332457,0.03584135870856497,1.322701049332588,0.1859348144519125,0.4479735952011189,,ATP5PO
ENSG00000136754,11.318990240918136,0.11930879306591025,0.09020458906047235,1.3226466004509672,0.18595292940860275,0.4479735952011189,,ABI1
ENSG00000122359,21.721084556618873,-0.07649475246904641,0.05784653875026434,-1.3223738899796638,0.186043678881339,0.4479735952011189,,ANXA11
ENSG00000260032,11.34752998396902,-0.11542316526126424,0.08736265085888163,-1.3211957756147903,0.18643609451258925,0.4480241366680045,,NORAD
ENSG00000125877,12.618404993422615,-0.10558338668137873,0.07993375443078854,-1.3208861191775896,0.1865393387557307,0.4480241366680045,,ITPA
ENSG00000072506,29.474902495607285,0.07180262518367671,0.05435996966620995,1.3208731650251284,0.18654365879081236,0.4480241366680045,,HSD17B10
ENSG00000071553,16.96563011248696,0.09265442933196831,0.07016753901841598,1.3204742624313857,0.18667672361166854,0.4480241366680045,,ATP6AP1
ENSG00000167792,19.073167081705492,-0.08776121137972048,0.06653114312181077,-1.3190997067199033,0.18713578121626362,0.44862696601086166,,NDUFV1
ENSG00000187116,10.949579845631323,0.15812764368641927,0.11994672649622343,1.3183156248236418,0.18739801258131983,0.44862696601086166,,LILRA5
ENSG00000119705,36.23027226987556,0.07256504190801176,0.05504538497385879,1.3182765810880077,0.1874110776059501,0.44862696601086166,,SLIRP
ENSG00000165704,14.53586678338352,0.10176264019639732,0.07721639213480332,1.3178890826541274,0.187540780873393,0.44862696601086166,,HPRT1
ENSG00000106546,13.273550628085845,-0.14750553361741642,0.11197703290160263,-1.3172838196832173,0.1877435067402189,0.4487452961104987,,AHR
ENSG00000150779,30.622271504457114,0.07770501165688161,0.05910927094080229,1.314599392279815,0.18864457448074767,0.45047124138501193,,TIMM8B
ENSG00000161654,11.490972764252547,-0.11776236692659113,0.08960650760233112,-1.3142166799895183,0.18877329685089128,0.45047124138501193,,LSM12
ENSG00000120727,45.616808802126656,0.05927896197083326,0.04514232683975463,1.313156988589901,0.1891300539459866,0.4508963275763421,,PAIP2
ENSG00000197006,27.877252592483412,-0.08476969983080355,0.06457300254814352,-1.312773086052519,0.1892594216500425,0.4508963275763421,,METTL9
ENSG00000185043,48.017282345037444,0.06136742915927065,0.04682954338172646,1.310442612242448,0.19004614614188953,0.4518075362804481,,CIB1
ENSG00000213246,48.74787236987067,-0.05469860893538051,0.041753360342871054,-1.3100408802119259,0.19018200644991745,0.4518075362804481,,SUPT4H1
ENSG00000137876,71.39185987807785,-0.06341893116156744,0.04841459231142895,-1.3099135639441601,0.19022507800372856,0.4518075362804481,,RSL24D1
ENSG00000114062,8.414208273067194,-0.14385564149318464,0.10982914765626504,-1.3098129646185834,0.19025911620006575,0.4518075362804481,,UBE3A
ENSG00000110395,7.8585403522308175,-0.15089289961239918,0.1152857748218407,-1.3088596563243358,0.19058189467037123,0.4519150846478555,,CBL
ENSG00000108622,10.11849006299068,0.12685686563946913,0.09693821426218659,1.3086362958612199,0.19065758004267697,0.4519150846478555,,ICAM2
ENSG00000095906,8.88990104897878,-0.11854420938779048,0.09060850147961946,-1.3083122163150946,0.19076743327348,0.4519150846478555,,NUBP2
ENSG00000101336,24.388404382490304,0.08101045434811288,0.06206756754431358,1.3051978280005077,0.19182549360360224,0.45405419989599627,,HCK
ENSG00000136167,97.05000636713994,0.07097075060857377,0.05442215867723082,1.304078197807074,0.19220692165425257,0.454589552991641,,LCP1
ENSG00000023318,21.08847340698695,0.08286124637586637,0.0636111037453998,1.3026223646034232,0.19270371860636581,0.4553303540739813,,ERP44
ENSG00000108774,34.50603911833476,-0.07027899199058886,0.05396738506992267,-1.302249347444426,0.1928311608783254,0.4553303540739813,,RAB5C
ENSG00000185608,9.934948602444393,0.11390427946093483,0.08752310498514825,1.3014195449334574,0.19311488714923075,0.4556328683101915,,MRPL40
ENSG00000113851,14.386445825483783,0.09913163606122094,0.07622659716423821,1.3004861786973307,0.19343439030725074,0.4560192389852094,,CRBN
ENSG00000164346,39.3886457709518,-0.07874965095938234,0.06061392847204234,-1.2992005788851806,0.19387510290554866,0.456690507890142,,NSA2
ENSG00000161642,18.301354117618377,-0.0873367267926259,0.06733624031712142,-1.2970241044244788,0.1946228931999645,0.4580661309154669,,ZNF385A
ENSG00000085871,32.68639709722098,0.07593679755632897,0.0585962740369317,1.2959321868907228,0.19499884897805453,0.4580661309154669,,MGST2
ENSG00000126759,89.22525710057236,-0.06540248045908069,0.050469875954293086,-1.2958716307983595,0.19501971449419297,0.4580661309154669,,CFP
ENSG00000153310,76.8456870797438,0.05411551601088183,0.04176602819206791,1.295682600270794,0.1950848583509519,0.4580661309154669,,CYRIB
ENSG00000068697,60.09315033778906,0.06760366746048486,0.05222094148764252,1.2945700620216218,0.19546858558423863,0.45859937387071376,,LAPTM4A
ENSG00000163320,10.496992532950639,-0.11956381093602184,0.09249350319677943,-1.2926725316225776,0.1961243418988573,0.4588564387945099,,CGGBP1
ENSG00000183978,11.075887390160416,0.11924709867153402,0.09226066268038552,1.2925020827634461,0.19618332511787928,0.4588564387945099,,COA3
ENSG00000091140,8.080845898604615,0.12273385899680486,0.09496004104853385,1.2924790010787366,0.19619131345150242,0.4588564387945099,,DLD
ENSG00000185651,54.50311776340218,0.06498955419819256,0.050302331974534015,1.2919789530054806,0.1963644334574639,0.4588564387945099,,UBE2L3
ENSG00000025796,12.844716840906958,-0.10568926150605343,0.08186032085871206,-1.2910926856549862,0.19667154006342413,0.4588564387945099,,SEC63
ENSG00000160613,13.135854433221477,-0.12314381173166127,0.09538480181012528,-1.2910213094198548,0.19669628843110853,0.4588564387945099,,PCSK7
ENSG00000179918,8.861881103481785,-0.11981460253397495,0.0928314146733575,-1.2906687133397916,0.1968185779552265,0.4588564387945099,,SEPHS2
ENSG00000137393,9.122888216753882,-0.19824815566697493,0.15366266111325383,-1.2901517794284476,0.19699796475876652,0.4588564387945099,,RNF144B
ENSG00000145354,10.77969997657836,0.11363293606941942,0.08808103151474692,1.2900954282125374,0.1970175270345942,0.4588564387945099,,CISD2
ENSG00000181929,8.337357688337734,-0.12370884981087796,0.09593976041802477,-1.2894429720468226,0.19724413020105402,0.4588564387945099,,PRKAG1
ENSG00000115355,31.381164487399797,-0.09615437087949652,0.0746016271801998,-1.2889044718453149,0.1974312992256545,0.4588564387945099,,CCDC88A
ENSG00000100591,9.588123125085634,0.1236526825499324,0.09594213494226209,1.28882563041094,0.19745871341567023,0.4588564387945099,,AHSA1
ENSG00000164096,58.97494423394117,0.054451952805486536,0.04230376338845939,1.2871656903305488,0.19803654306274576,0.45905147648144784,,C4orf3
ENSG00000099783,49.957439808531326,0.06085920723023979,0.047281652292647205,1.2871632922968734,0.1980373787185511,0.45905147648144784,,HNRNPM
ENSG00000184640,24.799710725435077,-0.08359746232277869,0.06495834579165688,-1.2869395195330817,0.19811536937868024,0.45905147648144784,,SEPTIN9
ENSG00000147416,12.529926341824611,0.13576843667917526,0.10550993056933107,1.286783489919569,0.19816976307122613,0.45905147648144784,,ATP6V1B2
ENSG00000124575,14.004291719147828,0.23599368167968363,0.1836527153854593,1.2849996864155726,0.19879239361131806,0.46012974584501126,,H1-3
ENSG00000086504,13.225310159351883,0.09456921453525689,0.07388658347421397,1.2799240415313162,0.20057185141062395,0.4638818174804952,,MRPL28
ENSG00000116977,7.9739237814009645,-0.1297129460640515,0.10149011943540343,-1.2780844754706528,0.20121964219238864,0.4650127169213212,,LGALS8
ENSG00000104824,10.471288629256234,-0.11682206354254449,0.0914865380067592,-1.2769317332120869,0.20162634965399828,0.4654958749734602,,HNRNPL
ENSG00000170759,25.16702329507285,0.08121596676780436,0.06361940962752119,1.2765910159070553,0.20174667532148938,0.4654958749734602,,KIF5B
ENSG00000100220,10.033697363973854,0.11749624727716917,0.09212459145639047,1.2754058978138212,0.2021656122410035,0.4660682417432559,,RTCB
ENSG00000178057,18.490340992208434,0.0878106992523595,0.06887172432268035,1.2749891209481783,0.20231309264196662,0.4660682417432559,,NDUFAF3
ENSG00000182247,17.26339692146223,-0.08440839368086442,0.0663004449677706,-1.2731195653648522,0.20297561713585743,0.4672268922749926,,UBE2E2
ENSG00000065615,13.724207739563276,0.10069362847221487,0.07914760419674426,1.272225855654604,0.20329288352569996,0.4675896016993319,,CYB5R4
ENSG00000110321,45.51428147163739,-0.07510480293929733,0.05913155736173076,-1.270130642422489,0.20403809817609186,0.4689352837202488,,EIF4G2
ENSG00000123395,10.903993105126558,0.1336753324137609,0.10535839266449044,1.2687677652737603,0.20452390513871377,0.46951417137854223,,ATG101
ENSG00000139436,12.252085572387198,0.10140923094772769,0.07994266232862637,1.2685245649044945,0.2046106839750751,0.46951417137854223,,GIT2
ENSG00000073584,15.601828425781479,0.09547770117274322,0.07532691758907985,1.2675110601709345,0.20497261140550516,0.46997635567370327,,SMARCE1
ENSG00000175806,9.49637130248381,-0.11639504857842843,0.09187974874384211,-1.266819404381854,0.20521987209762338,0.47008415170720524,,MSRA
ENSG00000051620,19.625168259409495,-0.10180484698114746,0.08038399351651652,-1.266481578328521,0.20534072063986186,0.47008415170720524,,HEBP2
ENSG00000141959,10.617532262176182,0.11199866610234055,0.08862150627194275,1.2637865323419686,0.2063066563573709,0.4719264764174859,,PFKL
ENSG00000124193,19.017977042920734,-0.10292849140926918,0.08157355687776915,-1.2617874633503912,0.20702527447901986,0.4732006273806168,,SRSF6
ENSG00000158864,19.087744685903367,0.09055160787319434,0.07180624267182928,1.2610548122819296,0.207289099629134,0.47343407465998777,,NDUFS2
ENSG00000144655,11.37276226853972,-0.18589408195914972,0.1474796330858582,-1.2604729078145167,0.20749881520020597,0.473543671789714,,CSRNP1
ENSG00000069849,32.17479615760569,0.1136571232754109,0.09028357951677903,1.2588903085559202,0.20806995482485569,0.4744772801613531,,ATP1B3
ENSG00000145725,8.837037335000455,-0.12496904840586018,0.09971761715575259,-1.253229388851786,0.21012223738531377,0.47833285357821564,,PPIP5K2
ENSG00000111252,13.993863501371063,-0.11561994074767458,0.09228379344530817,-1.252873732549763,0.21025166274789064,0.47833285357821564,,SH2B3
ENSG00000168374,18.63351257005612,0.0844196988589107,0.06738592301127852,1.2527794394799816,0.21028598620894168,0.47833285357821564,,ARF4
ENSG00000166669,10.619118987689973,-0.12508695737267522,0.09987561794454179,-1.2524273686309768,0.21041417875981616,0.47833285357821564,,ATF7IP2
ENSG00000171862,13.788470390036645,0.11625331784668587,0.09299278421646906,1.2501326724025257,0.211251086366404,0.4787252855834747,,PTEN
ENSG00000141552,37.09484816614367,0.060010554267249376,0.04800538825461621,1.250079552506874,0.21127048839334295,0.4787252855834747,,ANAPC11
ENSG00000104852,13.466554547832565,0.09759510232641613,0.07809100916932013,1.249761059109973,0.2113868450391515,0.4787252855834747,,SNRNP70
ENSG00000138777,19.643145502183238,-0.08462677898281692,0.06771614809684216,-1.2497281868689656,0.21139885704214445,0.4787252855834747,,PPA2
ENSG00000004779,37.87818072078374,0.06503408507128068,0.05203920425098912,1.249713288420327,0.21140430131811228,0.4787252855834747,,NDUFAB1
ENSG00000105404,27.265861846401165,0.06889958518580945,0.055254150692796454,1.246957637062947,0.21241303115508103,0.4806378324745574,,RABAC1
ENSG00000156256,20.55652286129456,-0.08393745787580856,0.06736300195544473,-1.2460468720103435,0.2127471877381374,0.48102221289364194,,USP16
ENSG00000196975,12.67009130770749,0.10294167563450525,0.08266140838704034,1.2453414192086818,0.21300627672339056,0.4812364029676601,,ANXA4
ENSG00000143183,20.4135302874409,0.08715681577712439,0.07001852536978999,1.2447679427240388,0.21321706306218435,0.48134121869396745,,TMCO1
ENSG00000171700,23.063969391031975,-0.08511874361574866,0.06842816162607859,-1.2439139324080444,0.21353124107746269,0.4814238502447723,,RGS19
ENSG00000103121,9.589522316573042,0.1081365488783313,0.08694223475664681,1.2437746646495553,0.21358250733195328,0.4814238502447723,,CMC2
ENSG00000122218,11.233892881517436,0.11389346260065532,0.09168684420719485,1.2422007059516382,0.2141625192775224,0.4823598895727581,,COPA
ENSG00000119977,8.735859733845258,0.13554228798244147,0.10917009722035959,1.241569728648768,0.21439535638549811,0.4825131464233194,,TCTN3
ENSG00000159884,11.750744002439873,-0.1030110051582962,0.08306252150334521,-1.2401622692630103,0.21491538091481766,0.4833120086932305,,CCDC107
ENSG00000096401,10.144714127485297,0.11645611426539595,0.09404055293644596,1.238360586247284,0.21558238808278207,0.484195690142548,,CDC5L
ENSG00000163931,77.10277927958055,-0.07215467083356664,0.05827348023739981,-1.2382076810860851,0.21563906418916756,0.484195690142548,,TKT
ENSG00000129351,18.380392165173806,-0.09671330317665278,0.07822495029782017,-1.2363485410785593,0.2163290351148186,0.48506970625540147,,ILF3
ENSG00000165140,14.796008766823183,0.11316716472418503,0.09153948229875147,1.2362661649630997,0.21635964356883686,0.48506970625540147,,FBP1
ENSG00000104964,21.821927188024667,-0.08487349096681655,0.06867828021527486,-1.235812700911804,0.21652819280484403,0.48507616567144857,,TLE5
ENSG00000181991,9.791571560527082,-0.10794718128738176,0.08754021527067433,-1.2331153282363894,0.21753273943014162,0.48695402221059225,,MRPS11
ENSG00000105393,11.456697176294252,-0.09612370779547451,0.07798089143748782,-1.2326572064456405,0.21770368401609508,0.48696439022087573,,BABAM1
ENSG00000205542,6050.147061365216,0.03918052722357605,0.0318207085046675,1.2312902215181354,0.2182143378247262,0.4877340314128232,,TMSB4X
ENSG00000142765,10.82657491538742,-0.11279158375929872,0.09167952819190205,-1.2302810232967745,0.218591888009398,0.48820522356332363,,SYTL1
ENSG00000127540,140.413198457936,0.04413578072603934,0.035995780138040646,1.2261376349333868,0.22014688534375026,0.4913034148525159,,UQCR11
ENSG00000110536,12.253905923259936,0.09668181045834874,0.07892144767168734,1.2250384820682,0.2205607217193124,0.4916463568579411,,PTPMT1
ENSG00000171522,13.93191784660431,-0.16247168585566196,0.13264752207908428,-1.2248377000121913,0.22063637736042852,0.4916463568579411,,PTGER4
ENSG00000159692,12.00915658901599,-0.09936429531653332,0.08116066758933482,-1.2242912517588829,0.22084237592310219,0.49173116099075526,,CTBP1
ENSG00000162607,10.384726724894545,0.10925147095699413,0.08929326902906595,1.223512949463543,0.22113601620495926,0.4920108324073866,,USP1
ENSG00000162704,117.76559707241375,0.048287366011209525,0.03951829618764429,1.2218989852681694,0.2217458292487281,0.4929930053456916,,ARPC5
ENSG00000102189,9.34292331780468,0.132029776515528,0.10818579064157435,1.2203984990316343,0.222313846085486,0.49368909615948914,,EEA1
ENSG00000147526,15.472581606266106,-0.11483038722079165,0.0941092814623137,-1.2201813193821458,0.22239614680135456,0.49368909615948914,,TACC1
ENSG00000110077,140.6313364865486,0.08949325003762923,0.07343721249720299,1.2186362607518328,0.22298227992320996,0.4943590661216423,,MS4A6A
ENSG00000197102,10.801334724725137,-0.1235536993171873,0.10141427147265372,-1.2183068272644786,0.2231073965944641,0.4943590661216423,,DYNC1H1
ENSG00000141551,10.485091824028025,-0.11877143445397657,0.09751723113602771,-1.2179533101006648,0.22324171595551578,0.4943590661216423,,CSNK1D
ENSG00000154146,10.444526164137757,-0.11956491214959544,0.0981966269821571,-1.217607119756986,0.22337330754061913,0.4943590661216423,,NRGN
ENSG00000134287,20.63034482764967,0.07966423228499868,0.06552686588958676,1.2157491618664242,0.2240804902930813,0.49539729838254803,,ARF3
ENSG00000069329,33.27793988976402,0.07586969142168325,0.0624192265219719,1.2154859271602272,0.22418081296341397,0.49539729838254803,,VPS35
ENSG00000103266,18.481188394583345,-0.0763935297610865,0.06288860010100324,-1.2147436838853696,0.22446386583798006,0.4954949553764902,,STUB1
ENSG00000117335,10.995512537889399,0.1183665078487342,0.0975035246571415,1.213971579642425,0.2247585770695414,0.4954949553764902,,CD46
ENSG00000130755,154.03070103522,0.031828424588596964,0.026224406623849346,1.2136947479929303,0.2248643106704703,0.4954949553764902,,GMFG
ENSG00000251562,7280.794472423307,-0.04323781343694362,0.03562783814231755,-1.2135963249924837,0.2249019110981405,0.4954949553764902,,MALAT1
ENSG00000133872,90.17721985935046,0.04968612773355745,0.04096524303797652,1.21288497391548,0.2251738012979666,0.49572097007552346,,SARAF
ENSG00000101220,36.81429363175251,0.09300553412406186,0.07673492374811967,1.2120365744983344,0.22549838051694882,0.4959946547864555,,ADISSP
ENSG00000147548,13.444748723013202,-0.11553131716483728,0.09534845736786018,-1.2116747386809876,0.22563691262826457,0.4959946547864555,,NSD3
ENSG00000196396,13.10960534951506,0.12098725112047465,0.09990842153275681,1.210981509509754,0.2259024913720693,0.49620592253369755,,PTPN1
ENSG00000063241,8.087822607506746,0.11701787186993404,0.09670481170696085,1.2100522177172186,0.226258856522345,0.49661614085264333,,ISOC2
ENSG00000105968,38.72133559335064,0.06217625888255659,0.051412554140212736,1.209359463312968,0.22652477508000468,0.49682737186086423,,H2AZ2
ENSG00000130741,37.00771967652686,-0.07913213798289324,0.06549088218283765,-1.2082924423276495,0.2269347944882778,0.49735410049526757,,EIF2S3
ENSG00000136051,8.18664658464239,0.12354464289905151,0.10239781566295733,1.2065163900145977,0.22761844331468672,0.4984792834894561,,WASHC4
ENSG00000141933,12.856277267444327,0.11459671847278188,0.09521313982665927,1.2035809204634096,0.2287515975499972,0.500586455625106,,TPGS1
ENSG00000175768,11.25983213772842,-0.11441267245486836,0.0951446757434604,-1.2025126110404796,0.22916498306491728,0.5011165574414324,,TOMM5
ENSG00000138398,29.199224186402873,0.06679030572206343,0.05559740455955679,1.2013205697491982,0.2296268742881945,0.5017518566536071,,PPIG
ENSG00000138814,13.123236315357591,-0.10073817915471542,0.08396657423486065,-1.1997414456012385,0.23023977133898998,0.5026061435786264,,PPP3CA
ENSG00000101160,46.3570460587515,0.07154351409324743,0.0596479740217201,1.1994290714248854,0.23036114914020378,0.5026061435786264,,CTSZ
ENSG00000213064,14.949445998009935,-0.09108335199314027,0.07604133332249233,-1.197813715428352,0.23098954650640768,0.5029522081689339,,SFT2D2
ENSG00000162191,52.698193647565155,-0.050574967725941264,0.042223654558928375,-1.1977875495205559,0.23099973544626295,0.5029522081689339,,UBXN1
ENSG00000242086,9.454308507161226,-0.12796435828270813,0.10684203217320959,-1.1976967835585115,0.23103508196284706,0.5029522081689339,,MUC20-OT1
ENSG00000076108,9.974151667266879,0.12320772616258914,0.1029264170286788,1.1970466836347686,0.231288359329904,0.503129506774115,,BAZ2A
ENSG00000100345,19.135482185226877,-0.0843663443492116,0.07052912370078293,-1.1961915861472,0.23162180350705985,0.5033654098809754,,MYH9
ENSG00000138594,11.228008921993162,0.11949865784924284,0.09993469146491753,1.1957675167406037,0.23178729540581222,0.5033654098809754,,TMOD3
ENSG00000005483,32.95899783960515,-0.07466442101208955,0.0624573397604885,-1.1954467048774855,0.23191254710704778,0.5033654098809754,,KMT2E
ENSG00000172500,24.301688216510474,0.069689251767975,0.0583970371444011,1.1933696498274577,0.23272463583501712,0.5045498471677967,,FIBP
ENSG00000102879,217.43522204320445,0.042772277636583464,0.03585551743122114,1.1929064395355669,0.23290601698159796,0.5045498471677967,,CORO1A
ENSG00000107854,9.799115970766215,0.12582282389406832,0.10549147148597413,1.1927298209201431,0.23297520265398264,0.5045498471677967,,TNKS2
ENSG00000128815,7.969250053163479,-0.16805841668140442,0.1410068780104541,-1.1918455259249463,0.23332182104078758,0.5047828051206986,,WDFY4
ENSG00000147123,75.57763985141948,0.042278960849032245,0.03548154992639105,1.191575929933808,0.2334275676685198,0.5047828051206986,,NDUFB11
ENSG00000173915,96.75504668522144,0.05248036401839161,0.04408257070194481,1.1905014426954985,0.23384936330816153,0.505294419977646,,ATP5MK
ENSG00000170802,9.860283348774976,0.12533245749132174,0.10531304085606981,1.1900943745667,0.23400930105522133,0.505294419977646,,FOXN2
ENSG00000151914,9.097085315293716,-0.13011585984202964,0.10939266984474712,-1.1894385613468745,0.2342671341750291,0.5054783853091269,,DST
ENSG00000116030,46.04067672415638,0.04714635995584891,0.03965409818646781,1.1889404150398224,0.23446311496721206,0.5055287191634734,,SUMO1
ENSG00000168701,11.632713433968965,0.09635744017067491,0.08111867905482226,1.1878576092881623,0.2348895130732136,0.5059761778145109,,TMEM208
ENSG00000117592,36.755574504456796,-0.05452467872058195,0.045914126230034824,-1.1875360199039249,0.23501625745482746,0.5059761778145109,,PRDX6
ENSG00000164327,8.580640877469566,0.12242521725805244,0.10361664843175847,1.1815207219202928,0.23739592647924346,0.5105058079513319,,RICTOR
ENSG00000164167,30.5508401844408,0.07910241870875896,0.0669600811449869,1.1813369601133037,0.23746889017408268,0.5105058079513319,,LSM6
ENSG00000162910,22.053323906562934,-0.07443706546495295,0.06314222769675919,-1.1788793043925732,0.23844623971706447,0.5117682917406473,,MRPL55
ENSG00000114861,20.688551212685482,-0.07639211882825413,0.06480310900659475,-1.1788341639670408,0.23846421747360225,0.5117682917406473,,FOXP1
ENSG00000140374,21.47273882309947,-0.06929377525298115,0.05879617477168531,-1.1785422354780672,0.23858050485860094,0.5117682917406473,,ETFA
ENSG00000189043,160.72205356485958,0.0323040075779946,0.027455296710632775,1.1766038414541713,0.23935366381559442,0.5130508987203957,,NDUFA4
ENSG00000165389,11.70699802316876,0.09066236262143994,0.07710174937977536,1.1758794495682567,0.23964305199733626,0.5132954325151431,,SPTSSA
ENSG00000139679,10.088833129204655,0.1270690525832655,0.10853789206478043,1.1707344795992982,0.24170552134739653,0.5173346246382873,,LPAR6
ENSG00000213625,14.015352358263502,-0.08718003996843506,0.07461747128106365,-1.168359614332837,0.24266173805715696,0.519001876575132,,LEPROT
ENSG00000124942,66.01048813935907,-0.07870520125496089,0.06745217275473858,-1.166829740846736,0.24327913387570066,0.519942557655512,,AHNAK
ENSG00000107872,11.763928196492706,0.09298881137583351,0.07974336970553282,1.1661008522615977,0.24357367213258252,0.5201923501124739,,FBXL15
ENSG00000167863,56.14616784875332,0.047453150781610186,0.04079537815596781,1.1631991888931281,0.24474869555934797,0.5223208313394831,,ATP5PD
ENSG00000137509,30.613889689882296,0.06581121355732181,0.05661287969355395,1.1624777597175506,0.24504145352357387,0.5225647311850141,,PRCP
ENSG00000142669,492.32762097108923,0.04434212472812187,0.03815913237677524,1.1620317854792155,0.2452225539574775,0.5225703333242315,,SH3BGRL3
ENSG00000159199,44.554326935235956,0.050238474266302,0.04329496295491401,1.1603768853808407,0.24589539348335865,0.5228121967833453,,ATP5MC1
ENSG00000128789,26.18801712320777,0.06693783111603155,0.05771505179854268,1.1597985106152455,0.2461308506373585,0.5228121967833453,,PSMG2
ENSG00000167315,9.244211752832557,-0.10284792194761526,0.08872184076579819,-1.1592176296150813,0.24636748710855783,0.5228121967833453,,ACAA2
ENSG00000100811,26.251091290186785,0.08425370653144104,0.07274758104159874,1.1581650595813329,0.246796684078464,0.5228121967833453,,YY1
ENSG00000138279,20.542139314867395,0.06995991273070369,0.060406597658286654,1.1581501929054019,0.24680274987761008,0.5228121967833453,,ANXA7
ENSG00000082898,11.19293758055051,0.11365925640567258,0.0981813454993119,1.1576461478262094,0.2470084686948263,0.5228121967833453,,XPO1
ENSG00000109920,14.980721839568977,-0.10530968942955862,0.0910049083166525,-1.157186918568529,0.24719600110638473,0.5228121967833453,,FNBP4
ENSG00000113384,8.585422032030634,-0.1148413723476246,0.09924557303913893,-1.157143526213862,0.2472137261093067,0.5228121967833453,,GOLPH3
ENSG00000197471,16.226246212936886,0.09305379612820441,0.08042075028530055,1.1570868935950847,0.24723686086276397,0.5228121967833453,,SPN
ENSG00000160789,37.8407286793457,0.1549103487912178,0.1339328706746054,1.156626808721049,0.24742486439375877,0.5228121967833453,,LMNA
ENSG00000101745,25.583412515464847,-0.07923939385091304,0.06852401917002748,-1.1563739957269243,0.24752821344642761,0.5228121967833453,,ANKRD12
ENSG00000148672,14.585573931159766,-0.08892300835123232,0.07690991375748846,-1.1561969583222187,0.24760060369715586,0.5228121967833453,,GLUD1
ENSG00000120675,39.36441112368731,-0.06803185952856021,0.05886891350276837,-1.1556499938691913,0.24782435002054437,0.5228121967833453,,DNAJC15
ENSG00000182004,70.09790987327489,-0.045986426651690525,0.03979784308581279,-1.1555004765593404,0.24788553757171783,0.5228121967833453,,SNRPE
ENSG00000161981,12.081549513455894,-0.09719888474415507,0.08414135094848804,-1.1551856922722927,0.24801439253144353,0.5228121967833453,,SNRNP25
ENSG00000104613,7.987369035912318,-0.11105658443827793,0.09622109674674219,-1.154181236684335,0.24842587346292333,0.5233028471218989,,INTS10
ENSG00000110330,11.824076969155241,-0.09692509496481723,0.08416690583903337,-1.151582014315502,0.24949287565866252,0.5251726383382918,,BIRC2
ENSG00000053371,15.623199979623058,-0.07850535402717207,0.06831976143011625,-1.1490870633012173,0.2505200822298015,0.5269560350350997,,AKR7A2
ENSG00000188690,9.506241996554216,-0.10567694212378359,0.09202534293462593,-1.14834608330507,0.25082572206542075,0.5272201824892692,,UROS
ENSG00000124562,22.238870056842774,0.07024294718460433,0.06121338483285314,1.147509607194684,0.2511710648314983,0.5274121297100846,,SNRPC
ENSG00000135829,10.866192033141878,-0.10751177952324832,0.09371239825724641,-1.147252460961694,0.25127729540490706,0.5274121297100846,,DHX9
ENSG00000131981,58.17925830624383,0.0680796469077777,0.059395102797065606,1.1462165010537053,0.25170558192012493,0.52793262454307,,LGALS3
ENSG00000031698,13.847677891560856,0.08758338000356287,0.07647497814277082,1.1452553780408257,0.2521033844172198,0.528388482157208,,SARS1
ENSG00000220205,45.3622025994772,-0.058721840919483195,0.05132539341014552,-1.1441089296721418,0.25257846484678315,0.529005540108284,,VAMP2
ENSG00000136718,10.344723191122444,0.09846243136308135,0.08610887820094568,1.1434643374787339,0.2528458533261039,0.5291870325509879,,IMP4
ENSG00000184557,12.269799208490776,-0.1666038981796291,0.14582929504127884,-1.1424583663554688,0.25326354226075987,0.5296826083853607,,SOCS3
ENSG00000243147,48.31680069620061,-0.06423431636843059,0.056305180307850866,-1.1408242726020386,0.2539430576494064,0.5304088949752774,,MRPL33
ENSG00000136250,21.616845881449624,-0.08775912858019053,0.07699496850476728,-1.1398034220217488,0.2543682077507613,0.5304088949752774,,AOAH
ENSG00000132432,86.38994617045581,0.0492209698488522,0.043194116950063755,1.1395294851323394,0.2544823775246059,0.5304088949752774,,SEC61G
ENSG00000166340,34.73536019299269,0.05901936898482279,0.05181165291457622,1.1391138028761636,0.2546556911655291,0.5304088949752774,,TPP1
ENSG00000038427,76.62521895609298,0.09524813702100272,0.08364645415105522,1.1386990397584134,0.25482870339591757,0.5304088949752774,,VCAN
ENSG00000172725,15.538733311077669,0.09242477005694313,0.08120234653424574,1.13820319241593,0.25503564595877193,0.5304088949752774,,CORO1B
ENSG00000135506,21.707897927419378,0.07344776830623251,0.06454095931100329,1.1380024265259214,0.25511946910256744,0.5304088949752774,,OS9
ENSG00000141543,11.794574447310248,-0.10464288209146315,0.09199120116689326,-1.137531424354562,0.2553161956274781,0.5304088949752774,,EIF4A3
ENSG00000198382,17.301234130913354,-0.09816798195692186,0.08630269582873261,-1.1374845364243995,0.2553357853826521,0.5304088949752774,,UVRAG
ENSG00000100764,19.545944991428215,-0.07914004446660734,0.06959637088156283,-1.1371288971559403,0.2554844053199977,0.5304088949752774,,PSMC1
ENSG00000110031,16.90146764275091,0.09142269311959021,0.08041796905536187,1.1368440933475004,0.25560346680673374,0.5304088949752774,,LPXN
ENSG00000182287,186.73280576117645,0.046200281566769245,0.04067339150441022,1.1358846621324838,0.2560048382470097,0.5308655569314763,,AP1S2
ENSG00000180628,14.05920647930153,0.09400193640403107,0.08279112641505965,1.1354107677285108,0.2562032501730829,0.5309010024818023,,PCGF5
ENSG00000145734,12.716071942461069,-0.11569678002005554,0.10200827214132957,-1.1341901748885712,0.25671478443402096,0.5315847870034041,,BDP1
ENSG00000095787,17.52852730475165,0.08924182356177293,0.07884307633100363,1.1318916982274092,0.25767996933393766,0.5328895193535095,,WAC
ENSG00000164163,9.80714286677933,-0.10389602096256983,0.09187008365993893,-1.1309015603724215,0.2580965264865275,0.5328895193535095,,ABCE1
ENSG00000147443,31.586907138301655,0.07954362595300953,0.07035158884101105,1.1306585574459695,0.25819883064925553,0.5328895193535095,,DOK2
ENSG00000008394,23.20902723886162,0.09683634291090139,0.08566991520031166,1.1303424625141816,0.25833194859329,0.5328895193535095,,MGST1
ENSG00000105700,10.226655442393826,0.10281988469645248,0.09097002990779794,1.1302610848942765,0.25836622707812507,0.5328895193535095,,KXD1
ENSG00000148290,17.126668955136427,-0.08208577513278938,0.07263627308776037,-1.1300934318809552,0.25843685706351893,0.5328895193535095,,SURF1
ENSG00000092820,35.41851491198147,0.07753747301235357,0.06863956918770278,1.129632279601267,0.25863120342323587,0.5329149638446409,,EZR
ENSG00000165168,24.88852043357444,0.0858457446865175,0.07605046687804959,1.128799706439345,0.2589823365310209,0.5332632077094439,,CYBB
ENSG00000145337,41.45335056209254,-0.05491148091691003,0.048705975042937874,-1.1274074868330128,0.25957023508079846,0.5340981365541657,,PYURF
ENSG00000055044,12.929505172396,0.1035673002090253,0.09193912723414638,1.126476869257904,0.25996372590366956,0.5341818410194791,,NOP58
ENSG00000149187,14.853676050682532,0.09454818602765915,0.08401384614456185,1.125388139771282,0.26042459467656764,0.5341818410194791,,CELF1
ENSG00000187164,21.47760538786901,-0.10145251482216688,0.09027123564022753,-1.123863145360078,0.26107108826402614,0.5341818410194791,,SHTN1
ENSG00000242247,7.9907337312811775,-0.11779969317883514,0.1048591740533255,-1.1234085547815666,0.26126401819561984,0.5341818410194791,,ARFGAP3
ENSG00000133316,22.157099981170727,-0.11885085325321997,0.10579699466319845,-1.1233859112121105,0.261273630787356,0.5341818410194791,,WDR74
ENSG00000138744,21.331062839168325,-0.07215256600426323,0.0642351345894493,-1.1232570222732028,0.2613283510560451,0.5341818410194791,,NAAA
ENSG00000111716,60.55975468454275,0.045139519895486126,0.04019767335236525,1.122938621342623,0.2614635632925797,0.5341818410194791,,LDHB
ENSG00000203667,11.029781887043935,-0.09457010684280515,0.08422567623843577,-1.122818017810687,0.26151479145138135,0.5341818410194791,,COX20
ENSG00000081189,56.36731463745578,-0.06633245751890926,0.05909251296409764,-1.1225188131567587,0.2616419130710387,0.5341818410194791,,MEF2C
ENSG00000095380,16.587898096249823,0.07826103500769853,0.06971990555100142,1.1225063256927263,0.2616472194871572,0.5341818410194791,,NANS
ENSG00000120742,106.34687706257702,-0.04031206132053148,0.03592363775877988,-1.1221597765576805,0.2617945115624569,0.5341818410194791,,SERP1
ENSG00000169230,122.37377441951584,-0.04677986921029198,0.041687847444353485,-1.1221464306291065,0.2618001850624838,0.5341818410194791,,PRELID1
ENSG00000178695,28.044139385711066,0.08646585121243065,0.07728000723867127,1.1188644295204302,0.2631979799060653,0.535886280170874,,KCTD12
ENSG00000082212,7.70497947921732,0.1303536165091233,0.11656842365539499,1.118258379254409,0.26345665731844725,0.535886280170874,,ME2
ENSG00000166428,23.222581550794324,0.08798463773015458,0.07870823231532331,1.1178581343012233,0.2636275880265987,0.535886280170874,,PLD4
ENSG00000156273,10.297981898383904,-0.13298886833552828,0.11897839524241005,-1.117756446996725,0.26367102732568803,0.535886280170874,,BACH1
ENSG00000120438,12.294456514626333,0.09013900703775718,0.08065448097970461,1.1175945334077495,0.26374020458517355,0.535886280170874,,TCP1
ENSG00000166557,9.939892137431196,-0.09916234584579231,0.08874270594400825,-1.1174140431142394,0.2638173334607319,0.535886280170874,,TMED3
ENSG00000176155,10.991872537091039,-0.09745431700386269,0.08723229430638216,-1.117181633003692,0.2639166721333335,0.535886280170874,,CCDC57
ENSG00000170632,8.160963230664771,0.11075475511280033,0.09935251243924016,1.11476551919644,0.26495091598372367,0.5376135010397387,,ARMC10
ENSG00000172354,39.403572281574625,-0.05561755894350084,0.04991493015118148,-1.1142469552706442,0.2651732564599283,0.537627673335586,,GNB2
ENSG00000143443,19.448169961214468,0.13259721641498545,0.11903946557707008,1.11389290746721,0.2653251325033886,0.537627673335586,,C1orf56
ENSG00000198840,615.6963441998095,-0.06385728605729128,0.057369538391301954,-1.1130869769552296,0.26567107627550235,0.5379563702176147,,MT-ND3
ENSG00000135077,9.177453421814093,-0.114705751918773,0.10325374018236487,-1.1109113501959522,0.26660650943229214,0.5394774427213209,,HAVCR2
ENSG00000141759,15.436356716808273,0.07824142009530653,0.0706302858178222,1.1077602078110778,0.2679653894667967,0.5418526659936331,,TXNL4A
ENSG00000175727,8.211282793908973,-0.12188462007710255,0.1101007302746296,-1.107028261965927,0.2682817094118972,0.5420921051772117,,MLXIP
ENSG00000131042,12.383138377621886,0.1093688103641157,0.09883054394561079,1.1066296510955602,0.26845408214035416,0.5420921051772117,,LILRB2
ENSG00000238142,8.479835187953672,-0.14038058878844165,0.1271482411942882,-1.1040702369915902,0.2695626709071358,0.5439555481847647,,ENSG00000238142
ENSG00000125107,10.61272481632951,-0.10382235248494423,0.0942832127915829,-1.1011753780012568,0.2708203356173977,0.546117040418554,,CNOT1
ENSG00000127314,41.04975522841688,0.055691296944588055,0.05062654468125733,1.1000414366656504,0.2713140681685793,0.546736126357605,,RAP1B
ENSG00000179091,35.86645459264029,-0.055930701781785996,0.050896305303993555,-1.0989147728449635,0.2718052423340732,0.5473492087717788,,CYC1
ENSG00000134153,14.706752975636896,0.07913525559310199,0.0722129478121637,1.0958596483132665,0.27314020020881524,0.5482531918393877,,EMC7
ENSG00000187630,15.176023580652052,-0.0785402415894408,0.07167595117315614,-1.0957683895913954,0.27318014518993994,0.5482531918393877,,DHRS4L2
ENSG00000129003,21.248682578706255,-0.10422793467072174,0.0951505344723261,-1.0954004120810876,0.2733412536626747,0.5482531918393877,,VPS13C
ENSG00000168300,9.104752793917102,0.10799264512167352,0.09865554450179363,1.0946434452015024,0.2736728742944823,0.5482531918393877,,PCMTD1
ENSG00000072786,9.037970240180915,-0.10739774463343643,0.09815680775067669,-1.0941446354513913,0.2738915487790874,0.5482531918393877,,STK10
ENSG00000126945,14.824792300399407,0.09031889104935963,0.08256052615147054,1.093971844167455,0.2739673270316869,0.5482531918393877,,HNRNPH2
ENSG00000072135,14.338596554582805,-0.08133791540492312,0.07437266678408871,-1.0936533396207941,0.27410704591187696,0.5482531918393877,,PTPN18
ENSG00000110108,17.08692846754059,-0.09404315228787136,0.08599740753881097,-1.0935579917967797,0.27414888175579766,0.5482531918393877,,TMEM109
ENSG00000119396,12.593830504007565,0.08794736998651151,0.08046225339002867,1.0930264351434436,0.2743821932629331,0.5482531918393877,,RAB14
ENSG00000129071,8.688960990230875,0.10451577141668356,0.09564109512966919,1.0927914540813464,0.2744853746615945,0.5482531918393877,,MBD4
ENSG00000111275,47.233014646990014,-0.06055867812909878,0.05543816468036803,-1.0923644113807405,0.27467295915753764,0.5482531918393877,,ALDH2
ENSG00000141867,11.828495352574345,-0.10168801713696077,0.09311220648244799,-1.0921018948909706,0.27478831664758463,0.5482531918393877,,BRD4
ENSG00000122958,11.183984630111805,-0.10057824724647654,0.09210993039801009,-1.0919370670662172,0.2748607637603747,0.5482531918393877,,VPS26A
ENSG00000149357,66.78727508322194,-0.04427700398087226,0.04055029514560904,-1.0919033714028779,0.27487557568996623,0.5482531918393877,,LAMTOR1
ENSG00000240972,44.486183715994585,-0.08208422699021706,0.07527641570062882,-1.0904375059070641,0.2755204679927725,0.5489056427678638,,MIF
ENSG00000172243,33.63984188327158,-0.07895919686379653,0.07241918721548948,-1.090307691922124,0.27557762802894803,0.5489056427678638,,CLEC7A
ENSG00000114573,10.618023992693022,0.10315954611154406,0.09483158446562027,1.0878184382645526,0.2766752680560317,0.5507173248593208,,ATP6V1A
ENSG00000130706,20.442786574310336,0.0696931737003875,0.06416885359978988,1.086090366130769,0.27743901417298467,0.5517460356248245,,ADRM1
ENSG00000104886,13.955226064385151,0.07891478496565775,0.07270424687033486,1.08542194387075,0.2777348177184511,0.5517460356248245,,PLEKHJ1
ENSG00000120802,8.805123468010855,0.12544436731274758,0.11561263359413043,1.085040305829659,0.2779038040738302,0.5517460356248245,,TMPO
ENSG00000134375,13.1988879635049,0.08136991322419693,0.07499908520376886,1.0849454097089164,0.2779458342030793,0.5517460356248245,,TIMM17A
ENSG00000136710,11.264767893316227,0.08877444527168132,0.0818742938404246,1.0842773855821621,0.27824182903648587,0.5519594006902646,,CCDC115
ENSG00000170348,33.00233369024844,0.05697861536919901,0.05261106976984621,1.0830157154845772,0.27880144755364056,0.552695083572823,,TMED10
ENSG00000165525,15.849828198634695,0.08223765498736034,0.07604432402395804,1.0814436980391997,0.27949979249525203,0.5535231565021386,,NEMF
ENSG00000133606,18.492911640008458,0.0766024859332533,0.07084789884117765,1.0812245272788672,0.2795972501593794,0.5535231565021386,,MKRN1
ENSG00000101161,11.420091213755626,-0.09758082943322585,0.09037259261715788,-1.079761314877885,0.2802484820322604,0.5540484304339549,,PRPF6
ENSG00000143537,9.260604257618265,-0.10265264060296654,0.09507523822754708,-1.0796990101385198,0.2802762348543417,0.5540484304339549,,ADAM15
ENSG00000102103,17.13495242228809,-0.0730816958699409,0.06771961035737634,-1.0791806905601975,0.28050718582795064,0.5540484304339549,,PQBP1
ENSG00000158985,27.22684981631022,-0.07257010276956508,0.06726125361974171,-1.0789287868441568,0.28061947484069505,0.5540484304339549,,CDC42SE2
ENSG00000175581,9.751458067943334,-0.0913548419404428,0.08508850422018767,-1.0736449392040013,0.28298184797200376,0.5583361528719859,,MRPL48
ENSG00000110880,11.313589692507506,-0.09031548952618931,0.0843251411252137,-1.0710386999777513,0.28415202901390446,0.558925693641833,,CORO1C
ENSG00000113141,27.34211384507779,0.06529620978244932,0.06096533998656957,1.0710382292107914,0.2841522406800282,0.558925693641833,,IK
ENSG00000116918,8.598933861619287,0.10800169819075156,0.1008607308728452,1.0708002733681254,0.2842592439878012,0.558925693641833,,TSNAX
ENSG00000222041,21.271855883399535,0.07666093370974437,0.0716031094014474,1.0706369367277049,0.28433270852712555,0.558925693641833,,CYTOR
ENSG00000123136,13.427092588084712,0.08384214319338867,0.07832167380156915,1.07048456862408,0.2844012512890699,0.558925693641833,,DDX39A
ENSG00000003402,22.008283371458962,0.08245573432987205,0.07703369402976687,1.0703853082523866,0.28444590956241744,0.558925693641833,,CFLAR
ENSG00000140575,57.399552044306006,-0.05754837024113983,0.05378325178759968,-1.07000540741585,0.2846168747335973,0.558925693641833,,IQGAP1
ENSG00000064961,8.052365204047314,-0.1020616919051065,0.09557715937424964,-1.0678460478770402,0.28558996273001647,0.5604607311484505,,HMG20B
ENSG00000005810,23.33629572428007,0.07563622866702835,0.07087283503781976,1.0672104287441968,0.2858768243434,0.560465363773966,,MYCBP2
ENSG00000157020,13.843337892024818,0.08392120978658715,0.07865209734340813,1.0669926501790945,0.2859751548764704,0.560465363773966,,SEC13
ENSG00000064666,32.70702116695327,0.07035113085068499,0.06598552695938906,1.0661600216359983,0.28635131079231113,0.5606525142838016,,CNN2
ENSG00000167565,10.091349083831199,-0.09917663170484625,0.09305629551935446,-1.0657702539235385,0.28652751062489223,0.5606525142838016,,SERTAD3
ENSG00000169976,57.32509150078011,-0.040806814235051045,0.038297908428987844,-1.065510256538297,0.286645086708624,0.5606525142838016,,SF3B5
ENSG00000113163,8.283240999156686,-0.10658736447179816,0.10022855428248587,-1.0634430999711968,0.2875810560066182,0.5621076982559267,,CERT1
ENSG00000163811,10.092165346575088,-0.10387720286556365,0.09775888834289298,-1.0625857620353707,0.28796984663803005,0.5624921353943643,,WDR43
ENSG00000105819,11.914349307441329,-0.08481085140030825,0.07991914820677418,-1.0612081497775454,0.2885953164813062,0.5633380577715097,,PMPCB
ENSG00000144579,8.990160442932028,0.10121529627702767,0.09546322575866019,1.0602543070659403,0.2890289206516147,0.563808580724802,,CTDSP1
ENSG00000173465,9.254074502930965,0.09430543488305754,0.08919052079498913,1.057348180529469,0.2903527118770953,0.566013808506082,,ZNRD2
ENSG00000115216,8.177909799375506,0.1029219007705221,0.09746749328275722,1.0559612985217688,0.2909858967159047,0.5668707289315827,,NRBP1
ENSG00000119421,11.39281674628784,0.09220494796390832,0.0873732285761319,1.0552997693517339,0.29128824657380537,0.5670824374787913,,NDUFA8
ENSG00000162434,41.79798752676864,-0.06173527774291052,0.05859437090592774,-1.0536042419847027,0.2920641462643313,0.5682151629647588,,JAK1
ENSG00000047410,21.62656203302514,-0.08433609431642938,0.08012140323371837,-1.0526038101256978,0.29252261020936465,0.5685834380244525,,TPR
ENSG00000197872,14.478301881728925,-0.10194249854618237,0.0968718522403564,-1.052343856224043,0.29264181731654715,0.5685834380244525,,CYRIA
ENSG00000171222,42.111863082838745,0.05031622991002459,0.04790492909855382,1.0503351295335404,0.2935640592717441,0.5699970593817419,,SCAND1
ENSG00000167186,7.823353323782731,-0.13249773057365632,0.12628946634426913,-1.04915900279809,0.2941049439503116,0.5706688375656146,,COQ7
ENSG00000171148,9.368218378335051,0.09994285322968435,0.09557120182794723,1.045742350395543,0.295680004123429,0.5730557173278309,,TADA3
ENSG00000128951,25.67395135717973,0.06333952313025086,0.06058729509647661,1.045425827797589,0.29582620480988586,0.5730557173278309,,DUT
ENSG00000168610,13.593146866266322,0.09859759229245271,0.09433208189116238,1.0452180246187268,0.29592221468568314,0.5730557173278309,,STAT3
ENSG00000163463,28.689063239767616,0.06644361088452057,0.06359710400986984,1.0447584354502837,0.296134629583237,0.5730880339852729,,KRTCAP2
ENSG00000100804,8.531817965956646,0.10556537547503238,0.10112620625904964,1.043897317818995,0.2965328992816505,0.5731233312811241,,PSMB5
ENSG00000119414,10.760830635943353,0.08793253442100184,0.08423684675394376,1.0438725784436496,0.2965443466157456,0.5731233312811241,,PPP6C
ENSG00000137076,39.299701824177426,-0.07578246692358824,0.0728032794359624,-1.0409210616706672,0.2979121858754803,0.5753871241711123,,TLN1
ENSG00000197746,184.88157145691667,0.04506760509627178,0.043348781563998,1.039651022941353,0.2985020627350259,0.5761463676256795,,PSAP
ENSG00000117091,82.83478612457111,0.05376127736940674,0.0517455335702693,1.0389549331132144,0.2988256963391178,0.5763910664564802,,CD48
ENSG00000221869,76.43130493130741,0.09004781177411632,0.08675954909443932,1.0379008733217097,0.29931620692057315,0.5764066618383294,,CEBPD
ENSG00000137312,13.455559191549746,0.07877266298654514,0.07590631668164788,1.037761630786523,0.2993810440914564,0.5764066618383294,,FLOT1
ENSG00000141504,20.31690381279942,-0.06686523918285724,0.06443795093911316,-1.0376686131133748,0.2994243622459355,0.5764066618383294,,SAT2
ENSG00000163961,8.101816721722086,-0.11905231226703696,0.11492264955060766,-1.0359342804275562,0.30023280351619597,0.577583212020645,,RNF168
ENSG00000166927,16.295642499119918,-0.10027147542322526,0.09708531406462215,-1.0328181598761923,0.3016890036696521,0.5796363439962784,,MS4A7
ENSG00000198931,79.79470550934042,-0.04079812811864082,0.03950232216946718,-1.0328032854274884,0.30169596593248915,0.5796363439962784,,APRT
ENSG00000196776,32.32399505393174,0.058067757168350206,0.056255412179676625,1.032216366718371,0.3019707695440459,0.5797838775245681,,CD47
ENSG00000081870,13.201189278840305,0.08620510455980972,0.08365169608066106,1.030524288194785,0.30276395671807455,0.5809258619072886,,IFT25
ENSG00000126261,9.720896305891726,0.10418174358261563,0.10122421176316851,1.029217632500481,0.303377418398159,0.5817217295807529,,UBA2
ENSG00000119013,35.739882644901165,0.0541176622453218,0.05261502921872994,1.028559007737982,0.30368694902054494,0.5819341536205206,,NDUFB3
ENSG00000204370,21.976200376444172,0.06521310449820943,0.06349966541982485,1.0269834347481404,0.3044282643641928,0.5829731576575256,,SDHD
ENSG00000114784,19.830645975131503,0.07215214735300347,0.07039777404975087,1.0249208632933873,0.30540052947301355,0.5842941157476899,,EIF1B
ENSG00000006125,12.802895935695108,0.09348580837387288,0.0912347103817407,1.0246737012997928,0.3055171759596015,0.5842941157476899,,AP2B1
ENSG00000123685,12.939359078212563,0.11672967504719214,0.11400731666185682,1.0238788041421043,0.30589252278737233,0.5846300957711659,,BATF3
ENSG00000177674,16.85541005164033,0.08284345643776685,0.08103461186889557,1.022321876136061,0.3066285826356008,0.585407259073604,,AGTRAP
ENSG00000050393,9.083381476385963,0.09602739592544471,0.09394436635790018,1.0221730120527803,0.3066990216594633,0.585407259073604,,MCUR1
ENSG00000243646,9.124387511308553,0.09549410995727757,0.0936601419674994,1.0195810934219443,0.30792717545965087,0.5873685796389954,,IL10RB
ENSG00000168288,19.06680169879799,0.06847050032977338,0.06718798529904874,1.0190884579291413,0.3081609732248439,0.5874318552098587,,MMADHC
ENSG00000173163,11.406779167852667,-0.08349748715550698,0.08203561442660705,-1.0178199765933098,0.3087635166989059,0.5881975126183452,,COMMD1
ENSG00000097033,20.998461083506427,0.07279933398361303,0.07166463010693906,1.015833527292065,0.30970866739777436,0.5885577550053996,,SH3GLB1
ENSG00000099800,29.65376526264409,-0.05007032236267978,0.04929430159840206,-1.0157426059222812,0.30975197338999605,0.5885577550053996,,TIMM13
ENSG00000035928,10.048910788814123,0.10031849977272303,0.09878114393624107,1.015563252005608,0.3098374116707917,0.5885577550053996,,RFC1
ENSG00000204574,12.428793105204194,0.08831583339174374,0.087012904849452,1.0149739690284567,0.3101182361870404,0.5885577550053996,,ABCF1
ENSG00000162613,9.949766241407165,0.09732868122269593,0.09589368403809728,1.0149644598493948,0.3101227691914439,0.5885577550053996,,FUBP1
ENSG00000197766,27.949510534454628,-0.10440781636141556,0.10292149510186276,-1.0144413104189924,0.3103722207684413,0.5885577550053996,,CFD
ENSG00000167286,10.258488948421387,0.12064209393052537,0.11897808755586513,1.0139858221698086,0.3105895175307084,0.5885577550053996,,CD3D
ENSG00000132823,8.63648726763453,-0.12009597943673683,0.1184763846262801,-1.0136701910306054,0.3107401524693526,0.5885577550053996,,OSER1
ENSG00000121064,14.763045063926564,0.08649088363214487,0.0853282834419933,1.0136250272858462,0.3107617108054467,0.5885577550053996,,SCPEP1
ENSG00000099795,50.22771614047702,-0.04276360131672665,0.04221734785339438,-1.012939075785367,0.3110892623124868,0.5887972592443189,,NDUFB7
ENSG00000136758,14.654956701389095,0.08794114922228417,0.0870738081793155,1.0099609866744603,0.3125139817806797,0.5911117174766345,,YME1L1
ENSG00000084090,14.070665916160348,-0.07554926184180732,0.07500755049779759,-1.0072220908483827,0.3138280594964242,0.5932140466142867,,STARD7
ENSG00000125944,30.583640727477867,0.05850909210619149,0.05818120023839554,1.0056357013339776,0.31459084361588874,0.5935833061758303,,HNRNPR
ENSG00000065413,12.566835034730701,-0.08999459071659256,0.0895162962864151,-1.0053430989665515,0.3147316687250644,0.5935833061758303,,ANKRD44
ENSG00000132475,502.2954854875199,-0.03665563542628828,0.03648060084318798,-1.0047980180987888,0.31499411841296965,0.5935833061758303,,H3-3B
ENSG00000135968,13.994948137039753,0.08287534865789291,0.08249024155418976,1.0046685171051435,0.3150564926755658,0.5935833061758303,,GCC2
ENSG00000173272,28.31108369110568,-0.08068873178089965,0.08032930893787443,-1.0044743674230185,0.3151500202376939,0.5935833061758303,,MZT2A
ENSG00000099624,88.66793317710977,-0.036257450901755015,0.0361131234350277,-1.0039965379064202,0.3153802823397547,0.5935833061758303,,ATP5F1D
ENSG00000119866,12.673083815679792,-0.10096512775352613,0.10057615179913855,-1.0038674770055274,0.3154424946754071,0.5935833061758303,,BCL11A
ENSG00000135046,256.4908099740606,0.04741140709061787,0.047259983460926046,1.0032040559179844,0.3157624164601631,0.5938036964645842,,ANXA1
ENSG00000125827,9.71900357317144,-0.10375078673278736,0.10355739788874335,-1.0018674556138594,0.3164076125330366,0.5940981751857647,,TMX4
ENSG00000156976,53.58076413607941,0.05271270730395238,0.05262000005887314,1.0017618252560911,0.31645863867910107,0.5940981751857647,,EIF4A2
ENSG00000216490,42.96440300020756,0.09818216912067222,0.09805317525175158,1.0013155501450048,0.31667427739133935,0.5940981751857647,,IFI30
ENSG00000119185,14.157017722237127,-0.08943116303267522,0.0893240650950418,-1.0011989819039187,0.3167306186697332,0.5940981751857647,,ITGB1BP1
ENSG00000197992,9.79810057741922,0.2562111297328364,0.2565333981808096,0.9987437563675585,0.31791883809227284,0.5959451715327624,,CLEC9A
ENSG00000173141,24.028373723537133,0.0558800816424856,0.05600437887856849,0.9977805800444213,0.3183857690766918,0.5960645394414752,,MRPL57
ENSG00000131238,51.21341948268105,-0.04982983728097883,0.0499410786813594,-0.9977725471031509,0.31838966519346557,0.5960645394414752,,PPT1
ENSG00000161960,235.9805424008174,-0.029656324958416278,0.029767498299089756,-0.9962652776677281,0.31912126983647626,0.5970524460582763,,EIF4A1
ENSG00000109103,14.607419192570609,-0.07564196089875608,0.07607733051530005,-0.9942772753250534,0.32008789593029696,0.5976705528690432,,UNC119
ENSG00000077312,13.884842182175083,-0.07531898878886858,0.07576707262357138,-0.9940860347485116,0.320180983649351,0.5976705528690432,,SNRPA
ENSG00000100575,10.347704077827542,-0.08494743678680663,0.08545628380230784,-0.9940455283934607,0.32020070267887035,0.5976705528690432,,TIMM9
ENSG00000132965,22.07630574289549,0.10608595910240966,0.10673630080541405,0.9939070241511367,0.32026813437552215,0.5976705528690432,,ALOX5AP
ENSG00000070423,9.983983797335965,-0.088226436035806,0.08883928979601721,-0.9931015459306534,0.3206604706945083,0.598021565728357,,RNF126
ENSG00000091527,17.1829912602802,-0.10240961425899069,0.10320127092282143,-0.9923290027656464,0.3210370598135811,0.5983427823896661,,CDV3
ENSG00000152492,14.047452177455447,0.08629260249427423,0.0870491484015954,0.9913089797980459,0.32153472951867357,0.5988891145233309,,CCDC50
ENSG00000067900,24.371380805549983,0.07641488907471204,0.07717243616210127,0.9901837090409067,0.32208433375318135,0.599531423540569,,ROCK1
ENSG00000262814,12.16605932878899,0.08537516253721728,0.08640003016046084,0.9881381103532002,0.32308501347852436,0.6006448574061304,,MRPL12
ENSG00000115539,13.562922725165905,0.0765909580348493,0.07753946204704946,0.9877674672075409,0.3232665438578607,0.6006448574061304,,PDCL3
ENSG00000092199,101.20407073006558,-0.03324296831163977,0.03366927899895388,-0.987338288790581,0.323476826181596,0.6006448574061304,,HNRNPC
ENSG00000105583,54.751968188371386,-0.044360028661658966,0.04495100233295546,-0.9868529367394501,0.3237147389956301,0.6006448574061304,,WDR83OS
ENSG00000155463,27.959450681339867,-0.05751149452838164,0.05829863835352219,-0.9864980753003643,0.32388875926289684,0.6006448574061304,,OXA1L
ENSG00000180353,56.005511859997696,0.04457127957833925,0.04518360870039553,0.9864479810340842,0.32391332986484966,0.6006448574061304,,HCLS1
ENSG00000178209,7.828537986788139,-0.10817374179337749,0.10980211307349705,-0.9851699458731765,0.32454060053369516,0.6014271382042149,,PLEC
ENSG00000213977,8.535481739693106,-0.0947985381047874,0.09628015697258191,-0.9846113787681461,0.3248149982579104,0.601554911384669,,TAX1BP3
ENSG00000188906,8.969131544113521,0.11063891958570826,0.11257101488298042,0.9828366538288688,0.32568783881314856,0.6024353833813614,,LRRK2
ENSG00000102054,11.295926169718864,0.08024016444703745,0.08164377980921281,0.9828080551212186,0.3257019166300188,0.6024353833813614,,RBBP7
ENSG00000237765,12.42521363898333,0.08014593528370517,0.08181148239804997,0.979641646068199,0.32726304001870943,0.6041800743630356,,FAM200B
ENSG00000198818,35.18868169128204,0.05713176130984697,0.0583199198490808,0.9796268831934523,0.32727032986577687,0.6041800743630356,,SFT2D1
ENSG00000077549,67.53112119545467,0.036225704343545384,0.03698958262560603,0.9793488266739228,0.3274076527289753,0.6041800743630356,,CAPZB
ENSG00000062485,8.154393093319708,-0.10059301637249818,0.10272754163180046,-0.9792214899198802,0.32747055260045677,0.6041800743630356,,CS
ENSG00000157445,13.463696595710141,-0.09610999836735758,0.09849393222696971,-0.9757961347901251,0.32916550056394545,0.6069248020473755,,CACNA2D3
ENSG00000130592,169.92590565488968,0.03601919318667383,0.036945876749295066,0.9749178083143225,0.3296010317483259,0.6073453876394577,,LSP1
ENSG00000113580,16.212608444640278,0.07678262088712064,0.07880155903432881,0.974379464417339,0.32986816196281765,0.6074553322183208,,NR3C1
ENSG00000153113,60.60481849784628,0.06780898744496401,0.06964451055654997,0.9736443964223779,0.33023313447110514,0.6077452028481432,,CAST
ENSG00000130775,29.81983223058548,-0.0909306582084709,0.09343712196113042,-0.9731748613393485,0.330466402589372,0.6077924791342219,,THEMIS2
ENSG00000102871,12.056502073388847,-0.08201595342148704,0.08440311218670478,-0.971717171282296,0.33119127186150543,0.6087432793537275,,TRADD
ENSG00000090520,12.749904507324176,0.0752988710271605,0.07754187547459745,0.9710736368741589,0.33151161080278835,0.6089498095549336,,DNAJB11
ENSG00000129515,20.70039436301434,0.0612255411896827,0.06308642638106529,0.9705026057405415,0.33179602669928776,0.6089759874416599,,SNX6
ENSG00000139725,12.50123743836238,-0.08345237071395491,0.08601475048400431,-0.9702099958945307,0.33194182922024906,0.6089759874416599,,RHOF
ENSG00000107372,35.06455227997667,0.059891750060000915,0.06177340013608129,0.9695394769927628,0.332276093533457,0.6092075152573339,,ZFAND5
ENSG00000109180,24.36835362436985,0.05722695290610611,0.05915925024253077,0.967337359271746,0.3333754133585942,0.6108405571426557,,OCIAD1
ENSG00000181610,9.874876664033415,0.08970162423017541,0.09284850721621724,0.9661073389288463,0.33399047259361614,0.611264248124554,,MRPS23
ENSG00000103187,353.1021902983402,-0.03206384739499561,0.03319101516164624,-0.966039973132454,0.33402417930303496,0.611264248124554,,COTL1
ENSG00000140740,32.9480491897289,0.05349326038348987,0.05541574853944249,0.9653079096353939,0.3343906112498659,0.6115525982133713,,UQCRC2
ENSG00000145088,10.588160804356898,0.09000605659683694,0.09331215516902168,0.964569475796629,0.3347604942777216,0.6117171673549439,,EAF2
ENSG00000168522,12.911956093370485,0.07857559492380047,0.08152453147448974,0.9638276173152612,0.33513235810301234,0.6117171673549439,,FNTA
ENSG00000171314,35.211129994508994,0.05271571163394063,0.054708746163285756,0.9635700930999836,0.3352615068297866,0.6117171673549439,,PGAM1
ENSG00000100373,13.58178051178447,-0.08872466031205926,0.09208952846211464,-0.9634609036852689,0.33531627513821205,0.6117171673549439,,UPK3A
ENSG00000105374,30.640935645306747,-0.08805698201186214,0.0915039692336054,-0.9623296426306572,0.33588404334962463,0.6123714065552309,,NKG7
ENSG00000183943,8.730163408918342,-0.11879069610069634,0.12351163093240901,-0.9617774067423969,0.3361614294619826,0.612495747022206,,PRKX
ENSG00000137133,15.759950683243586,-0.06366894283171028,0.06627869494388305,-0.9606245700163165,0.3367409701516493,0.6131399842117862,,HINT2
ENSG00000243927,16.087335313630977,0.06749156416314686,0.07031496058144686,0.9598464338889927,0.3371325087163294,0.6131399842117862,,MRPS6
ENSG00000123179,11.847074755925012,-0.0891920065972427,0.09292526647178069,-0.9598251367331652,0.3371432290235573,0.6131399842117862,,EBPL
ENSG00000242259,9.836158986554373,0.08187714539182994,0.08536831129277196,0.9591046625138336,0.33750602180889944,0.6134187658947595,,C22orf39
ENSG00000175193,18.58454791609845,0.05972493954549671,0.062385852972414044,0.9573474866474304,0.33839189446362317,0.6142435140202354,,PARL
ENSG00000159335,8.74257747218853,0.11090233847429512,0.11587141295150648,0.9571156133282764,0.3385089037978609,0.6142435140202354,,PTMS
ENSG00000213585,42.37231840808402,0.0499015094057624,0.05215737438384021,0.9567488777046886,0.33869402119489767,0.6142435140202354,,VDAC1
ENSG00000127922,61.352941655257794,0.04270025223864331,0.04465314345021239,0.9562653139135316,0.3389382093307489,0.6142435140202354,,SEM1
ENSG00000197043,20.085571722995073,0.08560973723150783,0.08953815830127339,0.9561257329355892,0.3390087153882173,0.6142435140202354,,ANXA6
ENSG00000143226,13.059370476153953,0.10073009972893114,0.10565345426587583,0.9534009127183376,0.34038697915813665,0.6163593537260508,,FCGR2A
ENSG00000123416,142.87992695344224,0.05185534802603083,0.05441454722213036,0.9529684739330385,0.34060604424727203,0.616374843977758,,TUBA1B
ENSG00000108528,12.288903508662896,0.07759858434160635,0.08149672240637064,0.952168161495786,0.34101170516917045,0.616415289745094,,SLC25A11
ENSG00000214113,15.582393206466332,-0.06969941978995169,0.07320646780965659,-0.9520937408314312,0.34104944309667085,0.616415289745094,,LYRM4
ENSG00000196199,16.85008268251909,0.07221022553760527,0.07588990552872316,0.9515129190703078,0.3413440635081083,0.6165671918271074,,MPHOSPH8
ENSG00000159110,9.737853043982819,0.09314655110375732,0.09800467110838693,0.95042970962826,0.34189395393868705,0.6169481583386326,,IFNAR2
ENSG00000172922,16.83179368075466,0.06857546332398623,0.07216438404485721,0.9502674239048432,0.34197638694795107,0.6169481583386326,,RNASEH2C
ENSG00000146425,26.409424438568617,0.07272580314465443,0.07657718333026656,0.9497059043161502,0.34226170883609186,0.6170826868670425,,DYNLT1
ENSG00000118292,22.5310562183697,0.15211620681514829,0.1603924158260835,0.9484002471793352,0.34292573364802015,0.6178994142285557,,C1orf54
ENSG00000212907,81.90636580482963,-0.1079346501963014,0.11390043783061138,-0.9476227857597695,0.34332152205744093,0.6181726871259512,,MT-ND4L
ENSG00000166913,106.80488802726371,0.03566735113768401,0.03765265999073832,0.9472730783550843,0.3434996454760665,0.6181726871259512,,YWHAB
ENSG00000183255,17.488465817577126,0.0795117674836474,0.08406848758100212,0.9457975249886088,0.3442518682043978,0.6190015453484423,,PTTG1IP
ENSG00000162384,9.089098513731509,0.08396922485463891,0.08880553463940447,0.9455404462750725,0.34438303188955344,0.6190015453484423,,CZIB
ENSG00000144426,42.707656965940224,-0.11803052677893422,0.12498975715953285,-0.9443215945150121,0.3450053340967052,0.619670379628555,,NBEAL1
ENSG00000165916,16.11594221230948,0.06287658363359472,0.06662932640024005,0.9436773119376484,0.34533457133377243,0.619670379628555,,PSMC3
ENSG00000179820,33.94943220168805,-0.08393081969890431,0.0889850284411704,-0.943201583111169,0.3455778038032076,0.619670379628555,,MYADM
ENSG00000104388,26.97531452492695,0.05266653291346259,0.05584637355655468,0.9430609287481859,0.3456497390179639,0.619670379628555,,RAB2A
ENSG00000163444,13.31913782719445,-0.07019576154948046,0.07445921030369698,-0.9427411499957201,0.34581331977905017,0.619670379628555,,TMEM183A
ENSG00000127125,17.701256058307752,0.06330735838354051,0.06721578090748649,0.941852605575982,0.3462681078722111,0.6199100631037959,,PPCS
ENSG00000059728,12.035063288603595,0.12045574095013221,0.1279195074167032,0.9416526328368555,0.3463705134008914,0.6199100631037959,,MXD1
ENSG00000131495,53.34395060426456,0.035587998681960706,0.03782482954646018,0.9408634251278786,0.34677485289135823,0.6202545933206457,,NDUFA2
ENSG00000197451,18.004767988586963,-0.07776324562925484,0.08273893331888134,-0.9398628011017512,0.3472879403733138,0.6207930948797697,,HNRNPAB
ENSG00000136286,13.359310074297985,0.07839577932797169,0.08345890152197992,0.9393339463894719,0.34755931488863323,0.6208991299535803,,MYO1G
ENSG00000163527,10.16193804842778,0.08866188102128927,0.09452903459241471,0.9379327886249645,0.34827895157819067,0.6218053476956965,,STT3B
ENSG00000100599,19.84873698532007,0.06767550198285607,0.07222196835217366,0.9370487059124754,0.3487335047139878,0.6221446418991045,,RIN3
ENSG00000145220,8.839857276370896,0.0949395448196116,0.10135135462649068,0.9367368119497912,0.3488939556005224,0.6221446418991045,,LYAR
ENSG00000196924,28.751968319536235,0.056891773639992975,0.06077500171504674,0.9361048463106444,0.3492192080618708,0.6223456124194507,,FLNA
ENSG00000130638,18.425407696645088,-0.06026026348481103,0.06444914472894958,-0.9350048590752366,0.3497857952948259,0.6229761609630476,,ATXN10
ENSG00000196562,17.20641215309218,0.08730010968752798,0.09347668120917799,0.933923932239011,0.3503431327616999,0.6233165489373103,,SULF2
ENSG00000130312,16.015935743745104,-0.06916995633183717,0.07407295539892388,-0.9338085129629115,0.3504026774422174,0.6233165489373103,,MRPL34
ENSG00000137409,13.75162747277588,0.07436289833291262,0.07968432123140141,0.9332186957703323,0.3507070636959875,0.6234792243484222,,MTCH1
ENSG00000141580,10.125922867674953,0.09799422772018557,0.10519953133765268,0.931508215617989,0.35159073682048814,0.6242927134568179,,WDR45B
ENSG00000008294,10.663057153424017,0.1109376981717391,0.11909479222765178,0.9315075503862482,0.3515910807685426,0.6242927134568179,,SPAG9
ENSG00000138029,19.16049907073877,0.05990222908228406,0.06442726737044799,0.9297651681834406,0.35249268454537275,0.625514291120516,,HADHB
ENSG00000132507,48.536002136068596,0.09584032517971303,0.10340319635492314,0.9268603733558568,0.35399903387195186,0.626910005125563,,EIF5A
ENSG00000100225,13.273946401654225,0.07115889795940453,0.07677748186450797,0.9268198986387863,0.3540200516748957,0.626910005125563,,FBXO7
ENSG00000171204,9.862102582013417,0.08594610536011275,0.09274672815787202,0.9266753347224997,0.35409512759065465,0.626910005125563,,TMEM126B
ENSG00000102580,13.054693157018484,0.07655470607798266,0.08264137302046588,0.9263484291218651,0.35426493551800753,0.626910005125563,,DNAJC3
ENSG00000175482,27.32272318653481,-0.055059736237382174,0.059447869301278315,-0.9261851919089422,0.3543497467495925,0.626910005125563,,POLD4
ENSG00000124299,9.942619340355405,0.08477514119611955,0.09161858883414302,0.9253050311611746,0.3548072624471291,0.6271800536054171,,PEPD
ENSG00000114023,22.04867116563738,-0.05493964787263967,0.05938987898836547,-0.9250675166959407,0.354930788532847,0.6271800536054171,,FAM162A
ENSG00000114439,16.24864099805402,0.07196966702726464,0.0778819136128674,0.9240870400926312,0.3554410002917271,0.6277028038927485,,BBX
ENSG00000214253,32.27663896382214,-0.05072541645216931,0.05515422401111768,-0.9197013893613003,0.3577288264015682,0.6301983217989554,,FIS1
ENSG00000111276,9.949572392528214,-0.09260346639092071,0.10071690619227328,-0.9194431192528528,0.357863844394525,0.6301983217989554,,CDKN1B
ENSG00000112697,8.729004347503427,-0.09190504822241975,0.09995777808629286,-0.9194386868331423,0.35786616184698594,0.6301983217989554,,TMEM30A
ENSG00000178585,13.96915920946169,0.06590922129318522,0.0716844269017838,0.919435700915747,0.3578677230134971,0.6301983217989554,,CTNNBIP1
ENSG00000147202,8.413262032519162,0.10712287694649823,0.1165245313937517,0.919316093059546,0.35793026268840944,0.6301983217989554,,DIAPH2
ENSG00000059377,13.524430705945486,0.0898582068276649,0.09783033201287036,0.9185107009127121,0.3583515592574884,0.6305609167703883,,TBXAS1
ENSG00000160593,96.83034022901926,-0.046951096666076726,0.05116593613587512,-0.9176241111155368,0.35881569041328987,0.630998403321389,,JAML
ENSG00000079246,36.08310895882442,0.054349356255240136,0.05929677392180149,0.9165651461395549,0.35937055529810713,0.6311072901796034,,XRCC5
ENSG00000114021,8.344643220327761,-0.09027271253012542,0.09849892817332435,-0.9164842115974744,0.35941298465954497,0.6311072901796034,,NIT2
ENSG00000165283,13.011238052159628,-0.06774593213642718,0.07394314135180559,-0.9161895329021332,0.3595674944726377,0.6311072901796034,,STOML2
ENSG00000166326,8.944506353626535,-0.10142278210782135,0.11074035945555905,-0.9158610519818937,0.35973977708666605,0.6311072901796034,,TRIM44
ENSG00000100354,23.25396236788715,-0.061901689819620354,0.0676577631521251,-0.9149236825999922,0.36023169628429397,0.6315918603116244,,TNRC6B
ENSG00000100503,13.588562739561619,-0.09547494061204358,0.10450624243270804,-0.9135812214616773,0.3609369373917385,0.6322013694001019,,NIN
ENSG00000126698,35.378142662692575,0.04716360584264886,0.051632953113698817,0.9134400222817356,0.3610111644935008,0.6322013694001019,,DNAJC8
ENSG00000167088,42.7967009183172,0.04209912437173023,0.04613608453631955,0.9124988562605194,0.36150617134175755,0.6325065617159787,,SNRPD1
ENSG00000114353,50.94074209538036,0.0579779708491392,0.06355231382684916,0.9122873324030738,0.3616174809810616,0.6325065617159787,,GNAI2
ENSG00000160446,9.420287862077782,-0.0814908769063895,0.08946585791911409,-0.9108600621710378,0.36236911107043457,0.6334428401279,,ZDHHC12
ENSG00000161921,12.009407114649214,-0.09823207430483637,0.10804571464351793,-0.9091714060936119,0.3632596551309034,0.634620686290743,,CXCL16
ENSG00000137841,10.893957924831682,-0.08307759172888395,0.09148906094596752,-0.9080603830653448,0.3638463199988631,0.6351894434318824,,PLCB2
ENSG00000053254,17.42667101735775,-0.06879669043679755,0.07578953197382385,-0.9077334117930496,0.36401908677551187,0.6351894434318824,,FOXN3
ENSG00000105677,25.770025117373518,-0.04854485530565028,0.05354974539964359,-0.9065375557504215,0.36465139615913433,0.6358976392120406,,TMEM147
ENSG00000120963,30.59716921706354,0.054749716471464316,0.06046364537955883,0.9054981076277243,0.3652015619571073,0.6358976392120406,,ZNF706
ENSG00000082153,26.97704978160216,-0.0590950835835968,0.06526651612876516,-0.9054425927531867,0.3652309598018718,0.6358976392120406,,BZW1
ENSG00000078124,10.970708289337944,0.07743538922669929,0.0855371372544785,0.9052838534486373,0.3653150281912516,0.6358976392120406,,ACER3
ENSG00000174886,65.25601727578983,-0.03404832961599862,0.03762603023702139,-0.9049142150132393,0.3655108356536422,0.6358976392120406,,NDUFA11
ENSG00000205155,17.35100510569164,-0.06594575754688932,0.07301503695665373,-0.9031804994639504,0.3664301056870992,0.6367513308012547,,PSENEN
ENSG00000138629,10.725002680312247,0.07851560673265798,0.08693350871946644,0.9031685007219374,0.3664364728142466,0.6367513308012547,,UBL7
ENSG00000100201,31.294647717805564,-0.05914305122677009,0.0655265754948057,-0.9025811402498574,0.3667482397467484,0.6368765379147476,,DDX17
ENSG00000139112,13.469955124974273,-0.12310916415797976,0.1364523879205426,-0.9022133363445958,0.3669435517288864,0.6368765379147476,,GABARAPL1
ENSG00000170275,21.131775629116902,-0.061164768309804426,0.06784609957912716,-0.901522249462101,0.3673107094215321,0.6371361120771599,,CRTAP
ENSG00000186517,23.829874538961292,-0.060273741605148486,0.06694157456363747,-0.9003932458721857,0.3679110138754337,0.6374242158033405,,ARHGAP30
ENSG00000123146,16.317294861283877,0.07769432842908204,0.0862895422096741,0.9003910142470495,0.36791220106135436,0.6374242158033405,,ADGRE5
ENSG00000108256,16.728225632041333,-0.09400691614087578,0.10453529560450672,-0.8992839748264219,0.36850142093962457,0.6377747381960488,,NUFIP2
ENSG00000164609,10.419325432231352,0.08649471822144099,0.09619155199585623,0.8991924594913182,0.36855015608870034,0.6377747381960488,,SLU7
ENSG00000072364,9.715798940865161,0.09514085472525388,0.10597319899394404,0.8977822282282032,0.3693016610899277,0.6386857927135936,,AFF4
ENSG00000109332,86.39423130746589,0.037086849839924,0.04134702118341225,0.8969654591417736,0.36973734855071283,0.6386857927135936,,UBE2D3
ENSG00000096384,100.88329978363454,0.04067942611417896,0.0453706421841384,0.896602387708775,0.36993112352193347,0.6386857927135936,,HSP90AB1
ENSG00000048052,13.399718924138728,0.0867557123913728,0.09676416309526813,0.8965686222693663,0.3699491476920269,0.6386857927135936,,HDAC9
ENSG00000125676,15.99952216872169,0.06814378509326352,0.07604718436155676,0.8960724274719033,0.370214082023663,0.6387665481233267,,THOC2
ENSG00000131508,38.756863822205936,0.042070549933776534,0.04701708017540459,0.8947929088073048,0.3708978017283443,0.6393466578390513,,UBE2D2
ENSG00000144034,16.534201062184543,0.06118460803697599,0.06839133251647866,0.8946251781573894,0.3709874878402968,0.6393466578390513,,TPRKB
ENSG00000074201,34.746479783701176,-0.04447517491099177,0.04973640060111869,-0.8942178037304819,0.3712053682808699,0.6393466578390513,,CLNS1A
ENSG00000087266,10.516315977054829,-0.08710342169479912,0.09751200015347823,-0.8932584867267966,0.371718763666373,0.6397523288514725,,SH3BP2
ENSG00000140836,9.730039493257534,0.10056021934759837,0.11261430687118691,0.8929613131893044,0.37187789060970156,0.6397523288514725,,ZFHX3
ENSG00000166200,10.81367373596327,0.08676989808420066,0.09732493546047158,0.891548478030506,0.3726349963647121,0.6402325946265575,,COPS2
ENSG00000124491,11.254797482944698,-0.12487529497943768,0.1400858630154037,-0.8914196785560474,0.37270406449753746,0.6402325946265575,,F13A1
ENSG00000149932,36.36023990807604,0.042021436467476664,0.04715064943139375,0.8912164938177508,0.37281303751307393,0.6402325946265575,,TMEM219
ENSG00000117054,9.271478777276913,0.08648680538065748,0.0971588992376187,0.8901583494594685,0.3733808655629469,0.6408318724315994,,ACADM
ENSG00000121281,8.8043214426106,0.08854671894141587,0.09961889939523796,0.8888546197454639,0.37408121694675234,0.6416577640422325,,ADCY7
ENSG00000198498,8.606000065240528,0.08932979911115892,0.10063232897712059,0.8876849022491432,0.374710269367895,0.6423604617735342,,TMA16
ENSG00000115756,8.053654137847257,0.09070985578170716,0.10241030066952506,0.8857493356495958,0.3757526165639242,0.6435661462883103,,HPCAL1
ENSG00000153006,11.922941147949162,-0.073245245193015,0.08271987191220423,-0.8854612984743829,0.3759078841220459,0.6435661462883103,,SREK1IP1
ENSG00000148908,77.58688073101649,0.04039564329680976,0.0456367958644079,0.8851551151143432,0.37607297687817587,0.6435661462883103,,RGS10
ENSG00000204569,9.844202394481812,-0.11856908770120389,0.1340752087384268,-0.884347589810772,0.3765086056996668,0.6436122792731014,,PPP1R10
ENSG00000185825,24.309923735091164,0.049137752944808835,0.055567840470366246,0.884284012638812,0.37654291635316783,0.6436122792731014,,BCAP31
ENSG00000143384,73.12209169049933,0.06600366386343157,0.07469014471109131,0.8836997721552168,0.376858303365847,0.6436122792731014,,MCL1
ENSG00000179950,15.726702411847992,-0.06440428472780697,0.07289874370635441,-0.8834759208915284,0.37697918680101394,0.6436122792731014,,PUF60
ENSG00000048740,43.959529179295544,0.058443703787034576,0.06623333106410184,0.8823911291804376,0.3775653311613484,0.6442373482753078,,CELF2
ENSG00000012779,9.369680737123016,0.08247996064289001,0.09355856209619721,0.8815864501859686,0.3780004851485679,0.6446042053086818,,ALOX5
ENSG00000141027,23.064458743985842,-0.05914046069202351,0.06715797076100521,-0.8806171482233495,0.37852507390502177,0.6451230596006424,,NCOR1
ENSG00000179912,8.854427180810541,0.09097123878493767,0.10344137267869735,0.8794473277873682,0.37915878033754946,0.6452444309955819,,R3HDM2
ENSG00000158050,36.6685473686359,0.10825066128138615,0.12311312842491574,0.8792779670724238,0.37925057922355165,0.6452444309955819,,DUSP2
ENSG00000143162,13.175908157414092,0.07468573348183512,0.08497362933164342,0.8789283695338506,0.37944011542804323,0.6452444309955819,,CREG1
ENSG00000119397,9.76176326796258,0.09375431765199084,0.10667732277301765,0.8788589291041387,0.3794777698683033,0.6452444309955819,,CNTRL
ENSG00000167552,69.02138477420868,-0.06425597193734046,0.07318770195471584,-0.8779613271243056,0.3799647061146709,0.6456974228112341,,TUBA1A
ENSG00000249915,28.17621499360637,0.04992393932336143,0.056901424858902185,0.8773759083741268,0.3802824942584455,0.6458626120584272,,PDCD6
ENSG00000169813,29.718465890000385,0.06261459683436622,0.07146934408128093,0.8761042603547006,0.3809733569092827,0.6466608632060172,,HNRNPF
ENSG00000141526,9.779604788186981,0.08750296119524761,0.09998754221079548,0.8751386348788567,0.38149847765678946,0.6470996481522807,,SLC16A3
ENSG00000112081,92.01945596363319,0.03462968366743515,0.03958509224058466,0.8748162933906476,0.3816738703411847,0.6470996481522807,,SRSF3
ENSG00000135930,22.0464095230155,0.049413318615968885,0.05653956785018917,0.8739599628157321,0.38214005780128013,0.647515097941058,,EIF4E2
ENSG00000120656,12.050558846910413,0.07021636978334997,0.08038265162745187,0.8735264184712467,0.3823762129854519,0.6475405156861788,,TAF12
ENSG00000172775,14.716681744247957,0.06904780001024585,0.07912347302838975,0.8726588630085952,0.3828490461950599,0.6477196649400153,,PSME3IP1
ENSG00000132002,9.51977035292578,-0.0934166425949821,0.10706525690915239,-0.8725206037122623,0.382924433063923,0.6477196649400153,,DNAJB1
ENSG00000138069,17.700803073419827,-0.06102853417171126,0.07001239514205337,-0.8716818507335153,0.3833819640468954,0.6481191632386315,,RAB1A
ENSG00000147669,19.49339899230473,0.057049386430430664,0.0655090526843881,0.8708626379515099,0.38382915908930626,0.6485007373418862,,POLR2K
ENSG00000073921,14.002827307252623,0.07675749329869003,0.08822587179228031,0.8700111627052944,0.38429430394290365,0.648912181052377,,PICALM
ENSG00000124228,16.483735852225767,-0.06732642032476985,0.07752571739124081,-0.8684398234588497,0.3851536018779341,0.6496471605740771,,DDX27
ENSG00000012660,17.839594133451776,-0.06659919223361527,0.07671421615184902,-0.8681466822497156,0.38531403810033116,0.6496471605740771,,ELOVL5
ENSG00000160908,7.90796345213065,-0.09688072505437986,0.11161394005343896,-0.8679984328838758,0.3853951905454822,0.6496471605740771,,ZNF394
ENSG00000111775,91.23002683033363,0.029153260354670158,0.03366054861776378,0.8660958169673153,0.3864376189430442,0.6510295444564058,,COX6A1
ENSG00000108523,8.472274551167423,0.08367479693240483,0.0966715470434006,0.8655576484654695,0.3867327892172061,0.6511521603381136,,RNF167
ENSG00000214022,7.930350675489314,-0.09422039181944011,0.10891707639417436,-0.865065377613089,0.38700290635686574,0.6512324769039672,,REPIN1
ENSG00000071994,13.3307052204788,0.06451315263704596,0.0746300243900321,0.8644396563491225,0.38734641600264486,0.6514361321400024,,PDCD2
ENSG00000135185,14.064626206920675,-0.07262787574388377,0.08407423179922784,-0.8638541701733492,0.38766800562618453,0.6516027098010725,,TMEM243
ENSG00000105185,17.964169493427697,-0.059155993999001885,0.06854192891707078,-0.8630628716413132,0.38810290019863747,0.6517067987372906,,PDCD5
ENSG00000118508,31.06323767277111,0.06295447107022929,0.07296890636384547,0.8627574977802036,0.38827081193339896,0.6517067987372906,,RAB32
ENSG00000088832,119.89446666629256,-0.031334685194108175,0.03634462271727981,-0.862154642183431,0.3886024257538687,0.6517067987372906,,FKBP1A
ENSG00000213402,9.864395389825486,-0.09556922955730636,0.1109086105370864,-0.8616935068837532,0.3888561996204922,0.6517067987372906,,PTPRCAP
ENSG00000085514,21.67041120494556,0.0657093919986595,0.07629514128001451,0.8612526419932334,0.38909891249882245,0.6517067987372906,,PILRA
ENSG00000089053,15.056512178921606,-0.0609717544187761,0.07082173374232986,-0.8609186925670181,0.38928282570595385,0.6517067987372906,,ANAPC5
ENSG00000175324,13.466689625915249,0.06474266677337934,0.0752026531523169,0.8609093437467997,0.38928797506541024,0.6517067987372906,,LSM1
ENSG00000124357,20.408434470167595,0.07072667248849697,0.08236165032065193,0.85873306585216,0.39048780325784027,0.6533418788222607,,NAGK
ENSG00000166946,16.657740981315175,0.05991546833436297,0.07002787297038289,0.8555945767437947,0.39222207076581805,0.6553510328626541,,CCNDBP1
ENSG00000106565,7.614687879178955,0.23112004654209828,0.27018644642590794,0.855409475935638,0.3923244995095845,0.6553510328626541,,TMEM176B
ENSG00000141480,35.752257496012945,0.04737730963255886,0.05539873197035331,0.8552056689296222,0.39243729841353603,0.6553510328626541,,ARRB2
ENSG00000131171,77.92132309872633,0.0345315029873348,0.04040375843755685,0.8546606633316678,0.39273903347452255,0.6553510328626541,,SH3BGRL
ENSG00000179833,8.75706202516463,0.0906409260339757,0.10607026802478244,0.8545365984443275,0.3928077399842752,0.6553510328626541,,SERTAD2
ENSG00000180304,16.867946892318322,-0.06066189390101707,0.07135000068078746,-0.8502017284121989,0.3952129409617595,0.6589883206925011,,OAZ2
ENSG00000062716,17.088483465862613,0.0609325797676573,0.07186845337367821,0.8478348553132191,0.39652994866092206,0.6605481239422797,,VMP1
ENSG00000106603,8.293305733253156,0.08858315133185159,0.10449702038377945,0.8477098294910035,0.3965995908096065,0.6605481239422797,,COA1
ENSG00000105258,16.63508123917065,-0.061289647131532794,0.07238067406494772,-0.8467681176405891,0.39712438230615,0.6610302961564392,,POLR2I
ENSG00000105220,8.072867093874372,-0.08709814435262299,0.10290662790337833,-0.8463803170618093,0.3973406151760017,0.6610302961564392,,GPI
ENSG00000170144,66.20588634885637,0.03658724251324952,0.043377659420456995,0.8434581994987701,0.3989722342444114,0.6633678034455631,,HNRNPA3
ENSG00000164031,10.170395203942537,-0.07913845501941932,0.09401046857777023,-0.8418047076741455,0.39989727640839645,0.6645285047240549,,DNAJB14
ENSG00000118418,49.68671173625508,-0.03797763412327007,0.04517442878576615,-0.8406887512263643,0.40052232395360476,0.6649740519633625,,HMGN3
ENSG00000086300,27.033277946319572,0.05834047209919991,0.06943166836932219,0.8402573849856841,0.4007640895463228,0.6649740519633625,,SNX10
ENSG00000174917,36.779203519757644,-0.03958053722929308,0.0471135183672081,-0.8401099854355577,0.40084672189731374,0.6649740519633625,,MICOS13
ENSG00000163636,14.042686363144423,0.06136479248899542,0.07320735770703007,0.8382325822299496,0.40190009124638437,0.6663439791446283,,PSMD6
ENSG00000107968,64.33585629563217,0.09838641884892659,0.1174484988092935,0.8376983941589675,0.40220011556514834,0.666464028508633,,MAP3K8
ENSG00000069345,12.250401080232994,0.06931515273406096,0.08292981750820443,0.8358290759195686,0.4032510667202156,0.6678275584597235,,DNAJA2
ENSG00000273338,23.985931688365596,-0.09089137947142878,0.1088486121112122,-0.8350256168499763,0.40370328521447785,0.6681888864083437,,ENSG00000273338
ENSG00000183648,83.58427392030549,-0.04821376229441201,0.057766579895416705,-0.834630722152851,0.4039256587919291,0.6681888864083437,,NDUFB1
ENSG00000196230,24.446577355041587,0.061651051066418265,0.07392381139352597,0.8339809582899494,0.404291714135362,0.6684167922012083,,TUBB
ENSG00000146731,26.9284024385619,-0.046852281318488544,0.05621283101752486,-0.8334801942973112,0.4045739632947475,0.668505961922698,,CCT6A
ENSG00000051108,68.69056703477547,-0.06557567379273281,0.07873466459593424,-0.832869157813356,0.404918525724147,0.6685786945866583,,HERPUD1
ENSG00000165416,12.589273312049166,-0.06535266173591268,0.07849298597160509,-0.8325923765921462,0.4050746599032554,0.6685786945866583,,SUGT1
ENSG00000084207,301.6371935882822,-0.02371451260260932,0.02850288738230305,-0.8320038698020905,0.4054067602008622,0.6687498557003518,,GSTP1
ENSG00000106245,24.207954147915242,-0.048922619157526444,0.05884032518601914,-0.8314471241085322,0.4057210871122454,0.668770743607386,,BUD31
ENSG00000136100,11.698884379091023,0.07271518967158355,0.08753135593924655,0.8307330429343909,0.4061244553646848,0.668770743607386,,VPS36
ENSG00000032219,10.26616991451028,-0.08492145996827538,0.10224201222865702,-0.8305926117568436,0.40620380991656957,0.668770743607386,,ARID4A
ENSG00000111348,183.10821260210778,0.027778570400082327,0.033453488140319225,0.8303639454147891,0.40633304401555315,0.668770743607386,,ARHGDIB
ENSG00000100568,13.878929182833291,0.06288455781396657,0.07580277705244877,0.8295811876450919,0.4067756166935964,0.6691230368982305,,VTI1B
ENSG00000089063,32.86725925943382,0.044133044691876185,0.05326448304186674,0.828564217119819,0.40735104306101,0.6692375674500212,,TMEM230
ENSG00000074842,34.805420799110934,-0.04122967284662249,0.04977422016004382,-0.8283338787439114,0.40748144143258846,0.6692375674500212,,MYDGF
ENSG00000161547,54.75146305782227,-0.03769607051515321,0.04551310787638755,-0.8282464607236839,0.4075309367361297,0.6692375674500212,,SRSF2
ENSG00000138495,29.610008538532288,0.04851268110286963,0.05870590473641651,0.8263680003005932,0.4085953699794169,0.67023624121455,,COX17
ENSG00000213619,20.691191351397613,0.047752843607947584,0.057788812391336306,0.8263337077179093,0.4086148173109202,0.67023624121455,,NDUFS3
ENSG00000197019,7.969196208241435,-0.1162060173471366,0.14074882967995928,-0.8256268816683652,0.4090157812567057,0.67023624121455,,SERTAD1
ENSG00000011295,12.46300296532537,-0.06844431369184456,0.08290669963849842,-0.8255582961363218,0.4090547004953555,0.67023624121455,,TTC19
ENSG00000163428,7.784081337782354,0.08607905116303191,0.10442049698143019,0.8243501386355203,0.409740637400844,0.6709846679584291,,LRRC58
ENSG00000112701,10.69548751889813,-0.07718224466028026,0.09383139868399248,-0.8225630838160728,0.4107564990032193,0.6721877238863683,,SENP6
ENSG00000110442,18.577238282808107,0.05144120976589153,0.06256149424209537,0.8222503376730187,0.4109344350261609,0.6721877238863683,,COMMD9
ENSG00000143013,11.239126922048403,0.07695566687068729,0.09370394663366448,0.8212638809285742,0.4114959765582987,0.6727304407385252,,LMO4
ENSG00000153317,15.396695714463236,0.07833488180416384,0.09544062066711319,0.8207708757195495,0.4117767908637686,0.6728138636434791,,ASAP1
ENSG00000175602,29.024083532565054,-0.05236560069864528,0.06385238980536538,-0.8201040064164538,0.41215681847958385,0.6728370019715568,,CCDC85B
ENSG00000138382,9.412141328227714,0.07041106891220737,0.08587348247472762,0.8199396004806163,0.4122505401424088,0.6728370019715568,,METTL5
ENSG00000117691,21.095394412782426,-0.04934767525940214,0.06023577156069955,-0.8192420214900795,0.41264834431174,0.6730302797693831,,NENF
ENSG00000181924,10.142561396001748,0.0752255222122981,0.09185876366390347,0.8189259163941751,0.412828682536138,0.6730302797693831,,COA4
ENSG00000160075,35.396631580118466,-0.04057554146277548,0.04957819414124091,-0.8184150747238149,0.41312021683233824,0.6731307706650452,,SSU72
ENSG00000198258,99.02874463604235,0.028681042031070907,0.035072219984071756,0.8177709322106373,0.41348799890020205,0.6732041530253013,,UBL5
ENSG00000010244,27.751296461649954,0.0487066425359756,0.05957773823681747,0.8175309096557173,0.41362509265454817,0.6732041530253013,,ZNF207
ENSG00000117410,80.82189248041358,-0.0312601474135951,0.03834582656056918,-0.8152164190337142,0.41494844109592977,0.674684375954408,,ATP6V0B
ENSG00000160404,9.603582084843138,-0.07400130591051055,0.0907841826733418,-0.8151343519474186,0.41499541020966146,0.674684375954408,,TOR2A
ENSG00000106244,14.65600671744519,0.06340981162864405,0.07786159963922278,0.8143913292618942,0.4154208042839772,0.6750011736645313,,PDAP1
ENSG00000211450,56.25810764524711,0.033499367882659954,0.04119845256800031,0.8131219935352525,0.41614811782516214,0.6758079251203963,,SELENOH
ENSG00000153815,16.08848083951856,0.06684444478670758,0.08239389580747165,0.8112790896901125,0.41720541545137324,0.6770308382934269,,CMIP
ENSG00000148180,34.54793905939448,0.05912361253576588,0.0729017897605413,0.8110035807072465,0.4173636144534274,0.6770308382934269,,GSN
ENSG00000010671,13.849147884437558,0.06879580906479064,0.08502271251231562,0.8091462508306296,0.4184310272992098,0.678032758191415,,BTK
ENSG00000179958,9.460740922142241,0.0824942983505868,0.10195520067157235,0.8091230050767608,0.4184443968756444,0.678032758191415,,DCTPP1
ENSG00000111640,499.56400830809196,-0.023102763495219347,0.02866032317105538,-0.8060887296117889,0.4201916895816863,0.6804874264906955,,GAPDH
ENSG00000166012,15.531503909402675,-0.06542666340648928,0.08140673161687173,-0.8037008992623585,0.4215697346568099,0.6823417264096956,,TAF1D
ENSG00000138071,63.50764355561415,-0.04130043511938743,0.051461979005485256,-0.8025426910804435,0.42223910383091356,0.683047566860174,,ACTR2
ENSG00000243449,38.570736207172224,-0.0392460733596854,0.04893637740289537,-0.8019815818521001,0.42256361240698836,0.6831950619147774,,NICOL1
ENSG00000134440,14.025802475663353,0.06716517022841059,0.08386515388975849,0.8008710067676001,0.4232063264040382,0.6838039067938478,,NARS1
ENSG00000178952,37.49385872059403,-0.05024575439611521,0.06276608185254165,-0.8005239918298414,0.4234072687900431,0.6838039067938478,,TUFM
ENSG00000124214,11.501571737190499,0.07097970082732351,0.08873834707054311,0.7998763011767365,0.42378246972124833,0.6840325641366125,,STAU1
ENSG00000169554,31.98860736169608,0.059749062064334515,0.07485228740866796,0.7982262684655849,0.4247391961814596,0.6850461828336151,,ZEB2
ENSG00000069275,33.26085248581256,-0.04894872652608606,0.061340300089001286,-0.797986420918454,0.42487837022740604,0.6850461828336151,,NUCKS1
ENSG00000105821,9.103288940275101,-0.0740456136985822,0.09283827357391289,-0.7975763750026116,0.425116365356776,0.6850526790119098,,DNAJC2
ENSG00000153250,11.849630781281265,0.0660526199208144,0.08297438112983745,0.7960604107122649,0.4259969234009031,0.6855570651670235,,RBMS1
ENSG00000123131,8.697699394877226,-0.07766310405144736,0.0976119329111611,-0.7956312485086261,0.426246398297881,0.6855570651670235,,PRDX4
ENSG00000089195,10.437216128193725,0.08144296819804889,0.10251687650693814,0.7944347406306023,0.42694238627486125,0.6855570651670235,,TRMT6
ENSG00000114013,36.74219325695623,0.045760867377593537,0.05760290887209289,0.7944193839100282,0.42695132331692753,0.6855570651670235,,CD86
ENSG00000120594,14.705501740937121,-0.07247708830420503,0.09124821651026171,-0.7942849852419231,0.4270295430118143,0.6855570651670235,,PLXDC2
ENSG00000164081,11.357773153840776,-0.06710064496362465,0.08448317085657032,-0.7942486566649288,0.4270506875881057,0.6855570651670235,,TEX264
ENSG00000102172,21.094937439163118,-0.05252934345582817,0.06613967603166963,-0.7942183362173647,0.4270683356778179,0.6855570651670235,,SMS
ENSG00000140455,19.436519661164233,-0.06238949575656438,0.07864359187112743,-0.7933195098565882,0.4275916927408665,0.686021082928908,,USP3
ENSG00000145416,25.951269362112487,0.0709881777886864,0.08961300467393483,0.7921637941611646,0.42826517660950947,0.6865623422061164,,MARCHF1
ENSG00000100365,9.470080961164271,-0.07581168231893563,0.09574552955232002,-0.7918038855016039,0.42847503641605034,0.6865623422061164,,NCF4
ENSG00000143727,22.100498109451223,0.046039168727933184,0.05816449374908478,0.7915339025650441,0.4286325005303213,0.6865623422061164,,ACP1
ENSG00000070010,10.419411457454782,0.0668384758119703,0.0845477774046024,0.7905408972741598,0.4292119477271661,0.6869015343876537,,UFD1
ENSG00000164032,66.01071239429803,-0.03887611332210231,0.049198262741446695,-0.7901928067340359,0.42941517631293225,0.6869015343876537,,H2AZ1
ENSG00000132824,10.292864840396891,0.0696009143456914,0.08810629757014005,0.7899652608859566,0.4295480565108586,0.6869015343876537,,SERINC3
ENSG00000130779,11.099371584521462,-0.08054916888513146,0.1020702741092271,-0.7891540371385155,0.43002198209989784,0.6872840412600987,,CLIP1
ENSG00000088205,28.202785613161005,-0.05194572692074798,0.06591293928896681,-0.7880960473180293,0.43064052706659284,0.6877234606418857,,DDX18
ENSG00000171202,15.11670399309085,0.061099807180325885,0.07754959810914312,0.7878803845551096,0.4307666758255527,0.6877234606418857,,TMEM126A
ENSG00000145907,9.33860556269162,-0.07781310313040557,0.09897491654594853,-0.7861901363087413,0.4317561038666823,0.6888776317326726,,G3BP1
ENSG00000171051,12.233643673324226,0.10978507398959005,0.1397037790082492,0.7858418345512864,0.4319601543241758,0.6888776317326726,,FPR1
ENSG00000100823,33.80548624187616,-0.04141396275506185,0.05274511900270046,-0.7851714725099309,0.4323530390363117,0.6891288504617968,,APEX1
ENSG00000065978,338.9379399859308,-0.022504451458471544,0.028712607322041336,-0.783782928734442,0.4331674924341523,0.6897189744529888,,YBX1
ENSG00000090061,9.316656513671756,0.08442090812328851,0.10780415416668167,0.7830951300147572,0.4335712507698041,0.6897189744529888,,CCNK
ENSG00000187257,8.717156234562168,0.07740785836936274,0.09886341580375882,0.7829777854632822,0.4336401572407522,0.6897189744529888,,RSBN1L
ENSG00000173171,9.375912068765102,0.07461899229071173,0.09530680088861246,0.7829346027249503,0.4336655163824974,0.6897189744529888,,MTX1
ENSG00000155329,9.309649572766165,-0.07081966022210975,0.09059724482604435,-0.7816977255554569,0.43439223866711685,0.6904997148845375,,ZCCHC10
ENSG00000115590,9.72061829151547,0.12879179319861211,0.16485789216497296,0.7812291635375905,0.4346677240455956,0.690562721652471,,IL1R2
ENSG00000197070,12.690946756782328,0.06161152238847401,0.07896494075689532,0.7802389490565662,0.4352502404605578,0.6911131800805387,,ARRDC1
ENSG00000137038,12.236639205773582,0.06177308254963163,0.07931805759599228,0.7788022604420517,0.4360962059771406,0.6920811333881125,,DMAC1
ENSG00000114686,14.225503138334505,0.06321163610238623,0.08129555970663686,0.7775533661431414,0.4368323620451241,0.6928738656923745,,MRPL3
ENSG00000104763,33.11740889558536,-0.046393983863473584,0.05971475215816008,-0.7769266753480748,0.4372020321077309,0.6930847590749519,,ASAH1
ENSG00000114902,57.419838117794356,-0.029858511608162077,0.038466390582279984,-0.7762233772439457,0.4376171053952508,0.6933673617950727,,SPCS1
ENSG00000198223,25.576308307429613,-0.058750441984676056,0.07579094523265704,-0.7751643920567108,0.43824252605904557,0.6939827562470987,,CSF2RA
ENSG00000204435,33.4680546986044,0.040866286083367405,0.05275610548905413,0.774626665568526,0.43856029583540457,0.6941105655167917,,CSNK2B
ENSG00000007255,19.749087139511637,-0.05220824535583566,0.06748150216367707,-0.7736675041584586,0.4391274414853923,0.694270065788117,,TRAPPC6A
ENSG00000128309,14.933952109590601,-0.05729114215907891,0.07406290825070037,-0.7735470225548041,0.43919871121037235,0.694270065788117,,MPST
ENSG00000092841,403.6588682183194,-0.020382679744953825,0.02635963728158962,-0.7732534225419602,0.4393724152682311,0.694270065788117,,MYL6
ENSG00000139687,13.896079414967897,-0.065293590401414,0.08455449531743928,-0.7722072038427419,0.4399917155511365,0.6948736478606945,,RB1
ENSG00000116747,11.400963678813557,0.07043256592280799,0.09127567992014134,0.7716465764421656,0.440323780173274,0.6950231958745802,,RO60
ENSG00000167604,7.747439417665538,-0.09414079122659866,0.12212671055112652,-0.7708452213423699,0.4407986794286811,0.6950956004442308,,NFKBID
ENSG00000115350,27.856203823230523,0.039893014263676745,0.051783218016812196,0.7703849971379702,0.44107155027479583,0.6950956004442308,,POLE4
ENSG00000126804,8.225258786677639,-0.09018418746706498,0.11708552190043733,-0.7702420077501327,0.44115634960273875,0.6950956004442308,,ZBTB1
ENSG00000159713,10.1088335031493,-0.12639415352295977,0.16415520288801785,-0.7699673924388639,0.44131923539133366,0.6950956004442308,,TPPP3
ENSG00000117899,12.999416461975592,0.058221032694869154,0.07567385648816792,0.7693678556473778,0.4416749653352121,0.6952818809147855,,MESD
ENSG00000170584,10.790262740521847,0.06372648093073179,0.08289677597117183,0.7687449865709288,0.4420447131153419,0.6954900161212901,,NUDCD2
ENSG00000163956,20.257068745393653,-0.04825794319037907,0.06281000219663652,-0.7683162156132401,0.4422993432092823,0.6955169048962292,,LRPAP1
ENSG00000160255,118.85403480037719,0.043196548058245285,0.056252563930236234,0.7679036303450477,0.4425444404696204,0.6955287824450073,,ITGB2
ENSG00000114302,10.167974206109395,-0.07235177814795267,0.09432282557046023,-0.7670654235639396,0.4430426183542564,0.695666200792722,,PRKAR2A
ENSG00000105755,25.0404464459297,0.047698587063088486,0.06221029893627126,0.7667313592553432,0.4432412546691249,0.695666200792722,,ETHE1
ENSG00000134748,9.59493672938136,0.07040408850190266,0.09184449685081097,0.7665575066110344,0.4433446484560175,0.695666200792722,,PRPF38A
ENSG00000073803,10.977013580238879,0.06468692886060712,0.08452816628440411,0.7652706985617195,0.44411036837602835,0.6964944609560851,,MAP3K13
ENSG00000100697,7.933054328026084,-0.08552991260725747,0.11182832130080898,-0.7648323037702501,0.44437140914526774,0.6965307740778073,,DICER1
ENSG00000076944,36.34477104755106,0.049084696609341005,0.06429664598290148,0.7634099082305815,0.44521897268445354,0.6974859026324665,,STXBP2
ENSG00000054118,27.283496546107706,-0.04833164592619114,0.06335619395287065,-0.7628558931766647,0.44554934313077255,0.697630201436846,,THRAP3
ENSG00000128699,17.010128604811175,-0.05125655907911552,0.067239473367698,-0.7622986396520364,0.4458817856250512,0.6977775886211385,,ORMDL1
ENSG00000079785,8.436466218211404,0.07304374121430565,0.0958978660731424,0.7616826547380561,0.446249430052188,0.697979877773935,,DDX1
ENSG00000196843,9.080171181300031,-0.07687459155444441,0.10098462484159004,-0.7612504544630836,0.4465074874590753,0.6980106370956607,,ARID5A
ENSG00000169967,13.305963464126718,-0.07798071247291001,0.10263388890560114,-0.7597949693266889,0.4473771504445594,0.6986684339154631,,MAP3K2
ENSG00000165637,37.09995699621352,-0.034448926805086856,0.04534259709213249,-0.7597475445680675,0.4474055032757832,0.6986684339154631,,VDAC2
ENSG00000126267,166.7292091032038,0.019779640633420748,0.026084817859272108,0.7582817231131203,0.44828234638947295,0.6994552126645435,,COX6B1
ENSG00000081154,25.67120338601137,-0.043697691078817075,0.05764055426976056,-0.7581067120609177,0.44838710183447683,0.6994552126645435,,PCNP
ENSG00000153823,12.935526882530183,-0.08427183779424238,0.1114986736863035,-0.7558102263291256,0.44976298455433816,0.7012279120208211,,PID1
ENSG00000177971,12.73044919058507,0.058798308717655755,0.07788731861179123,0.7549150460644357,0.45029995732562855,0.7012877949708527,,IMP3
ENSG00000139637,10.607311736504414,-0.062231321672731606,0.082449032631964,-0.7547853466094597,0.4503777874941891,0.7012877949708527,,MYG1
ENSG00000167460,31.16429690214331,-0.05693694318485952,0.07548752737101844,-0.7542563012432045,0.4506953364481532,0.7012877949708527,,TPM4
ENSG00000159216,10.163725517642781,-0.08549500692437202,0.11336612041798086,-0.7541495343507563,0.4507594365215658,0.7012877949708527,,RUNX1
ENSG00000172366,8.13293591354606,-0.07499403006772203,0.09956275367581453,-0.7532337877265778,0.4513094390017016,0.7014250513340056,,MCRIP2
ENSG00000158417,24.829462869265274,0.05272233934401664,0.06999733665966831,0.753204934072794,0.4513267748337658,0.7014250513340056,,EIF5B
ENSG00000124596,8.2589552433962,0.07150362264408845,0.0952125321081238,0.7509896130363238,0.4526589069246689,0.7031193270582561,,OARD1
ENSG00000126768,12.412893416318983,-0.05730390895379289,0.07638012014211505,-0.7502463841006218,0.453106327514062,0.7031193270582561,,TIMM17B
ENSG00000130066,349.5969106942755,-0.0471053519522982,0.06279082192500614,-0.7501948614171386,0.4531373531963556,0.7031193270582561,,SAT1
ENSG00000078674,13.53401340266943,-0.06822963310338968,0.09111701023400022,-0.7488133437232762,0.453969715964019,0.7040377798425042,,PCM1
ENSG00000186298,25.39788315540596,-0.04678471233255976,0.0625399186683058,-0.7480776011349288,0.454413351623271,0.7043527228972671,,PPP1CC
ENSG00000136826,51.61493115036476,-0.06512671626980238,0.08716532377657922,-0.7471631314848797,0.45496509597370505,0.7048348153497399,,KLF4
ENSG00000136522,17.40737275297856,0.05114198531475389,0.06850910715350175,0.7464990778549336,0.4553659884305763,0.705082820795731,,MRPL47
ENSG00000166128,7.933938786297426,0.08674958158295139,0.11631958524864378,0.7457865448670249,0.45579636918848876,0.7053761992515302,,RAB8B
ENSG00000173905,8.293945023740344,0.08229265428287923,0.11043805705441137,0.7451476101425321,0.45618249001963684,0.7054580778214661,,GOLIM4
ENSG00000077254,7.850054518964014,-0.08128948857943358,0.10912780649251039,-0.7449017000539877,0.4563311473339675,0.7054580778214661,,USP33
ENSG00000175166,13.79083145992702,0.05921245593150032,0.0797151509950797,0.7428005240202722,0.45760245818049805,0.7065771919257741,,PSMD2
ENSG00000117318,12.367279635296676,0.13291123196206683,0.17901711910622123,0.7424498429292838,0.4578148302542625,0.7065771919257741,,ID3
ENSG00000145675,11.16821718925545,0.09348453896854571,0.12596495493170928,0.7421472029202683,0.4579981531594579,0.7065771919257741,,PIK3R1
ENSG00000134480,17.342173988609105,-0.0731028082419332,0.09850662108600085,-0.7421106057237621,0.4580203245475134,0.7065771919257741,,CCNH
ENSG00000124762,22.88805929310424,-0.0991679587426713,0.13372215965750822,-0.7415970471660208,0.45833151314522,0.7066849239016347,,CDKN1A
ENSG00000146540,23.511021233013633,-0.05029479151700971,0.06786704973047566,-0.7410782068286205,0.458646022589272,0.706797660074415,,C7orf50
ENSG00000172081,9.035634632342406,-0.07670182010443909,0.10363955367413767,-0.7400825011810075,0.4592499359092789,0.7070429248022316,,MOB3A
ENSG00000143543,47.107072325966584,-0.0335382428921189,0.04532075228028814,-0.7400195540599193,0.45928812943095787,0.7070429248022316,,JTB
ENSG00000104671,8.990274880067082,0.06723281749074965,0.09097203871290177,0.7390492555952207,0.459877088554423,0.7075775697779035,,DCTN6
ENSG00000265206,33.089855479659185,-0.06430640257469207,0.08721499687030645,-0.7373319369639979,0.4609205150995831,0.7087504959474868,,MIR142HG
ENSG00000122025,9.717439657518536,-0.08444792971805991,0.1146254925925553,-0.7367290452415872,0.4612871400103139,0.7087504959474868,,FLT3
ENSG00000157191,9.844438450791303,-0.06937086865050056,0.09418445709842377,-0.7365426397054798,0.46140052818049293,0.7087504959474868,,NECAP2
ENSG00000072501,14.15117277576567,-0.0635980167132158,0.08649327716735544,-0.7352943349592396,0.4621602575783337,0.7087504959474868,,SMC1A
ENSG00000056097,9.157378284004377,0.07676363820236057,0.10445942883459432,0.7348655746903567,0.46242136589373795,0.7087504959474868,,ZFR
ENSG00000093010,28.804355069521186,0.044169115259680626,0.060120279788735846,0.7346791368052842,0.46253492932732143,0.7087504959474868,,COMT
ENSG00000105939,19.142110602824587,0.07637268099807808,0.10395607311415414,0.7346630043846814,0.4625447566723164,0.7087504959474868,,ZC3HAV1
ENSG00000142864,64.64768753007442,0.032217721024105465,0.04386513409579608,0.7344721881790195,0.46266100452359193,0.7087504959474868,,SERBP1
ENSG00000257621,19.17808454326437,0.04877740662793586,0.06643480742297245,0.7342146161030212,0.46281794680723864,0.7087504959474868,,PSMA3-AS1
ENSG00000116288,77.24889415080074,0.029624941540226376,0.040411158123324194,0.7330881597062591,0.46350466121444267,0.7094310758159373,,PARK7
ENSG00000115760,12.679596264833858,-0.06398879692916747,0.08742013102166611,-0.7319686687876109,0.46418769136872573,0.7101053084261384,,BIRC6
ENSG00000189306,9.459767832349915,0.08399841555986876,0.114828904671828,0.731509333820867,0.46446810545190054,0.7101632442627492,,RRP7A
ENSG00000170571,16.04338123081417,-0.06488369350145307,0.08884273853642655,-0.7303207281802779,0.4651941609075949,0.7109021415122327,,EMB
ENSG00000182149,8.321214562137596,-0.07085549918358568,0.09718226842962958,-0.729099045829463,0.4659410782472383,0.7116286497463372,,IST1
ENSG00000014216,9.107065464994564,-0.07262927672929327,0.09966305028498038,-0.7287482825542095,0.4661556523953124,0.7116286497463372,,CAPN1
ENSG00000003056,30.352963814723235,-0.04340255640538919,0.059634016381458224,-0.7278154154125394,0.4667265867263989,0.7118383359684576,,M6PR
ENSG00000130640,14.488503304024029,-0.0690422385483444,0.09487350183347755,-0.727729420903296,0.46677923670062793,0.7118383359684576,,TUBGCP2
ENSG00000113068,16.353466683180685,0.055193935503071924,0.07593408160574973,0.7268664390996287,0.46730777808053336,0.7119133641766381,,PFDN1
ENSG00000101474,8.99153870610791,-0.06491569470146115,0.08931036359379345,-0.7268551161286775,0.46731471514600353,0.7119133641766381,,APMAP
ENSG00000162521,20.40652904692956,-0.054056464290891275,0.07445060509805851,-0.7260715237934438,0.46779492493181374,0.7121040548674408,,RBBP4
ENSG00000184787,8.989287488409115,-0.0683910405308033,0.09422106399255008,-0.7258572301434728,0.46792629834868715,0.7121040548674408,,UBE2G2
ENSG00000130770,50.55535309260606,0.030594376983711657,0.04222662341076562,0.7245281415494771,0.4687415567463178,0.7129741704692044,,ATP5IF1
ENSG00000127774,13.267365966307205,-0.051188135167656905,0.07119510053952938,-0.7189839578811454,0.4721508040220904,0.7174639222426074,,EMC6
ENSG00000077721,19.438212944716398,0.04418339393729681,0.061457065959093476,0.718931065903891,0.47218339418084165,0.7174639222426074,,UBE2A
ENSG00000168653,67.89474431546476,0.032454119582682385,0.0452000955522323,0.7180099773280142,0.4727511349318567,0.7174655897775193,,NDUFS5
ENSG00000127445,19.01036608704711,-0.04609341269117001,0.06421420991268766,-0.7178070516454758,0.47287626480024547,0.7174655897775193,,PIN1
ENSG00000124731,8.660602819806817,-0.08619692029404986,0.1200954480061882,-0.7177367812442681,0.4729195998191982,0.7174655897775193,,TREM1
ENSG00000143621,20.12090986875599,-0.04835956553021599,0.06747495861292259,-0.7167038931825935,0.47355682316826386,0.7180602683773571,,ILF2
ENSG00000214046,12.64295370226586,-0.05843399446062722,0.08168900775652664,-0.7153226127411072,0.474409718917582,0.7189811889185714,,SMIM7
ENSG00000115762,13.178043476008721,0.055400616580748165,0.07749871308436934,0.7148585360435085,0.4746964604463334,0.719043577954922,,PLEKHB2
ENSG00000139372,8.803764742584942,-0.06537137440419521,0.09177223829729299,-0.7123218918604438,0.4762654707468821,0.7206269086699488,,TDG
ENSG00000175463,9.768085881610718,0.06671677734579175,0.09370534204301735,0.7119847800690386,0.4764742008528924,0.7206269086699488,,TBC1D10C
ENSG00000130844,8.53376251257543,-0.15358963039940496,0.21590743506583066,-0.7113679542928901,0.476856251668622,0.7206269086699488,,ZNF331
ENSG00000109062,9.805290442243765,-0.06984377808030565,0.09824113578881623,-0.7109422903094801,0.4771199980865345,0.7206269086699488,,NHERF1
ENSG00000185811,18.496878590310374,-0.050334993876594916,0.07081934251416223,-0.7107520641910658,0.4772378902400598,0.7206269086699488,,IKZF1
ENSG00000119632,26.395888196005274,0.043910664841027805,0.0618035108783933,0.7104881942294173,0.47740144936970774,0.7206269086699488,,IFI27L2
ENSG00000184897,23.776098546585978,-0.07288559374287094,0.10259992734650257,-0.7103864069681085,0.47746455014334044,0.7206269086699488,,H1-10
ENSG00000127022,31.607870355598912,-0.04676801791904303,0.06620065131914538,-0.7064585768738142,0.4799030041828798,0.7237302353457049,,CANX
ENSG00000166797,26.480012995933556,0.04120939980492851,0.05835884351434424,0.7061380473518036,0.4801022928529213,0.7237302353457049,,CIAO2A
ENSG00000065154,9.45853363774849,0.06711863172358058,0.09508493190561518,0.7058808412483801,0.48026224292237174,0.7237302353457049,,OAT
ENSG00000149925,140.66533655986885,0.024919338841453684,0.035413576013055656,0.7036662672040479,0.4816406323595548,0.7254340388625393,,ALDOA
ENSG00000129562,39.16337992420262,0.03374974392449079,0.048060914735631816,0.7022284971090887,0.4825366765575795,0.7264099686172713,,DAD1
ENSG00000099817,24.070949361320576,-0.04210673621641274,0.06000794443600173,-0.7016860286110855,0.48287498791837125,0.7265457166623798,,POLR2E
ENSG00000184900,30.33828655704575,-0.03654097481639146,0.05224906365760598,-0.6993613331685443,0.4843262460496186,0.7282145114944341,,SUMO3
ENSG00000145779,13.544926941601311,-0.06720111042459541,0.09612340985415686,-0.6991128438593285,0.484481512428674,0.7282145114944341,,TNFAIP8
ENSG00000145901,9.240225072227924,0.06724179092681921,0.09637429941395154,0.6977149648372439,0.4853554675252203,0.7291538270466111,,TNIP1
ENSG00000170906,59.48190725194662,0.03915989518647382,0.05621821931442495,0.6965694691867595,0.4860722681180596,0.7294888637991088,,NDUFA3
ENSG00000255302,70.89496312804333,-0.02424872425512415,0.03482201219256103,-0.6963619483283153,0.4862021867390339,0.7294888637991088,,EID1
ENSG00000100410,8.530623074123165,-0.06417053586942571,0.09222733068448813,-0.6957865460614341,0.48656251604503065,0.7294888637991088,,PHF5A
ENSG00000127914,24.154818380930482,-0.05327477529695464,0.07660156251942135,-0.6954789634147149,0.48675519011438906,0.7294888637991088,,AKAP9
ENSG00000186010,76.06063554270641,0.03675479351615661,0.052868002135331015,0.6952181287666599,0.48691861288370486,0.7294888637991088,,NDUFA13
ENSG00000135049,8.659253088390438,0.08582796646114085,0.12349859056741605,0.6949712224795686,0.4870733363139541,0.7294888637991088,,AGTPBP1
ENSG00000115464,10.485015089109085,-0.07041854144006496,0.10159009395561679,-0.6931634640561488,0.4882069737988399,0.730773031209161,,USP34
ENSG00000128626,15.57795970674886,-0.04703755020524846,0.06789404370479822,-0.6928081999323339,0.4884299255725164,0.730773031209161,,MRPS12
ENSG00000135250,10.798953729011911,0.06347901955817326,0.09178208365637362,0.6916275707559084,0.4891712427640319,0.731238791619608,,SRPK2
ENSG00000107874,12.268770070797215,0.05292569760316675,0.07663201037470259,0.6906473853991223,0.4897871613646827,0.731238791619608,,CUEDC2
ENSG00000107738,69.18238782673146,0.03303269323234047,0.047830065710206426,0.690626131113419,0.48980052153126286,0.731238791619608,,VSIR
ENSG00000160799,28.82848998090369,-0.03922449201035527,0.05680587965047752,-0.6905005652883247,0.4898794545715601,0.731238791619608,,CCDC12
ENSG00000099797,15.197987017392336,-0.05052109040815524,0.07318451722106571,-0.6903248436489386,0.4899899279910078,0.731238791619608,,TECR
ENSG00000132842,11.168042216684576,-0.0641169974012111,0.09297354248395355,-0.689626270960657,0.49042924213123007,0.7314401294212708,,AP3B1
ENSG00000228300,18.52687766416101,0.04637533630560624,0.06729672593230401,0.6891172737327029,0.4907494705314587,0.7314401294212708,,FAM174C
ENSG00000002822,8.633153122565952,-0.07366574898417083,0.10692948409687353,-0.6889189600637446,0.4908742671833324,0.7314401294212708,,MAD1L1
ENSG00000012061,15.987531910269363,-0.046764448729205335,0.06801043955242886,-0.6876069179519844,0.49170035058533146,0.7322983858157938,,ERCC1
ENSG00000135604,21.24989807888333,-0.062241385295492786,0.09059682795563741,-0.687015061123007,0.49207323750310716,0.7324811588251641,,STX11
ENSG00000121680,10.230089243498709,0.06135298510499701,0.08941916615812001,0.6861279045759212,0.49263245578690873,0.7329409708049129,,PEX16
ENSG00000126254,9.276383029620296,0.06267706463586581,0.09153173656138033,0.6847577353002053,0.49349680964789844,0.7336203388598754,,RBM42
ENSG00000134986,9.218394053120234,-0.06632141256584315,0.0968747649279871,-0.6846097909516877,0.493590187006132,0.7336203388598754,,NREP
ENSG00000196352,23.380937084233256,0.05668672608003305,0.08294650544881675,0.6834130717539675,0.49434586238139255,0.7341104796722505,,CD55
ENSG00000080822,8.832867476819748,-0.06589433345873894,0.0964363537910209,-0.6832934974038212,0.49442140229292286,0.7341104796722505,,CLDND1
ENSG00000125753,35.86702180121143,-0.036422380054690735,0.05359262854303694,-0.6796154815478431,0.4967479643641619,0.7371910996747421,,VASP
ENSG00000128534,27.118739728770414,0.03732118799723261,0.054974788890494536,0.6788782412893569,0.4972150134308856,0.7375104150585781,,LSM8
ENSG00000092531,19.09860119216528,0.049328097238730724,0.07275346811398721,0.678017124371933,0.4977608356350488,0.7376092919576079,,SNAP23
ENSG00000143420,38.30509534040655,-0.03322493716520488,0.049006849586736644,-0.677965171101245,0.49779377661003077,0.7376092919576079,,ENSA
ENSG00000171735,25.03328687555091,-0.040873787165583285,0.06032310463381637,-0.6775809602921193,0.4980374215164587,0.7376092919576079,,CAMTA1
ENSG00000163950,10.28083687636802,0.05916354866373487,0.08738174812377907,0.6770698679537492,0.49836162587666843,0.7377162995788095,,SLBP
ENSG00000142657,12.71875434243458,0.05211600987002422,0.0770507549551572,0.6763854539823164,0.49879595015020806,0.7379452759511802,,PGD
ENSG00000122034,45.83422690113884,-0.0309706627883557,0.04581242584882256,-0.6760319327021991,0.49902037103256036,0.7379452759511802,,GTF3A
ENSG00000127884,20.331273052817195,0.04329758138201371,0.06424816972771978,0.6739115147638678,0.5003675710014612,0.7395639817729825,,ECHS1
ENSG00000147065,47.31762406870079,-0.03215151926276,0.04779433237197673,-0.6727056884596512,0.5011345479280913,0.7401509804160884,,MSN
ENSG00000008517,15.658988978816323,0.07601930684214803,0.11304114109930183,0.6724923873102829,0.5012702848924533,0.7401509804160884,,IL32
ENSG00000131051,99.09772789269834,0.036409017961340995,0.054220450839000636,0.6714997274635731,0.5019022330290799,0.7405823664145403,,RBM39
ENSG00000198625,24.237607081019657,0.04983524623839209,0.07424635923216168,0.6712146798008205,0.5020837782551428,0.7405823664145403,,MDM4
ENSG00000175938,8.32784022390132,0.06265289275050351,0.0933951750391103,0.6708365043940107,0.5023246896232412,0.7405823664145403,,ORAI3
ENSG00000112799,69.26373924921961,0.0270778701392302,0.04040358616793394,0.6701848203939972,0.5027399792386577,0.7405823664145403,,LY86
ENSG00000153922,22.513539329575003,-0.057562912343926374,0.08596538771673735,-0.6696056851811178,0.5031091889453367,0.7405823664145403,,CHD1
ENSG00000100219,18.275680494176125,0.048715553678553784,0.07275977940644038,0.6695396010813317,0.503151327919102,0.7405823664145403,,XBP1
ENSG00000104814,11.029054531333001,0.05475284293090967,0.08181165637527454,0.6692547902924173,0.503332960780374,0.7405823664145403,,MAP4K1
ENSG00000144118,9.620784868206425,0.06524377630661098,0.09757938116550757,0.6686225668509711,0.5037362734186573,0.740803520125479,,RALB
ENSG00000134283,20.0590052132043,-0.04337463121884254,0.06493709523399972,-0.6679484362911952,0.5041665076059694,0.7410640232280514,,PPHLN1
ENSG00000168438,15.341108998872045,0.04923293816050661,0.07392390239572699,0.6659948482826905,0.5054143932813305,0.7422493028580825,,CDC40
ENSG00000075426,14.82540025947936,0.07975965270626327,0.11994474875306388,0.6649699427064404,0.5060697180745287,0.7422493028580825,,FOSL2
ENSG00000127947,9.513797063275858,0.06962578745995361,0.10472760968802908,0.6648274286729206,0.5061608769612067,0.7422493028580825,,PTPN12
ENSG00000196976,11.987990087188974,-0.05172377464444482,0.0778331411913141,-0.6645469250342552,0.5063403259209995,0.7422493028580825,,LAGE3
ENSG00000117614,51.8415536705363,-0.028338885276075657,0.04266101529925938,-0.6642806102312253,0.5065107286956572,0.7422493028580825,,SYF2
ENSG00000101347,105.31709223266186,0.035494347837248946,0.05343670394672659,0.6642316089075185,0.50654208570639,0.7422493028580825,,SAMHD1
ENSG00000120686,16.240705916289688,0.04712774038583308,0.0709850462310312,0.6639108218997134,0.5067473894854191,0.7422493028580825,,UFM1
ENSG00000100028,27.902017427240196,0.033816516548742494,0.051020552384331085,0.6628018507915623,0.5074574681357573,0.7423071420213322,,SNRPD3
ENSG00000125656,8.535425112936082,0.06301774159254339,0.09509329734575397,0.6626938317578196,0.5075266610696811,0.7423071420213322,,CLPP
ENSG00000134250,11.26871005753543,-0.05828504571429331,0.08806548620772413,-0.6618375509426437,0.5080753376081134,0.7423071420213322,,NOTCH2
ENSG00000169714,64.9989915819613,0.031950405928674076,0.04830053966576632,0.6614916965683382,0.5082970378949309,0.7423071420213322,,CNBP
ENSG00000139746,8.488011527398122,-0.06712737771931306,0.10150504285431723,-0.6613206184805623,0.5084067214776578,0.7423071420213322,,RBM26
ENSG00000147813,16.68525503029216,0.060945831895901754,0.09222115850998111,0.6608660407286641,0.5086982259702214,0.7423071420213322,,NAPRT
ENSG00000119820,10.805027046362769,0.061868447901612854,0.09362126036298059,0.6608375881903494,0.5087164744807859,0.7423071420213322,,YIPF4
ENSG00000104324,7.956393599275616,0.06348913321806919,0.09609607775719901,0.6606839186348885,0.5088150389469992,0.7423071420213322,,CPQ
ENSG00000106348,8.462702959202057,0.06536903670391668,0.0990030432631441,0.6602730032264739,0.5090786514199115,0.7423218582457674,,IMPDH1
ENSG00000196405,25.69931284449285,0.04538890788340734,0.06881051501952114,0.6596216852981085,0.5094966346369105,0.7425615461507586,,EVL
ENSG00000205581,102.79367536398757,-0.024548334205363277,0.03730133881569678,-0.6581086627119425,0.5104683098214843,0.7430624101328935,,HMGN1
ENSG00000135837,13.425684945763603,-0.05813939557117033,0.08836189497335091,-0.657969089376191,0.5105579937185575,0.7430624101328935,,CEP350
ENSG00000134107,14.012718316305577,0.08692039620004555,0.13211770720449661,0.657901185535312,0.5106016288208272,0.7430624101328935,,BHLHE40
ENSG00000160194,15.738503300868869,0.04834841061440144,0.07354069226524318,0.6574375237048439,0.5108996306501443,0.7431267354911191,,NDUFV3
ENSG00000100079,170.61841172492947,0.0678700318327549,0.10329800070535966,0.6570314175425608,0.511160715298421,0.74313732591548,,LGALS2
ENSG00000239672,18.176927599565612,0.051318915307285794,0.07815487026559756,0.656631060007984,0.511418172368936,0.743142634588707,,NME1
ENSG00000137955,12.009462454651382,-0.05389918291714099,0.08222848553006618,-0.6554806715664633,0.5121583268377017,0.7438489985023762,,RABGGTB
ENSG00000129559,76.86071271904801,-0.02141476868609541,0.03271945205095309,-0.6544965561387394,0.5127919451720988,0.7441205860151916,,NEDD8
ENSG00000176731,42.862934363693334,-0.04223236884893475,0.06453593423560061,-0.6544008287655295,0.5128536006074647,0.7441205860151916,,RBIS
ENSG00000197249,44.91750578236663,0.044582765818416255,0.06834299274404293,0.6523385065296585,0.5141828244985022,0.7453543925335007,,SERPINA1
ENSG00000198160,11.555757045049283,-0.0594495899827834,0.09113959011555492,-0.6522916101269262,0.5142130713516637,0.7453543925335007,,MIER1
ENSG00000042753,109.9300814920237,-0.019255722115924134,0.029557802597826574,-0.6514598658744691,0.5147496765613154,0.7457630148300503,,AP2S1
ENSG00000100060,10.40441533050482,0.05885871073191067,0.09053790681798365,0.6501001933945694,0.5156275043251056,0.7466653475093518,,MFNG
ENSG00000119314,17.28469840729692,0.0560652155876582,0.08639499313252524,0.6489405642021082,0.5163767941254648,0.7473807479977068,,PTBP3
ENSG00000134453,18.45970348786579,0.04377198143373051,0.06756319366182453,0.6478672641323518,0.5170708053680476,0.7480154733782823,,RBM17
ENSG00000074071,21.4344931871875,0.039790131060832366,0.0615513226484345,0.6464545252439736,0.5179850384577096,0.7487527425578161,,MRPS34
ENSG00000166562,13.45105380630816,0.04737880667438925,0.07330895388932919,0.6462894934487079,0.5180918908545544,0.7487527425578161,,SEC11C
ENSG00000104518,13.126325976671335,0.060804558377822435,0.09422855016762273,0.6452880604621156,0.5187405285371884,0.7489870014473395,,GSDMD
ENSG00000164985,14.292699500816507,-0.048528385261793545,0.07520872758620452,-0.6452493855340146,0.5187655870680343,0.7489870014473395,,PSIP1
ENSG00000178719,10.872650247188508,-0.05706000313506093,0.08876145732514404,-0.6428466234622894,0.5203236269251801,0.7508662294908464,,GRINA
ENSG00000138757,17.841402100260154,-0.05076251182294168,0.07909489620655935,-0.6417925082090434,0.5210079146499242,0.7514833369926002,,G3BP2
ENSG00000170266,10.066451410278521,0.05586191347752568,0.0872722694984963,0.6400877827347915,0.522115531279844,0.7522047375402782,,GLB1
ENSG00000115540,8.633613341876778,-0.057244194158938284,0.08943911932873946,-0.640035306570198,0.5221496459777677,0.7522047375402782,,MOB4
ENSG00000176386,12.351473200243337,0.050438572463531915,0.0788303830262969,0.6398367041640048,0.5222787675612656,0.7522047375402782,,CDC26
ENSG00000182551,23.481183234158443,0.038222983930365675,0.05988213822777555,0.6383035920490301,0.523276074188813,0.7532482774276357,,ADI1
ENSG00000184182,13.606219363102394,-0.053011840149209746,0.08310021723603561,-0.6379266133400873,0.5235214526878867,0.7532482774276357,,UBE2F
ENSG00000171311,9.25083367924597,0.05928709897588025,0.09301467733529781,0.6373950937029332,0.5238675233922598,0.7532482774276357,,EXOSC1
ENSG00000197971,18.99172983552368,-0.05435414364444562,0.0853093096172139,-0.6371419940957759,0.5240323569399228,0.7532482774276357,,MBP
ENSG00000155307,17.583389450179713,-0.09783599947689502,0.15400270782239717,-0.635287527474672,0.5252409066693923,0.754615002319912,,SAMSN1
ENSG00000135269,17.18112069646926,0.050938056329713675,0.08055050786320386,0.6323741175688179,0.5271424424478293,0.7569755132355291,,TES
ENSG00000143753,13.725481396638672,0.05905048821748301,0.09357102951720449,0.6310766112349513,0.5279904331181992,0.7574863812585066,,DEGS1
ENSG00000198830,91.82361084733927,-0.027653469244777303,0.04382218602201057,-0.6310381054675773,0.528015609340373,0.7574863812585066,,HMGN2
ENSG00000112343,15.284190008803366,0.05773816296112262,0.09188324428825237,0.6283862026028251,0.5297509733870134,0.7596037463649242,,TRIM38
ENSG00000160211,8.469870040217298,-0.06372119468223479,0.10151755680899707,-0.6276864483857184,0.5302093645910881,0.75988889844479,,G6PD
ENSG00000104472,10.33748545059934,-0.06209265708483837,0.09923360569677787,-0.6257220691402784,0.5314972552417576,0.7611015645927197,,CHRAC1
ENSG00000119801,40.770663985072304,-0.05709559901461949,0.09126490715013598,-0.6256029924042323,0.5315753755437541,0.7611015645927197,,YPEL5
ENSG00000139233,12.926534527468313,0.04692745946679915,0.07508384731648875,0.6250007311025693,0.5319705782588562,0.7612951383880405,,LLPH
ENSG00000149196,16.429853708415585,0.04368375221278524,0.07010502800766795,0.6231186757104954,0.5332065379841922,0.7626911300526207,,HIKESHI
ENSG00000158710,123.82147795713136,-0.03407644914941068,0.05475838478463025,-0.6223055936261904,0.5337409437964077,0.7630827555839266,,TAGLN2
ENSG00000183172,81.4955866088755,-0.03795822554384064,0.061062188336506756,-0.6216322502995992,0.5341837097499758,0.7633430464362758,,SMDT1
ENSG00000008324,16.947939879216086,0.04087354486634951,0.06580438847785113,0.6211370671745852,0.5345094423624583,0.763435925481599,,SS18L2
ENSG00000143198,26.40517154575073,0.04535189234816219,0.07307321475777497,0.6206363371106068,0.5348389256572228,0.7635340684175272,,MGST3
ENSG00000111605,9.193966536927858,0.05428381174398119,0.08770412297925427,0.618942529723735,0.5359542195927379,0.7645350984495257,,CPSF6
ENSG00000124588,10.607298872831683,0.07631755628341534,0.12333584263255484,0.6187784074316699,0.5360623487421026,0.7645350984495257,,NQO2
ENSG00000065243,8.574202991432541,-0.06614801598217228,0.10698789108281791,-0.6182757255301721,0.5363936003867726,0.7646350837061685,,PKN2
ENSG00000160948,42.708488662472426,-0.03070628310027133,0.049829217813113655,-0.6162304858052637,0.537742410557429,0.7659480990477291,,VPS28
ENSG00000187239,38.102563769598206,-0.039765523156140535,0.06454542716815076,-0.6160858313408514,0.5378378728285966,0.7659480990477291,,FNBP1
ENSG00000132670,8.379376382719144,0.06374352464463313,0.1036028299972829,0.6152681798972565,0.5383776280160278,0.766344042212411,,PTPRA
ENSG00000143401,12.659829981430796,0.04978235895112727,0.0810403475153916,0.6142910349893596,0.5390230256412248,0.7668899023700225,,ANP32E
ENSG00000228474,146.13948241465386,-0.018565728082945522,0.030297768725739995,-0.6127754241906496,0.5400248428913689,0.767942078672136,,OST4
ENSG00000163938,10.34005257482112,-0.05679871926301507,0.09279472735363634,-0.6120899417760863,0.5404782518899436,0.7682137483173567,,GNL3
ENSG00000169926,9.298754916183208,0.06295836371751735,0.10301159442419927,0.6111774511348337,0.5410821095847577,0.7686988922193937,,KLF13
ENSG00000134152,8.27419098456399,-0.056416337192326,0.0926080484592859,-0.6091947528419067,0.5423953578976809,0.7700619035108712,,KATNBL1
ENSG00000130731,22.788609627856687,-0.03610765681222002,0.05929640555803059,-0.6089350015808827,0.5425675228630217,0.7700619035108712,,METTL26
ENSG00000010810,13.323150570324472,-0.053178837131533076,0.08741653460343984,-0.608338426737869,0.5429630399607904,0.7702498938978656,,FYN
ENSG00000257103,20.223010618342382,-0.042335582213014165,0.06978612433301207,-0.6066475623577146,0.5440848287771902,0.7714674957189409,,LSM14A
ENSG00000112679,12.3192543115042,0.055609781081599016,0.09175891912111724,0.6060422421519248,0.544486702996047,0.7716636332877181,,DUSP22
ENSG00000133706,16.163594436134076,0.052813250300959534,0.08726723933062708,0.605189882320757,0.5450528376732509,0.7718480839759572,,LARS1
ENSG00000197894,8.235919501703254,-0.05502466710636789,0.09102874259357022,-0.6044757462161686,0.5455273894991051,0.7718480839759572,,ADH5
ENSG00000131408,11.285092421991427,-0.054304748716771885,0.08987645625900638,-0.6042155084561436,0.5457003714919898,0.7718480839759572,,NR1H2
ENSG00000116266,9.811538195253537,0.059807172021801136,0.09901092144648878,0.6040462117517449,0.5458129188869472,0.7718480839759572,,STXBP3
ENSG00000239900,9.980520234874865,0.05383295028468351,0.08914854801893994,0.6038567254426455,0.5459389018561313,0.7718480839759572,,ADSL
ENSG00000134758,9.311359274152455,0.05641700111757498,0.09348823332933165,0.6034663305577121,0.5461985075130407,0.7718480839759572,,RNF138
ENSG00000071859,12.325162007535784,-0.04858457444596294,0.08062929481096583,-0.6025672748331578,0.5467965961775384,0.771912752734006,,FAM50A
ENSG00000113312,12.719977882816877,0.05162124109370722,0.08569923101086217,0.6023536090675581,0.5469387830655679,0.771912752734006,,TTC1
ENSG00000124783,42.40365117582343,-0.03177576760343609,0.052765366548007175,-0.602208791149508,0.5470351645912098,0.771912752734006,,SSR1
ENSG00000123143,9.322916742997316,0.055152480947595145,0.09177357118257481,0.6009625672937421,0.5478649186017952,0.7727112146753643,,PKN1
ENSG00000198951,10.008024213112884,-0.052893996596971644,0.08819983540237264,-0.5997062960000575,0.5487019915426232,0.773519225438999,,NAGA
ENSG00000073578,10.280960217906332,0.053793217126901896,0.08978972545239272,0.5991021451048262,0.5491047713065538,0.7737145189536041,,SDHA
ENSG00000197343,9.528635267507557,0.053481162001247896,0.08948143156174149,0.5976788822868386,0.5500542188323778,0.7743747614223945,,ZNF655
ENSG00000143549,136.63315889666862,0.028519199061152918,0.04775178355452984,0.5972384053170622,0.5503482213670495,0.7743747614223945,,TPM3
ENSG00000170043,66.64148127734484,0.0225622138022956,0.03777932374484596,0.5972106317909845,0.5503667617896185,0.7743747614223945,,TRAPPC1
ENSG00000008952,36.38926514885927,-0.02980013065845598,0.05014956408180908,-0.5942251184844393,0.5523615546357785,0.7768081805828816,,SEC62
ENSG00000166337,10.78477452607177,-0.05703678125760607,0.09607423679995977,-0.5936740499574799,0.5527301427336552,0.776928248006127,,TAF10
ENSG00000126457,16.962631991357988,-0.041055388327941165,0.06919787774663594,-0.5933041541861026,0.552977619140973,0.776928248006127,,PRMT1
ENSG00000143575,12.494992757511623,0.04494534956464126,0.07584564638083355,0.592589709618443,0.5534557674784968,0.7772270921712415,,HAX1
ENSG00000175416,23.60786504593057,-0.03757370125030179,0.06347460843730098,-0.5919485314732801,0.5538850540164213,0.7774570652732894,,CLTB
ENSG00000162980,39.44298340425119,-0.02985112869527831,0.05062906323077662,-0.5896046023844319,0.5554557654221174,0.7790382968522863,,ARL5A
ENSG00000116560,38.83347759644086,-0.038205131418352356,0.06481229999260309,-0.5894734706639425,0.5555437034930238,0.7790382968522863,,SFPQ
ENSG00000166888,10.833038219698292,0.054271369613490085,0.09218516068774275,0.5887213213992498,0.5560482326114351,0.7791388415890252,,STAT6
ENSG00000162772,9.603172599115053,-0.13358759631884265,0.22696852576824286,-0.5885732211841949,0.5561476020905269,0.7791388415890252,,ATF3
ENSG00000136717,14.534961541068471,-0.050914821906734,0.08670568359768817,-0.587214353132573,0.5570597538340706,0.7796846333815514,,BIN1
ENSG00000106052,36.74810441796658,-0.0339503061620258,0.05782339323841032,-0.5871379083902265,0.5571110896615842,0.7796846333815514,,TAX1BP1
ENSG00000162783,9.440223367362758,-0.06767449922023898,0.11532746609988632,-0.5868029664470854,0.5573360442853781,0.7796846333815514,,IER5
ENSG00000013441,21.481769736737036,0.04725994279146558,0.08063392560523171,0.5861049482179651,0.5578049912736434,0.7799680107207392,,CLK1
ENSG00000189067,38.143108620973976,-0.04211726237349,0.07192211611655243,-0.5855954280493837,0.5581474214785731,0.780074295985328,,LITAF
ENSG00000055609,13.07274168066773,-0.055301552302731795,0.0949580755592207,-0.582378612635667,0.560311684313433,0.7825800730358665,,KMT2C
ENSG00000158473,18.525467539394274,0.05923232043563603,0.10174991528265435,0.5821363120656432,0.56047486788122,0.7825800730358665,,CD1D
ENSG00000108100,10.415679640641782,-0.05399585301473418,0.09283010524253198,-0.5816631670691557,0.56079358593746,0.7826518682673417,,CCNY
ENSG00000166501,24.934019330083427,-0.03980883401649731,0.06865323264300176,-0.5798537444478992,0.5620132508578335,0.7836515206234609,,PRKCB
ENSG00000128609,20.084093243789344,0.03458290278037995,0.059683283090840436,0.5794403556477168,0.5622920807376901,0.7836515206234609,,NDUFA5
ENSG00000108010,14.769863617137567,0.043202270958530124,0.07456256609033214,0.5794096585435486,0.5623127885347989,0.7836515206234609,,GLRX3
ENSG00000077147,10.50834879559519,-0.05390380592513464,0.0931291905599034,-0.5788067694034358,0.5627195629657623,0.7838440379032331,,TM9SF3
ENSG00000103254,13.015809736105169,0.044243823242538484,0.0764919516735565,0.578411483489886,0.5629863427973016,0.7838440379032331,,ANTKMT
ENSG00000176953,8.936690621656584,-0.06260319013209349,0.10846618871756188,-0.5771677872365155,0.563826115486588,0.7843619752840044,,NFATC2IP
ENSG00000178913,16.095839728364133,0.04646536718185866,0.08052988200860213,0.5769953466080489,0.5639425990380084,0.7843619752840044,,TAF7
ENSG00000148229,9.8621194264852,-0.052258734070809915,0.09062146359342926,-0.5766706031726359,0.5641619945177982,0.7843619752840044,,POLE3
ENSG00000166037,8.056719032808722,0.058438637969215966,0.10152430514329448,0.5756122919209731,0.5648772708096756,0.7849836966923257,,CEP57
ENSG00000106617,12.19319499172212,0.06507883082665436,0.11322962469627056,0.5747509187743326,0.5654597651592834,0.7850957943673272,,PRKAG2
ENSG00000100644,22.974179351668564,0.05476087124534907,0.09528601149390092,0.5747000046156221,0.565494204344499,0.7850957943673272,,HIF1A
ENSG00000075292,7.857941150196301,-0.0670865599077816,0.11707227433331248,-0.5730354201267308,0.5666207117224786,0.7861254238458705,,ZNF638
ENSG00000113712,31.209837483768474,0.03462812368745184,0.06050778732024934,0.5722920176237102,0.5671241566814127,0.7861254238458705,,CSNK1A1
ENSG00000187514,1054.0497760521478,0.018257598120164444,0.031923479436501444,0.5719175491656661,0.5673778343087122,0.7861254238458705,,PTMA
ENSG00000177105,59.80352344873096,-0.026556710176711455,0.04647019193642214,-0.5714783836710816,0.5676754091267018,0.7861254238458705,,RHOG
ENSG00000092094,9.060791377252695,0.05366737623113242,0.09392643605270551,0.5713766910203825,0.567744325856947,0.7861254238458705,,OSGEP
ENSG00000134882,8.454901607417337,0.05403209512197493,0.09458976930083877,0.5712255725048672,0.5678467457083388,0.7861254238458705,,UBAC2
ENSG00000167850,7.76579576599779,0.08139802842597374,0.142927651470602,0.5695051138702579,0.5690134012628765,0.786660770229591,,CD300C
ENSG00000152804,12.714312119296588,0.04824468706560254,0.08471747423855137,0.5694774012000514,0.5690322027922827,0.786660770229591,,HHEX
ENSG00000100348,25.13512901201532,-0.03244589496606745,0.05703602772231506,-0.5688666665924415,0.569446628092672,0.786660770229591,,TXN2
ENSG00000198736,9.417851140654458,-0.05277725472047037,0.09280220792777592,-0.5687068863872797,0.5695550736857751,0.786660770229591,,MSRB1
ENSG00000174851,12.330540631911566,-0.043178771867962075,0.07593361003694474,-0.5686384704606283,0.5696015117736988,0.786660770229591,,YIF1A
ENSG00000123505,16.000008731734074,-0.04245328853376271,0.07473293260686899,-0.5680666749301454,0.5699896951230852,0.786660770229591,,AMD1
ENSG00000170315,146.92350462646363,0.020037759623638757,0.03528498729194229,0.5678834303623115,0.5701141237797787,0.786660770229591,,UBB
ENSG00000179085,16.883528668688278,-0.037312386751024454,0.06579359134289828,-0.5671127839269703,0.5706375579477845,0.7870121383283621,,DPM3
ENSG00000109736,8.944815622024286,-0.053350871740270873,0.09430469389094401,-0.5657286985308173,0.5715782230699236,0.7874183904030888,,MFSD10
ENSG00000069424,8.675912127492472,0.0543777720074577,0.09612160706233125,0.5657185066849304,0.5715851524823858,0.7874183904030888,,KCNAB2
ENSG00000169895,19.57403891657285,-0.05363934781930532,0.09485423474187718,-0.5654923890880761,0.571738899589128,0.7874183904030888,,SYAP1
ENSG00000150316,25.20177813321123,-0.03440093762256413,0.06089957527330897,-0.5648797625956736,0.5721555495412243,0.7876217437972284,,CWC15
ENSG00000170855,9.475344033504435,0.04853830085732084,0.08601241563091278,0.5643173779190573,0.572538156773318,0.7877780653347157,,TRIAP1
ENSG00000149084,8.185072594085016,0.05836469711295581,0.10363958314700561,0.5631506355073767,0.5733323140114059,0.788500242097415,,HSD17B12
ENSG00000145819,9.509608793178534,0.06421036247334737,0.11410062599909622,0.5627520612713901,0.5736037280036674,0.7885031528613794,,ARHGAP26
ENSG00000159128,12.588609541337403,0.046867849955138374,0.08340903845024039,0.5619037316093566,0.5741816111087856,0.788927150317468,,IFNGR2
ENSG00000185787,79.7120805540696,0.025470733341997287,0.0453687495671849,0.5614158112133688,0.5745141078505109,0.7889658861991287,,MORF4L1
ENSG00000165775,14.383557225901416,0.041244568392037786,0.07351034508149958,0.5610716198694304,0.5747487142290784,0.7889658861991287,,FUNDC2
ENSG00000119335,73.56065787324037,0.02987524933102101,0.05330052684561878,0.5605057041472135,0.5751345500107774,0.7891255681497451,,SET
ENSG00000159352,28.8940814840132,0.0293591284070421,0.05257439055111092,0.5584302185776213,0.57655064271173,0.7905263431396904,,PSMD4
ENSG00000126264,85.59224147601734,0.02547627173558968,0.045638560792874885,0.5582181228547209,0.5766954470445282,0.7905263431396904,,HCST
ENSG00000128463,13.841670334708914,-0.04360100726620712,0.07819513549610045,-0.5575923232255475,0.5771227997822383,0.7907419549660243,,EMC4
ENSG00000122068,10.26165779808472,0.056577789180004986,0.10156738941309026,0.5570467992427607,0.5774954547086657,0.790882456214674,,FYTTD1
ENSG00000184730,8.731739466923802,0.058602265694911414,0.105488751449831,0.555530944195333,0.5785315504918113,0.7913684423550131,,APOBR
ENSG00000160888,104.32844911020753,-0.038225937669742194,0.0688098761794056,-0.5555298133377983,0.5785323237655807,0.7913684423550131,,IER2
ENSG00000138592,10.233739862256481,0.053740395249446966,0.09677000909867406,0.5553414301599288,0.5786611458613672,0.7913684423550131,,USP8
ENSG00000100852,8.33788038701824,-0.0627225152357498,0.11305896245572766,-0.5547770284935267,0.5790471814009309,0.7913945263873838,,ARHGAP5
ENSG00000168958,13.625087737622085,-0.04013485725087807,0.07239139549172331,-0.5544147474746054,0.5792950355712021,0.7913945263873838,,MFF
ENSG00000125304,19.72099436181572,0.04030157630825868,0.07283432015977648,0.5533322233234168,0.5800359398694458,0.7913945263873838,,TM9SF2
ENSG00000142227,191.15984339118967,-0.02104257631267508,0.0380508945612677,-0.5530113432364474,0.5802556428676187,0.7913945263873838,,EMP3
ENSG00000125354,27.34489872066862,0.03949386425120034,0.07142338766738375,0.5529542288741875,0.5802947525191846,0.7913945263873838,,SEPTIN6
ENSG00000175826,10.328204523986953,0.0514819520044724,0.09316628671016415,0.5525813448445175,0.5805501190756022,0.7913945263873838,,CTDNEP1
ENSG00000169689,10.1225155715009,-0.04727021724313478,0.08558926303352138,-0.5522914389930103,0.5807486950722803,0.7913945263873838,,CENPX
ENSG00000181555,10.417386456878605,-0.06602396722505158,0.11957516639354228,-0.5521545084683842,0.5808424990459317,0.7913945263873838,,SETD2
ENSG00000115561,10.526829168633542,0.04681710863676835,0.08488352348519634,0.5515453024865684,0.5812599203017229,0.7915949054155557,,CHMP3
ENSG00000266402,24.99924897372728,0.04633476855965718,0.08424449891327962,0.5500034917099298,0.5823169786580645,0.7923212216886546,,SNHG25
ENSG00000125458,10.424652260980778,-0.04898586627678084,0.08907474149334686,-0.5499411556579109,0.582359734840844,0.7923212216886546,,NT5C
ENSG00000065809,7.597045227606975,0.06973845106573677,0.12694394696320802,0.54936413065799,0.5827555847873962,0.7923212216886546,,FAM107B
ENSG00000099901,35.24950971289367,0.02628091565082912,0.047854033309023075,0.5491891452726043,0.5828756528406291,0.7923212216886546,,RANBP1
ENSG00000114857,21.333747209736668,-0.041110490519539626,0.07502767486787892,-0.5479376855531475,0.5837346912335724,0.7924525381415176,,NKTR
ENSG00000164713,28.367042328778286,0.05347627343080058,0.09760209984136797,0.5479008496509317,0.5837599854016573,0.7924525381415176,,BRI3
ENSG00000163344,8.852458786453463,0.05008341453068232,0.0914793911698439,0.5474830329565231,0.5840469239906413,0.7924525381415176,,PMVK
ENSG00000198502,320.39643585159405,0.1819151912824353,0.33228248355107537,0.5474715047820841,0.5840548419772524,0.7924525381415176,,HLA-DRB5
ENSG00000150593,13.087708461976222,0.044755176109949064,0.08183409636371695,0.5469013296246565,0.5844465222035462,0.792616682265856,,PDCD4
ENSG00000107438,10.015513920396076,0.06292307864575475,0.1151502654954513,0.5464431920761863,0.5847613270223795,0.7926764655192255,,PDLIM1
ENSG00000157873,10.704297517303829,0.050305248060280396,0.09227123344554684,0.5451888544436512,0.585623636272447,0.7934780226773367,,TNFRSF14
ENSG00000067064,11.255381993421414,-0.05781575640684616,0.10615069670131541,-0.544657342848412,0.5859892082032649,0.7936061062068269,,IDI1
ENSG00000198176,9.084682777493617,-0.05169800096361445,0.09533488438899021,-0.5422779006336615,0.5876270772740182,0.7952066617932184,,TFDP1
ENSG00000183283,58.453640394053075,-0.025306357971792,0.04668843040727061,-0.5420263168206901,0.5878003766121294,0.7952066617932184,,DAZAP2
ENSG00000089737,26.95467391044816,0.03804864727581766,0.07023192194883851,0.5417571699594774,0.587985800130573,0.7952066617932184,,DDX24
ENSG00000100030,11.700576490068833,0.04833199174242989,0.08934196644879881,0.5409774785976822,0.5885231059835145,0.7955658607200972,,MAPK1
ENSG00000171530,78.35741071419594,0.021656625999959066,0.04007768615190002,0.5403661757786473,0.5889445294018578,0.7957681504792985,,TBCA
ENSG00000002586,50.35873462531023,0.03033129321352483,0.05659791612156238,0.5359083035562393,0.5920219254078096,0.7995572867131303,,CD99
ENSG00000154723,73.26685591949804,0.02154327335728133,0.04026949487675092,0.5349774916029321,0.5926654217524837,0.8000430065343122,,ATP5PF
ENSG00000183011,49.929410048666774,-0.02425978590006107,0.04537951465080243,-0.5345977383570826,0.5929280478754977,0.8000430065343122,,NAA38
ENSG00000160310,27.329204014774806,-0.03312147689317092,0.06210178746008146,-0.53334176434875,0.5937970220494047,0.8008464673241164,,PRMT2
ENSG00000104131,26.962794733555597,-0.03196864380374325,0.06010602849442094,-0.5318708389909772,0.5948154554290835,0.8018506691972177,,EIF3J
ENSG00000089820,10.823759014225283,0.04509722189145025,0.08493861919048348,0.5309389571110774,0.5954610806014836,0.8021611789246311,,ARHGAP4
ENSG00000147419,8.05613783360092,0.05491613757536804,0.10354095346476512,0.5303808371250507,0.5958479095658561,0.8021611789246311,,CCDC25
ENSG00000109046,27.83258530605634,0.04071917473464311,0.07677878128708712,0.5303441139862346,0.595873366126908,0.8021611789246311,,WSB1
ENSG00000143158,19.732059347071857,-0.03233554886827264,0.06101540270300623,-0.5299571491098175,0.5961416411680318,0.8021611789246311,,MPC2
ENSG00000179262,23.81892406388311,0.029559273653712928,0.05596283382485281,0.5281947255606239,0.5973641898446477,0.8032602187172861,,RAD23A
ENSG00000135404,84.80900030702443,0.02545069073762695,0.048203085568127434,0.5279888297120819,0.5975070889228993,0.8032602187172861,,CD63
ENSG00000054116,14.959852301745237,0.04089663966884161,0.07787124334824545,0.5251828262963399,0.5994561023156615,0.8041305641375239,,TRAPPC3
ENSG00000023902,25.171197458839792,-0.041070944781124066,0.07823167699635494,-0.5249912357501642,0.5995892835645424,0.8041305641375239,,PLEKHO1
ENSG00000168216,10.705811029466142,-0.04440709759516193,0.08460154575662036,-0.524897000380007,0.5996547947615052,0.8041305641375239,,LMBRD1
ENSG00000116754,34.53004198782582,-0.029692442578537946,0.05656943884940134,-0.5248848703906168,0.5996632276069128,0.8041305641375239,,SRSF11
ENSG00000115649,12.091409158780927,0.044402333811464564,0.08460972916679126,0.524789929582852,0.59972923291208,0.8041305641375239,,CNPPD1
ENSG00000196954,29.902911281481277,0.029518950690811598,0.05629813037024798,0.5243326998015471,0.6000471569319061,0.8041305641375239,,CASP4
ENSG00000087470,11.524965378850473,0.05161628094569759,0.0984498915463304,0.5242898710701681,0.6000769407925169,0.8041305641375239,,DNM1L
ENSG00000106066,133.66247204477799,-0.030308674634920364,0.05798454581038872,-0.5227026306980256,0.6011812072797704,0.8052418000526842,,CPVL
ENSG00000108588,10.163759126145468,0.05235047866853598,0.10040098788819737,0.5214139797790779,0.6020784149133611,0.8057002942959027,,CCDC47
ENSG00000204922,8.844471031632846,-0.049628880809191186,0.09521702760199716,-0.5212185473446792,0.6022145350751844,0.8057002942959027,,UQCC3
ENSG00000034713,49.142882513178385,0.025285890725518057,0.04853100647287623,0.5210254755307874,0.6023490246631595,0.8057002942959027,,GABARAPL2
ENSG00000250317,8.268265217219447,-0.04734414940115739,0.09094430532791159,-0.5205839907232439,0.6026566041245423,0.8057436241445936,,SMIM20
ENSG00000167553,9.879306600792317,0.05379668473415675,0.10365643568649142,0.5189903007746153,0.6037675049954825,0.8068604539601885,,TUBA1C
ENSG00000132205,13.815744463665446,-0.06160495814925728,0.11890223484496264,-0.5181143838850831,0.604378465043753,0.8071023210621603,,EMILIN2
ENSG00000164919,135.96716376048533,-0.018049915814633093,0.03486308788321591,-0.5177371515425299,0.6046416735147172,0.8071023210621603,,COX6C
ENSG00000075884,12.184027211183622,0.0425397156880638,0.08221316301640305,0.517431930937584,0.6048546744540916,0.8071023210621603,,ARHGAP15
ENSG00000100813,10.937621091366937,0.051860643868255125,0.10028152753353989,0.5171505175857035,0.6050510910968039,0.8071023210621603,,ACIN1
ENSG00000142168,37.91958404382598,0.023670836521255696,0.04590756112898739,0.5156195611164636,0.6061201454810384,0.8077428271913992,,SOD1
ENSG00000177868,11.154985445965444,-0.04393187634587221,0.08520950059040182,-0.5155748600974759,0.6061513725309331,0.8077428271913992,,SVBP
ENSG00000092964,33.71767348682454,-0.03373508361695115,0.06555877970017965,-0.5145776625378325,0.606848177630362,0.8077428271913992,,DPYSL2
ENSG00000196504,25.474493036932955,-0.030607661220595408,0.059505213032679694,-0.5143694083371481,0.6069937431932108,0.8077428271913992,,PRPF40A
ENSG00000170638,18.07417632875637,-0.035325887635150315,0.06869218962372257,-0.5142635258630722,0.6070677589260633,0.8077428271913992,,TRABD
ENSG00000090104,51.939968647947346,-0.08927512908304777,0.17368340594733442,-0.5140107000787308,0.6072445097227208,0.8077428271913992,,RGS1
ENSG00000079332,11.711156402019766,-0.045155854103929007,0.08790330330399093,-0.5136991717793485,0.6074623311050071,0.8077428271913992,,SAR1A
ENSG00000105835,33.21725711283778,-0.05481378748498842,0.1068526129549705,-0.5129849983929534,0.607961814500106,0.8080400330714074,,NAMPT
ENSG00000178927,13.583384888684872,0.04034587507099663,0.07877705167732223,0.5121526410541093,0.6085441851328207,0.8084470844232755,,CYBC1
ENSG00000172965,9.88242477658838,0.05940339532031563,0.1163715511088583,0.5104632081834801,0.6097269840053089,0.8096510699172537,,MIR4435-2HG
ENSG00000128524,70.21404211349244,-0.01998148359251232,0.0392355700655601,-0.5092696132393273,0.6105632541652324,0.810394020034361,,ATP6V1F
ENSG00000198695,9.071485467340032,-0.05718918158658025,0.11246346508700343,-0.5085134229355092,0.6110933280543391,0.8106114931753114,,MT-ND6
ENSG00000108561,47.303112563597374,-0.021800536730018805,0.04293722873642772,-0.5077304095204296,0.6116424192369692,0.8106114931753114,,C1QBP
ENSG00000198265,8.270445820426078,-0.05100397778148507,0.10062985266332138,-0.5068473860548097,0.6122619047931112,0.8106114931753114,,HELZ
ENSG00000150782,13.467519804706786,-0.04463566715735858,0.0880747221294328,-0.5067931646921681,0.6122999528580388,0.8106114931753114,,IL18
ENSG00000136819,23.25528985620814,0.03144336427058198,0.06205010466919728,0.5067415186197259,0.6123361947696662,0.8106114931753114,,C9orf78
ENSG00000110852,43.7830932459064,-0.029267148821990926,0.057764023108370914,-0.5066674245850729,0.6123881908824416,0.8106114931753114,,CLEC2B
ENSG00000213988,13.58663784151652,-0.09873264251190167,0.19521919163065976,-0.5057527473973794,0.613030234022985,0.8110946792676458,,ZNF90
ENSG00000143878,9.985555198512946,0.07520705240173443,0.14893483823802142,0.5049661535976,0.6135826086668505,0.8114588428981655,,RHOB
ENSG00000161929,14.013116549496424,0.052003380444410434,0.10313067407579293,0.5042474599379816,0.6140874932318652,0.8114974700294253,,SCIMP
ENSG00000122033,17.820337043995384,0.0382838769314651,0.07599132358276106,0.5037927374665434,0.6144070317394099,0.8114974700294253,,MTIF3
ENSG00000103145,8.241837295595365,-0.04646934232407797,0.09224844918247553,-0.5037411765281553,0.6144432688030177,0.8114974700294253,,HCFC1R1
ENSG00000153187,56.5385262256075,0.028483802868484055,0.056732184530904055,0.5020748470027256,0.6156148726802741,0.8120825381444606,,HNRNPU
ENSG00000162819,9.18294647996347,0.05089354264940491,0.1014017556350346,0.5019000147549816,0.6157378549118115,0.8120825381444606,,BROX
ENSG00000141682,22.481162982513034,-0.053016024483793764,0.10567135609860503,-0.5017066728501427,0.6158738699558473,0.8120825381444606,,PMAIP1
ENSG00000113522,7.777406797454091,0.055529621519094914,0.11075006555800677,0.5013958342987216,0.6160925709480478,0.8120825381444606,,RAD50
ENSG00000103507,10.459299338884497,0.04092136598642659,0.08165665265260026,0.5011394008584001,0.6162730190426884,0.8120825381444606,,BCKDK
ENSG00000171867,10.318897164374627,0.04496557567698603,0.08985814304913264,0.5004062420074689,0.6167890590587863,0.8122782527372336,,PRNP
ENSG00000167515,15.824411754389772,-0.03841863115017919,0.0768157266547259,-0.5001401773215612,0.6169763777621611,0.8122782527372336,,TRAPPC2L
ENSG00000118579,18.032810075936194,0.03486726897944036,0.06983374010144494,0.49928972626684387,0.6175752917348394,0.8127013277301617,,MED28
ENSG00000214078,15.14835660348483,0.04505784078638431,0.09035874772417361,0.49865499380233236,0.6180224557810703,0.8129198926178189,,CPNE1
ENSG00000156110,9.791254465684728,0.04468242641589868,0.08967744669372654,0.4982571210853228,0.6183028261763928,0.8129198926178189,,ADK
ENSG00000112531,16.555449336291392,-0.03646832699440245,0.07324840462275,-0.49787196297618563,0.6185742898744879,0.8129198926178189,,QKI
ENSG00000159140,69.55797293916129,0.02717834688162943,0.054856255234634596,0.4954466316627067,0.6202848850624406,0.8146146146313509,,SON
ENSG00000149600,16.056561789127528,-0.034777340829082674,0.0702211103052865,-0.49525478417940244,0.6204202836843964,0.8146146146313509,,COMMD7
ENSG00000166136,60.70802876043042,0.018779735243922693,0.03799050078383178,0.4943271306366955,0.6210751675398469,0.8146479511633948,,NDUFB8
ENSG00000004534,10.656676266933042,-0.04459248560797804,0.09021328981713311,-0.4943006257544676,0.6210938832725895,0.8146479511633948,,RBM6
ENSG00000027697,27.76519994580675,0.04230916510771948,0.0856397436193682,0.49403656899961673,0.6212803534657994,0.8146479511633948,,IFNGR1
ENSG00000270170,13.775118108016965,0.0381386325129011,0.07744397183509205,0.49246741365632557,0.6223889527174148,0.8156045401328685,,NCBP2AS2
ENSG00000134072,10.486420807753865,-0.046409106854754814,0.09449438639752547,-0.4911308345822555,0.6233339141367363,0.8156045401328685,,CAMK1
ENSG00000117500,9.717357209580653,0.043005626591651816,0.08757442639827825,0.4910751729742111,0.6233732803616614,0.8156045401328685,,TMED5
ENSG00000033800,8.904881679834626,0.04687376914310709,0.09553120625786438,0.4906644747746846,0.6236637766173649,0.8156045401328685,,PIAS1
ENSG00000218739,9.186674365891538,0.04276057133098962,0.08718885323255283,0.490436216851451,0.6238252539950588,0.8156045401328685,,CEBPZOS
ENSG00000184281,7.926774851034172,0.04823752301865998,0.09837678029108804,0.4903344353812911,0.6238972634787687,0.8156045401328685,,TSSC4
ENSG00000136146,17.962221990384098,-0.03244040254740172,0.06617349470716352,-0.4902325725875548,0.6239693340963571,0.8156045401328685,,MED4
ENSG00000138964,31.882698235163048,-0.02521895730331748,0.05148956171416522,-0.48978776403877466,0.6242840900602251,0.8156045401328685,,PARVG
ENSG00000267855,13.579259787562549,-0.04833684329806145,0.0988651821188861,-0.4889167476567842,0.62490063831587,0.8156045401328685,,NDUFA7
ENSG00000084070,31.43675827319983,0.04378243812321318,0.0896002780394807,0.4886417663114981,0.6250953382013071,0.8156045401328685,,SMAP2
ENSG00000244754,46.536820352035335,0.02569604879424559,0.05259980758830271,0.48851982492726737,0.6251816868816749,0.8156045401328685,,N4BP2L2
ENSG00000142634,40.780046994438024,0.028789426777379643,0.05896106730563519,0.4882785894655625,0.6253525247944979,0.8156045401328685,,EFHD2
ENSG00000242485,32.086828173956405,0.028943282685172593,0.059492747378401045,0.4865010267735678,0.626611977525677,0.8168832903807579,,MRPL20
ENSG00000104765,24.484802433581716,0.031179418811205648,0.06419443866391863,0.48570280323567144,0.6271778958543124,0.8169024043546813,,BNIP3L
ENSG00000213465,11.099905104214072,0.04510666021029517,0.09299189997024637,0.4850600990487071,0.6276337147739763,0.8169024043546813,,ARL2
ENSG00000162604,11.949949455467733,0.041106225807443456,0.08479963307282602,0.48474532634052064,0.6278570098574165,0.8169024043546813,,TM2D1
ENSG00000148484,16.598803307323667,0.034395583932393343,0.0709886277938334,0.4845224510084304,0.6280151349126772,0.8169024043546813,,RSU1
ENSG00000127838,13.298733424098922,-0.03710458472623069,0.07660378696949212,-0.48437011007050856,0.6281232272210195,0.8169024043546813,,PNKD
ENSG00000169288,8.857123590841239,0.04641709133568304,0.0958792848723786,0.48412012456566744,0.6283006197427399,0.8169024043546813,,MRPL1
ENSG00000111790,11.19315892107808,0.04095639614577271,0.08476649233061749,0.4831672872109554,0.6289769606324931,0.8174187930456901,,FGFR1OP2
ENSG00000108518,590.482274249908,-0.019936046244545765,0.0413402905070301,-0.4822425290203404,0.6296336682505561,0.817651942266142,,PFN1
ENSG00000006015,30.505218343421664,-0.02777370614855268,0.057606473173288215,-0.48212821612955786,0.6297148667384393,0.817651942266142,,REX1BD
ENSG00000163453,20.47111679216439,0.03525184403112218,0.07343716896746556,0.48002727401895895,0.631207999557547,0.8192274036810717,,IGFBP7
ENSG00000115956,49.00170897063591,-0.03505111316834936,0.0732168054874339,-0.47873043538296867,0.6321304109442483,0.8193048126573687,,PLEK
ENSG00000140395,14.53045544103546,0.034499172857386615,0.0720647045985419,0.4787249604306938,0.6321343063665765,0.8193048126573687,,SKIC8
ENSG00000143799,16.812531156156055,-0.03427333121599319,0.07159360948194343,-0.47872053754514554,0.6321374532520785,0.8193048126573687,,PARP1
ENSG00000158604,9.554473737586846,0.042538975363965774,0.08899123560912851,0.4780130882866652,0.6326408895244657,0.8193048126573687,,TMED4
ENSG00000188677,8.820645581555569,0.04818258008265243,0.10080527263479777,0.47797678457961834,0.6326667286264722,0.8193048126573687,,PARVB
ENSG00000169564,93.89000649238454,0.01736466631597597,0.036536535235159824,0.4752685552752032,0.6345955687588105,0.8213270373210565,,PCBP1
ENSG00000136867,19.655081167928625,0.04549104617643596,0.0957712831551375,0.4749967284321142,0.6347893051426061,0.8213270373210565,,SLC31A2
ENSG00000164463,10.29050057380489,0.04684878301051304,0.09885918507913695,0.47389408453054216,0.6355754377642362,0.8219809548470335,,CREBRF
ENSG00000149923,37.36992613015805,0.02203763943332652,0.046542534175200996,0.4734946178557831,0.63586033992261,0.8219863467079038,,PPP4C
ENSG00000104918,18.211421608459705,0.08544654531908911,0.1818695156891298,0.46982335107299233,0.6384812297445678,0.8241334259431362,,RETN
ENSG00000142192,9.21620266924503,-0.04572321518313113,0.09735089752346676,-0.4696743054896787,0.6385877280265329,0.8241334259431362,,APP
ENSG00000227500,8.80255773441983,-0.05381652852919462,0.11458782009802533,-0.46965313139875353,0.638602858259891,0.8241334259431362,,SCAMP4
ENSG00000060339,12.161480874701,0.042499866810997544,0.0905294171533202,0.4694591895915995,0.638741449003992,0.8241334259431362,,CCAR1
ENSG00000139726,12.708778276978968,-0.03784426839430601,0.08065746374052543,-0.4691973518538941,0.6389285781731282,0.8241334259431362,,DENR
ENSG00000130254,10.878930660568942,-0.04303106040009449,0.09183057414662307,-0.46859186931999475,0.6393613900955544,0.8243285557903053,,SAFB2
ENSG00000168385,20.093936790271027,-0.035936052524919326,0.07682872316514137,-0.4677424151339298,0.6399688051859415,0.8247485306269527,,SEPTIN2
ENSG00000272325,14.554980976658065,-0.03684068349615024,0.07893877055498874,-0.4666994841335541,0.6407148988906844,0.8249607639350613,,NUDT3
ENSG00000166925,11.620860019183024,0.039993705007034766,0.08575339614131433,0.4663804211454031,0.6409432232892924,0.8249607639350613,,TSC22D4
ENSG00000168003,12.73453944486976,-0.04011605635681232,0.08602489123776615,-0.46633080006965244,0.6409787356394346,0.8249607639350613,,SLC3A2
ENSG00000100603,19.125878411115295,0.033132431167845124,0.07112196022014329,0.46585374004443286,0.6413201954407023,0.8250375800748578,,SNW1
ENSG00000108669,11.18648167745078,-0.04326420153908091,0.09341708637305711,-0.4631294254490788,0.6432715993391237,0.8271845598879904,,CYTH1
ENSG00000143155,8.719288163591191,0.04345019167056705,0.09435003872881778,0.46052118532195,0.6451421686542446,0.829225754969108,,TIPRL
ENSG00000115233,10.189347502870216,0.039738363798066646,0.08651849121508487,0.45930486350342287,0.6460152557218324,0.8298083615385025,,PSMD14
ENSG00000167797,14.07318713874359,-0.04029946741051059,0.0877792511779382,-0.45910015031706225,0.6461622487389979,0.8298083615385025,,CDK2AP2
ENSG00000173486,24.797741429629795,-0.02607641657730126,0.05705567323171186,-0.45703459621624165,0.6476461790268091,0.8311625424465386,,FKBP2
ENSG00000108848,30.128616531658196,0.02998010348536297,0.06564178337052357,0.45672286683828167,0.6478702527209784,0.8311625424465386,,LUC7L3
ENSG00000151893,9.088291921379517,-0.04452974861823366,0.09755725432778582,-0.456447333671535,0.6480683348379261,0.8311625424465386,,CACUL1
ENSG00000155465,11.093509463671294,-0.045039362352479115,0.09922365893558181,-0.45391757203510974,0.6498881555505813,0.8328479907748793,,SLC7A7
ENSG00000113575,18.163183775893042,0.03081400823094503,0.06795039529026857,0.4534779834512312,0.6502045934642664,0.8328479907748793,,PPP2CA
ENSG00000180964,16.70380485378453,0.03348870065860469,0.07387247593939557,0.4533312337612532,0.6503102453003893,0.8328479907748793,,TCEAL8
ENSG00000165264,20.02868436110474,-0.027712251602528267,0.06116960947274827,-0.45303953779326284,0.6505202714829743,0.8328479907748793,,NDUFB6
ENSG00000140941,27.787017951381845,0.02780357216042346,0.061473423735739476,0.4522860525866399,0.6510629223867973,0.8331784251523351,,MAP1LC3B
ENSG00000189180,7.7051096295240935,-0.04685678782330766,0.10370249418303328,-0.45183858105289315,0.6513852735097923,0.8332267718814642,,ZNF33A
ENSG00000131475,9.28493698596777,0.03952125425753601,0.08755433807475178,0.4513911603533992,0.6517076531826422,0.8332751128902953,,VPS25
ENSG00000057608,82.66046154557783,-0.021333367941301577,0.04739518074685383,-0.4501168178943536,0.652626210788724,0.8340853536400628,,GDI2
ENSG00000086232,10.206537854513012,0.040731640862233756,0.09084761736017849,0.4483512286375909,0.653899734241211,0.8353044744378931,,EIF2AK1
ENSG00000257923,11.563958854992922,-0.04351079933487525,0.09712156079337146,-0.4480035017913845,0.6541506693600031,0.8353044744378931,,CUX1
ENSG00000168273,11.945181540301242,0.03609113730142372,0.08081379243900184,0.446596258041785,0.6551665978815214,0.8360585587265997,,UQCC5
ENSG00000115977,8.311089069734217,0.04935692685256878,0.11056795038097622,0.4463945174212155,0.6553122924445173,0.8360585587265997,,AAK1
ENSG00000151465,11.0717687937667,0.0385619537149215,0.08651595284628893,0.44572073064297996,0.6557989879286829,0.8360890999252757,,CDC123
ENSG00000123358,15.038719075502614,0.06159899248072206,0.13824738267773973,0.4455707680507183,0.655907330098483,0.8360890999252757,,NR4A1
ENSG00000122692,8.823170806999917,0.04047988287371812,0.0909944007405792,0.4448612501897164,0.6564200274194845,0.8363785205762622,,SMU1
ENSG00000165025,17.926655395523238,-0.03631342036641674,0.0817642825059386,-0.4441232681737196,0.6569534646461814,0.8366941037338057,,SYK
ENSG00000123066,9.335571901813632,0.04352569912017251,0.09822460587842986,0.44312419205879205,0.6576759076820966,0.8372500250839907,,MED13L
ENSG00000102910,8.653544627115746,-0.043885742436169765,0.09933412082189341,-0.441799273734522,0.6586344641662181,0.837668825321467,,LONP2
ENSG00000106635,9.017655647886322,0.04646342478318317,0.10523321636080576,0.44152812571913863,0.6588307044972975,0.837668825321467,,BCL7B
ENSG00000186184,41.36188949841033,-0.02396055471913964,0.054272845298018096,-0.44148329772595535,0.6588631505175336,0.837668825321467,,POLR1D
ENSG00000136560,11.527228805006104,-0.03658665546926955,0.08364735266836008,-0.4373916723261534,0.661827322508078,0.8410722223540157,,TANK
ENSG00000154978,11.132211923672536,0.03877297215777787,0.08873081821209018,0.4369730037324821,0.6621309264727104,0.8410929946690222,,VOPP1
ENSG00000109113,11.582275033323423,0.035368965086172904,0.08124284925229311,0.43534865421001473,0.6633093739391202,0.8416812641792275,,RAB34
ENSG00000125457,13.721156735774171,-0.034576252913573725,0.07948082642069383,-0.43502633868652585,0.6635433094581528,0.8416812641792275,,MIF4GD
ENSG00000103152,15.242718753753776,-0.03085699067190384,0.07099618020799925,-0.43462888540624806,0.6638318248711763,0.8416812641792275,,MPG
ENSG00000138085,23.596761015305322,-0.02531925322098356,0.058269015357837475,-0.43452344381477515,0.6639083743711326,0.8416812641792275,,ATRAID
ENSG00000008282,11.041105936173338,-0.03793175098537362,0.0873290966640733,-0.4343540977102369,0.6640313252233659,0.8416812641792275,,SYPL1
ENSG00000198162,9.475918190905709,-0.04495455941393318,0.10371901699998816,-0.433426392904768,0.664705029887017,0.8421706306833343,,MAN1A2
ENSG00000132471,8.275356197096968,0.04074764223344225,0.09411724880891395,0.43294553069833247,0.6650543414856889,0.8422487508088655,,WBP2
ENSG00000082068,8.115085673136395,0.047343855521246106,0.10968323659376436,0.4316416709747027,0.6660018670087788,0.8430840754871182,,WDR70
ENSG00000099341,35.26959464647179,0.020170018511424616,0.0468864317325323,0.4301888151029754,0.6670582975254906,0.8436150455829152,,PSMD8
ENSG00000157916,18.867816895608744,-0.02757691021425035,0.06410528187537888,-0.43018156082458314,0.6670635740646327,0.8436150455829152,,RER1
ENSG00000109083,20.007578322153545,-0.027153789344514928,0.06320734018661299,-0.42959867104589805,0.6674876039722352,0.8436150455829152,,IFT20
ENSG00000114850,35.587489678693856,-0.021820607714612167,0.05080701530170773,-0.4294802122312178,0.6675737911938574,0.8436150455829152,,SSR3
ENSG00000066322,9.00930838204581,-0.040744395474973986,0.09502179694266817,-0.42878999120125355,0.6680760633130729,0.8438855536586184,,ELOVL1
ENSG00000165672,26.851736979732554,0.025139006326111088,0.058750693477012464,0.42789292922895106,0.6687290752209709,0.8442518679030704,,PRDX3
ENSG00000118855,22.499622383640688,0.02652121504972552,0.06202349542257527,0.4275994906290358,0.6689427368630885,0.8442518679030704,,MFSD1
ENSG00000156261,37.84227089618654,0.03045961316918749,0.07137476195074323,0.4267560736694031,0.6695570038367082,0.8444511399232775,,CCT8
ENSG00000101972,18.19750415450134,-0.03630349943207844,0.08510352700906652,-0.4265804333610149,0.6696849518389008,0.8444511399232775,,STAG2
ENSG00000064490,9.095761255139413,0.03864763845393462,0.09068878978442142,0.42615673387862907,0.6699936419795376,0.8444511399232775,,RFXANK
ENSG00000105254,28.608988312996534,-0.023993573850857423,0.05634951916089503,-0.4257990876967107,0.6702542517697052,0.8444511399232775,,TBCB
ENSG00000112695,129.52671696108305,0.011244501512866512,0.026545119757253006,0.4235995774626009,0.6718578635297892,0.8449858441578194,,COX7A2
ENSG00000179051,12.021969689914371,-0.03553762803661451,0.08398319812908908,-0.423151640188675,0.6721846275947088,0.8449858441578194,,RCC2
ENSG00000168172,14.670921108540147,0.03921181103705018,0.0926992226440514,0.42300042997789306,0.6722949473454353,0.8449858441578194,,HOOK3
ENSG00000168010,10.354558422161169,-0.03578548795495675,0.08460934423258569,-0.42294959592860953,0.6723320363705938,0.8449858441578194,,ATG16L2
ENSG00000101365,18.18213223136339,-0.026398365747755163,0.06241861325604591,-0.4229245792351562,0.6723502890903648,0.8449858441578194,,IDH3B
ENSG00000150093,19.63928380141471,0.029926023634121814,0.07077345401449703,0.4228424915928486,0.6724101833632921,0.8449858441578194,,ITGB1
ENSG00000147586,8.996705896049521,0.04746253261134802,0.11256328300799155,0.4216519929325299,0.6732790501100849,0.845593227962616,,MRPS28
ENSG00000127528,13.520994670020627,0.04084802809882899,0.0969366450511321,0.4213889193016994,0.673471109156018,0.845593227962616,,KLF2
ENSG00000144674,9.222676509846464,-0.050410712413072836,0.1199805959027514,-0.42015720987027383,0.6743706116936584,0.8462496555397119,,GOLGA4
ENSG00000139433,12.802958677905837,0.03549916070975552,0.08454564750833667,0.41988158770982403,0.6745719590265327,0.8462496555397119,,GLTP
ENSG00000135698,9.477625254840758,0.0410346700628127,0.09794185149839098,0.41896971963499013,0.6752382623477666,0.8467227546699189,,MPHOSPH6
ENSG00000164190,14.234462160442575,-0.0369596349309042,0.08830699386372699,-0.41853576159482136,0.6755554455588229,0.8467578529949629,,NIPBL
ENSG00000060762,21.121812972830902,-0.02548620009109271,0.060979252617419044,-0.4179487120150837,0.6759846162109651,0.8469332290396686,,MPC1
ENSG00000146592,8.19241246875121,-0.04521426360749478,0.10840235468264366,-0.4170966925936532,0.676607684010635,0.8473512826275189,,CREB5
ENSG00000161526,9.093537771240626,0.040152681471989984,0.09648179062110106,0.41616849369717634,0.677286712644136,0.8476378840277247,,SAP30BP
ENSG00000160712,10.848382488707074,-0.041015934456466056,0.09859778385007387,-0.4159924579931147,0.6774155220713374,0.8476378840277247,,IL6R
ENSG00000184584,11.334320069448626,0.03772450913491952,0.09080972374433925,0.4154236746840795,0.6778317785359946,0.847796432103115,,STING1
ENSG00000108091,12.33122788372466,-0.04473029589816127,0.10780552192322478,-0.4149165562225707,0.6782029893578878,0.8478287069465944,,CCDC6
ENSG00000110107,9.238221008641943,0.03923872487966746,0.09464297467350709,0.41459733292439876,0.6784367009480433,0.8478287069465944,,PRPF19
ENSG00000166228,10.911061146093031,-0.03556395476624431,0.08596528162628171,-0.41370136982569405,0.6790928237730549,0.8479756240517202,,PCBD1
ENSG00000160131,21.930067240095582,0.025515854421903784,0.06175448459422952,0.4131822099975561,0.6794731210942573,0.8479756240517202,,VMA21
ENSG00000008128,12.390226726922773,0.039918669334677914,0.09668589020606906,0.4128696467457481,0.6797021207017864,0.8479756240517202,,CDK11A
ENSG00000206560,16.422243369700936,0.05013150205402405,0.12142635315441001,0.412855206071083,0.6797127013829876,0.8479756240517202,,ANKRD28
ENSG00000136450,9.585408393513365,0.04084122495356509,0.09904106474689028,0.41236657802436877,0.680070756282185,0.8480609771696073,,SRSF1
ENSG00000155368,112.08308599088616,0.024024596981346475,0.05833150984837595,0.411863108700509,0.6804397619858584,0.8481599076605336,,DBI
ENSG00000144635,16.49530889374864,0.0326786959534829,0.07942815108658598,0.4114246083590602,0.6807612125925853,0.8481995023281232,,DYNC1LI1
ENSG00000104164,14.27654824850686,-0.03451330243837023,0.08408792852107409,-0.41044300942340994,0.6814810016011741,0.8482910015039852,,BLOC1S6
ENSG00000084234,49.173927868391964,0.023376499156546514,0.0569609345750954,0.41039528812027676,0.6815160021804887,0.8482910015039852,,APLP2
ENSG00000175606,11.458443197322879,-0.05125708123830321,0.12497482488002991,-0.41013925234548365,0.6817038000474307,0.8482910015039852,,TMEM70
ENSG00000132485,17.128488934792312,-0.031943249697120764,0.07816561733216865,-0.40866113244364655,0.6827883610036238,0.8488094673762817,,ZRANB2
ENSG00000110367,10.090053184129339,-0.03820615405826489,0.09349289928072152,-0.408653003085798,0.6827943276813806,0.8488094673762817,,DDX6
ENSG00000090266,86.87210029821014,-0.015932460037018818,0.039013214333110065,-0.40838624320932004,0.6829901315363797,0.8488094673762817,,NDUFB2
ENSG00000115677,8.908507240168992,-0.041270179012623934,0.10139883219734966,-0.40700842522822117,0.6840018001880137,0.8494540984864855,,HDLBP
ENSG00000172586,10.510812121009156,0.03483743011393107,0.08564509519158825,0.40676503465843156,0.6841805697612,0.8494540984864855,,CHCHD1
ENSG00000133246,12.620474340181515,-0.034043865442721324,0.08375475650538022,-0.40647083059138756,0.6843966853082993,0.8494540984864855,,PRAM1
ENSG00000085224,24.047937023178765,0.02660397766654222,0.06551093830642613,0.40609978049929063,0.6846692870314569,0.8494540984864855,,ATRX
ENSG00000120697,10.803246965919328,-0.034912802919087334,0.0860601479476983,-0.4056790948152336,0.6849784045379582,0.8494776656023472,,ALG5
ENSG00000147010,35.84326685491412,-0.02332160236236641,0.05781541405947482,-0.40338035698188435,0.6866684349394825,0.850706420338286,,SH3KBP1
ENSG00000118564,17.635586158527218,0.03325544960950044,0.08248529400355868,0.4031682254544149,0.6868244730169342,0.850706420338286,,FBXL5
ENSG00000136628,11.05633138214024,0.03768454446173834,0.09347617647565085,0.4031459766816052,0.6868408393714851,0.850706420338286,,EPRS1
ENSG00000108061,19.145256908107996,0.031346891901120826,0.07794315452506782,0.402176330841718,0.6875542602248579,0.850954559008904,,SHOC2
ENSG00000151461,27.8142293338384,-0.028012815526087524,0.06966911630625991,-0.4020836923342821,0.6876224339532333,0.850954559008904,,UPF2
ENSG00000131724,24.204637040092052,0.029202726942291493,0.07286400223457519,0.4007840092049502,0.6885791530151251,0.8517785213469735,,IL13RA1
ENSG00000126005,10.481592281220586,-0.03370834224952673,0.08436189566204262,-0.399568335739678,0.6894744823349862,0.8525258801844762,,MMP24OS
ENSG00000102030,18.55528936978998,0.026590684175891367,0.06666743933017426,0.39885563992040407,0.6899995768276395,0.8527400540824431,,NAA10
ENSG00000142166,9.019362254018814,-0.04330189227240609,0.10865056347021251,-0.398542730837081,0.6902301667265678,0.8527400540824431,,IFNAR1
ENSG00000126247,29.51882985194387,0.02524320592785575,0.06366176528648228,0.39652067161913596,0.691720961203966,0.8539422140143148,,CAPNS1
ENSG00000182154,25.68230655891968,0.022543575554531778,0.05693230828596674,0.3959715710330429,0.6921260007812764,0.8539422140143148,,MRPL41
ENSG00000198355,18.47957788196739,0.0523369947857728,0.13232917475731537,0.39550609215054844,0.6924694264721083,0.8539422140143148,,PIM3
ENSG00000188641,11.143379033404045,-0.04253619711342288,0.1075758660835612,-0.39540650391215293,0.6925429098973888,0.8539422140143148,,DPYD
ENSG00000124126,11.233333408488992,0.03828362814609604,0.09686029226484541,0.39524584585618416,0.6926614611625674,0.8539422140143148,,PREX1
ENSG00000135549,12.447046675184847,0.06267872945871239,0.15887530054154525,0.3945152534413123,0.6932006678902043,0.85424728770308,,PKIB
ENSG00000103342,11.123099752152712,-0.03662015507402717,0.09292369212671354,-0.3940884637266761,0.6935157278859739,0.8542759996845316,,GSPT1
ENSG00000090487,30.16813294657992,0.021609007012874368,0.05498481398834419,0.39299954742876997,0.6943198156496241,0.8545841200181383,,SPG21
ENSG00000125356,99.53560264074301,-0.0155801744226213,0.03964832336458765,-0.39295922501824904,0.6943495975147373,0.8545841200181383,,NDUFA1
ENSG00000116478,11.85687282922426,0.03125842228951469,0.0797023638259544,0.3921894005273612,0.6949182752400962,0.8549246680264714,,HDAC1
ENSG00000165732,46.536501697225965,0.023964683011030576,0.0611819719619608,0.3916951716745964,0.6952834579982512,0.8550146850142291,,DDX21
ENSG00000124795,53.894212523398394,0.019432533889188367,0.049750037359534316,0.39060340294325896,0.6960904099056506,0.8555539845607623,,DEK
ENSG00000169919,10.549028853264195,0.03393343602902565,0.0869394249675589,0.39031125455094484,0.6963064020520138,0.8555539845607623,,GUSB
ENSG00000136490,92.80929950900753,0.015184785806925056,0.03896014871108594,0.3897517414404605,0.6967201319379921,0.855594910222544,,LIMD2
ENSG00000229833,40.71867345433102,-0.024227561887669103,0.062252732020183464,-0.3891807010142798,0.6971424786939269,0.855594910222544,,PET100
ENSG00000136003,21.515223892510132,0.02282723793578304,0.05866965270081038,0.38908084307558444,0.6972163441909118,0.855594910222544,,ISCU
ENSG00000187735,28.330902252267848,0.02375750646948635,0.06124453969672987,0.38791223817059517,0.6980809811734139,0.8562970728427968,,TCEA1
ENSG00000158488,11.348018620532548,0.05298523247522941,0.13694910816713737,0.38689724368678924,0.6988322817831971,0.8568596821864326,,CD1E
ENSG00000135218,33.95534140548001,0.030693363524741914,0.0799671822296463,0.38382449736190577,0.7011085299397137,0.8588500487517269,,CD36
ENSG00000090382,1909.687854599982,0.03545530535143646,0.09238952502275119,0.38375893092539964,0.7011571299884483,0.8588500487517269,,LYZ
ENSG00000107341,12.609749375448462,0.03402084428739332,0.08870723716001644,0.38351824920467414,0.7013355418597605,0.8588500487517269,,UBE2R2
ENSG00000157514,96.77305194151045,0.03210136257875376,0.08397686435130382,0.3822643632472729,0.7022652851250935,0.859105391880605,,TSC22D3
ENSG00000151092,8.527540672819848,0.03622988755456598,0.09480851685162711,0.38213747833715,0.7023593938094517,0.859105391880605,,NGLY1
ENSG00000086598,38.86474987054611,0.022027544596374012,0.057656184256302534,0.38204998961522724,0.7024242855745111,0.859105391880605,,TMED2
ENSG00000154144,9.02256829526678,-0.036454441150185465,0.09592294502744013,-0.38003880239245313,0.7039166120470569,0.8605711232040846,,TBRG1
ENSG00000100412,10.144900212625089,0.03296153833669444,0.0868666464748766,0.37944987718879547,0.7043538182482474,0.8607462353217313,,ACO2
ENSG00000164258,28.79367702486733,-0.01970425100813083,0.05238734238718711,-0.3761261806811962,0.7068230916173536,0.863403426055741,,NDUFS4
ENSG00000107290,11.400562482338033,-0.03743395244029369,0.10012295607129021,-0.3738798164692593,0.7084937333866903,0.8650285773268395,,SETX
ENSG00000065135,16.848307402808825,-0.025663143977175666,0.06875664770711509,-0.37324600359362753,0.7089653600811567,0.8650285773268395,,GNAI3
ENSG00000140990,50.95027743690149,0.015937596326317596,0.04276389470545463,0.37268813881642826,0.7093805653477878,0.8650285773268395,,NDUFB10
ENSG00000125995,30.399114274352392,0.02176246633638938,0.05841698098981603,0.37253664889295257,0.7094933305453863,0.8650285773268395,,ROMO1
ENSG00000101421,27.034929986582505,0.023135684238023306,0.06213388309527049,0.3723521384064977,0.7096306839955835,0.8650285773268395,,CHMP4B
ENSG00000120705,12.582778733094678,-0.034369571742794536,0.09252293512784719,-0.37147083255954894,0.7102868765457659,0.8654681541930932,,ETF1
ENSG00000144746,55.851026499875424,0.016071775842814447,0.04336890962138498,0.3705828895197664,0.7109482282317432,0.8659136490276805,,ARL6IP5
ENSG00000077454,13.770956543481109,0.027840007425219887,0.07528383567511131,0.369800597639099,0.7115310699077242,0.866263190307616,,LRCH4
ENSG00000162664,8.889281233955403,0.03837567497385661,0.1040850301671476,0.3686954301903939,0.7123547553360452,0.8667761252682217,,ZNF326
ENSG00000072694,17.412709384863074,-0.05794978499153305,0.15728376567642782,-0.3684409814471908,0.7125444445084048,0.8667761252682217,,FCGR2B
ENSG00000153551,16.371867990561633,0.02660957590549728,0.07258983500327756,0.3665744095477805,0.7139364995580345,0.8679894508949338,,CMTM7
ENSG00000067248,10.739997505426773,-0.030645724277954728,0.08366093154972307,-0.36630866654575484,0.7141347633899917,0.8679894508949338,,DHX29
ENSG00000116649,11.51248121910961,0.03692565655455573,0.1009165029725625,0.3659030531864069,0.714437418007785,0.8679969958202467,,SRM
ENSG00000111642,12.182213374013008,0.036244776108038015,0.09920609203404489,0.36534829026023696,0.7148514355861604,0.8681397774352043,,CHD4
ENSG00000124570,20.807989399773675,0.022957052514805665,0.06295485220610775,0.3646589851350397,0.715365978431586,0.8681937813052635,,SERPINB6
ENSG00000113649,9.577486247376402,-0.036479791244867846,0.10015031228156998,-0.36425039936276854,0.7156710348967238,0.8681937813052635,,TCERG1
ENSG00000087302,55.2786984886659,0.014993757348941459,0.04119993024867506,0.363926765371736,0.7159126972737049,0.8681937813052635,,RTRAF
ENSG00000163399,14.177435983568254,0.030687094667147204,0.08437471917675507,0.3637001102529463,0.7160819610150995,0.8681937813052635,,ATP1A1
ENSG00000153048,10.137594416802695,-0.03331145534139611,0.09191516368575764,-0.36241523167257067,0.7170417588314344,0.8689976282526655,,CARHSP1
ENSG00000117523,40.32278651694373,0.02507986875129932,0.0694306907199634,0.3612216512788934,0.7179337579162397,0.8697186773598469,,PRRC2C
ENSG00000088833,10.839445645702876,0.030599037456980213,0.0849620778416484,0.36014935409195664,0.7187354464091508,0.8703297713341578,,NSFL1C
ENSG00000067167,34.99322642903269,0.02360887345951773,0.06562985719414847,0.35972763721970563,0.7190508222113552,0.8703517186584737,,TRAM1
ENSG00000099875,9.80557711186967,-0.03701490719603318,0.1030346338760963,-0.359247233707311,0.7194101443946145,0.8704268193336493,,MKNK2
ENSG00000170458,25.09966817124531,-0.03844720720842905,0.10768565865673863,-0.3570318247389309,0.7210679810456688,0.8720723042138449,,CD14
ENSG00000197223,15.590300404329236,-0.02567028659866405,0.07200200459811035,-0.35652183216212496,0.7214498051167322,0.8721738354177506,,C1D
ENSG00000105618,9.34199322004209,0.032383745251150224,0.09095662670122588,0.3560350292840595,0.7218143321638164,0.8721869730367443,,PRPF31
ENSG00000104907,15.48708093478932,-0.02634725186386792,0.07406910305720603,-0.35571177152663863,0.7220564284976326,0.8721869730367443,,TRMT1
ENSG00000115232,18.16207427399997,0.03394325512679553,0.09573124937045463,0.35456818280354946,0.722913115817357,0.8727151681968197,,ITGA4
ENSG00000250479,22.36272477133202,0.022282185760088224,0.06291684743731156,0.3541529283120791,0.7232242780747704,0.8727151681968197,,CHCHD10
ENSG00000179632,19.28766096543913,-0.023165956994369085,0.06545264463599473,-0.35393462133124104,0.7233878801959295,0.8727151681968197,,MAF1
ENSG00000136261,13.06662569974826,0.026805359908363184,0.0758367972294678,0.3534611282073956,0.7237427656015948,0.8727836975623845,,BZW2
ENSG00000054148,35.352282188197876,-0.017856914047207434,0.05059208189679922,-0.35295867214227405,0.7241194238317142,0.8728784162121281,,PHPT1
ENSG00000106682,21.35142655674423,-0.022451315854776333,0.0636828219023949,-0.3525490106136772,0.7244265695488643,0.8728892986169032,,EIF4H
ENSG00000163162,12.507530002872214,-0.03341540058503794,0.09553729612248497,-0.3497628878066346,0.7265166531545841,0.8750476184436949,,RNF149
ENSG00000085063,8.454733731894228,0.03967275135021054,0.11374686550858054,0.3487810514410862,0.7272536899510569,0.8755751661910751,,CD59
ENSG00000184922,27.889623454023774,-0.022686870774027687,0.06527329159293656,-0.347567438693144,0.7281650635156893,0.8763120863024818,,FMNL1
ENSG00000105669,66.06566770910706,0.013117351673121473,0.03787274943280302,0.34635329807241405,0.7290772182515404,0.8770493406082621,,COPE
ENSG00000113811,32.60325104398711,0.02426234326575514,0.07020725670969388,0.34558170198957666,0.7296570993467837,0.8773864422535452,,SELENOK
ENSG00000126581,10.367956283144714,-0.029811489173164594,0.08643964956112542,-0.3448821151465165,0.7301829966910185,0.8776583802591553,,BECN1
ENSG00000159210,22.857024504789297,-0.019676295644661782,0.05732707939271981,-0.3432286426083055,0.7314264583368708,0.8784937452268269,,SNF8
ENSG00000111596,9.595217849408256,-0.03302121404107712,0.09629069529702797,-0.3429325537552363,0.731649200767492,0.8784937452268269,,CNOT2
ENSG00000105438,14.206572452677106,0.02535616842121041,0.07406994212098056,0.3423273691748733,0.7321045408125728,0.8784937452268269,,KDELR1
ENSG00000065526,8.247752981548215,0.039963053576534305,0.11680807113550676,0.34212578966545854,0.7322562299110287,0.8784937452268269,,SPEN
ENSG00000185475,17.573635623957767,-0.02410078583227308,0.07056460089577077,-0.3415421546544528,0.732695475730172,0.8784937452268269,,TMEM179B
ENSG00000078304,16.736249474269822,0.025956226395588654,0.07602008697370165,0.34143905155709625,0.7327730805986848,0.8784937452268269,,PPP2R5C
ENSG00000137288,12.020979912674528,0.028669699258436713,0.08427298250074217,0.3402003632443438,0.7337056446536385,0.8784937452268269,,UQCC2
ENSG00000167470,28.164949738615572,0.03070730492027869,0.09042196750003942,0.33960005261183135,0.7341577385079225,0.8784937452268269,,MIDN
ENSG00000168002,27.787290427990555,0.01820874414057134,0.05362370828159667,0.3395651797326458,0.73418400410264,0.8784937452268269,,POLR2G
ENSG00000106554,8.62191622189802,0.03731402051433688,0.10992112470162445,0.33946177875839584,0.7342618855940048,0.8784937452268269,,CHCHD3
ENSG00000180370,36.22642779039831,-0.022006198079322192,0.06485937776379831,-0.33929092196140515,0.7343905807214168,0.8784937452268269,,PAK2
ENSG00000133142,13.191409937555068,-0.029602252973435807,0.0872773880893967,-0.3391743683153618,0.7344783771568553,0.8784937452268269,,TCEAL4
ENSG00000111832,32.88509719007619,0.016628286577908217,0.049125654915953755,0.33848478165546275,0.7349978934971031,0.8787561584971489,,RWDD1
ENSG00000155438,11.454854977547027,0.02794493921402115,0.0828192972867265,0.3374206269497037,0.7357998373927515,0.878758800158767,,NIFK
ENSG00000168175,12.915906957603708,0.027185277255304043,0.08058960637172846,0.3373298180649865,0.7358682840528196,0.878758800158767,,MAPK1IP1L
ENSG00000166295,38.09012696813196,-0.01733483205918217,0.05144362242458554,-0.3369675625894035,0.736141352836789,0.878758800158767,,ANAPC16
ENSG00000061936,8.022593015938517,-0.036544460336257266,0.10847627123590112,-0.3368889796809551,0.7362005931657976,0.878758800158767,,SFSWAP
ENSG00000111639,27.283328553213046,0.02045869226639674,0.06093446904786815,0.3357490856337002,0.7370600872565123,0.8794262165798973,,MRPL51
ENSG00000095794,10.613824682483665,0.05395344988606666,0.16093690764194665,0.3352459710863999,0.7374395465071542,0.879520567076557,,CREM
ENSG00000291237,23.91931987298859,-0.029833460258252894,0.08915122207445626,-0.33463882562750447,0.7378975532135092,0.8797084836356496,,SOD2
ENSG00000067334,16.485443819276412,-0.03046946095104085,0.09142648340659214,-0.33326734022500865,0.7389324902957912,0.8805837735393067,,DNTTIP2
ENSG00000178741,83.12708656331607,0.011703320899702043,0.03525053941333059,0.3320040230441476,0.7398862212028572,0.881361617445877,,COX5A
ENSG00000168894,35.15744248447327,0.017836330306643236,0.05387430168067615,0.331073067310696,0.7405892947044825,0.881840363926281,,RNF181
ENSG00000146828,8.824297125479617,-0.03210052446551748,0.09740544331645463,-0.3295557555364543,0.7417356584314483,0.8828463446696262,,SLC12A9
ENSG00000167699,9.960719552808524,-0.02834304967803861,0.08635960321472959,-0.3281980072044192,0.7427619544956846,0.8835058210989032,,GLOD4
ENSG00000161671,13.219905231128676,-0.025664167141146683,0.07823859196551798,-0.32802439942244394,0.7428932143256488,0.8835058210989032,,EMC10
ENSG00000183023,12.18299704397267,-0.03204548257042209,0.09791507648677643,-0.3272783285294158,0.74345738202414,0.8838177891054332,,SLC8A1
ENSG00000162976,17.565647312644607,0.023254904616627964,0.07122643905289167,0.32649259075494746,0.7440516941757027,0.8841653248971012,,SLC66A3
ENSG00000189159,21.04752653909318,-0.021194941714984462,0.06512445753094494,-0.32545287160224473,0.7448383457363117,0.8847410451585884,,JPT1
ENSG00000181467,16.814350136895058,-0.028252411174939325,0.08706289792438003,-0.3245057521457469,0.7455551681029341,0.8852333869446031,,RAP2B
ENSG00000073614,11.838383224766456,0.02978556644545351,0.09200482160576011,0.3237391902468374,0.7461354978013558,0.8855633309940696,,KDM5A
ENSG00000267100,8.419986034531046,0.035834474708383864,0.11117257342080536,0.3223319709686385,0.7472012152087208,0.886468864720881,,ILF3-DT
ENSG00000099977,48.98920640198899,0.01600527016454134,0.049745244635393156,0.32174472719657266,0.7476460906356841,0.8866374051767044,,DDT
ENSG00000120690,35.53293482367702,0.023021148438614837,0.07178114311463171,0.32071303743172425,0.7484278663550713,0.887009212685685,,ELF1
ENSG00000108064,10.532463973055377,-0.03135523266306611,0.09782264009578645,-0.32053144990120425,0.7485654933559862,0.887009212685685,,TFAM
ENSG00000184007,60.72312850297509,0.021389076307140722,0.06691280651654637,0.31965594361748345,0.7492291606497751,0.8874364815463355,,PTP4A2
ENSG00000147533,11.911183597314944,0.02516450875858893,0.07914419491849757,0.31795773252230636,0.7505169989023011,0.8880580878755896,,GOLGA7
ENSG00000205981,11.588994952304425,0.024901179564437312,0.07832521305742504,0.3179203553034796,0.7505453517486665,0.8880580878755896,,DNAJC19
ENSG00000136279,29.8443090973978,-0.018477733761508637,0.058149210414690226,-0.3177641386655976,0.7506638550177883,0.8880580878755896,,DBNL
ENSG00000070190,13.574163876365104,0.029079280563715837,0.09181732765159306,0.3167079821148694,0.7514651915096923,0.8886470439177622,,DAPP1
ENSG00000213015,8.443289151051427,-0.03139648125867095,0.09929670561115325,-0.31618854890936504,0.751859398888333,0.8887542672365922,,ZNF580
ENSG00000164405,83.42189944396681,-0.0112679980646899,0.035727071680126156,-0.3153910335998215,0.75246477386293,0.8888356766624546,,UQCRQ
ENSG00000132589,9.851266083677382,0.029657753152712605,0.0940626085872376,0.31529800840263494,0.7525353970103227,0.8888356766624546,,FLOT2
ENSG00000116898,23.43834867499516,-0.019038069177519695,0.06046430338879852,-0.3148646078844372,0.7528644546097515,0.8888657754424808,,MRPS15
ENSG00000075413,8.424225020791372,-0.0318724825571864,0.10154784175408411,-0.31386666625935,0.7536223084284925,0.888985707120589,,MARK3
ENSG00000257764,142.11575288461697,-0.07454864619457266,0.23851973544926777,-0.3125470773064347,0.7546247911036882,0.888985707120589,,ENSG00000257764
ENSG00000254505,27.56819747986773,0.017170350762194652,0.05499362319120282,0.31222439559031173,0.7548699931765216,0.888985707120589,,CHMP4A
ENSG00000158481,76.73223271422358,-0.024826981973120704,0.07951930999922407,-0.31221324698822156,0.7548784653108872,0.888985707120589,,CD1C
ENSG00000142684,8.73237916466772,0.031273167823190895,0.10021541860709951,0.3120594441240544,0.7549953474158548,0.888985707120589,,ZNF593
ENSG00000101132,23.246855886710716,-0.019054598910166077,0.06113408412954463,-0.3116853582003275,0.7552796564964692,0.888985707120589,,PFDN4
ENSG00000117713,12.57586437620442,0.02578848169691411,0.08277783052687504,0.31153850653939885,0.7553912743054952,0.888985707120589,,ARID1A
ENSG00000117906,8.635335320828286,0.02990319363802524,0.09604671160539562,0.31134010876792334,0.755542078970027,0.888985707120589,,RCN2
ENSG00000143252,22.781605678970827,0.02022571801968026,0.06500640423522432,0.3111342375820992,0.7556985741199269,0.888985707120589,,SDHC
ENSG00000112851,10.65339059231894,-0.029114550994068518,0.09382322366626583,-0.3103128400024978,0.7563230678677485,0.8890191891798,,ERBIN
ENSG00000148730,13.709310199296675,-0.02443645502827231,0.07876495292196133,-0.3102452819654884,0.7563744381138557,0.8890191891798,,EIF4EBP2
ENSG00000139970,8.011957922142177,0.033530558438135044,0.10821163871826962,0.30986092471469057,0.7566667188130288,0.8890191891798,,RTN1
ENSG00000131652,9.339540806683049,-0.028815514141170687,0.09316269898361522,-0.30930312727670706,0.7570909523092691,0.8890191891798,,THOC6
ENSG00000054277,9.508972785989473,0.027569962994444027,0.08942691250938538,0.30829603998181815,0.7578570790352961,0.8890191891798,,OPN3
ENSG00000120868,10.491887229984275,-0.03380008402981404,0.1096972015143519,-0.3081216618401328,0.7579897588035689,0.8890191891798,,APAF1
ENSG00000177200,14.914965140662572,0.02298864059225995,0.07472706523555388,0.30763473073370934,0.758360289685893,0.8890191891798,,CHD9
ENSG00000136770,8.554055822221938,-0.029165796894055226,0.09482707609407387,-0.3075682399520691,0.7584108902450313,0.8890191891798,,DNAJC1
ENSG00000113013,18.42423551245,0.02124163461729762,0.06912675870789706,0.30728526860425426,0.7586262475834786,0.8890191891798,,HSPA9
ENSG00000196502,8.89530934269768,0.055400489957099903,0.18039580873454253,0.30710519465905817,0.7587633038798909,0.8890191891798,,SULT1A1
ENSG00000242372,37.47085487853893,0.01608820687333722,0.05292944468317169,0.30395570876737876,0.7611616348701201,0.8904848123525352,,EIF6
ENSG00000049245,10.891059226666552,0.027486678997888453,0.09045413309528419,0.3038742184277422,0.7612237202775134,0.8904848123525352,,VAMP3
ENSG00000174953,13.787744450112756,0.02535581567978089,0.0836761791837383,0.30302310558544915,0.7618722532159115,0.8904848123525352,,DHX36
ENSG00000185624,24.52667063751657,0.017850809869947984,0.05892412077255039,0.3029457145207625,0.7619312321423661,0.8904848123525352,,P4HB
ENSG00000129083,10.530830163934828,0.02830228848276289,0.09343111209651132,0.30292145568734685,0.7619497198319827,0.8904848123525352,,COPB1
ENSG00000197448,59.57698507849385,0.012588256495009706,0.04156161936631645,0.3028817617537742,0.761979970925232,0.8904848123525352,,GSTK1
ENSG00000133858,10.695040764066107,-0.03099906491128609,0.10263794688029612,-0.30202343142580074,0.7626342008495499,0.8904848123525352,,ZFC3H1
ENSG00000002834,9.399644852004917,0.0300946768372308,0.09977197513607935,0.30163457019052253,0.7629306515186203,0.8904848123525352,,LASP1
ENSG00000183696,10.172930079583518,0.02913248534977091,0.09659284516920988,0.30160086183129886,0.7629563509246201,0.8904848123525352,,UPP1
ENSG00000116459,66.1980043164506,-0.010941689053447456,0.036294349716274175,-0.30147086637403686,0.7630554624974422,0.8904848123525352,,ATP5PB
ENSG00000172270,24.013038750231527,0.018422708930758886,0.06123846762329761,0.30083556375192727,0.7635398879032093,0.8906580347387351,,BSG
ENSG00000072110,8.701459078435674,0.03163654397336506,0.10528724832223588,0.3004784005422968,0.763812269545411,0.8906580347387351,,ACTN1
ENSG00000105379,23.90762699894199,-0.01713580149740255,0.057452754545214334,-0.29825900660545296,0.7655054891488822,0.8922770988168499,,ETFB
ENSG00000169045,50.81316765305084,0.022911884515282796,0.07692348603185706,0.2978529145935232,0.7658154263585683,0.8922831549454389,,HNRNPH1
ENSG00000091436,10.590076050480658,-0.02894595210090682,0.09745915402036824,-0.29700598565484504,0.7664619393381349,0.8923525072945583,,MAP3K20
ENSG00000137364,12.76119078746246,0.02404827702153115,0.0809770473228198,0.2969764620542568,0.7664844794555377,0.8923525072945583,,TPMT
ENSG00000119900,24.758631815972237,-0.025760371107385157,0.08688691568209797,-0.2964815922530529,0.7668623226501068,0.8924375519552912,,OGFRL1
ENSG00000154518,98.68606583588776,0.010428601330427355,0.03527363094654641,0.2956486488796925,0.7674984170652911,0.8928229500068225,,ATP5MC3
ENSG00000176393,14.986087192243113,-0.024052046412868715,0.08193161038176719,-0.2935624760796986,0.7690922526905691,0.893517897726942,,RNPEP
ENSG00000167272,8.877186527183188,-0.026538587270868386,0.09040822638440978,-0.29354173101491976,0.7691081068296185,0.893517897726942,,POP5
ENSG00000115241,21.57869656558465,0.018700734111300247,0.06372790344388603,0.2934465610933945,0.7691808404100204,0.893517897726942,,PPM1G
ENSG00000184203,22.602129282701327,-0.017496886962930436,0.059703203604864905,-0.2930644572899385,0.7694728835565523,0.893517897726942,,PPP1R2
ENSG00000118515,19.77076849723857,-0.051815958805506816,0.1769248628864316,-0.29286985424297074,0.7696216318536023,0.893517897726942,,SGK1
ENSG00000107223,108.22482279929234,-0.009168979226980619,0.03137004370459186,-0.2922845538031077,0.7700690677199233,0.8936830084359633,,EDF1
ENSG00000163694,7.920589086493971,0.029578809565551877,0.1020279930535173,0.2899087660191134,0.7718860351795489,0.8952429629045502,,RBM47
ENSG00000028277,24.251288103975874,0.02202050929046414,0.07605892549023732,0.28951906891309714,0.7721841895430467,0.8952429629045502,,POU2F2
ENSG00000021355,57.606050651161354,0.01445817680364632,0.04997160530661763,0.28932784358103575,0.7723305069319992,0.8952429629045502,,SERPINB1
ENSG00000120913,15.303132858981781,-0.021059275965480594,0.07302085741614368,-0.28840083108671827,0.7730399316289194,0.8957106924453802,,PDLIM2
ENSG00000013583,9.676323647891994,-0.02518873907453042,0.08763523199546139,-0.2874270827038484,0.7737853266625215,0.8957812072137837,,HEBP1
ENSG00000241685,8.270936870482576,-0.02799456063464421,0.09745460697700191,-0.28725743710864876,0.7739152100964257,0.8957812072137837,,ARPC1A
ENSG00000117862,13.760832297538546,0.020572858509828137,0.07165187454931633,0.2871224045320449,0.7740185977632763,0.8957812072137837,,TXNDC12
ENSG00000103978,9.25536516905976,0.02742312497500076,0.09584559876627931,0.2861177281793856,0.7747879537692335,0.89631731672711,,TMEM87A
ENSG00000173418,15.641463395449351,0.020092519486151823,0.07032699804826906,0.28570136709605165,0.7751068575337272,0.8963321006551158,,NAA20
ENSG00000131116,11.71342493885057,-0.02336041124257321,0.08214886255445478,-0.2843668252507827,0.7761292796202899,0.8971600989846856,,ZNF428
ENSG00000115866,13.14174842734057,-0.022507516675709147,0.07974095543007052,-0.282257925733625,0.777745744806529,0.8986738519311432,,DARS1
ENSG00000197903,11.224804215437876,0.029685337706065185,0.105546730804685,0.28125302867976193,0.7785163343905835,0.8992093992487687,,H2BC12
ENSG00000065548,35.110248148047354,0.015603683552169711,0.055935460573511404,0.27895870333744843,0.7802765171230959,0.9004523235718596,,ZC3H15
ENSG00000125037,14.009154342913858,-0.02082903047382476,0.07471941774212128,-0.27876328674979617,0.780426490913076,0.9004523235718596,,EMC3
ENSG00000157106,10.426622150863647,0.031458426805224635,0.11289668238308828,0.27864792960414797,0.780515026374788,0.9004523235718596,,SMG1
ENSG00000141522,31.02646625378802,-0.01599383791852238,0.05774383215559603,-0.27697915641319965,0.7817961110200315,0.9011270086763287,,ARHGDIA
ENSG00000163131,224.99481810095878,0.013985627542782125,0.05052133729130391,0.27682615490048457,0.7819135969891235,0.9011270086763287,,CTSS
ENSG00000161677,11.617023377661166,-0.022363199942618695,0.08089139027742169,-0.27645958198916853,0.7821950992403686,0.9011270086763287,,JOSD2
ENSG00000215717,8.189852099166938,0.02829780312360626,0.10242333884126249,0.27628276371133237,0.7823308934614848,0.9011270086763287,,TMEM167B
ENSG00000117505,11.038189061271996,-0.02520818227858699,0.09162129574465003,-0.27513453148318906,0.7832128826633613,0.9015015811881659,,DR1
ENSG00000110848,16.962324894389607,0.042026472805430086,0.15291322641158658,0.2748387029144893,0.7834401620300164,0.9015015811881659,,CD69
ENSG00000143933,296.5570084491467,-0.01244420670532336,0.04530816927702454,-0.2746570188973345,0.7835797555067904,0.9015015811881659,,CALM2
ENSG00000179094,11.236561095234237,0.034870621576422775,0.12722346004129073,0.2740895552212258,0.7840158003219247,0.9016013938769358,,PER1
ENSG00000023734,20.88512300681444,0.019054319814177243,0.06960667717256487,0.27374270096155967,0.7842823600425395,0.9016013938769358,,STRAP
ENSG00000124802,15.560411552433141,0.022108019386660644,0.08132703378118769,0.2718409655286678,0.7857443049399635,0.9027530515037372,,EEF1E1
ENSG00000247596,22.140702960015112,0.017429073873554253,0.0641629988817252,0.2716374573713756,0.7859007951786291,0.9027530515037372,,TWF2
ENSG00000177731,8.926603461646351,-0.027001823779532273,0.09964485673451576,-0.270980607172464,0.786405947656433,0.9028000475415577,,FLII
ENSG00000213145,109.00515630281107,-0.03369309453432565,0.12447490120397392,-0.270681833915366,0.7866357498284499,0.9028000475415577,,CRIP1
ENSG00000007168,9.752488890021933,0.027967084696157846,0.103554546239895,0.2700710467251641,0.7871055960834494,0.9028000475415577,,PAFAH1B1
ENSG00000165609,12.208502917388298,-0.02119706680149753,0.0785132443209552,-0.26998077820916166,0.7871750414527312,0.9028000475415577,,NUDT5
ENSG00000112739,23.358575467051054,0.020549801517287424,0.07639661605036616,0.2689883738271799,0.7879386294004996,0.9031866900902179,,PRP4K
ENSG00000114867,8.86292333554812,0.028168021726716074,0.10484251737892165,0.2686698338700821,0.7881837675730176,0.9031866900902179,,EIF4G1
ENSG00000173020,9.154644259781662,-0.025129933409689793,0.09380695835587714,-0.2678898649965167,0.788784095228257,0.9031866900902179,,GRK2
ENSG00000124767,13.159575165436749,-0.020416555599731195,0.07641815824463503,-0.2671689042069336,0.7893391170291488,0.9031866900902179,,GLO1
ENSG00000102760,13.315761610275262,0.04102081663361767,0.15377701788477152,0.2667551835629656,0.7896576625053794,0.9031866900902179,,RGCC
ENSG00000127837,13.3350238583812,-0.021111312994948735,0.07928238821178066,-0.2662799831225541,0.7900235879181318,0.9031866900902179,,AAMP
ENSG00000138668,35.63588274156313,-0.018316480828025318,0.06891320659441239,-0.2657905753221829,0.7904005020304501,0.9031866900902179,,HNRNPD
ENSG00000125970,23.930799846173606,0.014986514888500859,0.056392222076362686,0.2657549984146234,0.7904279032582748,0.9031866900902179,,RALY
ENSG00000163728,10.229650183204722,0.02458234090828496,0.09256295211761342,0.26557429669107635,0.7905670831844978,0.9031866900902179,,TTC14
ENSG00000241399,33.04338930258341,-0.018980599992730777,0.07152803407533757,-0.2653588937274479,0.7907329993962289,0.9031866900902179,,CD302
ENSG00000169020,112.22827687897075,-0.013082864136063662,0.04940819200334336,-0.26479139603364493,0.7911701653606262,0.9031866900902179,,ATP5ME
ENSG00000078369,16.164044767456424,0.020967547300221226,0.07920207521527654,0.264734822202954,0.7912137500278036,0.9031866900902179,,GNB1
ENSG00000198586,8.930422399275004,0.028338628417750075,0.10721331805295298,0.26432003908090546,0.7915333202527526,0.903199361535487,,TLK1
ENSG00000116752,10.558846052571274,0.021984727255528233,0.08359388280526434,0.2629944502846295,0.7925548566268673,0.9040127075198549,,BCAS2
ENSG00000198356,15.385361440167381,-0.018738950912755552,0.07148364887791635,-0.26214317829184897,0.7932110589239603,0.9041743570091169,,GET3
ENSG00000125835,48.04297286186781,-0.011876511542108503,0.04532856735268209,-0.2620094178071518,0.7933141814058816,0.9041743570091169,,SNRPB
ENSG00000164182,10.887668008408566,-0.02440032959353082,0.09344632256956865,-0.26111599603467894,0.7940030564322769,0.9044567568834654,,NDUFAF2
ENSG00000177663,9.465531895226583,-0.028339953854137314,0.10862928613475117,-0.2608868645144414,0.7941797547634527,0.9044567568834654,,IL17RA
ENSG00000153827,9.805120065958432,0.025603543210654722,0.09854921851892541,0.259804629559166,0.7950144796828675,0.9050332955200675,,TRIP12
ENSG00000005302,15.776960530785736,0.021275527006033183,0.0820090273505051,0.2594290859602805,0.7953041903596767,0.9050332955200675,,MSL3
ENSG00000167258,8.796615453878726,0.026914667030977574,0.10412356385820308,0.25848776236309334,0.7960304923167212,0.9055078793719346,,CDK12
ENSG00000103415,9.073378230745394,0.02407647907329761,0.09332284463607407,0.2579912685600972,0.7964136458642123,0.9055919048894809,,HMOX2
ENSG00000123992,10.402204601539763,-0.022660046351850604,0.08817498364245414,-0.2569895157989044,0.7971868665211678,0.906119233374992,,DNPEP
ENSG00000090238,8.519521972526867,0.025650526339020062,0.10040739708462369,0.2554645084306061,0.798364352521667,0.9071054808628022,,YPEL3
ENSG00000138678,14.219311150799795,0.02227437258759264,0.08738038961398249,0.2549127176703309,0.7987905134062547,0.9072376350867005,,GPAT3
ENSG00000155962,11.29396286631712,-0.023526743711095626,0.09259232334332212,-0.25408957094489415,0.799426360217002,0.9076077482417145,,CLIC2
ENSG00000138674,11.24027800677285,-0.02199469597125335,0.0868702700955544,-0.2531901414265193,0.8001212843798218,0.9080446204124488,,SEC31A
ENSG00000081320,75.94355648000108,0.017803285550591394,0.07083420360637169,0.251337413907057,0.8015532511954712,0.9088324539213843,,STK17B
ENSG00000068831,13.657462109046156,-0.01917266330856942,0.07632754877888616,-0.25118929685677255,0.8016677592139705,0.9088324539213843,,RASGRP2
ENSG00000100650,121.73173633491781,0.011296913922613516,0.04502353512028741,0.2509113043307693,0.8018826843463669,0.9088324539213843,,SRSF5
ENSG00000180448,14.175855230307137,0.022455304283830604,0.08971126887865269,0.2503063947763866,0.8023504115301447,0.9088324539213843,,ARHGAP45
ENSG00000102409,13.550237750825236,-0.020243357834986216,0.08089034333089397,-0.2502567921139579,0.8023887683644063,0.9088324539213843,,BEX4
ENSG00000083937,16.555036981454233,-0.01770591183234572,0.0708568131659531,-0.2498829828950515,0.8026778435248292,0.9088324539213843,,CHMP2B
ENSG00000144895,26.468299268148623,0.016492276332484897,0.06616024553142998,0.24927773771108672,0.8031459506143968,0.9090109560877285,,EIF2A
ENSG00000147684,47.409768303680174,0.010694372202743274,0.04338091483333135,0.2465225144243926,0.8052777781320377,0.9110716129716409,,NDUFB9
ENSG00000214194,14.18975656337628,0.018252783563823347,0.07452144067471432,0.24493331581573477,0.8065080649331042,0.9118142947177211,,SMIM30
ENSG00000143033,8.386283401725173,0.024236982279826846,0.09897895285458312,0.2448700615719292,0.80655704348323,0.9118142947177211,,MTF2
ENSG00000122565,36.62468157939526,-0.013918470764803898,0.057116821646824585,-0.2436842660970736,0.8074753599268366,0.9125001365749817,,CBX3
ENSG00000174574,12.350030774390017,0.020185462085198374,0.08364096424979024,0.24133464106075264,0.8092957645007206,0.91387630511262,,AKIRIN1
ENSG00000100364,9.372928204645376,0.023869789973057318,0.0989188604349832,0.24130676261425707,0.8093173699306775,0.91387630511262,,KIAA0930
ENSG00000169692,8.433185469305327,-0.022517645094534963,0.09360712229870681,-0.24055482682909102,0.8099001650673239,0.9141818362826231,,AGPAT2
ENSG00000136709,11.66090508115614,0.020100105770456955,0.0838845366553268,0.239616341365111,0.8106276952135266,0.9146504399172278,,WDR33
ENSG00000176261,9.671229688414746,0.020605087127406715,0.08624150528871595,0.2389230922909544,0.8111652189816373,0.9149043764168852,,ZBTB8OS
ENSG00000136104,15.240861221884838,0.018256653155643704,0.0767359143767977,0.23791536601750438,0.8119467373086582,0.9152836503543561,,RNASEH2B
ENSG00000171720,10.182096651274154,-0.020019117046095464,0.08422598897081679,-0.23768337173258752,0.8121266815644184,0.9152836503543561,,HDAC3
ENSG00000151366,56.27061337248698,-0.011943190371263707,0.05046109587724648,-0.23668115334469056,0.8129041570431259,0.9158073766149568,,NDUFC2
ENSG00000082996,19.297529508727248,0.016822115444400765,0.07157260446254325,0.23503567560133204,0.8141810435630594,0.9167083265348097,,RNF13
ENSG00000013306,11.345124642567649,0.01890688069173324,0.08050835440745124,0.23484371070418206,0.814330040067295,0.9167083265348097,,SLC25A39
ENSG00000090686,9.048124321610128,-0.0228549030065057,0.0977432273232297,-0.23382595022083946,0.8151201025923909,0.9169536059290486,,USP48
ENSG00000183291,42.45102495266111,0.011221251074149221,0.04818183714692655,0.2328937985475925,0.8158438740951268,0.9169536059290486,,SELENOF
ENSG00000076928,13.034854545058774,0.019774013192802854,0.08491850442801692,0.2328587076043566,0.815871123618836,0.9169536059290486,,ARHGEF1
ENSG00000119979,11.006809105498169,0.019079409480821954,0.08203449409205778,0.23257788924024267,0.8160891983506032,0.9169536059290486,,DENND10
ENSG00000105329,19.762521154662846,0.017395313970572684,0.07488770281261516,0.23228531944823347,0.8163164140222989,0.9169536059290486,,TGFB1
ENSG00000120948,9.714186096067824,0.024835747998415512,0.10698468413543373,0.23214302307959814,0.8164269298692042,0.9169536059290486,,TARDBP
ENSG00000149547,9.19149498814279,-0.02017109556219462,0.08735769863425659,-0.2309023231787003,0.8173906858668927,0.9171271397510833,,EI24
ENSG00000048649,14.095572801990194,0.01904075083840219,0.08249377672668753,0.23081439102353918,0.8174590006652129,0.9171271397510833,,RSF1
ENSG00000125651,12.177764715361976,0.02211540917599591,0.0958478910350579,0.23073443700401133,0.8175211184256582,0.9171271397510833,,GTF2F1
ENSG00000182220,37.05377578419557,0.012011930761308994,0.052294333914290156,0.22969851343735284,0.818326050130425,0.9176785426204076,,ATP6AP2
ENSG00000052841,8.648197406778541,-0.022417717344634294,0.09779681399124447,-0.22922748124127335,0.8186921142300156,0.9177375614339532,,TTC17
ENSG00000135655,23.204378006300143,0.016581713921166905,0.07262379908583967,0.22832341642672394,0.8193948216148845,0.9177395830747792,,USP15
ENSG00000102241,8.4840179928151,-0.02350894600401343,0.10387144741366482,-0.2263273169804767,0.8209468536739487,0.9177395830747792,,HTATSF1
ENSG00000126777,45.51546015262839,0.012093865603062004,0.053446243025546805,0.2262809304908719,0.8209829290350225,0.9177395830747792,,KTN1
ENSG00000058272,16.905752224900983,0.017261932756392394,0.07629420461394601,0.2262548360486747,0.8210032231799828,0.9177395830747792,,PPP1R12A
ENSG00000162302,9.89237826457858,0.0203291084887463,0.08996936783675237,0.22595588896026325,0.8212357285733977,0.9177395830747792,,RPS6KA4
ENSG00000003756,8.759119792994854,-0.02197183866053538,0.09743416070329197,-0.22550446888380724,0.8215868492322576,0.9177395830747792,,RBM5
ENSG00000139684,35.20959570726863,0.012086056181618829,0.053620860631951935,0.22539839978653597,0.8216693564036128,0.9177395830747792,,ESD
ENSG00000178980,14.915399969998601,0.0173209804096926,0.07685036034853625,0.22538580601492922,0.8216791527570888,0.9177395830747792,,SELENOW
ENSG00000175309,9.366375195990484,-0.021948219367221966,0.09765802082148932,-0.2247456909590813,0.8221771174967052,0.9177395830747792,,PHYKPL
ENSG00000115935,15.207089882724025,0.017018000888903453,0.07576600086533783,0.22461263224319147,0.8222806368711078,0.9177395830747792,,WIPF1
ENSG00000244038,22.964016349330393,0.013507125093503703,0.060247126942487385,0.22419533974454525,0.8226053095319998,0.9177395830747792,,DDOST
ENSG00000107521,12.55874165156612,0.018599992827272385,0.08296919460132168,0.22417950320776153,0.8226176316809721,0.9177395830747792,,HPS1
ENSG00000177565,9.977911881953467,-0.02245319183645361,0.10033915156690107,-0.22377298876683202,0.8229339488516315,0.9177395830747792,,TBL1XR1
ENSG00000105518,15.727022001095166,0.016450926373800884,0.07357870476340216,0.22358271223583062,0.8230820167876947,0.9177395830747792,,TMEM205
ENSG00000185236,10.617925369559346,-0.019329985398134297,0.08673149065675721,-0.22287159198765952,0.8236354466279275,0.9177776786491922,,RAB11B
ENSG00000114503,8.91882116295743,-0.020779264586573823,0.09329213152516751,-0.22273330287204532,0.823743080426939,0.9177776786491922,,NCBP2
ENSG00000060491,11.44690029022572,0.018632011409663203,0.08405091765835594,0.22167528836980996,0.8245666685448718,0.9180088768180225,,OGFR
ENSG00000242574,108.34846218876896,-0.010272162791238559,0.04634172926644012,-0.22166118860561126,0.8245776455025271,0.9180088768180225,,HLA-DMB
ENSG00000133226,79.83646590766807,0.00971770852648766,0.04401865974950314,0.2207633894759221,0.8252766712204225,0.9184378918028875,,SRRM1
ENSG00000014914,11.45161053985684,-0.022377514652901297,0.10157886627914293,-0.22029695223617637,0.8256398936272138,0.9184723857037551,,MTMR11
ENSG00000244187,8.894433019693123,-0.020509707579231713,0.0932607155691069,-0.21991797354411102,0.8259350381004055,0.9184723857037551,,TMEM141
ENSG00000146729,17.676120127406364,0.015636123534638086,0.07126611877386874,0.219404729816315,0.8263347859280681,0.9185680536056884,,NIPSNAP2
ENSG00000186283,8.057020303030649,0.021983024271279978,0.10074400018419566,0.21820678383910938,0.8272679996967629,0.919256433818642,,TOR3A
ENSG00000139921,18.16038979612138,-0.016927999980629337,0.0778993563622713,-0.2173060314119362,0.8279698570149059,0.9194091691068007,,TMX1
ENSG00000169189,16.30749615335406,0.014934295405110914,0.06875526224135299,0.2172094894015058,0.8280450897493437,0.9194091691068007,,NSMCE1
ENSG00000197157,8.056005874697977,0.023533677787487932,0.1085394186187178,0.2168214837243426,0.8283474686146653,0.9194091691068007,,SND1
ENSG00000132581,8.084161516203485,0.02221879719083123,0.10297799985490882,0.21576256309247097,0.829172831276314,0.9197684371252446,,SDF2
ENSG00000060237,13.14871501557544,-0.019422036328454566,0.09010934556078382,-0.21553853496087497,0.8293474714483212,0.9197684371252446,,WNK1
ENSG00000119048,23.30008797036705,-0.012930712227220535,0.06012008754559015,-0.2150813938421986,0.829703860004465,0.9197684371252446,,UBE2B
ENSG00000106948,10.897475915018138,0.020561559933172793,0.09601856700733374,0.21414149964977433,0.830436714284988,0.9197684371252446,,AKNA
ENSG00000105383,26.044094672632536,-0.014261065096232537,0.06665167718879449,-0.2139640845921596,0.8305750649195579,0.9197684371252446,,CD33
ENSG00000100142,19.22618593663126,0.013363659975604762,0.0625457973258084,0.2136619972400686,0.8308106487590365,0.9197684371252446,,POLR2F
ENSG00000204308,11.604182986291272,0.01701312366168656,0.07965474094682669,0.21358582627296005,0.8308700533457213,0.9197684371252446,,RNF5
ENSG00000149761,10.863834809492317,-0.01787114329518818,0.08435042717042643,-0.21186784577961054,0.8322101364709334,0.9209037337818946,,NUDT22
ENSG00000163221,39.96049152765078,0.018232052446365016,0.08683971336065863,0.20995062904738654,0.8337062064613453,0.9222107187453037,,S100A12
ENSG00000240344,10.825311933330394,-0.019283922471919675,0.09271181008949526,-0.2079985543730059,0.8352300961137755,0.9235474778780719,,PPIL3
ENSG00000143321,8.107764242935033,0.02412883083734126,0.11624300856491229,0.2075723188450277,0.8355629199475672,0.9235667155932339,,HDGF
ENSG00000133318,15.500373966072365,0.01632590806969986,0.07936710601264857,0.2057011889421549,0.8370243297796504,0.9238716578072789,,RTN3
ENSG00000092201,14.077463850981145,-0.016648755414796663,0.08105057317156279,-0.20541193927840115,0.8372502929667555,0.9238716578072789,,SUPT16H
ENSG00000167118,9.407332314891564,0.018955431748378306,0.09237714305718273,0.20519612450716984,0.837418897219974,0.9238716578072789,,URM1
ENSG00000108465,10.160941949251054,0.01800017406372236,0.08823937723025212,0.20399253291138547,0.8383593340988145,0.9238716578072789,,CDK5RAP3
ENSG00000109323,8.083336042735805,0.02223131130721166,0.10900564903392555,0.20394641474308056,0.8383953735373215,0.9238716578072789,,MANBA
ENSG00000119707,37.60041019075932,-0.011784104540753418,0.05783501822588455,-0.2037537966138194,0.838545900291512,0.9238716578072789,,RBM25
ENSG00000060971,27.37933892263108,0.011987641599317499,0.058856533668475756,0.20367563042093012,0.8386069871061352,0.9238716578072789,,ACAA1
ENSG00000173436,65.2764027149043,0.008287962341172255,0.040701887788731246,0.2036259935704227,0.8386457787683552,0.9238716578072789,,MICOS10
ENSG00000197976,7.812827962422704,-0.02259962161853163,0.11108801239354295,-0.20343888716335737,0.8387920076966329,0.9238716578072789,,AKAP17A
ENSG00000149136,11.548048297997788,0.017399051635799485,0.08569651133021682,0.20303103785351567,0.839110772705905,0.9238716578072789,,SSRP1
ENSG00000055950,12.718007074973327,0.01748012734460675,0.08620386081605888,0.20277661788148574,0.8393096344833886,0.9238716578072789,,MRPL43
ENSG00000134825,90.92701999188056,0.0070685721042072274,0.035109642871794154,0.20132851051828468,0.8404417107844442,0.9246800025530484,,TMEM258
ENSG00000109381,11.817242333271402,-0.017755577421788165,0.08848776273900245,-0.20065573896538463,0.8409677709231066,0.9246800025530484,,ELF2
ENSG00000009790,20.40078280385617,-0.014851088026540598,0.07414812778523507,-0.20028945396377032,0.841254209961872,0.9246800025530484,,TRAF3IP3
ENSG00000143153,8.334389011722521,-0.02240705254786181,0.11191122260110156,-0.20022167595943371,0.8413072154376096,0.9246800025530484,,ATP1B1
ENSG00000150977,36.373120776394714,0.018469967891065427,0.09301341143035041,0.19857316925630628,0.8425966434544855,0.9255923097821388,,RILPL2
ENSG00000160221,8.774727049738729,-0.018364562826800858,0.0925856196115677,-0.19835221607682993,0.8427695006417972,0.9255923097821388,,GATD3
ENSG00000239998,12.20977804590719,-0.017032390035543833,0.08622954206381932,-0.19752383728233183,0.8434176294273426,0.9259568125096583,,LILRA2
ENSG00000130811,61.183943589770415,0.008006890660821317,0.04084184824468539,0.19604623700797447,0.8445739762213369,0.9268787864977791,,EIF3G
ENSG00000025293,11.050297674591977,-0.018920188883935225,0.09704238827553757,-0.19496829396051277,0.8454177690271938,0.9271999459640121,,PHF20
ENSG00000153774,15.077154666709689,0.014455926926929206,0.07435760628243034,0.19441086997908028,0.8458541792836477,0.9271999459640121,,CFDP1
ENSG00000164754,14.759908306022504,0.016373550924204307,0.08431683810538165,0.19419076061343954,0.8460265171314049,0.9271999459640121,,RAD21
ENSG00000204472,312.86177674082705,-0.0068010537455517415,0.035050456596962716,-0.19403609555662918,0.8461476188073563,0.9271999459640121,,AIF1
ENSG00000162511,131.06670175614298,-0.008828630210583265,0.045667685625080744,-0.19332335522898866,0.8467057365040922,0.9271999459640121,,LAPTM5
ENSG00000087086,1322.948532205784,-0.0076619330656713435,0.03964867774635916,-0.19324561375504937,0.8467666173182269,0.9271999459640121,,FTL
ENSG00000005893,13.090501586683226,-0.01580510782057143,0.08239797358472602,-0.19181427810624213,0.84788768632857,0.9280804282504872,,LAMP2
ENSG00000129197,9.809569103063357,-0.01634055606578704,0.08607454426201575,-0.1898419120994178,0.849433011957218,0.9294244615137274,,RPAIN
ENSG00000185187,12.960984280973275,0.015497605206022945,0.08186875523596464,0.18929816584306516,0.8498591327823612,0.9295433473241517,,SIGIRR
ENSG00000106268,18.46902214131445,0.013094346758364479,0.07014329323575921,0.18667995405281243,0.8519115741393586,0.9314402871844818,,NUDT1
ENSG00000131876,12.020762517922789,-0.01477398399671135,0.07932036118037467,-0.1862571447842412,0.8522431128429881,0.9314549587175324,,SNRPA1
ENSG00000115828,7.904868518002573,0.021209119480484196,0.11588733613809546,0.18301498841263084,0.8547862581911345,0.9335743813721628,,QPCT
ENSG00000179344,503.5995764357269,-0.014091544250347483,0.0771218679372996,-0.18271788050833998,0.8550193853298114,0.9335743813721628,,HLA-DQB1
ENSG00000146457,19.266321310709483,-0.01295767229793509,0.07111930944429826,-0.1821962614539127,0.8554287068195235,0.9335743813721628,,WTAP
ENSG00000155330,11.162845577908508,-0.015658082776962914,0.08606480663933223,-0.18193363104364496,0.8556348111670512,0.9335743813721628,,C16orf87
ENSG00000196235,9.150636723539957,-0.01906619829848549,0.1051054726974545,-0.18140062367035284,0.8560531293812832,0.9335743813721628,,SUPT5H
ENSG00000140264,474.5231607199112,0.0041446565328596505,0.02285486222077288,0.1813468177065865,0.8560953599673009,0.9335743813721628,,SERF2
ENSG00000183741,13.379938236853297,0.019421523025791258,0.10754009590950322,0.18059797010163345,0.8566831493077772,0.9338675581433998,,CBX6
ENSG00000214026,48.9164287982541,0.00807153960255059,0.045062686592805,0.1791180289689906,0.8578450258662008,0.9347860944310517,,MRPL23
ENSG00000172795,14.083042303143962,0.015066644903330336,0.08496326777807169,0.17733127853186118,0.8592481833977201,0.935966771201088,,DCP2
ENSG00000184588,9.832673474085942,-0.024394177430584776,0.13941501669727865,-0.1749752502167935,0.861099081016886,0.9376341053244486,,PDE4B
ENSG00000148655,8.584098769626888,0.01711785686823884,0.09837063826587804,0.1740138843256498,0.8618545505918616,0.9380514990856725,,LRMDA
ENSG00000181038,8.873163165171439,0.015336130995321934,0.08865584827506301,0.17298498963926398,0.8626632262844514,0.9380514990856725,,METTL23
ENSG00000169062,9.439631620719037,0.016438249725461353,0.0950530458597336,0.17293764315263177,0.8627004424585992,0.9380514990856725,,UPF3A
ENSG00000163683,15.468238537204906,-0.012847288834249626,0.07432325500002157,-0.17285691852766535,0.8627638958462145,0.9380514990856725,,SMIM14
ENSG00000170006,12.150350746883756,0.015396718615724276,0.08988967237113561,0.17128462268896089,0.8639999710988762,0.9390467391898699,,TMEM154
ENSG00000134056,20.938704543374406,-0.010304504498618848,0.06072984833347594,-0.16967775783063707,0.8652635670837001,0.9400711407870405,,KGD4
ENSG00000154767,7.969628281166801,-0.020410991024929225,0.12107941267129044,-0.16857523979193323,0.8661307575879069,0.940104099340921,,XPC
ENSG00000137106,14.640474619914654,-0.015188660400902242,0.09021473244099494,-0.16836119766620605,0.8662991320971368,0.940104099340921,,GRHPR
ENSG00000137714,13.165207606956633,-0.014383530061637331,0.08560741654857676,-0.1680173358984101,0.8665696408799717,0.940104099340921,,FDX1
ENSG00000130429,255.1181659579863,-0.005132607735113374,0.030550062062734012,-0.16800645853267515,0.8665781981288067,0.940104099340921,,ARPC1B
ENSG00000114125,28.41613802425261,-0.009311285301133653,0.05584829025047052,-0.1667246259352623,0.8675867280421328,0.9408496072990241,,RNF7
ENSG00000117448,23.118818548761908,-0.01017355932207914,0.061366747447023154,-0.16578293204901884,0.868327778496211,0.9413046040121829,,AKR1A1
ENSG00000090263,18.13244254992189,0.01160704144195042,0.07024426697514924,0.16523827412216738,0.8687564409104345,0.9414207472190053,,MRPS33
ENSG00000163875,22.215811197880157,-0.009621544774800674,0.05882754234275469,-0.16355510347077556,0.8700813908855147,0.9420347585978354,,MEAF6
ENSG00000111142,27.996910784915485,0.01048578963241159,0.06424724510056685,0.16320994956278792,0.8703531326296577,0.9420347585978354,,METAP2
ENSG00000165678,47.63466667956458,0.006597107212057137,0.04054155615356535,0.16272456802270446,0.8707353023241289,0.9420347585978354,,GHITM
ENSG00000066336,100.41345748392781,-0.005956018957524406,0.03660418551532618,-0.16271415068177433,0.8707435048461218,0.9420347585978354,,SPI1
ENSG00000136238,165.15977598677097,-0.007272629768097298,0.04476150013515692,-0.1624751124546242,0.8709317252473839,0.9420347585978354,,RAC1
ENSG00000146247,14.685596624269737,-0.012849640702598013,0.07997222119717384,-0.16067630122360674,0.8723483557707781,0.9432186062396004,,PHIP
ENSG00000115685,18.123880502769314,0.011032432209370379,0.06899329451721543,0.15990586167207205,0.8729552309934665,0.9433317634223931,,PPP1R7
ENSG00000182054,19.43468031466988,-0.011743025256270962,0.07352007006740459,-0.15972543613607462,0.8730973630036494,0.9433317634223931,,IDH2
ENSG00000141030,12.175238954188943,-0.013412384259501106,0.0845780336294157,-0.15857999629393565,0.8739997899890792,0.9436140529068924,,COPS3
ENSG00000106355,38.336221118355034,-0.0077795812852593455,0.049130094163875176,-0.1583465575968626,0.8741837232249821,0.9436140529068924,,LSM5
ENSG00000198408,14.197575231080132,-0.013661531821574913,0.08645737876718236,-0.15801464277980842,0.8744452604048432,0.9436140529068924,,OGA
ENSG00000175756,37.61129209359014,0.007465461817777023,0.047322326787724994,0.15775770813774734,0.8746477252695717,0.9436140529068924,,AURKAIP1
ENSG00000157500,17.437053963542763,0.011844714861698302,0.0763153615720669,0.15520747877886917,0.8766577525247325,0.9454342170874465,,APPL1
ENSG00000134049,13.87279484607781,-0.011728063040044158,0.07582389165964297,-0.15467503425818466,0.8770775128712908,0.9454385666265774,,IER3IP1
ENSG00000011600,459.4542296665179,0.004971269550730483,0.032214861749265966,0.15431602933524174,0.8773605591204178,0.9454385666265774,,TYROBP
ENSG00000088930,35.00637064365954,-0.009216768292593457,0.0600114596520054,-0.15358347132430497,0.8779381702732345,0.9454385666265774,,XRN2
ENSG00000170296,50.240774841374,0.02060334257548985,0.13416761804357433,0.1535641973519899,0.877953368394011,0.9454385666265774,,GABARAP
ENSG00000149311,12.581208053781692,-0.014213341168239704,0.09284830982417251,-0.1530813128979473,0.8783341523248871,0.9455008816203196,,ATM
ENSG00000140307,31.202304418915077,-0.007964699563684837,0.05244535259818926,-0.15186664154413232,0.879292119256228,0.9461041769747859,,GTF2A2
ENSG00000000938,36.4398238360428,-0.008097167057186968,0.053428551162709934,-0.1515513125655993,0.8795408366548385,0.9461041769747859,,FGR
ENSG00000173992,8.793901438964328,0.0140148563731826,0.09352885972174356,0.1498452607556428,0.8808866995430229,0.9469038663418016,,CCS
ENSG00000136381,9.098723536513027,-0.01478049173829324,0.09867538812997866,-0.14978904079732488,0.880931055981922,0.9469038663418016,,IREB2
ENSG00000077097,9.372228760246905,0.015277687822806472,0.1024033080163891,0.1491913505407595,0.8814026448801122,0.9470026070162062,,TOP2B
ENSG00000103275,36.35881840848648,-0.007005787130524487,0.04722219373020256,-0.14835793463029437,0.8820602959368506,0.9470026070162062,,UBE2I
ENSG00000130520,31.31242438399375,-0.007724916100799934,0.05217673096718558,-0.14805289556484869,0.8823010235534827,0.9470026070162062,,LSM4
ENSG00000107262,21.443668073881476,-0.009120035954671878,0.06160808103654195,-0.14803311191047258,0.882316636591602,0.9470026070162062,,BAG1
ENSG00000148719,8.363975107996323,-0.015144833891144408,0.10286870085168318,-0.14722489703627478,0.8829545097267429,0.9470336736355911,,DNAJB12
ENSG00000112335,138.56849059090806,0.009984241128495882,0.06783841114889877,0.14717681265531757,0.8829924620987581,0.9470336736355911,,SNX3
ENSG00000106211,14.261857374421924,0.01307977150843052,0.08996717195779776,0.14538382416384105,0.8844078354185098,0.9482043727958245,,HSPB1
ENSG00000006451,9.544039815864442,0.01353335711466228,0.09362669758754863,0.14454591973627484,0.885069398445157,0.9484289411419813,,RALA
ENSG00000150991,246.55361399717452,0.007517759485631258,0.05209883412489804,0.14429803683531028,0.8852651284634683,0.9484289411419813,,UBC
ENSG00000180376,8.116473531059837,0.01647096089860156,0.11454267561826643,0.1437975916809725,0.8856603046715141,0.9485052567952427,,CCDC66
ENSG00000089006,12.01582568703396,-0.011403948270592759,0.07989253699243945,-0.1427410957255239,0.8864946593268501,0.9488469436123146,,SNX5
ENSG00000105483,11.174304841923716,0.012427388532438436,0.08724453940351408,0.14244316741659457,0.8867299673209519,0.9488469436123146,,CARD8
ENSG00000106609,9.678230646871006,0.0121736837369923,0.08563208115800991,0.1421626518048673,0.8869515316485332,0.9488469436123146,,TMEM248
ENSG00000111897,9.377738998091129,0.013420041328720198,0.09489966631507177,0.14141294537501292,0.8875437281082935,0.9491336873269114,,SERINC1
ENSG00000112773,12.119740235470836,-0.014522275214073682,0.10507603931157246,-0.1382072954901935,0.8900765894648744,0.9514947988145864,,TENT5A
ENSG00000229989,9.404089534991918,-0.016764697458583496,0.12292989628263444,-0.13637608072196628,0.8915239818188733,0.9524196044501448,,MIR181A1HG
ENSG00000152818,13.12560022736389,-0.01331223828287717,0.09767603468575697,-0.13628970837836793,0.8915922594938002,0.9524196044501448,,UTRN
ENSG00000100612,22.469614381705618,0.008358793488144781,0.061803618781739005,0.1352476384540534,0.8924160830387775,0.9529519661333117,,DHRS7
ENSG00000121691,32.5596902491674,-0.007888573617260981,0.05874951828879918,-0.13427469444911122,0.8931853629170952,0.9530804173327111,,CAT
ENSG00000017797,11.514842157093943,0.011825005224101315,0.08806745422167596,0.1342721363823736,0.8931873856424041,0.9530804173327111,,RALBP1
ENSG00000165280,12.967239892155945,-0.011336973268398259,0.08494468333631269,-0.13346301172862055,0.8938272148936388,0.9532630349026207,,VCP
ENSG00000198171,9.822608772799077,0.011761277178697379,0.0882764672810696,0.13323230461012703,0.894009663197608,0.9532630349026207,,DDRGK1
ENSG00000068305,14.484810280482744,0.012447446253639258,0.09409609608045522,0.13228440681530812,0.8947593405409914,0.953522368951326,,MEF2A
ENSG00000054267,17.883620226973793,0.009545989986771726,0.07263230852485006,0.13142897672742576,0.8954359673597077,0.953522368951326,,ARID4B
ENSG00000173933,9.606798531557082,-0.01336434282757344,0.10227773540809144,-0.13066717574699208,0.8960385996230465,0.953522368951326,,RBM4
ENSG00000124733,9.892226080281958,-0.0115494144647129,0.08848405437672581,-0.13052537596820124,0.8961507787573463,0.953522368951326,,MEA1
ENSG00000104894,102.00635609571573,0.00521669413588746,0.040259747967263844,0.12957592631054912,0.8969019506671994,0.953522368951326,,CD37
ENSG00000171634,15.23032464282759,-0.011098384064388124,0.08565334048150991,-0.12957327760945817,0.8969040463579734,0.953522368951326,,BPTF
ENSG00000103274,8.29767743958742,0.012480664111274974,0.09634389121152089,0.12954286934367173,0.8969281058710494,0.953522368951326,,NUBP1
ENSG00000173113,54.4431919742953,-0.005780500053142579,0.04466184844239739,-0.12942814179753392,0.8970188810194551,0.953522368951326,,TRMT112
ENSG00000071626,8.960145494355364,0.011992127205818453,0.09284804071808456,0.12915864581601963,0.8972321179149014,0.953522368951326,,DAZAP1
ENSG00000124151,10.201747441283299,0.013118668646796353,0.10184655938651437,0.12880816716655244,0.897509442906371,0.953522368951326,,NCOA3
ENSG00000143436,11.959839202127984,-0.01043516582797108,0.08244596486815427,-0.1265697580792312,0.8992809339527695,0.9550578798018531,,MRPL9
ENSG00000198791,16.7164136860945,-0.008337912687076045,0.06630229692117098,-0.1257560156172156,0.8999250597300732,0.9553954223675323,,CNOT7
ENSG00000048828,16.98118519398402,0.00894587898220591,0.0720520617427159,0.124158542668077,0.9011897463443771,0.9561146578761193,,FAM120A
ENSG00000177700,93.30562095345113,-0.00583227423055231,0.04715513567687194,-0.12368269429904005,0.9015665143880282,0.9561146578761193,,POLR2L
ENSG00000121892,8.545251976370501,-0.013132582189460906,0.10619659375841502,-0.1236629323473031,0.90158216202048,0.9561146578761193,,PDS5A
ENSG00000168214,36.36254556028264,-0.006413735399916323,0.052329530540777436,-0.12256435961944019,0.9024520785022471,0.956690690027002,,RBPJ
ENSG00000108639,39.73707962426533,-0.006287731753200765,0.05149519938738733,-0.1221032606534739,0.9028172395762041,0.9567314069776061,,SYNGR2
ENSG00000170248,10.941409163325298,-0.010623697744970318,0.08902258950242789,-0.11933710089033729,0.9050082912466222,0.9578096351591665,,PDCD6IP
ENSG00000257727,17.428584440619012,-0.008024302968911724,0.06729592538832477,-0.11923906124491555,0.90508596098902,0.9578096351591665,,CNPY2
ENSG00000091039,32.018181755433964,-0.008027334410205323,0.06756910940735315,-0.11880183830470549,0.9054323522441772,0.9578096351591665,,OSBPL8
ENSG00000171988,22.783588572955544,0.010418736946125547,0.08831418273717537,0.1179735419975736,0.9060886218872792,0.9578096351591665,,JMJD1C
ENSG00000253729,14.036369964871975,-0.010193639350312042,0.08675612544558649,-0.11749763256434845,0.9064657199902157,0.9578096351591665,,PRKDC
ENSG00000141505,10.011369819462672,-0.012390191647560396,0.10554392104407471,-0.11739370230888337,0.906548074396185,0.9578096351591665,,ASGR1
ENSG00000115307,20.166922065442026,0.0073271132838874445,0.06274059071132733,0.1167842572219294,0.9070310192955365,0.9578096351591665,,AUP1
ENSG00000115816,11.934923675885825,0.011051341643734947,0.09464822565009531,0.11676226963398778,0.907048443647388,0.9578096351591665,,CEBPZ
ENSG00000163466,244.41216137689273,0.003387420254869026,0.029154533003729624,0.11618845873592579,0.9075031833962327,0.9578096351591665,,ARPC2
ENSG00000233276,259.1439293530819,-0.005053603066738405,0.043547405413085334,-0.11604831605466613,0.9076142497675134,0.9578096351591665,,GPX1
ENSG00000170430,9.789183474124268,-0.010672707636284993,0.09211773367928906,-0.11585942478179476,0.9077639534019954,0.9578096351591665,,MGMT
ENSG00000078668,20.260704929662293,0.007541286233710983,0.06534214629285771,0.11541228229497705,0.9081183441527612,0.9578096351591665,,VDAC3
ENSG00000109919,17.84118858632789,0.007863630660056286,0.06825491157163285,0.1152097406470666,0.9082788781699282,0.9578096351591665,,MTCH2
ENSG00000128487,16.579201151837673,0.01104684078500811,0.09602711755676613,0.11503876265449502,0.9084143978268461,0.9578096351591665,,SPECC1
ENSG00000249437,13.101160332268996,0.011690713284256036,0.10296765517188453,0.11353772468393747,0.9096042564578052,0.9587189571304728,,NAIP
ENSG00000178449,33.53919315803291,-0.005358351703414557,0.04879591209780275,-0.10981148774665164,0.9125588802415587,0.961487010200534,,COX14
ENSG00000078808,12.852176952853771,0.00814517851763193,0.07538349300615586,0.1080498951801927,0.9139561132229629,0.9624616366260915,,SDF4
ENSG00000168255,7.933509839440839,-0.013447313051326433,0.12478272111228234,-0.10776582632162857,0.9141814516200341,0.9624616366260915,,POLR2J3
ENSG00000126883,23.54878058418776,-0.007207495559414225,0.06724921435062194,-0.10717590724310921,0.9146494285556636,0.9624616366260915,,NUP214
ENSG00000177479,8.932780500643597,-0.010619380829723156,0.09925797209062663,-0.10698768679282732,0.9147987482002776,0.9624616366260915,,ARIH2
ENSG00000130511,9.598306807894666,-0.009172027274939156,0.0869558078737974,-0.10547917958799144,0.9159955901009452,0.9633746723475458,,SSBP4
ENSG00000167397,13.425443144711558,0.007620771086139229,0.07257788440252225,0.10500128446668239,0.9163747894985013,0.9634274268048876,,VKORC1
ENSG00000165119,91.9066805415088,0.003705968895952076,0.035682656452527536,0.10385910872085782,0.9172811580671689,0.9640341819169671,,HNRNPK
ENSG00000142178,12.817773179134132,0.014001017190677633,0.13669509633774357,0.10242516056380101,0.9184192134501535,0.9644903432456953,,SIK1
ENSG00000180228,10.06591284116775,-0.008673837093574051,0.08490235874180951,-0.10216249845250397,0.9186276938620308,0.9644903432456953,,PRKRA
ENSG00000130165,10.630331258282121,-0.008502220946138459,0.08330029761403802,-0.10206711367986322,0.9187034041366955,0.9644903432456953,,ELOF1
ENSG00000140030,11.553829302832142,-0.011570288263160469,0.11453927483409876,-0.1010159028850072,0.9195378360747215,0.9648018987226347,,GPR65
ENSG00000052795,9.232265497696682,-0.010732598395382605,0.10642166325882686,-0.10084975245387756,0.9196697313868495,0.9648018987226347,,FNIP2
ENSG00000181817,18.384571509534194,-0.006921250689389532,0.06926029215846206,-0.09993100626191784,0.9203991001150372,0.9648018987226347,,LSM10
ENSG00000114956,24.226244441226374,-0.005592980123680544,0.05615237097311148,-0.09960363252263628,0.920659009833947,0.9648018987226347,,DGUOK
ENSG00000117616,31.28923842590418,0.006861085217328356,0.06889731764191578,0.09958421390202579,0.920674427000558,0.9648018987226347,,RSRP1
ENSG00000160410,20.72177367802917,-0.006301834345142126,0.06354278781150188,-0.09917465950402368,0.9209995944370073,0.9648018987226347,,SHKBP1
ENSG00000153574,10.818368606323142,-0.008352114062592784,0.08454598130598574,-0.09878783040396817,0.9213067311572699,0.9648018987226347,,RPIA
ENSG00000163382,8.622528985615173,-0.008705679044116411,0.08870027140536188,-0.09814715227117286,0.9218154461402568,0.9649894981403903,,NAXE
ENSG00000211460,8.599411444533281,-0.008955897026335804,0.09211806500319888,-0.09722194040902621,0.9225501446528953,0.9651078634243125,,TSN
ENSG00000065000,8.34530377251663,-0.009571582045642731,0.09910710025913105,-0.09657816665623684,0.9230613959113585,0.9651078634243125,,AP3D1
ENSG00000112514,40.40277129576587,-0.004530874966977671,0.0470947242055139,-0.09620769721902717,0.9233556176787067,0.9651078634243125,,CUTA
ENSG00000026025,596.8058694263623,-0.004450981205742264,0.04633665378745198,-0.09605745866240335,0.9234749380794773,0.9651078634243125,,VIM
ENSG00000092020,11.3419555501251,0.00775971441587939,0.08131312060316437,0.09543004078947394,0.9239732558569743,0.9651078634243125,,PPP2R3C
ENSG00000072818,13.516096293488749,0.008081859485121783,0.08486292996804676,0.0952342735298537,0.9241287473524133,0.9651078634243125,,ACAP1
ENSG00000185808,8.257679457784617,0.009466294184161861,0.09955162423551656,0.09508929921391093,0.9242438975519374,0.9651078634243125,,PIGP
ENSG00000135018,9.205186415300528,0.008403247490681777,0.08874997133414898,0.09468450935091623,0.9245654224402994,0.9651078634243125,,UBQLN1
ENSG00000174720,16.453730049797077,-0.006863493809612518,0.07296996691330927,-0.09405916022637881,0.9250621619198475,0.9652822559163625,,LARP7
ENSG00000160087,9.249261630821941,-0.007907769588646387,0.08611143670743272,-0.09183181573794166,0.9268316655531481,0.9666524035446588,,UBE2J2
ENSG00000162734,14.064132786532022,0.00772407532138443,0.08434673956835373,0.09157526847999758,0.9270355017600416,0.9666524035446588,,PEA15
ENSG00000124172,436.26476837972615,0.002839835766509732,0.03128297706722596,0.0907789485766342,0.9276682375757959,0.9669678175941369,,ATP5F1E
ENSG00000163468,21.974301610308757,0.005933278759669268,0.06618769414482825,0.08964323106174987,0.9285707292596233,0.9673204911011927,,CCT3
ENSG00000132305,10.629547294051212,0.008144682384364896,0.09158067566549957,0.08893450856503317,0.9291339583325123,0.9673204911011927,,IMMT
ENSG00000122122,10.364389790423951,0.007903046652497617,0.08907632242909491,0.08872219280031989,0.9293026947825197,0.9673204911011927,,SASH3
ENSG00000173674,38.81856009263317,-0.00454277592146895,0.05122067130486209,-0.08869028471787582,0.9293280537799369,0.9673204911011927,,EIF1AX
ENSG00000023287,8.30821302718667,0.008722699378926382,0.09972167015742756,0.08747045015547898,0.930297572743086,0.967816357998211,,RB1CC1
ENSG00000204619,9.318132029472133,0.007643717670627405,0.08759789041024967,0.08725915241599275,0.9304655217776515,0.967816357998211,,PPP1R11
ENSG00000151923,10.70488499719966,0.0074731540098446295,0.0863244517360701,0.08657053545724429,0.9310128872457702,0.9680418088975907,,TIAL1
ENSG00000085662,13.196927770647982,-0.006773790669416609,0.07982923006507983,-0.08485351373042627,0.9323778491040777,0.9691169123808093,,AKR1B1
ENSG00000110934,13.71573439854205,-0.006701487962532841,0.08137927627144995,-0.08234882723925015,0.9343693277150383,0.9703865673675309,,BIN2
ENSG00000156052,26.05037021566681,0.005422789711028257,0.06596874865252805,0.08220240374106969,0.9344857620078113,0.9703865673675309,,GNAQ
ENSG00000120708,28.784066164258906,-0.005772162148901378,0.0704424221878826,-0.08194156262125661,0.934693183356416,0.9703865673675309,,TGFBI
ENSG00000065427,15.462969856038594,-0.005836307136927595,0.07147956931970355,-0.08165000422461696,0.9349250363879115,0.9703865673675309,,KARS1
ENSG00000134186,27.711725218992058,-0.004832673115554918,0.05972518348489536,-0.08091516565666328,0.9355094190639066,0.9706490357969946,,PRPF38B
ENSG00000145703,20.075240222593262,-0.006281257671474396,0.07901255975727045,-0.07949695201333377,0.9366373558831145,0.9714750896300954,,IQGAP2
ENSG00000135842,11.368664739963352,-0.007926127461915152,0.1011566360195222,-0.07835499255219885,0.9375456741489879,0.9720728519505089,,NIBAN1
ENSG00000198843,31.436147640511482,0.0045540742902927716,0.05875510329508903,0.0775094253076297,0.9382182935210428,0.9724258985591551,,SELENOT
ENSG00000085832,8.902744134767918,-0.008235694221788327,0.10816559141502526,-0.07613968651258453,0.9393079664919768,0.9732108018006044,,EPS15
ENSG00000068796,8.85841611134778,-0.007844868087483371,0.10581751540532836,-0.07413581822852315,0.9409023148417504,0.9745178556266874,,KIF2A
ENSG00000167578,10.035371673407804,0.0069170196924004095,0.09406386404499277,0.07353535560788625,0.9413801105143789,0.9746679503486921,,RAB4B
ENSG00000106153,136.9889907336215,0.0024341924243653874,0.033464146114183226,0.07274031185674555,0.9420127692761255,0.9747158351093239,,CHCHD2
ENSG00000134809,17.695338043374033,-0.005719504416511167,0.07873706341806144,-0.07264056047077791,0.9420921493713752,0.9747158351093239,,TIMM10
ENSG00000198399,18.677155477889052,-0.005247615758301009,0.0730898540861597,-0.07179677431172624,0.9427636399236797,0.975066032390157,,ITSN2
ENSG00000101265,9.598622916191339,-0.006867609393041836,0.09661143377238429,-0.07108485119082142,0.9433302246672792,0.9753075204187124,,RASSF2
ENSG00000154582,26.307509964252816,0.0038556110431127205,0.05470422633311717,0.07048104509575319,0.9438107868492965,0.9753452845655582,,ELOC
ENSG00000143815,15.95884288602091,0.006004381934579848,0.08553020355467439,0.07020188991765468,0.9440329701020465,0.9753452845655582,,LBR
ENSG00000245532,230.26153994008905,0.0053490458850369346,0.07782585639543074,0.06873096079866567,0.9452037733153585,0.9755287088010294,,NEAT1
ENSG00000156471,7.883127403767007,-0.006713393894971193,0.09793839987433503,-0.06854710617679238,0.9453501229233107,0.9755287088010294,,PTDSS1
ENSG00000145912,31.05974644895537,0.0035603940005191404,0.052042448582593506,0.06841326835090492,0.9454566599604244,0.9755287088010294,,NHP2
ENSG00000172590,34.4677138661377,-0.003429663328292091,0.05037236986774985,-0.06808620156836974,0.9457170144197714,0.9755287088010294,,MRPL52
ENSG00000155115,26.105813292849827,-0.004221818369915674,0.062189805445709255,-0.06788601989760615,0.9458763675840581,0.9755287088010294,,GTF3C6
ENSG00000160679,8.02217293892806,0.007118252872911407,0.11107462507568605,0.06408531982944837,0.9489022908960069,0.9777681279497683,,CHTOP
ENSG00000139218,34.70799430142265,0.00434549628518933,0.06827512997650852,0.06364684016983181,0.9492514342609821,0.9777681279497683,,SCAF11
ENSG00000115524,34.32402450545119,0.004125729618053215,0.0651196486582531,0.06335614062823006,0.9494829117559626,0.9777681279497683,,SF3B1
ENSG00000120063,8.500771835050452,-0.007618515283700567,0.12189212398440945,-0.06250211280816642,0.9501629794539207,0.9777681279497683,,GNA13
ENSG00000146386,41.602786538431964,-0.0035737497073212152,0.058185496339973414,-0.06141994022771703,0.9510247723330592,0.9777681279497683,,ABRACL
ENSG00000103363,115.3132021009005,0.0017650307962584152,0.028882944931874606,0.06110979335457461,0.9512717697604175,0.9777681279497683,,ELOB
ENSG00000082515,11.867391499871607,0.005038665080860036,0.08252701609651016,0.06105473479093966,0.9513156182616073,0.9777681279497683,,MRPL22
ENSG00000101367,12.768975786261214,-0.004837739325948021,0.07932673198671479,-0.060984982045626426,0.95137116938366,0.9777681279497683,,MAPRE1
ENSG00000125772,12.018195824855276,0.0056876867042898824,0.0940510007308943,0.06047449426470127,0.9517777292894319,0.9777681279497683,,GPCPD1
ENSG00000150540,14.661147377944165,0.005015146521191659,0.08297710040026848,0.06044012742069054,0.951805099996784,0.9777681279497683,,HNMT
ENSG00000130748,21.643835444245088,-0.0035217493780688655,0.05970071150097517,-0.05899007381195683,0.9529600142952123,0.9777681279497683,,TMEM160
ENSG00000087253,11.058404497155665,-0.0053865564739572925,0.09175186303015115,-0.0587078702934586,0.9531847905649393,0.9777681279497683,,LPCAT2
ENSG00000100092,8.729155652537397,0.005552760830778743,0.09572447023058578,0.05800774679037639,0.9537424578730507,0.9777681279497683,,SH3BP1
ENSG00000128245,30.6716717576358,-0.0035118201294967737,0.06070602020115354,-0.05784961883286234,0.9538684142135743,0.9777681279497683,,YWHAH
ENSG00000083896,14.251683036732336,0.004918567601952611,0.08551030268832867,0.05752017531594995,0.9541308351357575,0.9777681279497683,,YTHDC1
ENSG00000204392,16.5251101832567,0.004106272345217106,0.07149548600930751,0.05743400841673471,0.9541994729041647,0.9777681279497683,,LSM2
ENSG00000169682,10.248510208398615,-0.005145094008005067,0.08961839383729134,-0.05741113835789511,0.9542176905113134,0.9777681279497683,,SPNS1
ENSG00000136936,10.191691776681662,0.004804217515748534,0.08369718310207942,0.05739999050970659,0.9542265705635514,0.9777681279497683,,XPA
ENSG00000156675,30.47550252496922,-0.004710014152664636,0.08235491635282406,-0.05719165729567429,0.9543925237979637,0.9777681279497683,,RAB11FIP1
ENSG00000047315,11.223388379927032,-0.00505131909659853,0.09048409198022879,-0.05582549358733983,0.9554808256628573,0.9783705587642039,,POLR2B
ENSG00000177879,25.491445786052452,-0.003292594588969157,0.05920378716860271,-0.055614594039269584,0.9556488381371663,0.9783705587642039,,AP3S1
ENSG00000121774,33.92376776561532,0.002999961016587788,0.05513875472825303,0.05440748583048089,0.9566105148604185,0.9786721265925202,,KHDRBS1
ENSG00000139146,9.679565633774036,-0.005089918914010449,0.093554789601638,-0.054405754485512006,0.9566118942308035,0.9786721265925202,,SINHCAF
ENSG00000122674,10.937127897066803,-0.005154537068431913,0.09887218306570335,-0.05213333931351124,0.9584224481457396,0.9798771962711482,,CCZ1
ENSG00000141741,14.583039329492372,-0.003786985634164353,0.07270455741885509,-0.05208732118878481,0.9584591154783363,0.9798771962711482,,MIEN1
ENSG00000131446,19.213775802097796,-0.003563536748521706,0.07244962048986556,-0.049186410148555335,0.9607707412887287,0.9813368896397807,,MGAT1
ENSG00000139597,13.774597895784531,0.0037296310593686248,0.07612433167675522,0.04899394158500676,0.9609241240580214,0.9813368896397807,,N4BP2L1
ENSG00000105223,15.911989262920207,-0.003617919556799835,0.07397532926041533,-0.04890710988340009,0.960993322777024,0.9813368896397807,,PLD3
ENSG00000123200,13.313314463141467,-0.004732627055195621,0.09786518321808746,-0.04835863889049498,0.9614304220989338,0.9813368896397807,,ZC3H13
ENSG00000108953,60.58131194666856,-0.0022094802610165575,0.045846801187982525,-0.04819268092352126,0.9615626831887059,0.9813368896397807,,YWHAE
ENSG00000136485,9.827950563737883,-0.004284580576071416,0.0907745249098857,-0.047200253378630555,0.9623536255818158,0.9815219972689769,,DCAF7
ENSG00000022277,27.7034946527968,0.0027713718995471823,0.058810357358312804,0.04712387450159662,0.9624144993713226,0.9815219972689769,,RTF2
ENSG00000196126,1227.150697405922,-0.0033889958976813348,0.07762111455616122,-0.043660747685209986,0.9651748281707089,0.9839348625628889,,HLA-DRB1
ENSG00000152332,9.166069901492197,0.004268966377235136,0.09856214427328654,0.043312434086239346,0.965452479557097,0.9839348625628889,,UHMK1
ENSG00000163714,26.918773215148104,-0.002362422634219519,0.0570013618818997,-0.04144502089466192,0.9669411221261331,0.9848069839050245,,U2SURP
ENSG00000198492,15.861502662622012,-0.0031105802756879785,0.07514364237197486,-0.04139512242818937,0.9669809012045578,0.9848069839050245,,YTHDF2
ENSG00000198677,7.988881312006986,-0.004441169723421194,0.10937066756932953,-0.04060658878767434,0.9676095313978701,0.9849156475527232,,SKIC3
ENSG00000111669,126.96639351504415,-0.001201653984774793,0.02973110195491663,-0.040417404864338556,0.9677603545113335,0.9849156475527232,,TPI1
ENSG00000161203,38.971877589303865,-0.0020720541247385466,0.05285825662550376,-0.039200197982670396,0.9687307757919041,0.9855607058786293,,AP2M1
ENSG00000110917,16.568238866080865,-0.002922603525600251,0.07928273585970032,-0.03686305087619737,0.9705942008401163,0.9868331771055542,,MLEC
ENSG00000159346,11.20613318898289,-0.00300008232859004,0.081554855766875,-0.036786066266437795,0.97065558403825,0.9868331771055542,,ADIPOR1
ENSG00000128185,10.606287840599242,0.002918535114188133,0.08143348779484184,0.035839495436335696,0.9714103404793235,0.9872577150029362,,DGCR6L
ENSG00000166266,8.120915260256746,0.0035110347169873455,0.09936865514149792,0.03533342291880412,0.9718138723269177,0.9873251277492072,,CUL5
ENSG00000087191,26.439990316087243,-0.001966451143105451,0.05635279343269211,-0.03489536229387074,0.9721631787160786,0.9873374218802212,,PSMC5
ENSG00000090376,9.413816590182064,0.0039745804549763345,0.11950748489298633,0.03325800437131946,0.9734688428752134,0.9878718189248735,,IRAK3
ENSG00000125844,14.105056163441684,-0.0034515426710756583,0.10519285722869418,-0.03281156878904661,0.9738248526215335,0.9878718189248735,,RRBP1
ENSG00000122644,26.919553945893664,-0.003144320612514147,0.09749266382974363,-0.03225186889964596,0.9742711922701802,0.9878718189248735,,ARL4A
ENSG00000078140,16.259435992321592,0.002395468936219454,0.07443667601756655,0.032181299117307965,0.9743274695970239,0.9878718189248735,,UBE2K
ENSG00000113845,8.416210205942585,0.002908453751254741,0.09055743690041453,0.03211722693138003,0.9743785653924485,0.9878718189248735,,TIMMDC1
ENSG00000107581,41.55406083426604,0.0019407974166712554,0.061229694781120315,0.031696996426473854,0.9747136901891938,0.9878718189248735,,EIF3A
ENSG00000015479,28.105220913868912,0.0019080681166340249,0.06544426858117006,0.02915561832993002,0.9767404776137085,0.9892363970856031,,MATR3
ENSG00000213523,15.945056061374208,0.0020556945996970384,0.07084212576064093,0.029017968865625975,0.9768502595461301,0.9892363970856031,,SRA1
ENSG00000166902,11.011846684517693,-0.0023951138995070135,0.08334347891846705,-0.028737868044242505,0.977073654498485,0.9892363970856031,,MRPL16
ENSG00000107099,21.64544856520427,0.0018717603232778182,0.06810525702496825,0.027483345706948985,0.9780742230311601,0.9896752388382025,,DOCK8
ENSG00000100347,9.19197537754101,-0.002508583195049367,0.09182043458236092,-0.02732053280361272,0.9782040801710619,0.9896752388382025,,SAMM50
ENSG00000125505,14.980795338503588,0.0022114770292605943,0.08214066988034892,0.026923045946447306,0.9785211121709686,0.9896752388382025,,MBOAT7
ENSG00000007080,12.035189426257647,-0.0019434965713039098,0.0765044760149458,-0.02540369756828648,0.9797329618279869,0.9905587404117215,,CCDC124
ENSG00000159069,11.407193037639624,0.0019602064636670856,0.07982507468798522,0.024556274721057342,0.9804088964896255,0.9908999823685273,,FBXW5
ENSG00000133703,12.555935591693492,-0.0019549452527360825,0.08200262711172034,-0.02384003197937386,0.9809802082123371,0.9909013195360399,,KRAS
ENSG00000185627,17.80575247557573,0.001613084008494939,0.06804519042487278,0.023706069428608773,0.9810870646635859,0.9909013195360399,,PSMD13
ENSG00000126088,8.674204254995068,-0.001988947219687606,0.09065148955510675,-0.021940590600869624,0.9824953459420934,0.9919815079029137,,UROD
ENSG00000188612,111.62968873671869,-0.0007543053659136747,0.03673165316197772,-0.020535568126688178,0.9836161387909717,0.9923678013415068,,SUMO2
ENSG00000011304,11.961227871603885,-0.0016583298576432247,0.08167281465907936,-0.020304551331620752,0.9838004250988815,0.9923678013415068,,PTBP1
ENSG00000175203,11.318137930854714,0.001622805683051967,0.08287712537592146,0.019580863545774544,0.9843777295856996,0.9923678013415068,,DCTN2
ENSG00000137331,9.255774056475065,0.003417599807678505,0.1757395743019997,0.019446956220603617,0.984484551832451,0.9923678013415068,,IER3
ENSG00000123329,12.005120844901588,-0.0015091552020258458,0.0780464415096452,-0.01933663050914807,0.9845725624648488,0.9923678013415068,,ARHGAP9
ENSG00000169826,12.927206848806355,-0.0015875760193955423,0.09776326408287424,-0.016238983367512658,0.9870437353281537,0.994516193062916,,CSGALNACT2
ENSG00000133398,13.69353732328286,-0.001137873314684201,0.07402572689797267,-0.015371322408660654,0.9877359421265048,0.9948712894896479,,MED10
ENSG00000137100,24.166732109216195,-0.0008387359905936094,0.057281972542317657,-0.014642233033682357,0.9883176057693676,0.9951148382712202,,DCTN3
ENSG00000197601,7.650543141526421,-0.0017091987192637715,0.12398402826480402,-0.013785636288678084,0.9890010020273597,0.995460616684809,,FAR1
ENSG00000116161,22.855999235271,0.0007336245002746376,0.05838676460323729,0.01256491099070013,0.9899749153017153,0.9956262151120358,,CACYBP
ENSG00000075785,59.098120163044726,0.0005173936203351002,0.042385412187026156,0.01220687952855323,0.9902605611647548,0.9956262151120358,,RAB7A
ENSG00000241468,121.5813161778475,-0.00041837135576501484,0.03481469459977391,-0.012017091075322308,0.990411979334235,0.9956262151120358,,ATP5MF
ENSG00000176209,12.032698176971484,-0.0010092866568172873,0.08527069875347199,-0.011836265816646565,0.9905562467550669,0.9956262151120358,,SMIM19
ENSG00000109320,9.037605083871163,0.0012221727280838969,0.10675500296443255,0.011448388311047933,0.9908657072528936,0.9956262151120358,,NFKB1
ENSG00000167703,9.772050629261287,0.0010377988106802707,0.10129069480514331,0.010245746785296743,0.9918252198514032,0.99610392479148,,SLC43A2
ENSG00000196189,14.465153062626332,0.0006804791697977765,0.07395410367928709,0.009201371336319281,0.9926584714680554,0.99610392479148,,SEMA4A
ENSG00000100796,12.042226835939037,0.0008956155118394071,0.09867520987994464,0.00907639834695135,0.9927581813227931,0.99610392479148,,PPP4R3A
ENSG00000106443,10.04435701306098,-0.0008426263151404875,0.09505045835183336,-0.008865042102390185,0.992926812421513,0.99610392479148,,PHF14
ENSG00000174780,30.19554372740938,0.0005358536636089511,0.06144753242991703,0.008720507438115765,0.9930421299406866,0.99610392479148,,SRP72
ENSG00000213654,70.61180961568192,-0.0003168732133389711,0.04092861662549642,-0.007742094394208658,0.9938227641252569,0.9965455662187509,,GPSM3
ENSG00000147649,76.97425190687608,0.00027519556413648476,0.040378381173798654,0.006815418452561886,0.9945621249394739,0.996903748317724,,MTDH
ENSG00000133639,107.62358711950947,-0.0003334417147287108,0.05491242519235148,-0.006072245280748491,0.9951550790148869,0.996903748317724,,BTG1
ENSG00000254087,26.693121327517098,0.0004022398600669542,0.06820120755023919,0.005897840735014134,0.995294231216796,0.996903748317724,,LYN
ENSG00000180879,91.55449937982011,-0.00018363870584006046,0.03286609626839861,-0.005587481529305707,0.9955418579511697,0.996903748317724,,SSR4
ENSG00000136527,56.51310737889028,0.00022452709773892551,0.05776460817159494,0.0038869318921362314,0.9968986848636096,0.9979211450532133,,TRA2B
ENSG00000125968,23.925642529136894,0.00028673391481203055,0.12935282114992475,0.002216680798014411,0.9982313460634676,0.9985969126401352,,ID1
ENSG00000155959,15.326533512174997,0.00016065147473333927,0.07349258674172532,0.0021859548269530377,0.998255861781993,0.9985969126401352,,VBP1
ENSG00000198546,11.455564945049261,0.00010825045927027206,0.08317318837740108,0.0013015066679791334,0.9989615482170131,0.9989615482170131,,ZNF511
