variable,baseMean,log_fc,lfcSE,stat,p_value,adj_p_value,contrast,gene
ENSG00000137959,42.55084392927106,2.748626890099105,0.27459537169464093,10.009734953419638,1.381220825544601e-23,5.976542512131489e-20,,IFI44L
ENSG00000187608,124.4243158900599,1.1977543879077983,0.1242548794854978,9.639495791773653,5.4454784670363755e-22,1.1781292663433199e-18,,ISG15
ENSG00000157601,19.07586662935741,2.031396491398897,0.21391067797132232,9.496470726305837,2.1712444088060072e-21,3.1316581856345307e-18,,MX1
ENSG00000126709,70.15325236266168,1.3080904328695322,0.1390684351357821,9.406091551920847,5.149291499217614e-21,5.570246079278654e-18,,IFI6
ENSG00000089127,12.16846266669121,1.7239358551523738,0.19679547601499842,8.760038035737097,1.9518450289957395e-18,1.6891266880929129e-15,,OAS1
ENSG00000133106,33.16556601951523,1.1179286352576163,0.12825403747183664,8.716518070654132,2.8688819691376033e-18,2.0689420467430683e-15,,EPSTI1
ENSG00000137965,16.19474183198291,1.585150415926966,0.18231121741482628,8.694749771321835,3.475949624780232e-18,2.148633432346295e-15,,IFI44
ENSG00000138496,13.19572824472396,1.0917337065695836,0.1273224019803358,8.574561032379798,9.946542875922457e-18,5.379836378014559e-15,,PARP9
ENSG00000111335,8.822406911547825,1.2652465438170875,0.15184282345120073,8.33260680392783,7.908146168689754e-17,3.802060941324507e-14,,OAS2
ENSG00000165949,17.388399882893346,2.274119676292337,0.2816156452346209,8.075260429503878,6.733278194332429e-16,2.913489474687642e-13,,IFI27
ENSG00000132530,33.16030080046391,1.0396755984093855,0.12935875931650703,8.037148809270592,9.195297323610223e-16,3.6170955926601303e-13,,XAF1
ENSG00000185507,23.25116499231717,1.011513867611408,0.1309184567061983,7.726289272424015,1.1072685580370613e-14,3.99262587552197e-12,,IRF7
ENSG00000130303,109.4827310988798,0.5688163065222794,0.07446631404619128,7.638572068565714,2.1964400062353584e-14,7.310766082292612e-12,,BST2
ENSG00000160932,254.70988137891746,0.6223186959886281,0.08414564135647183,7.395732992898083,1.406303378785569e-13,4.346481942860826e-11,,LY6E
ENSG00000055332,25.195422902235585,0.8990054582660705,0.12545385105821705,7.166025201162502,7.720656722475821e-13,2.2271521092101918e-10,,EIF2AK2
ENSG00000188313,21.353952656952487,0.8856024386466258,0.1261478654386722,7.020352152349089,2.2130973551010035e-12,5.985045159701277e-10,,PLSCR1
ENSG00000100911,176.53308501251885,0.37914122088954594,0.054165010483481435,6.9997442538144,2.5643016122852235e-12,6.526901809622449e-10,,PSME2
ENSG00000115415,24.7174272481059,0.8284220918539661,0.11922089599439138,6.948631655082833,3.688461928132895e-12,8.866652646128354e-10,,STAT1
ENSG00000086065,25.897711222786693,0.5105341962432551,0.07388005843053803,6.910311213725676,4.835916083583556e-12,1.101316257561371e-09,,CHMP5
ENSG00000132274,34.93177428972235,0.5714779300663111,0.08301375998362134,6.884134993753612,5.813972219847643e-12,1.2578528897640376e-09,,TRIM22
ENSG00000100097,337.86894491759836,0.5245003283010323,0.07672581304098243,6.8360348038394205,8.141517205491346e-12,1.6775402356267168e-09,,LGALS1
ENSG00000071073,54.09370583388568,-0.4651478787569829,0.06881565027290762,-6.759332752249081,1.3862868133440078e-11,2.7265741096997826e-09,,MGAT4A
ENSG00000168394,31.978981579815407,0.5178101870756503,0.07737848397021227,6.691914347598064,2.2026978937652953e-11,4.143945124488014e-09,,TAP1
ENSG00000177409,24.112982558555657,0.6726086132467979,0.10088800538029742,6.666883845224207,2.61291722496573e-11,4.710872013511131e-09,,SAMD9L
ENSG00000172183,113.36266484204276,0.5752713257131451,0.08664126358417815,6.639692242648655,3.143387802593128e-11,5.4405756087281866e-09,,ISG20
ENSG00000099622,256.8566200109026,-0.28560960742800867,0.04310167337655984,-6.626415752649941,3.439356166777677e-11,5.723882359095003e-09,,CIRBP
ENSG00000135899,46.34856366328679,0.4351436494717379,0.06707575682576958,6.487346100350846,8.736150118650032e-11,1.400048946792544e-08,,SP110
ENSG00000137628,8.078768974547243,0.8685830112948587,0.13591844795543637,6.390471818657327,1.653746820023377e-10,2.5556294608004116e-08,,DDX60
ENSG00000004468,30.629276313620302,0.6365042015523765,0.10193779044957878,6.244045498192438,4.2639587196457303e-10,6.306960309420196e-08,,CD38
ENSG00000213928,25.365210879798084,0.7383268697583483,0.11831960610397552,6.240105879912497,4.3727480767877487e-10,6.306960309420196e-08,,IRF9
ENSG00000025708,36.211146073295005,0.5277317606997698,0.08468269333192402,6.2318726523170636,4.6089208515519106e-10,6.433161459569393e-08,,TYMP
ENSG00000204264,82.9422735077426,0.3071330305932109,0.04977658753330833,6.170230741263467,6.819040648732585e-10,9.220621527208092e-08,,PSMB8
ENSG00000183486,9.948320662831708,1.0279645900171002,0.16889922715294092,6.086259880196266,1.155787833532234e-09,1.5154830168769626e-07,,MX2
ENSG00000163565,106.85237776615419,0.4217578653857482,0.0700866053120006,6.0176671920152565,1.7694851795119178e-09,2.2519301093376672e-07,,IFI16
ENSG00000143947,2019.193292867646,-0.19770086805177547,0.03324393445445453,-5.94697563017498,2.731420572755551e-09,3.3768162338037915e-07,,RPS27A
ENSG00000240065,154.45034858048388,0.3156789563710426,0.05330559196915854,5.92206079530432,3.1793203702771112e-09,3.821366456163628e-07,,PSMB9
ENSG00000147403,2817.5105218792087,-0.18476134429899588,0.03143751010135614,-5.877098526674532,4.175197281543541e-09,4.882723956010515e-07,,RPL10
ENSG00000068079,27.296981101896414,0.5136805819342248,0.08803840690780033,5.834732816919157,5.387683051289457e-09,6.134869621823547e-07,,IFI35
ENSG00000123609,18.454931602311728,0.5395607629398307,0.09320677938404444,5.788857489825415,7.08667894319239e-09,7.86257943261371e-07,,NMI
ENSG00000156587,47.85939327049045,0.34886173991905944,0.060889194166707745,5.7294524043776205,1.0075535363689078e-08,1.089921037967066e-06,,UBE2L6
ENSG00000131981,13.09860370645342,0.8765647400231289,0.15317212194404353,5.722743335392019,1.0481755770013852e-08,1.1062087126060958e-06,,LGALS3
ENSG00000168961,16.78854163157939,0.6184315238894746,0.10995400070611383,5.6244567720862175,1.8609264547685842e-08,1.8761093178916446e-06,,LGALS9
ENSG00000160201,66.6053117597851,0.218122682025568,0.03878333259035741,5.624134581972443,1.8644026038673612e-08,1.8761093178916446e-06,,U2AF1
ENSG00000152795,182.68699772034148,-0.22187419111048684,0.03996380999217854,-5.551877840323799,2.8261707145418905e-08,2.7792819731415366e-06,,HNRNPDL
ENSG00000117228,9.748991112521706,0.7786680395364877,0.14040105780796341,5.546026872543423,2.922339308474212e-08,2.8016895309011026e-06,,GBP1
ENSG00000067066,66.573672849136,0.38555438587430885,0.06956077168197161,5.54269851457434,2.978454319885619e-08,2.8016895309011026e-06,,SP100
ENSG00000100453,807.2536374788942,0.3482629394973773,0.063054454422732,5.523209148120451,3.328631051237493e-08,3.064465225256305e-06,,GZMB
ENSG00000173812,917.5059522952835,-0.23664483672491793,0.04305642936042162,-5.496155632042421,3.8815997538698665e-08,3.4991004447906066e-06,,EIF1
ENSG00000164587,1972.830415271298,-0.1858103710965901,0.03395676636144504,-5.471968947772414,4.450628305451894e-08,3.930177281161295e-06,,RPS14
ENSG00000163644,17.86950833609938,0.4414314233246945,0.08109951269099004,5.443083548561648,5.2366070328463505e-08,4.531759726225232e-06,,PPM1K
ENSG00000154217,22.302753350460375,-0.3976375940813449,0.07321496467536891,-5.431097260572998,5.600859660753728e-08,4.751945049427722e-06,,PITPNC1
ENSG00000166441,1510.0393638687963,-0.184359612687982,0.03400644485569552,-5.421313914768271,5.916256236123053e-08,4.923007833404702e-06,,RPL27A
ENSG00000174444,334.0308290414183,-0.19264744920981053,0.03557872925976508,-5.4146804345727375,6.139826169996962e-08,5.012646761806954e-06,,RPL4
ENSG00000092010,281.53385509335334,0.1664318602398984,0.030855366947792024,5.393935535477664,6.893095695900844e-08,5.523412051141287e-06,,PSME1
ENSG00000163191,109.41708918315568,0.4216127636679547,0.07840795053319922,5.37716852437607,7.566634358433237e-08,5.952877612534658e-06,,S100A11
ENSG00000177600,1753.2065489654617,-0.18514111271022732,0.034674607798866774,-5.339385921368029,9.326193120173262e-08,7.206149576962447e-06,,RPLP2
ENSG00000100129,60.799856402141536,-0.2530814993357332,0.047551397756988634,-5.322272557141347,1.0247887266591048e-07,7.77940494781394e-06,,EIF3L
ENSG00000118971,23.849542218469015,0.43221692519516197,0.08161358967740132,5.295894064991019,1.1843548714741044e-07,8.83569573942836e-06,,CCND2
ENSG00000041357,89.16051826216425,0.2856681261648982,0.05431099134458497,5.259858439195669,1.4416634509764636e-07,1.0573013139618911e-05,,PSMA4
ENSG00000122026,2560.75474548386,-0.18046804875027367,0.03468085947359959,-5.2036786714485235,1.9538172358597464e-07,1.4090278632608536e-05,,RPL21
ENSG00000102317,138.17099909152,-0.24857927985275644,0.047837598019819315,-5.196316080706414,2.032765174525565e-07,1.4419303131429702e-05,,RBM3
ENSG00000147604,1201.3666910686452,-0.20846670204194268,0.04022643025923718,-5.18233163366696,2.1912914428230652e-07,1.5293093666282908e-05,,RPL7
ENSG00000169100,172.46428900052655,-0.20589258290333204,0.03989852380179795,-5.160406032216507,2.464148223790203e-07,1.6650671994311455e-05,,SLC25A6
ENSG00000104529,387.1398379245828,-0.14405228214762517,0.02791760788725051,-5.159907780401606,2.470715145840261e-07,1.6650671994311455e-05,,EEF1D
ENSG00000143106,40.359517332793395,0.3032513256246903,0.058796902078996245,5.157607202115151,2.5012564816968904e-07,1.6650671994311455e-05,,PSMA5
ENSG00000185088,87.82534741227767,0.25092414686897446,0.04941649209801025,5.077740977067004,3.8194891557230743e-07,2.504080238911173e-05,,RPS27L
ENSG00000149273,1432.1276126690668,-0.18792894626653875,0.037347195115782356,-5.031942711733199,4.855343689588281e-07,3.135682409678879e-05,,RPS3
ENSG00000087088,80.88495635911539,0.24128793286724962,0.04801867676118899,5.0248767592502706,5.037559254396125e-07,3.187431797163794e-05,,BAX
ENSG00000166750,34.54507798235442,0.5095490118157591,0.10143992059325842,5.023160594327428,5.082800878306027e-07,3.187431797163794e-05,,SLFN5
ENSG00000135077,22.070246656427656,0.4604680696919992,0.09242587980754136,4.982025279616846,6.292221218513851e-07,3.889491601787062e-05,,HAVCR2
ENSG00000132646,11.514839141706313,0.44696386328023724,0.08980596132653655,4.976995476448009,6.457883030148056e-07,3.935670404429667e-05,,PCNA
ENSG00000143543,87.25236650965509,-0.16536023784891934,0.03325919437827969,-4.971865402636144,6.631173860713873e-07,3.985151291015129e-05,,JTB
ENSG00000197006,31.171068499390383,-0.242002144320577,0.04889672212746529,-4.949250865727141,7.449967188172621e-07,4.415891510030539e-05,,METTL9
ENSG00000186891,30.195765174536,0.6227444817051374,0.12652317405689006,4.921979600552273,8.567314619024858e-07,5.009563561691968e-05,,TNFRSF18
ENSG00000140853,11.425700612200258,0.5107566878025647,0.10586129139362946,4.8247728804232315,1.4016289555135901e-06,8.08646465400974e-05,,NLRC5
ENSG00000174695,21.202431865842776,0.31552540677945984,0.06567811639934516,4.804117780433266,1.5543531688833775e-06,8.84958705494523e-05,,TMEM167A
ENSG00000132002,33.24500761520006,-0.40791706655731974,0.08497696286673782,-4.800325321075802,1.5840809271346689e-06,8.901711911313913e-05,,DNAJB1
ENSG00000113387,207.95427188858835,0.15338770871776347,0.032044033999482066,4.786778990443048,1.6947928807294945e-06,9.294758564502219e-05,,SUB1
ENSG00000122406,581.1897492181631,-0.175785330989904,0.03672508552332493,-4.786519309213284,1.6969861950443153e-06,9.294758564502219e-05,,RPL5
ENSG00000110934,134.6559751431986,-0.1852161288440089,0.0387972429830184,-4.773950791428098,1.8064653922436673e-06,9.770719690297935e-05,,BIN2
ENSG00000015153,21.592024905684895,0.33033577934917097,0.06926457767785202,4.769187807446905,1.8497015595121565e-06,9.881060059270495e-05,,YAF2
ENSG00000116663,18.03358555345236,0.384916293407245,0.08092056854089602,4.756717610216915,1.9676611407064694e-06,0.00010383011897362064,,FBXO6
ENSG00000002549,16.682370554195636,0.46539067800061124,0.09838074800360694,4.730505586149321,2.239613636565688e-06,0.0001167567253665028,,LAP3
ENSG00000181381,7.7645914157015605,0.5524090513886514,0.11732909586525213,4.708201723663425,2.4991172138725905e-06,0.00012873428790984164,,DDX60L
ENSG00000007264,84.17212299496053,-0.24356630968488222,0.05184152609620083,-4.698285872852262,2.6235404796211262e-06,0.00013355364300377193,,MATK
ENSG00000142541,2171.354153245841,-0.1561404466975339,0.03334407029490099,-4.682705060198097,2.831137325133701e-06,0.0001424457116959712,,RPL13A
ENSG00000179632,42.5210110763678,-0.21593810351480935,0.0462277694991811,-4.671177213484951,2.9947842395099513e-06,0.00014894748740643173,,MAF1
ENSG00000198242,1511.287290196238,-0.15394457548441928,0.03314741744349774,-4.64424040716986,3.4132992211453555e-06,0.00016783347420336312,,RPL23A
ENSG00000103490,42.36015734806046,0.29802493231365246,0.06433606868554062,4.632314942498699,3.615995129325592e-06,0.00017580236993923413,,PYCARD
ENSG00000021355,59.02344896694766,0.25626113815828244,0.05542050940652516,4.623940503298775,3.765179044922705e-06,0.00018102144141533938,,SERPINB1
ENSG00000155957,48.57542508144032,0.2580675285151369,0.056143258181617826,4.5965898110208405,4.294619047863446e-06,0.00020324190554052364,,TMBIM4
ENSG00000137154,1590.672200216817,-0.1501729454180666,0.03267969177537522,-4.595298708760308,4.321297737399624e-06,0.00020324190554052364,,RPS6
ENSG00000088986,81.38508574703766,0.36217768866710515,0.07941851792133703,4.560368263555827,5.106398915290009e-06,0.00023758481834903084,,DYNLL1
ENSG00000130775,24.896854757381302,-0.534656863773824,0.11772977842098067,-4.541390215328415,5.588448511405287e-06,0.0002572469862643689,,THEMIS2
ENSG00000145494,61.635545019264015,0.18195899938541588,0.040094806536810204,4.538218664763057,5.673141756942905e-06,0.0002577265954365877,,NDUFS6
ENSG00000114942,260.14148852065273,-0.19390095197834642,0.04274187090535039,-4.536557428843716,5.71799241088801e-06,0.0002577265954365877,,EEF1B2
ENSG00000182511,11.079269460964186,0.4784740955847963,0.10621731881476469,4.504671186619015,6.647579212085035e-06,0.00029653685825455615,,FES
ENSG00000087086,784.7808376164834,-0.149292782519691,0.033196855882000983,-4.497196452891676,6.885536194229847e-06,0.00030363450682468915,,FTL
ENSG00000173821,119.22599806273553,0.27759609834044546,0.06176584323508503,4.494330260883766,6.978924489875989e-06,0.00030363450682468915,,RNF213
ENSG00000166669,17.84370822102375,-0.35687251197752273,0.07942562470115695,-4.4931659438660265,7.0172060740626094e-06,0.00030363450682468915,,ATF7IP2
ENSG00000110200,15.879285436460139,-0.2918616460518342,0.06508049525434632,-4.484625461302748,7.304211925261325e-06,0.0003129240099069877,,ANAPC15
ENSG00000109787,49.80268280114834,-0.3368388444607928,0.07514648044938226,-4.4824300811757025,7.379782547565257e-06,0.0003130619517972046,,KLF3
ENSG00000100387,77.51676817688069,0.21973933455304925,0.04906921549574445,4.478150553927365,7.529249549041822e-06,0.0003163015805699414,,RBX1
ENSG00000149557,10.567025531234945,-0.6312390097877948,0.14171404729476436,-4.454315022665477,8.416145253009885e-06,0.00035016019720936323,,FEZ1
ENSG00000167526,2006.6201436264043,-0.15321371249134805,0.03444416902697641,-4.448175607643553,8.660271571148824e-06,0.00035688566750819963,,RPL13
ENSG00000142089,112.6841283835129,0.40605696425545346,0.09162072610049969,4.43193348860874,9.339182888675314e-06,0.0003796198305953199,,IFITM3
ENSG00000118181,994.4278633893066,-0.1406877171322169,0.03175205045218409,-4.430823053272756,9.387409723526515e-06,0.0003796198305953199,,RPS25
ENSG00000204267,15.23708148439045,0.34428303563489443,0.07845361820656784,4.3883640232933505,1.1420650385491297e-05,0.0004561622999547201,,TAP2
ENSG00000260708,15.797266752075341,-0.43547916704122985,0.09929080283803905,-4.385896322659147,1.1550913329977059e-05,0.0004561622999547201,,TBC1D22A-DT
ENSG00000111229,241.5283276370949,0.10672196972661904,0.024337742114111834,4.385039878647498,1.159645319968089e-05,0.0004561622999547201,,ARPC3
ENSG00000105193,834.3708436210401,-0.15527237832278826,0.035517581245800886,-4.371704741046958,1.2328016875581698e-05,0.00048057053171749554,,RPS16
ENSG00000063177,782.2283915109776,-0.1355810644875785,0.031074226715372303,-4.363135589163577,1.2821142431913892e-05,0.0004953311009186733,,RPL18
ENSG00000150779,32.35442035565666,0.2437451140723847,0.05593281134583686,4.357819823596744,1.3136445576824858e-05,0.0005030212390347005,,TIMM8B
ENSG00000198034,1378.8792971197504,-0.1490114692440635,0.03421849694689462,-4.354705277538104,1.3324606614704184e-05,0.0005057506387879386,,RPS4X
ENSG00000213064,14.59172163008817,0.35281635690898666,0.08120081917573939,4.344985192149376,1.3928505861071403e-05,0.0005217803656082682,,SFT2D2
ENSG00000163682,889.553641745995,-0.1722489622358594,0.039651718519305615,-4.344047841255478,1.398810316860622e-05,0.0005217803656082682,,RPL9
ENSG00000105887,43.807069912891954,0.25436155738356286,0.0585853015342052,4.341729934342885,1.413652313162442e-05,0.0005228097059020415,,MTPN
ENSG00000071082,1273.3852244259792,-0.1294728876726661,0.029841730224024216,-4.338652172669042,1.4335920499773038e-05,0.0005256909152755757,,RPL31
ENSG00000100316,1394.3021071934895,-0.15880070074072875,0.0367249220051978,-4.324058216332036,1.5318484414860568e-05,0.0005537955455358109,,RPL3
ENSG00000010270,33.23604784287229,0.4024162056914255,0.09307680234906986,4.323485503748045,1.535832342599892e-05,0.0005537955455358109,,STARD3NL
ENSG00000152061,24.57911393079017,0.35049042360828647,0.08112997167332252,4.320110267258187,1.5595125463659893e-05,0.0005576868419938541,,RABGAP1L
ENSG00000204397,101.8721908975798,0.22776717421952705,0.052815142356622005,4.3125354596525,1.6139298771537376e-05,0.000572415949052805,,CARD16
ENSG00000140350,50.11252134988937,0.20519876187953368,0.0476883903939548,4.302908112108258,1.6857077442933933e-05,0.0005930127975250011,,ANP32A
ENSG00000145191,10.24976684111543,-0.35534766605092866,0.08265093769385588,-4.299378518452604,1.7127772823718185e-05,0.0005943040201258236,,EIF2B5
ENSG00000170581,7.5198920994295975,0.490431336682989,0.1140842471744563,4.298852372957566,1.7168477586255593e-05,0.0005943040201258236,,STAT2
ENSG00000011600,677.1078969347162,-0.10355255921864433,0.024248151183302834,-4.270534212519681,1.95005302386352e-05,0.0006696729709728136,,TYROBP
ENSG00000127922,55.97584714916573,0.23463239618282924,0.055162764577016014,4.253456076430778,2.1049624259924137e-05,0.0007171789304936357,,SEM1
ENSG00000205413,39.5334183738268,0.3511247814387921,0.0825925779092303,4.251287347207883,2.1254526164384672e-05,0.0007185026149475975,,SAMD9
ENSG00000186468,1170.0147489291483,-0.15353929110435152,0.036168392101574784,-4.24512349548617,2.184730620416726e-05,0.0007328162321351297,,RPS23
ENSG00000107551,10.984151533650104,-0.46374366979328646,0.1094041996712449,-4.238810495271818,2.2470723719815694e-05,0.0007479293964280194,,RASSF4
ENSG00000133321,187.13341008265624,0.18295795316649077,0.04347972478849953,4.207891242561027,2.577648648874994e-05,0.0008514111224184808,,PLAAT4
ENSG00000251562,33368.49719348679,-0.13943817612729192,0.033205797323255314,-4.199211805392727,2.6784569205685847e-05,0.0008780062950985051,,MALAT1
ENSG00000080824,223.13274156440963,0.17193117645542771,0.04099084423931868,4.1943799803593755,2.7361897881293046e-05,0.000890187459641767,,HSP90AA1
ENSG00000051108,40.18420272661552,-0.27636572922372915,0.06605182021060349,-4.184074387996402,2.863303472932492e-05,0.000924590606520813,,HERPUD1
ENSG00000070423,36.95800825436354,-0.22112317070716878,0.05291755002415421,-4.1786358326535735,2.9326282663272776e-05,0.0009399616672887503,,RNF126
ENSG00000110031,18.093492329969713,0.30351503202910235,0.07285502542931509,4.166013672228783,3.0997211997427176e-05,0.0009842379609990893,,LPXN
ENSG00000143013,17.237465803380058,0.3045749844145417,0.07313076464319844,4.164799669476297,3.116260703879714e-05,0.0009842379609990893,,LMO4
ENSG00000272831,9.460097834899239,-0.38208049484742956,0.09185129332368075,-4.1597726174741085,3.1856457978891215e-05,0.0009904409190744218,,ENSG00000272831
ENSG00000198168,27.727091686635504,-0.24776751082884046,0.05957141824562449,-4.159167569374412,3.194095163065145e-05,0.0009904409190744218,,SVIP
ENSG00000171863,821.8703480574826,-0.1301450419413767,0.03129675551407708,-4.158419612628481,3.20456964803372e-05,0.0009904409190744218,,RPS7
ENSG00000099860,70.0052066825251,-0.35028369264919446,0.08431510613078504,-4.154459488028792,3.2605737741834796e-05,0.000998864981300621,,GADD45B
ENSG00000160050,17.46650821305874,0.38304117910253865,0.09222705756445407,4.153240808261127,3.277994623172826e-05,0.000998864981300621,,CCDC28B
ENSG00000143870,54.73352465581116,0.19381157118320722,0.046876852621400816,4.134483446414785,3.557538933245839e-05,0.0010693412993897423,,PDIA6
ENSG00000154814,11.752343125621074,-0.5153710062375418,0.1246541175488694,-4.1344082038485075,3.558704578509889e-05,0.0010693412993897423,,OXNAD1
ENSG00000159111,23.6631138091828,-0.33109276234138146,0.08018424904550882,-4.129149630789318,3.641073963575158e-05,0.0010858110674437078,,MRPL10
ENSG00000108298,1250.018532472305,-0.12671520891073804,0.03070394934718012,-4.127000324222971,3.675258758513913e-05,0.0010858110674437078,,RPL19
ENSG00000179933,11.676267797540929,0.4782448912213348,0.11590571862815655,4.126154402748826,3.688796554523343e-05,0.0010858110674437078,,C14orf119
ENSG00000089220,36.172306321882104,-0.2153535091601376,0.05248821627132766,-4.1028925053751,4.080168476743623e-05,0.0011872406667164923,,PEBP1
ENSG00000162654,17.806490953355137,0.3812107402593071,0.0929437243387373,4.101522108905047,4.1044128133392936e-05,0.0011872406667164923,,GBP4
ENSG00000174748,1233.8072250885198,-0.11460222702709276,0.027952774908690716,-4.099851531786997,4.13415269311636e-05,0.0011872406667164923,,RPL15
ENSG00000157514,269.7691180560596,-0.3702355523853936,0.09034784730109242,-4.0978901373438354,4.16933070611584e-05,0.0011872406667164923,,TSC22D3
ENSG00000182899,1108.2091678483607,-0.12306895986806286,0.030032778581594574,-4.097821303270454,4.17057040307157e-05,0.0011872406667164923,,RPL35A
ENSG00000136147,23.65565419228763,0.2575705249040218,0.0629654187542882,4.090666432461076,4.3013540838206613e-05,0.0012164679163850982,,PHF11
ENSG00000111639,34.75427544425307,0.2604068119838722,0.06373197830722327,4.085967812399732,4.389346354934642e-05,0.0012332923167404023,,MRPL51
ENSG00000179743,7.537822082366585,-0.4177879349185907,0.10234363743912038,-4.082207212608736,4.460999454299096e-05,0.0012453383637904638,,SPEN-AS1
ENSG00000168329,23.59523738990979,0.5789235585292595,0.14216234387034746,4.0722707769734,4.655700998540428e-05,0.0012913601423515662,,CX3CR1
ENSG00000117281,71.49798889576721,-0.36336542387497406,0.08964364134267652,-4.053443372363179,5.04692207899901e-05,0.0013909574417725298,,CD160
ENSG00000116489,50.69089595854379,0.3359751871231384,0.0830340694720233,4.04623294100187,5.204844152408147e-05,0.0014166704375700293,,CAPZA1
ENSG00000089009,849.8570704167539,-0.12567611610695653,0.03106032518513894,-4.046194473427062,5.2056990888290884e-05,0.0014166704375700293,,RPL6
ENSG00000150753,22.279579006990502,0.28056763587375144,0.06953249265385848,4.03505792997315,5.4588827517465637e-05,0.0014762866041754612,,CCT5
ENSG00000110700,898.8891066042801,-0.12875070809292008,0.031921729489927865,-4.0333249529460575,5.4993149512539766e-05,0.0014779835896941587,,RPS13
ENSG00000145220,69.37136060309896,-0.33001620032199336,0.08192445510293499,-4.028298997013047,5.618186470874356e-05,0.0015006106703378604,,LYAR
ENSG00000164758,25.839836683597838,-0.29453827652511927,0.07318377853674558,-4.024638825900901,5.706282420287637e-05,0.0015147904314469082,,MED30
ENSG00000189227,14.843282449769106,-0.30617395196238273,0.07624313595063452,-4.0157575910915115,5.925513805684141e-05,0.0015633962339753219,,C15orf61
ENSG00000136732,76.39473894369826,-0.2052921846268297,0.0512561961598074,-4.00521693000328,6.196059272984509e-05,0.0016248696044972102,,GYPC
ENSG00000131979,10.955585953303215,0.36485168043367544,0.0913344384711963,3.994678092302905,6.4782210946057e-05,0.0016886302817083654,,GCH1
ENSG00000123349,426.5513601743161,-0.10675572316504027,0.026754253917214765,-3.990233609031771,6.60082491218745e-05,0.0017102855925170718,,PFDN5
ENSG00000126067,38.02926159639473,0.216464197662539,0.054580761917819125,3.9659431282484414,7.310629388089373e-05,0.0018829222239442093,,PSMB2
ENSG00000162511,126.0143664411878,-0.1721196615623135,0.04364730806361292,-3.9434198624909707,8.032784151596728e-05,0.002056677930411778,,LAPTM5
ENSG00000165929,15.190452429972396,-0.41540980460834986,0.10573790811967788,-3.9286743231025003,8.541542256694302e-05,0.002174073726159779,,TC2N
ENSG00000129084,64.65701142458653,0.14135158477392468,0.03608865746042833,3.916787010681084,8.973696482723325e-05,0.002270712554429464,,PSMA1
ENSG00000117614,95.81669819484264,-0.14456688364791279,0.036981540523799275,-3.909163371787541,9.261631593938584e-05,0.0023060690869917606,,SYF2
ENSG00000223865,84.66364810038215,0.33307715603225746,0.08520856610005537,3.9089632800667564,9.269305046706975e-05,0.0023060690869917606,,HLA-DPB1
ENSG00000110172,10.7523137346347,0.3918235759494845,0.10027398365566098,3.9075297665942896,9.324455683686773e-05,0.0023060690869917606,,CHORDC1
ENSG00000064012,34.18730800804909,-0.29548601805517155,0.07562072286193244,-3.9074741270943276,9.326602501122211e-05,0.0023060690869917606,,CASP8
ENSG00000139168,24.66120462325226,0.23356654688249567,0.059815797268810124,3.9047635833199,9.431754350610149e-05,0.0023188182429028474,,ZCRB1
ENSG00000026025,91.26618622079981,0.23606903228805032,0.06058851905686632,3.896266750908435,9.768679575844842e-05,0.002388083419473482,,VIM
ENSG00000102265,43.923199319516904,-0.3468063522473946,0.08913128399484148,-3.8909610262931498,9.984797135745281e-05,0.0024141961205942377,,TIMP1
ENSG00000173193,20.821024378245728,0.3706902177093685,0.09527093886116185,3.8909054759035664,9.987083558732807e-05,0.0024141961205942377,,PARP14
ENSG00000101577,12.40926675018016,0.39131479474295505,0.1006497532780146,3.887886278887002,0.00010112098122423089,0.0024308360319847057,,LPIN2
ENSG00000137752,27.528911471343406,0.29009963022903784,0.07486096338707122,3.8751789598147113,0.00010654636673577599,0.0025410308132426257,,CASP1
ENSG00000121858,14.730424929591209,0.4283688326050054,0.11056338055822512,3.8744187310681673,0.00010687950266007809,0.0025410308132426257,,TNFSF10
ENSG00000257949,13.899924824410542,-0.30983377492289055,0.08018548906181114,-3.863963150290878,0.00011156205894135367,0.002637863546662499,,TEN1
ENSG00000186395,77.39718581815681,-0.18380051886892051,0.04766418265994961,-3.8561558934138835,0.00011518404728815808,0.0027087031120427174,,KRT10
ENSG00000136104,14.486503640207617,0.3252379915022127,0.08449370605950404,3.849257023631634,0.0001184766404506608,0.00277107255800005,,RNASEH2B
ENSG00000145287,331.3849743100977,0.17284952527865052,0.044947540345134776,3.8455836281897935,0.00012026583675583143,0.002796734058663753,,PLAC8
ENSG00000078304,125.15358721786397,-0.2296892101570504,0.05974702974539341,-3.844361989806863,0.00012086648231340924,0.002796734058663753,,PPP2R5C
ENSG00000014641,31.1845445989861,0.19715525076518844,0.05160490950107057,3.820474692647186,0.00013319507240513724,0.003065612118601217,,MDH1
ENSG00000232112,406.6972257829137,-0.13850891367332102,0.03633911324978647,-3.811565591082081,0.00013808940204184056,0.0031614436118256304,,TMA7
ENSG00000184752,82.18899933614051,0.19058230359762596,0.050055189254126255,3.8074434726448563,0.00014041082030406005,0.00319767168134562,,NDUFA12
ENSG00000125304,14.887068989788009,0.3244136681089948,0.08542758392555015,3.797528306450996,0.00014614609191872428,0.003310859370326283,,TM9SF2
ENSG00000104131,35.64177452456497,0.22766235615956934,0.05999997088838685,3.7943744436655047,0.00014801615851944852,0.003335759989133613,,EIF3J
ENSG00000143222,78.12101196733342,-0.13018882280240893,0.03436533413404808,-3.788376457932413,0.0001516349631972095,0.0033869456137984727,,UFC1
ENSG00000005302,14.152917927041678,0.34198529739431827,0.09028076300219094,3.7880195738489597,0.00015185288862419775,0.0033869456137984727,,MSL3
ENSG00000105856,14.318063759477022,-0.34232527108197963,0.09040676954788358,-3.786500422412156,0.0001527838364692851,0.0033902341559107515,,HBP1
ENSG00000083845,573.5561782929748,-0.13913833250805258,0.036794538556090516,-3.7814941556053654,0.0001558898826164313,0.003427673154618728,,RPS5
ENSG00000178381,17.92949680897118,-0.29322094799398796,0.07754644479314256,-3.7812300586592147,0.0001560553758862698,0.003427673154618728,,ZFAND2A
ENSG00000103266,43.92230761548886,-0.16785065722033465,0.044487925462318736,-3.772948625408576,0.000161329517497085,0.003525620314191347,,STUB1
ENSG00000131174,118.38058752866414,0.13036597747950626,0.034699784780558206,3.756967897753315,0.0001719845491210189,0.0037395836384253706,,COX7B
ENSG00000153250,28.031493654685743,0.26336901689244924,0.07012994540969437,3.7554430615034042,0.00017303509763384647,0.0037436143373082687,,RBMS1
ENSG00000165609,15.861915088416243,0.28013904840859294,0.07465365894558838,3.752515983346153,0.00017506866623706523,0.0037687667602377176,,NUDT5
ENSG00000112308,27.98295290313835,0.30490397071536135,0.08128045425730791,3.751258202250358,0.00017594938717716027,0.003768975239186002,,C6orf62
ENSG00000134419,1772.8722091568795,-0.11571613550548816,0.03087188338962222,-3.7482693894985,0.000178058950058552,0.0037953747630707114,,RPS15A
ENSG00000145425,1216.8584556945439,-0.18022025315188886,0.048119655151122584,-3.7452523835820646,0.0001802125163798185,0.003822448815566052,,RPS3A
ENSG00000150316,45.42753756616573,-0.19251672014290686,0.051423957006980846,-3.7437165739068377,0.00018131817469504852,0.0038271402044169505,,CWC15
ENSG00000126005,25.480414807365673,-0.22155432221301521,0.05933449726955197,-3.7339883610458733,0.00018847120742360198,0.0039541273737282645,,MMP24OS
ENSG00000177954,3988.4273442009608,-0.15668054309817864,0.041970994407679714,-3.7330672124725677,0.00018916209067754814,0.0039541273737282645,,RPS27
ENSG00000114779,16.18146336032564,-0.2838518100691665,0.07609091519047537,-3.730429701871919,0.00019115347476269018,0.003976543679318079,,ABHD14B
ENSG00000178982,155.36397535498736,-0.11187482834637776,0.030090614303855706,-3.717931020505703,0.0002008610949092437,0.004156581176409387,,EIF3K
ENSG00000146278,164.23308237913233,-0.1961026213914272,0.05276055962246157,-3.7168411933966885,0.00020172915346567394,0.004156581176409387,,PNRC1
ENSG00000109103,12.901840766838948,-0.32711783688427876,0.08806628479381799,-3.714450287645625,0.00020364589688747528,0.004170015779435267,,UNC119
ENSG00000165280,21.555211737798455,0.2462930427853496,0.06632139949816632,3.7136285520054386,0.0002043086076358393,0.004170015779435267,,VCP
ENSG00000125977,47.73075923853039,0.20701790808098877,0.05598595759421302,3.697675577534234,0.00021758271889947138,0.004420095890507102,,EIF2S2
ENSG00000100554,14.374048308909328,0.28770761750795193,0.07797985187695854,3.689512234030848,0.00022468442384325832,0.004543035055933545,,ATP6V1D
ENSG00000273338,32.692395549377494,0.4897830477456831,0.13279591001523852,3.688238950201703,0.00022581154019112872,0.004544588532125647,,ENSG00000273338
ENSG00000156482,1096.9020088704858,-0.13177268736547848,0.035811496597854896,-3.679619672006996,0.00023358205641987935,0.004679210917263046,,RPL30
ENSG00000152219,15.219992133626624,-0.2978260591981747,0.08098464813651486,-3.6775619336659067,0.00023547391264537457,0.004691146200048473,,ARL14EP
ENSG00000272047,25.068025819417013,0.29689325784123605,0.08075171916484476,3.6766184164471443,0.00023634616861811116,0.004691146200048473,,GTF2H5
ENSG00000161970,1318.1305109325813,-0.1180683937344723,0.03216382657391722,-3.6708441224533317,0.0002417507476531111,0.004767567762254075,,RPL26
ENSG00000180644,423.22798852545515,0.24489270153768944,0.06672537305149605,3.6701585969207065,0.00024240002488927584,0.004767567762254075,,PRF1
ENSG00000113441,31.9094539898925,0.28461836889325987,0.07770095526767981,3.6629970366869946,0.0002492814236678028,0.00484995520760885,,LNPEP
ENSG00000006530,10.533722348808444,0.3608031940237752,0.09851212137045424,3.6625258801094835,0.0002497405125184462,0.00484995520760885,,AGK
ENSG00000198755,750.8509509706865,-0.12260618930644192,0.033477832580767294,-3.66230964954637,0.0002499514701402296,0.00484995520760885,,RPL10A
ENSG00000196975,17.884474784262895,0.2776416344149477,0.07605428523522982,3.6505718718705245,0.00026165707666479224,0.005054420405038196,,ANXA4
ENSG00000247596,26.474529791400016,0.2228348816970342,0.061127899538861316,3.6453875133623663,0.0002669891806497221,0.005134498598539323,,TWF2
ENSG00000105472,8.936288084737058,-0.37598777422112367,0.10379071906642788,-3.62255679123376,0.000291705390152408,0.005567849012963018,,CLEC11A
ENSG00000168995,15.099290999928247,-0.41212223354205707,0.11377645230600587,-3.622210265737935,0.0002920965393904796,0.005567849012963018,,SIGLEC7
ENSG00000198286,8.394843492730834,0.3685712886991443,0.10181518300239048,3.620003204143833,0.000294599367727485,0.005580199706538668,,CARD11
ENSG00000197903,19.715705038881538,0.3400503016589799,0.09395295730644536,3.6193677283604977,0.00029532371915815924,0.005580199706538668,,H2BC12
ENSG00000054148,54.18815645334535,0.1885037197467668,0.05210359971922034,3.617863655536073,0.00029704479906770474,0.005588316719851993,,PHPT1
ENSG00000112306,1532.21660561949,-0.13614508937847716,0.03766592124972565,-3.614542930619779,0.0003008779587837982,0.005635926093755388,,RPS12
ENSG00000093000,8.043487448686863,0.3656829884941478,0.10123039011887212,3.6123834756019026,0.0003033954528592478,0.00565858674362916,,NUP50
ENSG00000198938,2073.054257897676,-0.16309939378489918,0.04520460050703787,-3.6080264388025363,0.00030853505525408546,0.0057297475711778015,,MT-CO3
ENSG00000148700,54.05641334115699,0.20320369255245105,0.056397715952297096,3.6030482639461305,0.000314507102855345,0.00579131852407423,,ADD3
ENSG00000161016,692.6303559967621,-0.12594886723049625,0.03495635993982805,-3.6030315355288045,0.0003145273522434583,0.00579131852407423,,RPL8
ENSG00000197536,69.93425481844594,0.19404006491834788,0.05395061501249663,3.59662378034805,0.00032237421502047506,0.005910649272854219,,CARINH
ENSG00000204568,14.899360158112666,0.2685718587111167,0.07489676205324101,3.585894120765863,0.00033592524286454374,0.006116967038833931,,MRPS18B
ENSG00000096092,7.89940355543172,0.41403473326971924,0.11547528907562656,3.5854834102087545,0.0003364543922446211,0.006116967038833931,,TMEM14A
ENSG00000180964,32.55520330785905,0.228037517295515,0.06367091195342081,3.5815022951507034,0.0003416241362868781,0.006184969195453228,,TCEAL8
ENSG00000136888,131.78237222127473,-0.12611978071057336,0.03527873957077603,-3.5749514366167334,0.00035029291047349525,0.006315489265078391,,ATP6V1G1
ENSG00000196531,424.92636973073405,-0.110721682521591,0.03101059484469803,-3.570446909389789,0.00035637268203654463,0.006394023075774748,,NACA
ENSG00000129518,47.44883963788004,-0.18352335407415063,0.05141368066181845,-3.56954319768126,0.0003576042487491308,0.006394023075774748,,EAPP
ENSG00000158717,38.22423822093836,-0.2419627955701512,0.06789346288174457,-3.5638599844523617,0.00036544093727289604,0.006507254878929306,,RNF166
ENSG00000149806,889.6923245262973,-0.09055262628013667,0.025440892971589114,-3.559333643723139,0.00037179695345874444,0.006593300891868799,,FAU
ENSG00000172172,14.05038972244385,0.2804383013788822,0.07913105403799399,3.543972777668708,0.0003941459395098363,0.006961099919424742,,MRPL13
ENSG00000119878,11.86870353737686,0.3063377927325171,0.08662669324913991,3.536297892053713,0.00040577685319213847,0.007137383917733265,,CRIPT
ENSG00000073614,24.521950488652354,0.2446740323955062,0.06933164988443294,3.529038077174663,0.00041707311571808465,0.007306378023126123,,KDM5A
ENSG00000162032,33.688878574549435,-0.17581464386761347,0.04984982411179826,-3.5268859419305825,0.0004204778559653988,0.00733632130146081,,SPSB3
ENSG00000096060,13.018940000341136,0.7026471310495723,0.20011092578801898,3.5112881931989,0.000445940667578774,0.007749338428166085,,FKBP5
ENSG00000079263,12.22079298913543,0.3073168749555209,0.08757416671901083,3.5092183741990173,0.0004494257373110954,0.0077561020986560035,,SP140
ENSG00000255198,53.735829382131556,-0.26437179356422613,0.07534258684546513,-3.508929074953028,0.0004499148663653009,0.0077561020986560035,,SNHG9
ENSG00000197858,20.873846929634986,-0.23136670007706805,0.06603490508045505,-3.5037030763529904,0.00045883665518424297,0.007878516694373887,,GPAA1
ENSG00000124831,76.04325889619737,0.2078960347518944,0.05957844924994302,3.4894502520488686,0.0004840151397714165,0.0082779980624147,,LRRFIP1
ENSG00000162086,8.388793815127775,-0.3966484079508453,0.11388278865010888,-3.482953066503312,0.0004959152972053972,0.008448131854361234,,ZNF75A
ENSG00000213145,109.05204731755514,0.36533427299456683,0.10495068838440642,3.481008830132154,0.0004995290229593782,0.00847632189154992,,CRIP1
ENSG00000119013,36.89954965771258,0.22257553391654658,0.06395993945990189,3.4799209598390073,0.000501561730071063,0.008476620263242217,,NDUFB3
ENSG00000229117,3553.832507417597,-0.09896570866100826,0.02844736263737037,-3.478906284655023,0.0005034646192866303,0.008476620263242217,,RPL41
ENSG00000107099,23.80760218618113,0.26303860234737775,0.07567555033988378,3.4758730021253212,0.0005091933511389662,0.008539843528598087,,DOCK8
ENSG00000075945,10.2912967997674,0.37815482448517596,0.10912601503837766,3.4653040739386087,0.0005296322792840795,0.008837007867304134,,KIFAP3
ENSG00000177370,8.864638674260975,-0.3072229065292658,0.08867454334797882,-3.4646122204842276,0.0005309965439101166,0.008837007867304134,,TIMM22
ENSG00000185885,239.51295792499496,0.41577566031578145,0.12027344345626943,3.4569199015820518,0.0005463872282095358,0.009058304737404833,,IFITM1
ENSG00000171858,616.7278675962444,-0.15388738789877723,0.04455481428558278,-3.4538891108917205,0.0005525645295631677,0.009125750837480254,,RPS21
ENSG00000205581,122.27085846335758,0.11666785405743361,0.03382023020062862,3.4496469528839904,0.0005613201247098983,0.00923510334456171,,HMGN1
ENSG00000198015,15.087901048929114,0.29003765005001864,0.08416620763044538,3.4460106759652023,0.0005689278825232844,0.009324814195750953,,MRPL42
ENSG00000090263,16.375204896608572,0.2616547017736512,0.07595376275735628,3.444920860728646,0.0005712266094464582,0.00932716052481066,,MRPS33
ENSG00000187837,32.40993436435256,0.42652933775536434,0.1238695907481384,3.443374077360262,0.0005745040626004271,0.009345410070947548,,H1-2
ENSG00000123240,36.37635308039947,0.20731242151895565,0.06027612201173836,3.4393788883528864,0.0005830505979483625,0.009426499633914698,,OPTN
ENSG00000034053,13.360277045731602,-0.350426656611254,0.1018975446970207,-3.4390098176869985,0.0005838460600621998,0.009426499633914698,,APBA2
ENSG00000229474,14.03900850310308,0.38948857025918987,0.11351928841905616,3.4310342822216593,0.0006012846069807716,0.009671964663218582,,PATL2
ENSG00000248275,12.502262625129239,-0.30253700194768474,0.08822808689486737,-3.429032778509501,0.0006057363667316515,0.009707486143880948,,TRIM52-AS1
ENSG00000254682,13.123407063799398,-0.31830878665664775,0.09319577003666552,-3.415485343716965,0.0006366845566858967,0.010165808401401752,,DHCR7-DT
ENSG00000162231,9.980683934842054,-0.30433952677989534,0.08915799624934653,-3.4134854929753526,0.0006413757308927407,0.010203061719017973,,NXF1
ENSG00000166333,17.929701789693603,0.24490669844956472,0.07185457998500581,3.408365875921485,0.0006535320383801113,0.010358363113812242,,ILK
ENSG00000136448,24.9880746697562,0.2314344439444423,0.06800351483192292,3.403271794354369,0.0006658400919131035,0.010507082091131303,,NMT1
ENSG00000109321,15.584261949552003,0.8402828216984722,0.24696184401866947,3.4024803509118184,0.0006677715680751348,0.010507082091131303,,AREG
ENSG00000108953,24.588710567667377,0.2502161368172722,0.0736194872283436,3.398775870866683,0.0006768816080828073,0.010611835935414156,,YWHAE
ENSG00000255302,80.36156409789656,-0.1236150225588744,0.036400893303740536,-3.395933762597298,0.0006839490862696305,0.010683926701403218,,EID1
ENSG00000182208,17.95728671484543,-0.22813871112105935,0.06728514262994088,-3.3906253625082012,0.0006973335373361769,0.010791417101639679,,MOB2
ENSG00000148300,11.88510189994972,0.2747681159887893,0.0810410597462718,3.3904802929410076,0.0006977027058060833,0.010791417101639679,,REXO4
ENSG00000175792,8.850897316747048,0.3250192769239477,0.09589639515648495,3.3892752318121775,0.0007007763356851549,0.010791417101639679,,RUVBL1
ENSG00000181104,15.586870023570892,-0.36309309000571804,0.107130378857119,-3.389263567246219,0.0007008061487313958,0.010791417101639679,,F2R
ENSG00000127445,49.436720751160514,-0.1382491050227839,0.04082992999999441,-3.385974578521267,0.0007092595366298042,0.010882858209209798,,PIN1
ENSG00000126267,189.50528896601952,0.09671639260319502,0.02857261819746261,3.38493280296532,0.0007119568131725937,0.010885643571017008,,COX6B1
ENSG00000124380,28.489862291871972,0.19639445537541653,0.05809051342517491,3.3808352482266804,0.0007226585864858382,0.01093656349232913,,SNRNP27
ENSG00000170515,64.25924081394794,0.15445677429277305,0.04569531321790167,3.3801447766915143,0.0007244765687514509,0.01093656349232913,,PA2G4
ENSG00000111348,374.3015123370774,-0.12485934883709332,0.036939603163177466,-3.3800944824864,0.0007246091571306976,0.01093656349232913,,ARHGDIB
ENSG00000069849,34.01849875220674,0.21590562194322516,0.06388126359280008,3.379795730395656,0.0007253972087585996,0.01093656349232913,,ATP1B3
ENSG00000136942,968.6157988727219,-0.09966396903351694,0.029523618946810756,-3.3757368706414295,0.0007361829021134334,0.011046941437420806,,RPL35
ENSG00000164054,31.635714098661172,0.21441033424078818,0.06352665387493484,3.375124001696966,0.0007378243761069131,0.011046941437420806,,SHISA5
ENSG00000198727,944.1521232070723,-0.21179165315960602,0.06281766659251588,-3.3715300909448134,0.0007475187217010477,0.011153494857932529,,MT-CYB
ENSG00000116679,20.219655738668184,0.3298244873500941,0.09806757693542165,3.3632368378723827,0.0007703424374330724,0.011454542016401734,,IVNS1ABP
ENSG00000172775,20.551631312835354,0.23915273069156637,0.07119244022655773,3.3592433400302593,0.0007815621333803256,0.011581573120331059,,PSME3IP1
ENSG00000131469,789.2182528041665,-0.09856148487421003,0.029427194538602656,-3.349333377496005,0.0008100626223648601,0.011930399153206216,,RPL27
ENSG00000182117,73.06258573894421,0.1689923974325328,0.05045838454844266,3.3491440311627767,0.0008106164435041894,0.011930399153206216,,NOP10
ENSG00000089157,315.690507323387,-0.1421659576712736,0.04246246717978804,-3.348038093720188,0.0008138582370323885,0.011937507090302186,,RPLP0
ENSG00000103479,26.487522419529466,-0.2283150326957163,0.0682516671036222,-3.345193493209184,0.0008222518526431853,0.012019877589145482,,RBL2
ENSG00000102921,7.904830980440384,0.41384998649909005,0.12374959994976777,3.3442531262087263,0.0008250442269460265,0.01202008878786349,,N4BP1
ENSG00000169499,15.798961861008683,0.3607727359494856,0.1080030661611445,3.3403934607856374,0.000836597724876843,0.012147511260208388,,PLEKHA2
ENSG00000135486,349.8529640620486,-0.1232292951438404,0.03698454976764879,-3.331912810025115,0.0008625127416448861,0.012460630683616483,,HNRNPA1
ENSG00000196683,263.94907013623214,-0.14784118631345536,0.04437731548157096,-3.3314585325660575,0.000863921702122705,0.012460630683616483,,TOMM7
ENSG00000077380,27.179144267606397,0.24874349078375968,0.07472316718359098,3.328867072411555,0.0008720001203323899,0.012535363856073924,,DYNC1I2
ENSG00000178913,51.66693268748672,-0.17115485095091568,0.05147551095472629,-3.3249762416433257,0.0008842606989031399,0.012669523325012868,,TAF7
ENSG00000165672,8.410565324228827,0.35583984267054536,0.10736407056283012,3.314328907288455,0.0009186337965808247,0.013118575702327486,,PRDX3
ENSG00000100596,9.313471665324451,0.3222424097041221,0.09731231521558625,3.311424756365363,0.0009282219857556652,0.013173201490512895,,SPTLC2
ENSG00000101474,101.38750294793167,-0.1544422536717924,0.04666239018171953,-3.3097801692185227,0.0009336927049831223,0.013173201490512895,,APMAP
ENSG00000168286,9.174973907915001,-0.3025620621265223,0.0914166646902384,-3.309703577041904,0.0009339482154139604,0.013173201490512895,,THAP11
ENSG00000132294,8.250516013261084,0.3479018109066691,0.10512225244983282,3.3094973024165104,0.0009346366668794681,0.013173201490512895,,EFR3A
ENSG00000220205,139.54126066318048,-0.11851956214040325,0.03584325915563245,-3.306606735335868,0.0009443336615791133,0.013244577437456852,,VAMP2
ENSG00000197302,8.625792140172166,0.3271210142456433,0.09894272706109798,3.306165333846552,0.000945822608776096,0.013244577437456852,,KRBOX5
ENSG00000142937,993.2805368991633,-0.11612747286499894,0.03518099304728362,-3.300858298937793,0.0009638955106218573,0.013452102770666014,,RPS8
ENSG00000149923,45.12444331808992,0.1538832216162703,0.046631328032061006,3.2999965497544723,0.0009668601714067784,0.013452102770666014,,PPP4C
ENSG00000149357,62.92514078132355,-0.1249400185827708,0.037892950337798506,-3.2971837101357133,0.0009765960051066477,0.01354400934005277,,LAMTOR1
ENSG00000134248,60.14580512787963,0.13374471002690366,0.040593458973247426,3.2947354921157697,0.0009851436172683143,0.013618902338402544,,LAMTOR5
ENSG00000126214,8.410350435750308,-0.3173846843130787,0.09645947572215038,-3.290342207823097,0.0010006560665173103,0.013789295540829305,,KLC1
ENSG00000196839,21.197748881495627,0.2582216967254798,0.07865870477052163,3.2828114507963746,0.0010277738310644742,0.014113181650955417,,ADA
ENSG00000171476,279.4020274087458,-0.18445812155810706,0.05620271361284975,-3.2820145096327518,0.0010306830140286369,0.014113181650955417,,HOPX
ENSG00000132182,11.763048479720213,0.2902862927986212,0.0888531322578807,3.267034998339912,0.0010868024382093043,0.014834681861614069,,NUP210
ENSG00000182957,15.119075473015942,0.28164543790364716,0.08634831208951298,3.261736461179223,0.0011073203633372233,0.015067217648302407,,SPATA13
ENSG00000156508,1737.6040027259694,-0.15114191391446666,0.046453611053905094,-3.253609579222604,0.0011394876808283859,0.0154354108994468,,EEF1A1
ENSG00000133703,18.70011325948468,0.2416394296070728,0.07427963387892561,3.253104747405466,0.0011415140947129596,0.0154354108994468,,KRAS
ENSG00000164896,13.097921373756039,-0.24038881724320096,0.07393502554957262,-3.2513523253200596,0.0011485742624163632,0.015482494808335214,,FASTK
ENSG00000166295,97.4690665323476,-0.12978431286793612,0.040024031369307204,-3.2426596828889753,0.0011841956754404495,0.015913089092021195,,ANAPC16
ENSG00000113460,16.187346577225185,-0.2427913235207084,0.07497658866534918,-3.2382284636126113,0.001202744521519064,0.016068536868616565,,BRIX1
ENSG00000091164,19.160344025896848,0.21341943143617192,0.06590838380721754,3.238122665250375,0.0012031906506659966,0.016068536868616565,,TXNL1
ENSG00000109475,2282.9347009040275,-0.11949014933120707,0.036921667910080905,-3.2363150446565303,0.001210836658431616,0.016120892987795697,,RPL34
ENSG00000197747,153.74256717474876,0.1330612894177201,0.04116379807311709,3.2324832898405136,0.0012271931294936822,0.016276349145181133,,S100A10
ENSG00000034510,2457.0859310903397,0.0835761803604948,0.02586736299870766,3.230950923164077,0.0012337912214500475,0.016276349145181133,,TMSB10
ENSG00000137288,14.964482737148705,0.23993368298631032,0.07426104562996581,3.230949429151214,0.0012337976703534579,0.016276349145181133,,UQCC2
ENSG00000189159,32.88876087870148,0.1901290839805159,0.05895863625197075,3.2247876828080577,0.0012606612473548043,0.01658018607083355,,JPT1
ENSG00000165629,56.36503583263284,0.12630945700968133,0.03930835523249279,3.213297942959269,0.0013122009047446999,0.017205737317667624,,ATP5F1C
ENSG00000164463,28.80242805842584,-0.23361005576568677,0.07279179600886813,-3.2092909994585974,0.001330627459126411,0.017383524507415232,,CREBRF
ENSG00000173762,405.305516405956,-0.13169982440377145,0.04104578957455945,-3.208607405749607,0.0013337948085190333,0.017383524507415232,,CD7
ENSG00000008988,837.7070194074846,-0.1180528533792553,0.036806717737163264,-3.207372475379919,0.0013395343502826665,0.017405901302321614,,RPS20
ENSG00000233927,1482.3927273083775,-0.11916775410752418,0.037172084481997346,-3.20583996749598,0.0013466886149674864,0.017446471966959025,,RPS28
ENSG00000105202,45.94483825552235,-0.16763858343097918,0.05234839519579395,-3.2023633733942716,0.0013630494102893865,0.01760571581588709,,FBL
ENSG00000185624,61.67782967033457,-0.13294243835443012,0.04153592067159774,-3.200661889874423,0.0013711232083099953,0.017657292030825444,,P4HB
ENSG00000027697,23.09618334251972,-0.4528417930003037,0.1416154467271153,-3.197686435102686,0.0013853482877383663,0.01778754314849825,,IFNGR1
ENSG00000170571,43.355119424594584,0.21431898482837775,0.0671372976147945,3.192249203386911,0.001411694793068822,0.01807219931836921,,EMB
ENSG00000224032,30.766613070592413,-0.21327117893650677,0.06682881238925434,-3.1913058351879298,0.0014163127102786374,0.018077832145650927,,EPB41L4A-AS1
ENSG00000115268,1436.4703279327637,-0.0738040502992828,0.02313975522027448,-3.189491401128458,0.0014252337912123816,0.018138195925223456,,RPS15
ENSG00000258289,46.32147473882512,0.16681704861664112,0.052338469251133196,3.18727412175948,0.0014362058773316358,0.01822423117658061,,CHURC1
ENSG00000182718,60.866720701175296,0.20319623065519077,0.06377934941147051,3.1859251078946658,0.001442919441099218,0.0182558842737904,,ANXA2
ENSG00000075142,50.82194741827542,0.14691152048838432,0.04615381405400171,3.183085157739993,0.0014571475147225905,0.01838214955161705,,SRI
ENSG00000105617,19.287902347090423,-0.23377520941591767,0.0734655831179171,-3.182105136778035,0.0014620873255587444,0.018390848423525254,,LENG1
ENSG00000132341,72.10285270502754,0.1199177974313702,0.03770889211649117,3.1800933599671235,0.0014722761101687296,0.018465329648406067,,RAN
ENSG00000099385,18.60079142099458,-0.21630069342107328,0.06806865085497514,-3.1776844509804745,0.0014845622616661525,0.018544831922304526,,BCL7C
ENSG00000143742,62.3515084513445,0.1472381286141699,0.04634250706970543,3.1771722749635396,0.0014871866598196604,0.018544831922304526,,SRP9
ENSG00000183734,22.894046659202775,0.34288817498068697,0.10798594349405372,3.17530378386302,0.001496797123251316,0.018611037793989784,,ASCL2
ENSG00000109381,27.29125461831751,-0.23816379889178343,0.07542173870869355,-3.1577606532204126,0.0015898603378380737,0.019711534904943682,,ELF2
ENSG00000174021,68.6913757305234,0.13235969957720017,0.04196794439849472,3.1538285106465103,0.0016114374782050269,0.01992197133769472,,GNG5
ENSG00000102119,13.3888289374024,-0.2511974039902647,0.0797557720809312,-3.149582750391598,0.0016350379651086369,0.02015615178069821,,EMD
ENSG00000188846,805.098817455859,-0.10300040844461489,0.03271501255145885,-3.148414150310996,0.0016415893426135674,0.020179423538320758,,RPL14
ENSG00000213689,9.619020051040241,0.28844132134601347,0.09173094526150817,3.1444276576865082,0.001664120505539967,0.02033597826136408,,TREX1
ENSG00000268027,17.662680509823133,-0.23826229777312302,0.07577615670810178,-3.144291134887402,0.0016648971304975993,0.02033597826136408,,ENSG00000268027
ENSG00000241468,121.47674216965996,0.11985814352425447,0.03813544707715998,3.1429589190797693,0.0016724931093187415,0.02033597826136408,,ATP5MF
ENSG00000115875,128.70105235851992,-0.18758009141507706,0.05968473881835387,-3.1428484924088105,0.0016731241647898343,0.02033597826136408,,SRSF7
ENSG00000177733,93.12533509072458,-0.13753011236869073,0.04383131475170985,-3.1377135992327427,0.001702711611636532,0.0206376278530848,,HNRNPA0
ENSG00000179029,20.896298824086493,0.33696915601303745,0.10756956957919037,3.132569529944694,0.0017328337923891506,0.02094405536220071,,TMEM107
ENSG00000109861,82.0606552662298,0.17777944762412168,0.056848449482672155,3.127252356782575,0.001764484003965573,0.021258881738355054,,CTSC
ENSG00000115539,16.880635999751938,-0.2051974657273406,0.0656306476167623,-3.126549457892786,0.0017687075169419504,0.021258881738355054,,PDCL3
ENSG00000172590,33.35479621616732,0.17078927750193262,0.05468779018955271,3.122987359883475,0.0017902543630813656,0.021434809650520106,,MRPL52
ENSG00000187193,23.99677488435923,0.2518977625179024,0.08067195239464567,3.1224949321372977,0.0017932519282385668,0.021434809650520106,,MT1X
ENSG00000169714,85.10123840379612,-0.1301670045531712,0.041728444334075555,-3.1193831121779083,0.0018123015074707836,0.021602833671697193,,CNBP
ENSG00000142864,93.02264139458008,0.1393433544327452,0.04468942817441884,3.1180384293327847,0.0018205906317713097,0.021642021054050706,,SERBP1
ENSG00000148634,9.629265471910891,0.3194117342971514,0.10271460936372363,3.1097011055757378,0.0018727674823434445,0.022201273687945434,,HERC4
ENSG00000142676,1387.031033009794,-0.08792382388358486,0.02828772922690113,-3.1081966027860184,0.0018823280368293436,0.022253643211367677,,RPL11
ENSG00000213930,8.841957010690072,-0.2801770215133584,0.09053642752943741,-3.09463305719966,0.001970565245373845,0.023233340100088904,,GALT
ENSG00000204628,483.784063338959,-0.09645090415304766,0.031216447544866646,-3.089746327298169,0.0020032751277880186,0.023487412608166718,,RACK1
ENSG00000170776,66.05052952372498,0.18359706486479077,0.059434259552859275,3.089078020758454,0.0020077870441440743,0.023487412608166718,,AKAP13
ENSG00000115091,75.25110001707465,0.21291171294080974,0.06894114048434512,3.0883114413977077,0.002012973909385865,0.023487412608166718,,ACTR3
ENSG00000250479,11.480944185940421,0.3001125757026426,0.09718087675784218,3.0881855125723026,0.002013827149902901,0.023487412608166718,,CHCHD10
ENSG00000184076,119.9128584551505,0.11001988028876644,0.03566960768393004,3.08441520477762,0.002039527398506393,0.02365981118089092,,UQCR10
ENSG00000198900,17.38391252612867,0.2543354749526909,0.08246946668777283,3.0839956309599788,0.0020424059483942635,0.02365981118089092,,TOP1
ENSG00000122417,27.417006397826675,0.20910903878157786,0.06783003087951303,3.082838619858802,0.002050363121976501,0.02365981118089092,,ODF2L
ENSG00000112651,13.13889500064157,-0.22511587287852877,0.07302267321000033,-3.082821581060655,0.002050480516023595,0.02365981118089092,,MRPL2
ENSG00000198818,34.090560787316264,0.20036460047042753,0.0650180662364565,3.0816757874918217,0.0020583889784993752,0.02368789656906063,,SFT2D1
ENSG00000105639,7.79557492960059,0.3257196531393044,0.10591705877390524,3.075233176882286,0.00210338038115567,0.02414145068769386,,JAK3
ENSG00000119541,27.74681796488168,0.18632658760055304,0.0606597353409623,3.071668324189513,0.002128661084049307,0.024366974895982413,,VPS4B
ENSG00000159593,18.81182665307951,-0.20505120655606338,0.06682429399886258,-3.068512875864481,0.0021512705770272275,0.024546408576248856,,NAE1
ENSG00000185201,570.556060445977,0.1233988496893354,0.04023130064808219,3.0672349066899423,0.0021604899924091807,0.024546408576248856,,IFITM2
ENSG00000065518,67.70132920143331,0.11248679552522876,0.036675111426833946,3.0671153037840795,0.0021613546724175673,0.024546408576248856,,NDUFB4
ENSG00000148303,509.88306441025856,-0.12927588237234297,0.042259627270535755,-3.0590871411323755,0.002220125616185183,0.02514786267338557,,RPL7A
ENSG00000114391,551.9521547068523,-0.0923948850148791,0.030295465818092924,-3.0497925191069166,0.0022899950680365082,0.02582685397919057,,RPL24
ENSG00000162777,29.303780981508606,0.2664179319893492,0.0873942283897348,3.048461401836031,0.0023001645937308474,0.02582685397919057,,DENND2D
ENSG00000118363,95.49902535568673,0.11371165889677402,0.03730328809554697,3.048301227642938,0.0023013910835280394,0.02582685397919057,,SPCS2
ENSG00000245532,233.42674322906075,0.20784461647788935,0.06819120509652563,3.0479680801018594,0.0023039439879749385,0.02582685397919057,,NEAT1
ENSG00000112118,8.311583494749492,0.3238833821290157,0.10691850992092575,3.0292545450600814,0.0024515802798843332,0.027410821372246794,,MCM3
ENSG00000234769,22.41065976670519,-0.2148576419051944,0.07097916614852433,-3.027052212132269,0.0024695129887358446,0.027444022698156174,,WASH4P
ENSG00000240137,8.83032625243447,-0.3220014929488697,0.10637918966464308,-3.026921844055862,0.0024705782767790565,0.027444022698156174,,ERICH6-AS1
ENSG00000111640,356.05197411325463,0.1007533464579411,0.03328977760141427,3.0265551084264595,0.0024735772711534337,0.027444022698156174,,GAPDH
ENSG00000102738,15.45255070936849,0.27583704344705484,0.09126877354847074,3.0222499188132965,0.0025090330451765703,0.027766204569000048,,MRPS31
ENSG00000175550,120.57354159498405,0.11815243857532988,0.0391833203744321,3.0153758651966287,0.0025666097606031417,0.028330919474820904,,DRAP1
ENSG00000097033,39.81528503148734,0.19630385867662617,0.0651661181112527,3.012360784502967,0.002592243064571975,0.0285410578636207,,SH3GLB1
ENSG00000123146,52.7617291650557,0.17375916471579814,0.05770770546984642,3.0110218956217425,0.002603700767425367,0.028594449798602952,,ADGRE5
ENSG00000204387,54.61177770124282,-0.17351929317071949,0.0577129088955657,-3.006594131041134,0.002641922433188197,0.028940755363051462,,SNHG32
ENSG00000144713,1701.861823780279,-0.08648814560729444,0.028821929786355664,-3.000775667985911,0.0026929287712927417,0.029425007053999225,,RPL32
ENSG00000239636,19.32122417648779,-0.23953842247921192,0.07989323551460126,-2.998231589149171,0.0027155123651776904,0.029597032755979514,,TFAP2E-AS1
ENSG00000198721,7.69799610484037,0.324254762223761,0.10819211169294202,2.9970277606192055,0.0027262588584533926,0.029639502714894045,,ECI2
ENSG00000100353,49.24315560526481,-0.12613224449476285,0.042223740129341394,-2.9872352403740097,0.002815130144426046,0.030528992819377196,,EIF3D
ENSG00000187688,12.083799541260648,0.2537988629614705,0.08504939132841684,2.9841349714241967,0.0028438129600831296,0.030762946695699258,,TRPV2
ENSG00000152558,41.0672528942811,0.26300148462733053,0.08838951081081016,2.9754829754659657,0.0029252758667487493,0.0315652585421991,,TMEM123
ENSG00000113522,13.381384932806405,0.2837083820198188,0.09539754485655534,2.9739589467047325,0.002939844045566838,0.03164354523673559,,RAD50
ENSG00000184260,16.092092492801257,-0.38108315945203547,0.12830740851776914,-2.9700791548545675,0.002977230248295205,0.03191625952602825,,H2AC20
ENSG00000149308,8.375353850690963,0.34424184387709805,0.11591413364008521,2.9698004295660194,0.0029799327128531114,0.03191625952602825,,NPAT
ENSG00000150459,126.45850483989261,-0.09874960304234175,0.03327890918559784,-2.967332928240261,0.003003954900158085,0.03209410580983712,,SAP18
ENSG00000122862,483.85413022815624,0.13446526533966646,0.045352186439254025,2.964912519041898,0.003027690130104994,0.03226801771666086,,SRGN
ENSG00000170035,26.14141675382203,-0.15573080110952534,0.05258876052597476,-2.9612943821447635,0.0030634897173743188,0.03256933662672894,,UBE2E3
ENSG00000257923,9.608864962270811,-0.30395401879167644,0.10304756297911921,-2.949647813148841,0.0031813635180511003,0.03370915870965509,,CUX1
ENSG00000136758,29.30363187963544,0.2578224392586131,0.08744338212028284,2.948449991378023,0.0031937180677123656,0.03370915870965509,,YME1L1
ENSG00000179344,19.825522648653696,0.4420703855089595,0.14993489495603557,2.9484156149146266,0.0031940732773188324,0.03370915870965509,,HLA-DQB1
ENSG00000155368,193.57429768155058,0.09738254347620175,0.033045239720243466,2.9469461955981924,0.003209290388927458,0.03378734674668884,,DBI
ENSG00000182628,12.772498208548864,0.24511421482468648,0.08331260204640117,2.94210250074976,0.0032599200420042624,0.03423707286833118,,SKA2
ENSG00000110330,27.450125706771153,-0.1947875956659863,0.06626291347678424,-2.939617131900362,0.003286180353851241,0.03439172872378501,,BIRC2
ENSG00000160679,14.50766243683816,0.21901250978781522,0.07451417298189068,2.9392060734679593,0.0032905421057654247,0.03439172872378501,,CHTOP
ENSG00000170889,785.0218454234019,-0.1100818326552312,0.03746394466365029,-2.938340680447327,0.0032997420568573023,0.034404780433786857,,RPS9
ENSG00000167272,19.831485019839896,-0.19264626129117926,0.065594607515853,-2.9369222347221187,0.003314872169731942,0.034440090505215605,,POP5
ENSG00000183918,35.76483501367764,0.22183558639666215,0.07554339522443031,2.9365318534812395,0.0033190473170036762,0.034440090505215605,,SH2D1A
ENSG00000114796,13.450902066023396,-0.25674411612158443,0.08766450989090334,-2.9287121600416994,0.0034036945757538253,0.03523393882604498,,KLHL24
ENSG00000172757,622.7792569653144,-0.07610456191146615,0.026083154005472543,-2.9177668427483328,0.003525478543470382,0.036407507536029456,,CFL1
ENSG00000111481,32.17940429450573,0.16489865461586903,0.0565462372557327,2.9161737830601893,0.003543530666845917,0.03643125164990749,,COPZ1
ENSG00000158869,492.11946509340515,0.17260623900019648,0.059204235498297515,2.915437342403652,0.003551904204338758,0.03643125164990749,,FCER1G
ENSG00000184281,17.681410222936115,-0.20639484218439616,0.07081172686105808,-2.9146986146711265,0.0035603218281796724,0.03643125164990749,,TSSC4
ENSG00000153395,21.636506698417644,0.22821057126893632,0.0782991260298333,2.914599215091931,0.0035614558465243504,0.03643125164990749,,LPCAT1
ENSG00000115307,30.835524443519216,-0.1394892864453122,0.047879805248937306,-2.913321926020327,0.0035760573025476585,0.03649433950029179,,AUP1
ENSG00000211460,18.5083747715094,-0.20254729185683598,0.06965674270292616,-2.9077916077796635,0.003639908061101628,0.036895578677691235,,TSN
ENSG00000005844,35.32646291917595,0.18371305896240953,0.06318428999993758,2.9075749519792184,0.0036424304528428334,0.036895578677691235,,ITGAL
ENSG00000151466,23.60962575194959,-0.22529320422920743,0.07748575898956796,-2.907543362381454,0.003642798364071309,0.036895578677691235,,SCLT1
ENSG00000169764,35.232652464139534,0.15672001976310818,0.05391181159394493,2.9069700150960998,0.0036494817827714,0.036895578677691235,,UGP2
ENSG00000147905,13.249251092923865,-0.22178925994450727,0.07634560750885575,-2.9050690299213446,0.0036717211180317304,0.03703388642825944,,ZCCHC7
ENSG00000107854,10.471542325888759,0.2796230858007355,0.09632582490773677,2.9028880476088874,0.0036973878351823273,0.03715464167577908,,TNKS2
ENSG00000196126,57.977022967963485,0.30297337765729815,0.10438023052226986,2.902593490561968,0.003700866781201937,0.03715464167577908,,HLA-DRB1
ENSG00000213719,238.84610300368408,0.11434991259683008,0.039414135704963174,2.9012411550212103,0.0037168771337224168,0.03722899851300208,,CLIC1
ENSG00000172667,8.066407087121243,0.2955770250032019,0.10191336748618486,2.900277287405596,0.003728326803184221,0.03725743666830976,,ZMAT3
ENSG00000261526,16.65025367795072,-0.2749613794972315,0.09522932201557667,-2.8873604650073648,0.0038848887674037677,0.03873252003814771,,ENSG00000261526
ENSG00000147168,191.60127889873718,0.12884104561552742,0.04467155759430766,2.8841852076352312,0.0039242788181141795,0.039035297576965645,,IL2RG
ENSG00000133872,130.69929688234438,-0.11639238351111883,0.04048287503000093,-2.8751017170806943,0.004038973573953018,0.039935151248922156,,SARAF
ENSG00000175634,20.839322311357158,-0.17684769313236287,0.06151058810891098,-2.8750772601821883,0.004039286449802956,0.039935151248922156,,RPS6KB2
ENSG00000132963,125.1919107444105,0.10395806574125077,0.03616144532167854,2.874831600796903,0.004042430378328612,0.039935151248922156,,POMP
ENSG00000198171,17.465691607883723,0.20455399453279002,0.07119603880456012,2.8731092061780314,0.004064535899995756,0.040050273671265464,,DDRGK1
ENSG00000197451,20.925297234280848,0.2273520443546328,0.07914825497347375,2.8724833469901396,0.004072595427630415,0.040050273671265464,,HNRNPAB
ENSG00000116586,38.506330417312775,0.1398152691516257,0.048725270374722435,2.869461125128178,0.004111718726529606,0.040343326371187316,,LAMTOR2
ENSG00000269893,52.56631458940115,-0.21798006709579756,0.0759960145040035,-2.8683091938237664,0.0041267202719809555,0.040398910897876915,,SNHG8
ENSG00000196591,13.717846458132275,0.23649096878241413,0.08248540022157322,2.8670645732111306,0.0041429847117651734,0.04045198643569091,,HDAC2
ENSG00000221963,31.28952360132737,0.20177974701293658,0.07039323372894458,2.866465089384975,0.004150839375421022,0.04045198643569091,,APOL6
ENSG00000104964,126.555405662656,-0.10233726914800874,0.035740713339872936,-2.8633247516590434,0.004192206471549932,0.04074742669509938,,TLE5
ENSG00000006125,32.470297853242215,0.2129622524617025,0.07439113176885863,2.862737095106974,0.004199988977585931,0.04074742669509938,,AP2B1
ENSG00000239672,15.094645366295813,0.2260301827172848,0.0790540790333218,2.859184313841815,0.00424731926330378,0.0410429399431167,,NME1
ENSG00000162910,36.65522645851054,-0.14115790600516548,0.04938310568031823,-2.858425043555419,0.004257496815670631,0.0410429399431167,,MRPL55
ENSG00000115446,10.905688050025596,0.27680922961396937,0.096843325764378,2.858320151947822,0.004258904560771759,0.0410429399431167,,UNC50
ENSG00000198498,7.857009181625597,0.3005963252834883,0.1051932450159482,2.8575630045248177,0.004269078726820031,0.04104956366877839,,TMA16
ENSG00000188404,105.38059179669949,0.3009722025296018,0.10537954913157514,2.856077910845993,0.004289098708811646,0.041115204402743195,,SELL
ENSG00000170144,121.23628731713804,0.10145824922960119,0.03552897527630553,2.855648057411446,0.004294909265088958,0.041115204402743195,,HNRNPA3
ENSG00000114209,32.55718925466295,0.17412232536169592,0.06107663396113713,2.8508828019646497,0.004359803579950388,0.04164430483542015,,PDCD10
ENSG00000205629,8.431941042188885,0.259066660243376,0.09106158828303884,2.8449609229101247,0.004441687174124964,0.042332996481142554,,LCMT1
ENSG00000106028,60.70376240499869,0.12041696845927605,0.04239608314983587,2.8402852224272572,0.0045073213410027685,0.04281265607029856,,SSBP1
ENSG00000214253,63.14478387780538,-0.11740998440695422,0.04134200649171917,-2.8399682156324824,0.004511802904565784,0.04281265607029856,,FIS1
ENSG00000139433,24.06129818094905,-0.19019477483906022,0.06700402245481091,-2.838557565216806,0.004531794431232124,0.042908259308405694,,GLTP
ENSG00000078140,19.0388768756076,0.1848595979129937,0.06526843186065152,2.832297216940496,0.004621486917079598,0.043657264737677184,,UBE2K
ENSG00000138138,8.86288694407201,0.3145461278111585,0.11108289825556186,2.8316341466667603,0.0046310803130561184,0.043657264737677184,,ATAD1
ENSG00000171130,9.911699314666455,-0.2566020470964875,0.09074650572405212,-2.827679645062915,0.0046886700281502545,0.044104076547404676,,ATP6V0E2
ENSG00000105339,8.039333307137989,0.40656666828970794,0.14392328584716,2.8248845619149034,0.004729765288372198,0.04433403693761064,,DENND3
ENSG00000154001,19.79450976794583,0.20261118179074733,0.07173031244168376,2.824624275203998,0.004733608750907353,0.04433403693761064,,PPP2R5E
ENSG00000139626,42.171260241648156,0.1827622756382087,0.06474930823399604,2.8226135633407594,0.004763394856232088,0.04451665128059664,,ITGB7
ENSG00000127084,21.888586644042746,-0.18953088058568696,0.06719331988078231,-2.82068040278352,0.004792191977316427,0.0446892557884659,,FGD3
ENSG00000105373,138.98166049890168,-0.1506067299441704,0.05343273956021075,-2.818622649405034,0.004823018103496359,0.044879998567373645,,NOP53
ENSG00000145050,39.67682023507483,0.16097104613471452,0.05712594634282036,2.8178272123267067,0.004834982134085635,0.044894780459632064,,MANF
ENSG00000115138,7.552042811405022,-0.37678681943585124,0.13387170513516183,-2.814536642044212,0.004884760855788051,0.04525987199784774,,POMC
ENSG00000135624,29.585857397671447,0.14298046188893215,0.050843908471740196,2.8121453717194624,0.00492122562271512,0.04550030613138531,,CCT7
ENSG00000086666,34.222550796708745,0.14363823794431044,0.051269018800863875,2.801657634647187,0.005084079624306183,0.04690578365537922,,ZFAND6
ENSG00000273015,9.69766345759565,-0.2367240928335545,0.08457184512753414,-2.799088662149621,0.005124706383186799,0.04718000961712612,,LINC00938
ENSG00000140988,1452.7899445109229,-0.10710417911648402,0.038287281691397404,-2.797382691718978,0.0051518471638719275,0.04732917766045399,,RPS2
ENSG00000235453,27.900734247338136,-0.18495064078817314,0.06613968329593482,-2.7963641730885165,0.00516811293503731,0.047378018368445844,,SMIM27
ENSG00000198821,202.79410143109578,-0.12116724428037942,0.04343586306503029,-2.78956686319259,0.005277859719865699,0.04828181608426824,,CD247
ENSG00000105701,50.60897566126513,-0.1387936971344483,0.049805814254694755,-2.7866966781165607,0.0053248294512073715,0.04860872792273058,,FKBP8
ENSG00000172725,14.38061389874823,-0.26972611131659224,0.09703598201672393,-2.7796504524487164,0.005441743897835573,0.04955316726661789,,CORO1B
ENSG00000108219,15.990737652078474,0.2186355253215337,0.07867170898278135,2.7790870205881233,0.005451191961846571,0.04955316726661789,,TSPAN14
ENSG00000108774,47.026525500850894,-0.12830652501899936,0.04618120182129422,-2.778327976727471,0.0054639436120417694,0.04956495599434955,,RAB5C
ENSG00000171159,114.09541014196002,-0.09260777095189743,0.0333534493692936,-2.7765575286241755,0.005493791180006086,0.04973145279474128,,BBLN
ENSG00000113407,8.825837645389354,0.29480821225471965,0.10621250100618233,2.7756451402792943,0.005509230311407131,0.049767097197199704,,TARS1
ENSG00000167996,807.8449622274782,-0.11411721533907071,0.04126311268913028,-2.765598809736232,0.005681838873855197,0.05121941001494049,,FTH1
ENSG00000171055,10.979197627749622,0.23840751137667,0.08622714870595988,2.764877593130847,0.005694415966959702,0.051226066297369297,,FEZ2
ENSG00000162645,29.550237061075677,0.17972360944953533,0.06509479433308887,2.7609521051697756,0.005763312759086133,0.05173828694723174,,GBP2
ENSG00000131143,314.76955403195427,-0.06599892277686342,0.02397190001312776,-2.753178627506387,0.005901968401974542,0.052873327692223276,,COX4I1
ENSG00000143420,68.2925496454515,-0.10764910019396542,0.03911490800354632,-2.752124591069101,0.005920998956296759,0.052934220008049745,,ENSA
ENSG00000105640,1274.586014545808,-0.08952014937243617,0.032543064471511285,-2.750821129669688,0.005944609332422005,0.053035720786371164,,RPL18A
ENSG00000166340,17.67714008350828,0.19769768061387388,0.07196560734450767,2.747113349123454,0.006012235209218433,0.05343750540057219,,TPP1
ENSG00000070756,204.273855053613,-0.157953780232351,0.05750050056287487,-2.74699835107755,0.006014343686174869,0.05343750540057219,,PABPC1
ENSG00000111790,26.20056270669609,0.18399834353825878,0.06705426262782999,2.7440215778600288,0.006069154842655385,0.0538140020577251,,FGFR1OP2
ENSG00000122705,27.5429810746987,0.16736782679026124,0.06101225562658122,2.7431837271288178,0.006084663075597407,0.053841180221083806,,CLTA
ENSG00000156467,278.6760988955599,-0.09621937977024078,0.035084585886509055,-2.7424972345829985,0.006097396332068774,0.053843742711962427,,UQCRB
ENSG00000188536,22.99859940057906,-0.8175462994744352,0.2982747562469941,-2.740916830378515,0.00612680138472173,0.053993217091020215,,HBA2
ENSG00000270170,37.421204328672076,-0.14835535771276864,0.05419252523247253,-2.7375612610108284,0.006189659067406683,0.054239529178130234,,NCBP2AS2
ENSG00000175768,25.925415447163974,-0.18442993241092867,0.06737075033636326,-2.7375371580414605,0.006190112665311042,0.054239529178130234,,TOMM5
ENSG00000171421,15.652143483678424,0.1978780119133197,0.07228637214492652,2.7374179398102214,0.006192356693782374,0.054239529178130234,,MRPL36
ENSG00000146386,46.16975918163002,0.18893379501555513,0.06905812242163942,2.7358663744433422,0.006221628469468231,0.05435689552947028,,ABRACL
ENSG00000166974,23.05407865457111,0.19600995498861282,0.07167059950205051,2.7348725467687056,0.0062404433805326055,0.05435689552947028,,MAPRE2
ENSG00000165732,32.73267381803382,0.1819604180273079,0.06653726639937628,2.734714361950607,0.006243442819077127,0.05435689552947028,,DDX21
ENSG00000084733,11.190008751634375,0.28426415086973106,0.10399540682513442,2.7334298652988958,0.006267847040857385,0.054427995204138394,,RAB10
ENSG00000100100,32.51603131825806,-0.27173171169403126,0.09942756634872438,-2.7329615082901753,0.006276766722178198,0.054427995204138394,,PIK3IP1
ENSG00000147155,33.07047477042926,0.1699265689104578,0.062199246155762195,2.7319715175473336,0.006295658331678842,0.0544826272023487,,EBP
ENSG00000145675,68.87381600948531,-0.312302099519385,0.11458448246756288,-2.725518262106677,0.006420062476403798,0.05544832402275296,,PIK3R1
ENSG00000221923,8.849984468491465,-0.26197387365275165,0.09616519957912167,-2.724206623594722,0.0064456167316544605,0.05551303327030619,,ZNF880
ENSG00000107581,38.57033810276336,0.1751405481357962,0.06429966115097041,2.723817590960244,0.00645321371272568,0.05551303327030619,,EIF3A
ENSG00000143155,12.005272291229149,0.22441051777168008,0.08242532682935243,2.7225917858510136,0.006477203790065536,0.05560885079288408,,TIPRL
ENSG00000168209,115.56909709308859,0.2285713162889799,0.08400286500364473,2.720994293219197,0.006508588512493762,0.05567275822726468,,DDIT4
ENSG00000181036,40.56064916934536,-0.230715644520709,0.08479376853813779,-2.7209032986538366,0.006510380324242184,0.05567275822726468,,FCRL6
ENSG00000184640,41.71146028110459,-0.14013609426564122,0.05157701772608049,-2.717025924412451,0.006587144788962578,0.05621809763676741,,SEPTIN9
ENSG00000149187,18.23225355886035,0.20569471294271496,0.07579162462972085,2.7139504390839253,0.006648611216062965,0.05654348624119034,,CELF1
ENSG00000118620,9.477071276281723,-0.2896735712629301,0.10675070079923475,-2.713551940119972,0.006656613210604478,0.05654348624119034,,ZNF430
ENSG00000169813,43.9386594586802,0.18901861888902524,0.06968100915171531,2.71262746033827,0.006675210432224131,0.05654348624119034,,HNRNPF
ENSG00000206172,32.71989266620125,-0.7851177344651109,0.28944307207770004,-2.7125117517214186,0.006677541361046514,0.05654348624119034,,HBA1
ENSG00000144381,20.638688784244646,0.2168335600179011,0.07999142962328899,2.7107098977859923,0.006713933917192854,0.05674060949158882,,HSPD1
ENSG00000113810,13.685220125956311,0.2418174996305075,0.0893170707612684,2.7074051753986725,0.006781143975572471,0.057196900550296456,,SMC4
ENSG00000133112,925.3246853770767,-0.14979698900432345,0.0553541244301535,-2.706157681047581,0.006806671787124639,0.05730052300172824,,TPT1
ENSG00000155629,10.927403891416795,0.2716078655685334,0.10043453415562122,2.704327429325083,0.006844281023845639,0.05750525046636908,,PIK3AP1
ENSG00000133997,16.79107353083064,-0.22177110524111682,0.08205291509927307,-2.7027815522800553,0.006876192079697126,0.05766140141249896,,MED6
ENSG00000136436,21.857211875055924,0.19195464396987,0.07116368185210376,2.69736808121874,0.0069889970146190744,0.05849398468521612,,CALCOCO2
ENSG00000106415,8.443590230996815,0.2815862927218307,0.1045916985777825,2.6922432329791577,0.007097316269151939,0.05928588319810896,,GLCCI1
ENSG00000133316,50.136246343781224,0.3858374291550659,0.14338391040678333,2.690939506813816,0.0071251113418215745,0.059398788406801656,,WDR74
ENSG00000175390,97.21410668274899,-0.11609348937175133,0.0431522483138266,-2.690323074882597,0.007138287490533132,0.059398788406801656,,EIF3F
ENSG00000110108,23.36502118904207,-0.18416495560170332,0.06856480079546423,-2.685998551225812,0.007231340236816249,0.05999047440503395,,TMEM109
ENSG00000112249,12.75872079112323,0.27273800981821583,0.10155073598762927,2.685731493383172,0.007237122172273566,0.05999047440503395,,ASCC3
ENSG00000120438,18.434508728667126,0.19303861608249515,0.07204202729072226,2.679527816499344,0.007372607735754172,0.06091032982637348,,TCP1
ENSG00000167985,19.249340734943225,-0.16690610699852737,0.062293211868106706,-2.6793626784234106,0.007376245165014954,0.06091032982637348,,SDHAF2
ENSG00000124172,541.2982505421816,0.08600105989400281,0.03213397504335728,2.676328085086408,0.007443374140368483,0.061347580772141766,,ATP5F1E
ENSG00000129657,20.81756700257015,0.2466207422661503,0.09225483555668228,2.673255453527139,0.007511902332369735,0.06177605014404813,,SEC14L1
ENSG00000182866,76.01559752790159,-0.17472505202888977,0.06537351024400825,-2.672719445180841,0.00752391458884062,0.06177605014404813,,LCK
ENSG00000125971,53.28200142543078,0.11319739359060724,0.042372477165031196,2.671483971770851,0.007551667889371894,0.06188649044945489,,DYNLRB1
ENSG00000119318,17.71003636254541,0.20242979676790734,0.07581506899371115,2.6700469900607606,0.007584063249484947,0.06202279047135014,,RAD23B
ENSG00000163737,18.125727887780844,-0.25097653907341555,0.09401715105673218,-2.6694761142248433,0.007596967633421672,0.06202279047135014,,PF4
ENSG00000115514,14.31020815440063,0.19999727354048244,0.07497929343624547,2.6673667405326933,0.0076448199571291665,0.06229592458474182,,TXNDC9
ENSG00000137824,10.864198147518445,0.24066070499044573,0.09028875163682182,2.665456113054716,0.007688396614160557,0.06253325592006152,,RMDN3
ENSG00000213462,13.60428451539052,-0.21783168422343488,0.0818031262296789,-2.662877254982018,0.007747566945083145,0.06279529275994314,,ERV3-1
ENSG00000256683,14.795133300983444,-0.24879563776165176,0.0934342894286892,-2.6627872838005286,0.007749638625793769,0.06279529275994314,,ZNF350
ENSG00000230155,12.094261076265985,-0.2440997500447619,0.09169553981087233,-2.662067866640325,0.007766221821345754,0.06281204078684686,,CEP250-AS1
ENSG00000095906,20.85384019286653,-0.15576222129779793,0.0585728465841636,-2.6592906164118633,0.00783053857672802,0.0632140679505637,,NUBP2
ENSG00000168066,66.54630399014644,-0.15189057041562268,0.057160288962110735,-2.657274362561478,0.007877530386064728,0.06347499810149362,,SF1
ENSG00000119655,41.083733541321294,-0.14475877567080764,0.054534739615162,-2.654432325015835,0.00794419729503176,0.06389320017769967,,NPC2
ENSG00000204209,12.02449894348397,0.20920484203552703,0.07886221748134276,2.65278924074156,0.007982969927271865,0.06408591999129008,,DAXX
ENSG00000166913,107.95175043772295,0.10712333933717615,0.040417387689701684,2.6504270924088225,0.008039007584172517,0.06441627003095274,,YWHAB
ENSG00000143553,11.516575808792007,0.2546404139520518,0.09615322733274317,2.648277348724402,0.008090312168409624,0.0645720573322433,,SNAPIN
ENSG00000126524,48.44279892533697,-0.20776442343359994,0.07845910997585834,-2.6480599065873744,0.008095517809680985,0.0645720573322433,,SBDS
ENSG00000146109,22.27275759060085,-0.1992033453244853,0.07523528012287581,-2.6477384678988676,0.00810321865759374,0.0645720573322433,,ABT1
ENSG00000129636,9.988764909402091,0.24043822376644497,0.09084860825203227,2.646581256362465,0.008130996810831908,0.06467430735380454,,ITFG1
ENSG00000164442,30.940025016300222,-0.18515844035924614,0.070098376780146,-2.6414083872436924,0.008256213254169854,0.06554054810022307,,CITED2
ENSG00000175130,15.850393274694547,-0.2734451727033985,0.10355881767922731,-2.640481794127787,0.008278824059831255,0.06554054810022307,,MARCKSL1
ENSG00000101347,37.99224008474924,0.18252624937242093,0.06913309905004322,2.640215061678286,0.008285343150178419,0.06554054810022307,,SAMHD1
ENSG00000160226,9.59794400049287,-0.23697420306288736,0.08978435953384908,-2.6393706464381146,0.008306011427594821,0.06558414497664743,,CFAP410
ENSG00000162604,19.802017930863215,0.17826628770938166,0.06761286095162901,2.6365736518221783,0.008374801733207244,0.06600686174788296,,TM2D1
ENSG00000127947,38.80138277453191,0.19518223038296967,0.07410245442544766,2.633950952047572,0.008439767870254973,0.06639795559016957,,PTPN12
ENSG00000197982,18.788214250535297,-0.16136731497045181,0.06145559577034662,-2.6257546273485857,0.00864571170505085,0.06789472694692382,,C1orf122
ENSG00000005810,31.20554786612343,0.1860441735701153,0.07090415151882302,2.623882658277434,0.008693372978395003,0.06814533492303475,,MYCBP2
ENSG00000168275,8.649916753093484,0.25430396856447046,0.0970398994330156,2.6206124496245033,0.008777197804574335,0.0685536172320135,,COA6
ENSG00000141504,26.52805804818787,-0.15215929110224446,0.05807145454229567,-2.6202080230558202,0.008787614438745947,0.0685536172320135,,SAT2
ENSG00000142227,251.24852230500048,0.11173277732153249,0.042654276717196314,2.6194976429288928,0.00880593812500801,0.0685536172320135,,EMP3
ENSG00000152818,57.76256216056585,0.18286083177562226,0.0698105810098984,2.619385616482615,0.008808830871504393,0.0685536172320135,,UTRN
ENSG00000232119,20.515660913056546,0.15996394930773825,0.06113203611381343,2.616695917177094,0.00887853965773351,0.06897206660505008,,MCTS1
ENSG00000139620,9.621021334135778,-0.30609882165348595,0.11711797594169482,-2.613593850066808,0.008959547306979948,0.0694766329700757,,KANSL2
ENSG00000135930,16.809563216356146,0.1757962334301841,0.06735100848926955,2.6101499795387952,0.00905025347378711,0.07005446651355425,,EIF4E2
ENSG00000148834,33.28749750635357,0.15755755261709325,0.06038824114730421,2.609076694795023,0.009078689222768463,0.07014908619092704,,GSTO1
ENSG00000164167,24.865894431768332,0.18961313158301218,0.0727226238522433,2.6073472261983452,0.009124677845126654,0.07037875407462216,,LSM6
ENSG00000099341,55.52839633424735,0.1036160727711271,0.03979158799579367,2.6039692806952126,0.009215101589993143,0.07094972345177995,,PSMD8
ENSG00000165506,7.923339811943225,-0.2724579285152992,0.10484306008138947,-2.598721635020865,0.009357161799862724,0.07191552239432683,,DNAAF2
ENSG00000113369,17.69854432646556,-0.24913789529235575,0.09593849726512091,-2.5968500903644185,0.009408297515053596,0.07218032508446261,,ARRDC3
ENSG00000167468,73.22604647866642,-0.10457652721862286,0.0402927394853509,-2.59541864252351,0.009447576671203117,0.0723533880642405,,GPX4
ENSG00000035687,22.961620253679644,0.20099639428101063,0.0774664607731419,2.5946247224282297,0.00946942496545472,0.07239258273060525,,ADSS2
ENSG00000197530,43.57503658376011,-0.11894810155331484,0.04589328375408322,-2.5918411545944733,0.009546383805662204,0.07273137995578155,,MIB2
ENSG00000142102,7.39689878069487,-0.33591367332000416,0.12960602508554678,-2.5918059989748437,0.00954735932860733,0.07273137995578155,,PGGHG
ENSG00000167088,54.87076677861019,-0.11492505766500599,0.044367459425810524,-2.5903006201465972,0.009589215130342254,0.07292185214233908,,SNRPD1
ENSG00000086758,11.70696622898211,0.25546559881892805,0.09868347284556732,2.5887374192709425,0.009632851706135492,0.07312517426745312,,HUWE1
ENSG00000111642,23.221659573434934,0.22382540768266382,0.08654627798506885,2.5861933394903325,0.00970424799724171,0.07352211694402566,,CHD4
ENSG00000150687,52.35408456885169,-0.19703856673873826,0.07620420282009449,-2.5856653497696667,0.009719124310603807,0.07352211694402566,,PRSS23
ENSG00000125826,32.38191841557038,0.13578948584768297,0.05252893430297958,2.585041704148577,0.009736721947080206,0.07352669435430376,,RBCK1
ENSG00000105393,20.417398282651227,-0.1524337859402756,0.05900816099770656,-2.5832661679831057,0.00978697851945328,0.07365735971675572,,BABAM1
ENSG00000205220,53.79287318076534,0.19759735499788766,0.07650466025453795,2.5828146199259407,0.009799796407041924,0.07365735971675572,,PSMB10
ENSG00000181924,11.988003783358591,0.2145938277870074,0.0830912595959016,2.582628170888771,0.009805093412722739,0.07365735971675572,,COA4
ENSG00000124659,32.663279640604166,-0.15914816159129702,0.06164789855019473,-2.5815666930108896,0.009835298572999305,0.07366000242978984,,TBCC
ENSG00000164687,8.747293006847816,0.26338590432674647,0.10203142038657874,2.5814195600612493,0.009839491889165363,0.07366000242978984,,FABP5
ENSG00000254505,61.41331866935995,0.11094034107919572,0.04301658078577947,2.579013465334991,0.009908292433205634,0.07404694535143486,,CHMP4A
ENSG00000003402,78.91381132513833,0.11375251816999102,0.04419542013321543,2.573853078602128,0.010057297081866593,0.07489268477717799,,CFLAR
ENSG00000168385,27.978447831091643,0.16536409744126793,0.06425141173687542,2.5737037206041893,0.010061639307877367,0.07489268477717799,,SEPTIN2
ENSG00000136521,20.681580850439147,0.1659816659533409,0.06450148413440225,2.5732999508582406,0.010073386304672426,0.07489268477717799,,NDUFB5
ENSG00000065911,8.375350024120076,0.28627784421385427,0.11137133572330435,2.5704804773563557,0.010155755070980182,0.07519416824244786,,MTHFD2
ENSG00000118640,126.3857321779049,0.09152019044215398,0.03560465118074911,2.570456033329644,0.010156471798887167,0.07519416824244786,,VAMP8
ENSG00000153827,13.564928402340618,0.26830624813411963,0.10439408618601864,2.570128806492235,0.010166070816231106,0.07519416824244786,,TRIP12
ENSG00000002586,178.0252044548037,-0.1244052159880438,0.04842563813964473,-2.5689948706364425,0.010199396715301177,0.07531192762305151,,CD99
ENSG00000204392,30.72514665847572,0.13751480879092373,0.05359578272503322,2.5657766674745113,0.010294508670662762,0.07575696982331001,,LSM2
ENSG00000198912,14.868808122590712,-0.2294179678860719,0.08941483468244446,-2.565770754940683,0.01029468413591548,0.07575696982331001,,C1orf174
ENSG00000177200,36.926105588315814,0.1484952866661024,0.05790616782418278,2.564412259449982,0.010335070611485727,0.0759250433546668,,CHD9
ENSG00000149781,35.44178590343588,0.13473150477219564,0.052573996298582074,2.5627023672885483,0.010386104090095136,0.07617063118278246,,FERMT3
ENSG00000177830,9.53160454537672,-0.21071097622660387,0.08238027558122939,-2.557784308682442,0.010534140818821912,0.07712559614727989,,CHID1
ENSG00000139437,8.180978808203259,0.2814390194434824,0.11013942738907487,2.5552976451319314,0.010609703032694522,0.07754760983525202,,TCHP
ENSG00000010244,48.796066910190675,0.13116230322259317,0.05136120055640802,2.5537234683317553,0.010657786330301606,0.077767692160565,,ZNF207
ENSG00000137038,24.2617375345512,0.18438856326640196,0.07224771163489656,2.552171675667856,0.010705375473313836,0.07794259920860813,,DMAC1
ENSG00000150093,67.23308257846584,0.178587878531881,0.06998593580076523,2.5517681015265974,0.010717782881701372,0.07794259920860813,,ITGB1
ENSG00000100427,10.069770005248907,0.28048536504059823,0.11004221194275865,2.5488888317375884,0.010806674237286047,0.07845718024284686,,MLC1
ENSG00000063322,8.563203469194178,0.23463612362348119,0.09209783630916515,2.5476833444363045,0.01084408532600234,0.07859691324223136,,MED29
ENSG00000167515,27.028486946034423,0.1418241865381289,0.055728712877348076,2.544903322103745,0.010930799710710691,0.07898738996340957,,TRAPPC2L
ENSG00000173692,9.737433285381432,0.2261596122574312,0.08887175627174071,2.544786124918126,0.0109344688209111,0.07898738996340957,,PSMD1
ENSG00000090273,36.01553011749041,0.12393935917668451,0.048737530547159576,2.542996286132263,0.01099063972915209,0.07926083018006849,,NUDC
ENSG00000166037,15.411603616354665,0.19500199559578504,0.07681812167432836,2.53848950411075,0.011133214232235735,0.08015543757551419,,CEP57
ENSG00000101966,9.544035561796006,0.23943725672149868,0.09439702640583067,2.5364915171386078,0.011196945540987033,0.08035277633998136,,XIAP
ENSG00000231389,61.29841811853451,0.1926432187741961,0.07596794039940542,2.535848908912948,0.01121751205692217,0.08035277633998136,,HLA-DPA1
ENSG00000167085,34.362305472255144,0.14281916982518164,0.056332156432527,2.535304502256118,0.01123496189898873,0.08035277633998136,,PHB1
ENSG00000100216,38.96836570730354,-0.11104441274984025,0.04380925772451036,-2.5347248165702942,0.011253569033764562,0.08035277633998136,,TOMM22
ENSG00000074071,31.929432898981602,0.12501270058618696,0.049324167904863166,2.534512104234833,0.011260403675159767,0.08035277633998136,,MRPS34
ENSG00000110876,40.01737484277382,0.14090946919632613,0.05560423200502329,2.5341500838208924,0.011272044196526158,0.08035277633998136,,SELPLG
ENSG00000184508,8.449184923309318,0.23876249903078908,0.0942534034027663,2.533197639670394,0.01130272044543489,0.08043893317006048,,HDDC3
ENSG00000142875,31.752087092317307,0.1711142474361019,0.06756827838288065,2.5324642203619625,0.011326392852032912,0.0804750441227363,,PRKACB
ENSG00000187778,11.553088268984062,0.22558924755002896,0.08914825442919151,2.530495397744546,0.011390157918699179,0.08079543166264155,,MCRS1
ENSG00000130724,47.42675823355827,0.11304944120896246,0.04469596905214618,2.5292983597037404,0.011429082476075627,0.08093885413089892,,CHMP2A
ENSG00000077549,112.99528442754514,-0.09355296321876716,0.037019554234317666,-2.5271228990661965,0.011500125163364565,0.08130889147365764,,CAPZB
ENSG00000136045,20.03565455476388,0.1706744270729136,0.06764868358021893,2.5229526731370178,0.011637406191509814,0.08214527991951545,,PWP1
ENSG00000185808,7.549128951611288,0.26562582813258667,0.1053121329679523,2.522271847,0.01165995606400838,0.08217040698528381,,PIGP
ENSG00000114023,17.394289706166816,-0.16789335797713686,0.0666903110902819,-2.5175074944522526,0.011818845511418612,0.08315470654944444,,FAM162A
ENSG00000178974,7.317107592016329,-0.2895513018432528,0.11515416229849255,-2.514466659856404,0.011921257369715926,0.08369113433400645,,FBXO34
ENSG00000132475,942.056622835138,-0.11101300483486279,0.04415621961556819,-2.5140966731609167,0.011933771639492021,0.08369113433400645,,H3-3B
ENSG00000112977,8.07984549360283,-0.2306014744686133,0.09177803751555492,-2.512599753830321,0.011984521761307303,0.08391104475918561,,DAP
ENSG00000145741,285.14541861649184,-0.08077772587733001,0.03215962964636012,-2.5117741331474743,0.012012594603106934,0.08397172350184766,,BTF3
ENSG00000198612,17.096942395448604,0.16298881231119255,0.06494880095780454,2.509496863800179,0.012090328921629671,0.08437879555466385,,COPS8
ENSG00000170142,12.17048641309538,0.20097251331258242,0.08011878236080681,2.5084319480483748,0.012126832440785884,0.08449726887484786,,UBE2E1
ENSG00000104897,12.817705163897498,-0.19710982423844883,0.07861183116550141,-2.5073811577226044,0.012162947470090965,0.0846126586866296,,SF3A2
ENSG00000048828,12.803358378881658,0.22327950666128543,0.0890886658589681,2.50626164965528,0.01220152912069525,0.08474480979975657,,FAM120A
ENSG00000186222,18.810485013482513,-0.17128531666396765,0.06840527462354645,-2.5039782035318057,0.012280559941149252,0.08515702382268078,,BLOC1S4
ENSG00000086232,21.44751827103875,-0.16609834217156616,0.06637441600341099,-2.502445251842673,0.012333870000843955,0.08532468662773185,,EIF2AK1
ENSG00000042429,12.01055451934483,0.2335627380251391,0.09334483554062604,2.5021495476681905,0.012344176988435436,0.08532468662773185,,MED17
ENSG00000156603,10.983771784126874,-0.23059644081315872,0.09233610312318337,-2.497359461937933,0.01251220504372504,0.08634818377065111,,MED19
ENSG00000152944,8.028719081471708,-0.2758001858470327,0.11052654033356914,-2.495329945320533,0.01258400572968317,0.08670540253557178,,MED21
ENSG00000067334,30.762269145937562,-0.1817761455325351,0.07288332792926452,-2.494070327152931,0.012628752018966759,0.08687537358675543,,DNTTIP2
ENSG00000005075,52.05484367587631,-0.10295768670087521,0.04133693904706164,-2.4906944992627307,0.012749369225606952,0.08736337596327116,,POLR2J
ENSG00000143633,11.9797075643893,0.20404050407517108,0.08192337074015063,2.4906263283814187,0.012751815415120707,0.08736337596327116,,C1orf131
ENSG00000184220,7.682590433128725,0.2685236775786912,0.10782390182954353,2.4903910266871487,0.012760261984928906,0.08736337596327116,,CMSS1
ENSG00000136824,7.8751396167583225,0.2630062869469703,0.10577355661035566,2.4865031996212643,0.012900540955333809,0.08818426653037818,,SMC2
ENSG00000184207,8.736237066407286,-0.22932702036084968,0.09227108415376092,-2.4853617193735165,0.012941985654733904,0.08818935149568628,,PGP
ENSG00000125676,27.286253750109076,0.1474398602614153,0.05932334095074156,2.48536002690476,0.012942047191994635,0.08818935149568628,,THOC2
ENSG00000063244,12.655505228152611,-0.19361189420890143,0.07796098948531056,-2.4834458296015067,0.013011812309316301,0.08850300856089792,,U2AF2
ENSG00000179094,8.047363747353323,-0.3236498196115916,0.13034753970245813,-2.48297605271554,0.01302898462058978,0.08850300856089792,,PER1
ENSG00000149932,35.700094253094626,-0.1253450668552398,0.05050737201493977,-2.4817182493312755,0.01307506132206543,0.08867678736767574,,TMEM219
ENSG00000154518,95.41848635136535,0.08989135283552915,0.03634274826249006,2.473432999240387,0.013382189436849984,0.09053794826739667,,ATP5MC3
ENSG00000150787,10.833765143958914,-0.2812170804848142,0.11370626400626759,-2.473188992202868,0.013391330457853911,0.09053794826739667,,PTS
ENSG00000105619,9.288794471802602,0.23690373207403687,0.09581345590453774,2.4725517917866595,0.013415227363443296,0.09055801685119992,,TFPT
ENSG00000105993,72.10669361195491,-0.1537947231429305,0.06223105940081845,-2.4713499115026765,0.013460404040586404,0.09072144592463766,,DNAJB6
ENSG00000160058,10.433981454318857,-0.2466303668180182,0.09983978498434803,-2.4702613978654164,0.013501435415541182,0.09085647129556251,,BSDC1
ENSG00000198677,11.92553731046294,0.22895163022646908,0.09279219234376225,2.4673587771079304,0.013611390078869976,0.09145416905476768,,SKIC3
ENSG00000106682,30.955554903126792,-0.13439055111214776,0.05449961315307314,-2.4658991750030377,0.013666979837810915,0.09162693505377541,,EIF4H
ENSG00000113732,131.65191728263196,0.09845657913399905,0.03993254513005006,2.465572349905352,0.013679454597813476,0.09162693505377541,,ATP6V0E1
ENSG00000121067,11.20486570212759,0.20732093073309993,0.08411677733755502,2.4646799044753567,0.013713570061883364,0.09171347396873156,,SPOP
ENSG00000122085,14.18073662874591,-0.191184957023007,0.07760154218872153,-2.4636747109749253,0.013752085505688124,0.091808212930886,,MTERF4
ENSG00000176340,147.21211780991223,0.06840231782522696,0.027769656897037236,2.463203563473802,0.013770171063587938,0.091808212930886,,COX8A
ENSG00000134308,70.5826406015043,0.10798326902503388,0.04386288445462394,2.4618369349772777,0.013822749605431827,0.09201698083492849,,YWHAQ
ENSG00000132823,15.966538633141734,-0.30822375259303114,0.1256136230711697,-2.4537446262369085,0.014137734282035741,0.09396924153359239,,OSER1
ENSG00000186480,14.090355889633344,-0.19574316231190567,0.07979139156866193,-2.4531864711679474,0.014159691566227636,0.09397083651390642,,INSIG1
ENSG00000173575,38.4416511762881,-0.16820130788797305,0.06858623997265563,-2.452406021310288,0.014190444166608307,0.0940307073643402,,CHD2
ENSG00000171843,8.435097357172372,0.2462549590470554,0.10047914071320133,2.4508067773981423,0.014253644429084117,0.09430507560343573,,MLLT3
ENSG00000088356,8.254871747524339,-0.23915611577842885,0.0976486692196393,-2.4491487461083525,0.014319429959478899,0.09459568463307663,,PDRG1
ENSG00000114383,15.839038341632126,-0.16429319087812466,0.06716594637828543,-2.4460787011443075,0.014441947183459548,0.09525961198602052,,TUSC2
ENSG00000214194,10.737686085607693,0.25524809933170056,0.10462250029149575,2.439705595073113,0.014699235746869307,0.09667935398738454,,SMIM30
ENSG00000215845,72.63131618927763,0.1390957303053573,0.05701484202388108,2.4396407210441104,0.01470187541569194,0.09667935398738454,,TSTD1
ENSG00000224020,9.39755858051805,0.35112572662640096,0.14398415552810057,2.4386414278609547,0.014742588620202245,0.09668767753977414,,MIR181A2HG
ENSG00000068028,35.91759053267603,-0.15302215957554668,0.0627522447926065,-2.438512918243457,0.014747831563727973,0.09668767753977414,,RASSF1
ENSG00000072849,20.33724255433315,-0.15663612551701603,0.0642903863053369,-2.4363848861180863,0.014834890381030693,0.09711130208580909,,DERL2
ENSG00000128989,29.820885903084722,0.16025802318636573,0.06580317935478365,2.4354145917831787,0.014874735684190515,0.09713457624034223,,ARPP19
ENSG00000083457,24.41371547875396,-0.16986384357921583,0.06975339769186605,-2.4352052975194884,0.014883342742626971,0.09713457624034223,,ITGAE
ENSG00000128228,50.77191535012123,0.1353462011869913,0.05561168455775564,2.4337727271402323,0.014942373951666246,0.09728490230322777,,SDF2L1
ENSG00000132819,18.14273426354792,-0.27241278584366474,0.11194023922689104,-2.433555508948956,0.01495134273899849,0.09728490230322777,,RBM38
ENSG00000140299,27.5214738681788,-0.16357166277407229,0.06723031090167512,-2.433004705471274,0.01497410629304371,0.09728672361861881,,BNIP2
ENSG00000174109,8.865641583534126,-0.21441850721819533,0.08816223983224994,-2.4320900606220826,0.015011974098102638,0.09738652462142446,,UQCC4
ENSG00000149182,17.53008153965776,-0.17385828005451276,0.07157275934884913,-2.4291124393726253,0.015135837488070635,0.09804306708215814,,ARFGAP2
ENSG00000143761,86.27097261739843,-0.10072120862903576,0.04147547770766879,-2.428452044336851,0.015163430301124726,0.09807498193268563,,ARF1
ENSG00000198899,1200.7628818637133,-0.14887160909018454,0.06141535223713191,-2.4240129489996853,0.015350058141866268,0.09913388295500797,,MT-ATP6
ENSG00000163754,14.914764193669038,0.1814883094896948,0.07492538722336206,2.4222538743597704,0.01542457047723083,0.09946664151263458,,GYG1
ENSG00000063241,8.759640928701053,0.22395672417628823,0.09255473997053981,2.4197218235130227,0.015532384068417072,0.10001283610720338,,ISOC2
ENSG00000172575,17.597310526668835,0.21817466672657526,0.09020276592418022,2.418713711173354,0.015575493268806133,0.10014139580107599,,RASGRP1
ENSG00000140931,25.54093266616759,-0.14170778653666874,0.05868508375440651,-2.414715588201376,0.015747500633740585,0.10085707112057073,,CMTM3
ENSG00000142347,114.7774516243466,-0.11897749310465235,0.049275391284107115,-2.41454182309104,0.015755014102217833,0.10085707112057073,,MYO1F
ENSG00000162517,12.82902389750279,0.1784844609526459,0.07392279742834212,2.4144711396462206,0.015758071301588676,0.10085707112057073,,PEF1
ENSG00000217555,80.36636665707192,-0.10430479141279907,0.043208933895783425,-2.413963548935831,0.015780040940288047,0.10085707112057073,,CKLF
ENSG00000121931,9.032533521802423,0.2734322939895859,0.11342481962793372,2.410691900472252,0.015922292569370482,0.10154259886820545,,LRIF1
ENSG00000006015,49.61645395467891,-0.10180291360401021,0.04223453945514318,-2.4104184612249395,0.01593423263959129,0.10154259886820545,,REX1BD
ENSG00000116350,21.808395107868602,0.1570746673631074,0.06558353233996328,2.3950321332020423,0.01661890875695876,0.10575002675200082,,SRSF4
ENSG00000130741,38.50267375516277,-0.1449961549506126,0.06059832086959243,-2.3927421233773836,0.01672299015602439,0.10588598109758604,,EIF2S3
ENSG00000166508,7.942340690518093,-0.24972461249506303,0.1043701723362912,-2.392681806545506,0.016725739286235646,0.10588598109758604,,MCM7
ENSG00000166848,60.1033802586038,-0.1033192800530419,0.043182794617252766,-2.3926029097654298,0.01672933585524618,0.10588598109758604,,TERF2IP
ENSG00000185896,44.03442734892805,-0.11741817535025223,0.049079465047913585,-2.3924094371367604,0.016738158324647295,0.10588598109758604,,LAMP1
ENSG00000189067,156.15989528923933,-0.1419537856646498,0.05936838740667897,-2.3910668937704704,0.016799491715350383,0.1061188330690819,,LITAF
ENSG00000197471,53.52838533409936,0.1639181126945255,0.06866774019145094,2.3871196611030037,0.016980963172654927,0.1069710884188292,,SPN
ENSG00000170542,13.936672684196793,0.24419568494660565,0.10229989367928853,2.387057074684381,0.016983854343363917,0.1069710884188292,,SERPINB9
ENSG00000164022,34.743816100895366,0.11887607905063391,0.04983506284347602,2.385390371112899,0.017061006567583765,0.10726055856696698,,AIMP1
ENSG00000160799,65.98185678961637,-0.0999679227195556,0.04192363643199967,-2.384524130718098,0.01710122641987315,0.10726055856696698,,CCDC12
ENSG00000213551,12.354194457983652,-0.1854194715951248,0.07776160023892664,-2.3844605952734206,0.017104179665173844,0.10726055856696698,,DNAJC9
ENSG00000126247,28.87196826918867,0.14900441655675672,0.06264392177894308,2.37859336269784,0.01737883536751464,0.10870442494048133,,CAPNS1
ENSG00000185324,8.15812348940428,-0.23565339103886646,0.09909966050547095,-2.3779434746485015,0.017409494436583614,0.10870442494048133,,CDK10
ENSG00000196781,14.646348976365537,-0.22652075951729042,0.0952593535895587,-2.3779371891740317,0.017409791191068537,0.10870442494048133,,TLE1
ENSG00000185905,18.411602029013466,-0.25982833367496244,0.10935872886319087,-2.3759267904440526,0.017504935515452295,0.10914100284634305,,C16orf54
ENSG00000240230,21.507097448284167,-0.16429888284727678,0.06922211247023137,-2.3735028733474826,0.017620255952448816,0.10970193885790795,,COX19
ENSG00000145022,9.667355798968098,-0.2214406703065623,0.0933907363001712,-2.3711202960732667,0.01773425803128,0.1100789013114792,,TCTA
ENSG00000145649,732.8020444250126,0.10393592746447898,0.043840318398145325,2.3707840467891312,0.01775039889816052,0.1100789013114792,,GZMA
ENSG00000077235,18.421517297593283,-0.24359378752938649,0.1027542657235192,-2.370644039098328,0.017757123437811988,0.1100789013114792,,GTF3C1
ENSG00000065978,241.43363840785236,-0.07196588915588284,0.03039247334001222,-2.3678852441778235,0.017890083909630212,0.11074448222742479,,YBX1
ENSG00000079950,11.172035287774621,0.21866015709382716,0.09243784314213654,2.365483114503284,0.01800656439349328,0.1109610457497451,,STX7
ENSG00000112531,11.84808035684633,0.22732038865862064,0.0961059306202508,2.3653107273561034,0.018014949022583743,0.1109610457497451,,QKI
ENSG00000102096,12.472733122857182,0.22133669664039843,0.09357737765571529,2.3652799660055464,0.018016445563903652,0.1109610457497451,,PIM2
ENSG00000178234,10.12450692995251,-0.21560822173063052,0.09116434531814879,-2.3650498556008137,0.01802764390156478,0.1109610457497451,,GALNT11
ENSG00000115935,72.94721270906685,-0.10895877063819125,0.046115023086016234,-2.3627608390210595,0.018139371412256633,0.11146153668418957,,WIPF1
ENSG00000164032,81.34404950195612,0.09118253123699929,0.03860093855584606,2.3621843055727934,0.01816760758114828,0.11146153668418957,,H2AZ1
ENSG00000189190,13.750142579954508,-0.2656842766626781,0.11249207613421693,-2.3618043669643356,0.018186236399130536,0.11146153668418957,,ZNF600
ENSG00000023892,22.079554666232323,0.15040668170710275,0.06374412460743213,2.3595379595120574,0.018297708761855404,0.11190971117595717,,DEF6
ENSG00000146757,9.060755712201711,-0.3033143942772427,0.12858158220687996,-2.358925664713227,0.018327926684427603,0.11190971117595717,,ZNF92
ENSG00000143753,8.243999553460716,-0.22866758226146705,0.09694467919524624,-2.3587429878532205,0.01833695059481249,0.11190971117595717,,DEGS1
ENSG00000165782,8.60370459288344,-0.21665992794650712,0.09192823167569915,-2.3568377635156916,0.01843129732850669,0.11232707540908231,,PIP4P1
ENSG00000105483,30.32087746441838,-0.13749514868033338,0.05835780495236283,-2.3560712880234265,0.018469372885100685,0.11240081079301079,,CARD8
ENSG00000143977,61.39055634710024,0.11887653703624122,0.05048025670969433,2.3549114997549516,0.018527117597740658,0.11259387337840425,,SNRPG
ENSG00000170345,389.30631897517304,-0.30890773652470205,0.13127785378123438,-2.353083384799052,0.01861845843159177,0.11299027999088021,,FOS
ENSG00000169554,59.12692961760118,0.1387548646536866,0.05902509396429959,2.3507775309533656,0.018734230986261674,0.11353136910772833,,ZEB2
ENSG00000131669,12.270444334196446,-0.21300057023792537,0.0906471187742023,-2.3497776114484092,0.018784630487838034,0.11353136910772833,,NINJ1
ENSG00000107485,21.687443226960855,0.19782672660557699,0.08419962013341013,2.3494966639057315,0.0187988125692289,0.11353136910772833,,GATA3
ENSG00000130175,19.805113290803938,-0.15365190998877495,0.06540538082578609,-2.3492243000318656,0.01881257029125057,0.11353136910772833,,PRKCSH
ENSG00000116251,475.8325250143363,-0.071147210647861,0.030300561938267356,-2.348049214163496,0.018872027573074594,0.11360614525286217,,RPL22
ENSG00000153147,21.313272525118936,0.19098438368409262,0.08134119195106561,2.3479417882023137,0.01887747132812755,0.11360614525286217,,SMARCA5
ENSG00000111913,76.32008454113952,0.1515487742074238,0.0645760457553669,2.3468264808522843,0.0189340701426277,0.11378850209326395,,RIPOR2
ENSG00000143669,38.81807308638251,0.21253048824425816,0.09064281805622783,2.3447030090395096,0.019042240898313433,0.11427985626491294,,LYST
ENSG00000125148,155.14033714613305,0.27756840858774745,0.118460956159122,2.3431214603308224,0.019123156501464796,0.11460650717706118,,MT2A
ENSG00000162244,755.1543423259848,-0.07043927505447664,0.030074176295836696,-2.342184682352476,0.019171225786568793,0.11463930646403046,,RPL29
ENSG00000254087,20.073772288785264,0.17784647532203143,0.07598059197251683,2.340682938958423,0.019248505764056557,0.11463930646403046,,LYN
ENSG00000162236,13.787306641491435,-0.17242787947565508,0.07368565737304468,-2.3400467013914676,0.01928132868247495,0.11463930646403046,,STX5
ENSG00000267855,17.124058673089824,0.21480704418394803,0.09181727532724696,2.339505756605736,0.019309273996083582,0.11463930646403046,,NDUFA7
ENSG00000243147,52.82819758258245,-0.1038652881147932,0.04439682836100954,-2.3394754073471256,0.019310842892801924,0.11463930646403046,,MRPL33
ENSG00000139597,25.50956063615007,-0.16431861693581284,0.07023914693918724,-2.339416466405539,0.019313890147099125,0.11463930646403046,,N4BP2L1
ENSG00000133818,15.209434567060676,-0.17988511402945287,0.07689328059224457,-2.3394126592590205,0.019314086991513338,0.11463930646403046,,RRAS2
ENSG00000117118,20.064306175533584,-0.14784276635557106,0.0632478364400468,-2.337514999358319,0.019412421945838212,0.11503341131718564,,SDHB
ENSG00000100836,22.827661863359552,0.16672427066941056,0.0713427762357699,2.336946772556605,0.019441951902792822,0.11503341131718564,,PABPN1
ENSG00000099797,45.328314634161366,0.15586927082939195,0.06670786085877348,2.336595250136729,0.019460239677416197,0.11503341131718564,,TECR
ENSG00000172086,12.50919321830547,0.2088971701750765,0.0894351099318568,2.3357400727101614,0.01950479261433785,0.115139478365948,,KRCC1
ENSG00000188554,10.067794989688135,0.20807649646830528,0.08913796862656495,2.334319478829745,0.019578999525166108,0.1154200694078934,,NBR1
ENSG00000132780,26.46765328862418,0.15905759092266483,0.0681543803362812,2.333783832203553,0.019607043808244545,0.11542813409289,,NASP
ENSG00000122435,8.060307792661115,0.24117740039267238,0.10338881550964477,2.3327223472269476,0.01966272252637727,0.11559864180928592,,TRMT13
ENSG00000144021,11.059546571678641,0.2104835103986456,0.09026005578247327,2.3319674309299216,0.019702404590100347,0.11560446200395912,,CIAO1
ENSG00000113141,63.126971593729444,0.11198605790134368,0.0480328539223342,2.3314470983218567,0.01972979649563883,0.11560446200395912,,IK
ENSG00000196284,8.8128254812263,0.24828405036640994,0.10650573387084228,2.331180128456744,0.019743863513040395,0.11560446200395912,,SUPT3H
ENSG00000198960,12.790089726444526,0.19302055596686649,0.08286298119483501,2.329394298679876,0.019838186831102646,0.11599977624078534,,ARMCX6
ENSG00000107262,28.519038597882755,0.12906201873899867,0.05542387730156544,2.328635689574055,0.019878373686606828,0.11607789870708198,,BAG1
ENSG00000149823,17.890284675097703,-0.1588037790445976,0.06824108941668686,-2.3270991187571175,0.01995999041344083,0.11639741040290899,,VPS51
ENSG00000009954,15.99884007809439,0.20454325246664473,0.08795090780041248,2.325652543926163,0.020037094064416797,0.1166897792957355,,BAZ1B
ENSG00000101365,28.63128261914484,-0.1235613894479562,0.053145213742192526,-2.3249768087744003,0.020073200306855155,0.11674292705344388,,IDH3B
ENSG00000115762,11.319402975777551,0.18984822592322373,0.08186850353603624,2.3189409568193438,0.020398237975592766,0.11819631001915161,,PLEKHB2
ENSG00000131467,8.514363286240147,0.21897022010846007,0.09446745337326642,2.317943506355036,0.02045239155786177,0.11819631001915161,,PSME3
ENSG00000105058,27.122745050672165,-0.12884111958550615,0.05558704365337915,-2.3178264415159964,0.020458755456829635,0.11819631001915161,,FAM32A
ENSG00000154451,17.463385789913655,0.21171329742261993,0.09134423485330471,2.3177521576772,0.020462794583286016,0.11819631001915161,,GBP5
ENSG00000105374,2680.967182169141,0.06488848233497192,0.027998711413822548,2.317552453608184,0.020473656786471853,0.11819631001915161,,NKG7
ENSG00000232442,9.993181970225226,-0.23104725683549765,0.09971918938266627,-2.3169788910825178,0.020504881677448492,0.11819631001915161,,MHENCR
ENSG00000176845,18.563364655125895,-0.31520436616388925,0.13605126689620053,-2.3168058141227927,0.02051431218497408,0.11819631001915161,,METRNL
ENSG00000164919,230.78438680170072,0.06576643609822606,0.02841583292859778,2.3144292924117846,0.02064418564332448,0.11878642457269285,,COX6C
ENSG00000136810,61.02092403371513,0.10972518821859657,0.04743358473473009,2.3132383696536767,0.020709537060020693,0.11892105109108021,,TXN
ENSG00000128245,18.101629919710298,0.1837099421353263,0.07942490830872156,2.3130016269109537,0.020722549693245777,0.11892105109108021,,YWHAH
ENSG00000180992,26.874854362683166,0.16395114459459081,0.07096166512518198,2.3104185098442667,0.020864995304153613,0.11957991348486448,,MRPL14
ENSG00000165644,10.332816343881163,0.21701931152656465,0.09402712078553954,2.308050163755946,0.02099634657433389,0.12017057072154912,,COMTD1
ENSG00000197746,90.67864551049412,-0.10464738665798404,0.045358395002232224,-2.307122786263359,0.02104797600309842,0.12017057072154912,,PSAP
ENSG00000163156,23.52490455382003,-0.13388884836640644,0.058034356313249005,-2.3070618315075575,0.021051373378075857,0.12017057072154912,,SCNM1
ENSG00000109971,105.49121174388829,0.12497177072703515,0.0541883416275089,2.306248299423742,0.021096762176147768,0.12027100123345374,,HSPA8
ENSG00000101132,33.01869842737844,-0.11973294381904864,0.052101497892471454,-2.2980710471348997,0.021557745797595618,0.12269232937405918,,PFDN4
ENSG00000100519,20.25788715988323,0.15602587033711135,0.06790489168104892,2.297711791809771,0.021578197978659355,0.12269232937405918,,PSMC6
ENSG00000105379,22.55143266147253,0.14730616457542126,0.06419283413080057,2.2947446793713353,0.021747760662668095,0.12349417373669928,,ETFB
ENSG00000129235,20.383775399953656,0.15035566180309634,0.06555278849770173,2.293657756578392,0.0218101650198698,0.12368621761595887,,TXNDC17
ENSG00000117054,11.373871986117393,0.21758418329591084,0.09489174719035672,2.2929726740032312,0.021849578219294685,0.12374754575247134,,ACADM
ENSG00000025293,21.568911479931607,0.19660236808629317,0.08576738108022294,2.292274354307265,0.021889816727797044,0.12381338167474225,,PHF20
ENSG00000135655,38.75510301153732,0.15047707030319005,0.06569723432888962,2.2904627849306505,0.021994503531952116,0.12424310284955198,,USP15
ENSG00000075790,10.640870837846046,0.19450856637924005,0.08496465263280825,2.2892880786536933,0.022062619901747453,0.12446539284858049,,BCAP29
ENSG00000168439,12.396099951908955,0.19276118033760198,0.08430886247658491,2.2863691274584275,0.022232672866022627,0.12526142642093738,,STIP1
ENSG00000182196,107.15959802675356,-0.07891206520290805,0.03452321624078704,-2.2857680655395702,0.022267830854218608,0.12528708877746175,,ARL6IP4
ENSG00000111361,11.236169432742688,-0.20023070717749902,0.08761674570407117,-2.2853018058190124,0.022295137129338005,0.12528708877746175,,EIF2B1
ENSG00000198417,9.540063536681462,0.24658670871606828,0.10796769391204858,2.283893447950643,0.0223777937982812,0.12558847440358334,,MT1F
ENSG00000168137,12.605460410764731,0.1930767195220605,0.08458719653100188,2.282576175122394,0.022455345682707926,0.1258604673174575,,SETD5
ENSG00000160570,16.92287827502384,-0.16489351521632534,0.07229045921369517,-2.2809858591282377,0.022549283664796214,0.1261273344787088,,DEDD2
ENSG00000076554,14.851538748989691,-0.2305457073395216,0.10109852655492048,-2.2804062056659213,0.02258360790981383,0.1261273344787088,,TPD52
ENSG00000163541,22.572986523318544,0.15210770602254806,0.06670537771760086,2.280291503130383,0.02259040541275695,0.1261273344787088,,SUCLG1
ENSG00000168303,16.674692716843865,0.1586584831671511,0.06964120523966202,2.278227130348284,0.022713048645957596,0.1266486617152816,,MPLKIP
ENSG00000124596,17.41434730457421,0.16611697966842862,0.07293705445373956,2.277538912320466,0.022754063688439054,0.12671407153137165,,OARD1
ENSG00000102226,9.864618587792853,0.21563533551973332,0.09471841605532491,2.276593554877237,0.02281050811705844,0.1268507624696869,,USP11
ENSG00000187764,17.404802395250748,0.19881225317784965,0.08734598205908815,2.2761465208938443,0.022837241498471484,0.1268507624696869,,SEMA4D
ENSG00000120129,302.8459935757056,-0.2633690961081052,0.1157737648134721,-2.2748599091722554,0.022914334997950328,0.12711580453350138,,DUSP1
ENSG00000105401,48.43349381303033,-0.09505014557087699,0.04180451365854462,-2.2736814102715734,0.022985148675058128,0.12734537556591102,,CDC37
ENSG00000168028,490.44117330128523,-0.0937303282345679,0.04132115840721536,-2.2683373808368597,0.023308651219854933,0.12895407019574254,,RPSA
ENSG00000213741,1973.8656735346103,-0.11127942989492705,0.04907038417954084,-2.2677513485073413,0.023344366229707595,0.12895407019574254,,RPS29
ENSG00000198604,34.05088115037585,0.11608554934853524,0.05120040307402021,2.267278036477776,0.023373246310127223,0.12895407019574254,,BAZ1A
ENSG00000111679,35.76744932655661,0.17357857161652498,0.0765700052988494,2.266926467342602,0.02339471807341296,0.12895407019574254,,PTPN6
ENSG00000162441,9.72741601529742,0.21539794330710646,0.09508329798949361,2.2653604561645224,0.02349056889008858,0.12931767377533496,,LZIC
ENSG00000156171,14.597910843427941,-0.16502624087305412,0.07287062277675121,-2.264647049588609,0.02353434723230999,0.12932948873323424,,DRAM2
ENSG00000263934,8.54552000558974,0.4651313158372443,0.2054147854597908,2.264351686253335,0.023552492979382618,0.12932948873323424,,SNORD3A
ENSG00000123684,15.524432100032268,0.19705731301919804,0.08711743647515843,2.261973274149188,0.02369905457292971,0.1299693398441912,,LPGAT1
ENSG00000159658,16.210460708729798,0.17465279126823394,0.07724371480259574,2.26106152085742,0.02375544772648829,0.12997447830143904,,EFCAB14
ENSG00000103653,29.015221981001115,0.1512266754223916,0.06688525026438238,2.260986911533208,0.023760067560997983,0.12997447830143904,,CSK
ENSG00000163453,100.21368386330661,0.17562699677740282,0.07769610547991043,2.2604350075540656,0.023794265854955608,0.12999720751817287,,IGFBP7
ENSG00000136936,22.734482656106003,-0.14668741156378293,0.06495039890836987,-2.258452819831411,0.02391744285478793,0.1302814982708844,,XPA
ENSG00000119048,35.5251092455309,-0.12263932719486752,0.054303238354958254,-2.258416457472093,0.02391970763857013,0.1302814982708844,,UBE2B
ENSG00000155090,13.063037341322236,0.2416961355217219,0.10703621572115597,2.258078108360758,0.023940790205934155,0.1302814982708844,,KLF10
ENSG00000141968,8.72251166772164,0.2229846993313874,0.0987724571647169,2.2575595032482507,0.023973135823574306,0.1302814982708844,,VAV1
ENSG00000100591,20.34006538864562,0.16190485319977627,0.0717288264194894,2.2571797320774953,0.023996846342014065,0.1302814982708844,,AHSA1
ENSG00000094916,8.985546776494285,0.24535520390134655,0.1089208751282636,2.252600372632151,0.024284357609413516,0.13167721225054171,,CBX5
ENSG00000127993,8.038822273103747,-0.2390495436908864,0.10621906474353916,-2.250533313092711,0.024415111271642035,0.13198432850690622,,RBM48
ENSG00000111897,18.342179049022008,0.1624889412455939,0.07221539334747164,2.250059630136777,0.024445160284451196,0.13198432850690622,,SERINC1
ENSG00000131473,8.283785545016654,0.22500763228921766,0.10001401902502198,2.2497609283446973,0.02446412549458077,0.13198432850690622,,ACLY
ENSG00000106399,20.161332582570246,0.1601819685846781,0.0712213518254076,2.249072286318701,0.02450789742574779,0.13198432850690622,,RPA3
ENSG00000185527,7.966150654648976,-0.25552368780127793,0.11362792389826287,-2.248775468520061,0.02452678487870659,0.13198432850690622,,PDE6G
ENSG00000112701,14.186733484268006,0.19324555486292833,0.08593974958768909,2.2486166854110876,0.024536893926104305,0.13198432850690622,,SENP6
ENSG00000001631,10.358556104448162,0.20163769536834517,0.08968291743855145,2.248340053238148,0.024554514547737348,0.13198432850690622,,KRIT1
ENSG00000137947,13.375797766780009,-0.2312552251120855,0.1029046340545711,-2.247277075874436,0.024622324993481496,0.1320370737552444,,GTF2B
ENSG00000065154,10.775771025432144,-0.1879212021105582,0.08362349855938397,-2.2472296106710816,0.024625356718392007,0.1320370737552444,,OAT
ENSG00000134539,278.2601444620622,0.11971121938343356,0.0532852441969736,2.24661106817697,0.024664894199097336,0.1320853925736314,,KLRD1
ENSG00000057757,19.831185592055377,-0.13257652825160313,0.059060018275088326,-2.244776282223473,0.024782498108737533,0.13241049473622504,,PITHD1
ENSG00000047410,46.430272129001125,0.14657932682471173,0.06532045571166457,2.244003432427621,0.024832180498940714,0.13241049473622504,,TPR
ENSG00000111707,8.737410077186262,0.22774326763125663,0.1014942519672428,2.243903109949129,0.02483863601707566,0.13241049473622504,,SUDS3
ENSG00000221821,15.600320194963805,-0.16703787408964255,0.07444559913807952,-2.243757536020707,0.024848005945415932,0.13241049473622504,,C6orf226
ENSG00000161203,57.12749282277281,-0.09613172421635922,0.0428884828922784,-2.2414344768923193,0.02499794536081707,0.13302738712040532,,AP2M1
ENSG00000128590,17.342568138616777,-0.18690358782540042,0.08340139955017842,-2.2410126069041563,0.02502525840443955,0.13302738712040532,,DNAJB9
ENSG00000114503,16.346797915053127,0.1507459665203909,0.06730367891696241,2.239787912728775,0.02510469496124912,0.13328590809487723,,NCBP2
ENSG00000131116,38.140126108811884,-0.10792245761064,0.04824606379183737,-2.236917359233338,0.025291741771629916,0.1341144199091209,,ZNF428
ENSG00000131876,19.550181097916365,-0.14657174980607027,0.06556400357104565,-2.235552160069725,0.02538112129512705,0.13442363750797398,,SNRPA1
ENSG00000137876,94.66568509207256,-0.11232836697281796,0.05032029235536067,-2.2322677733976146,0.02559727046682524,0.1352649575792964,,RSL24D1
ENSG00000164898,14.920996477970185,0.16591798313006434,0.07432973093088896,2.2321886686813546,0.02560249601512451,0.1352649575792964,,FMC1
ENSG00000130813,29.559290755987327,0.13964706785354042,0.06260607615101399,2.23056732571282,0.025709803164556292,0.13566624182077447,,SHFL
ENSG00000143183,39.02917301616663,0.12314290377543813,0.05523994471598985,2.229236549901777,0.025798169845137615,0.13596672462839277,,TMCO1
ENSG00000125995,48.85211571482763,0.11716107142844467,0.05257050306455026,2.2286465717207418,0.025837429759952225,0.13600226027589193,,ROMO1
ENSG00000008128,37.92316187763422,-0.16393012484347305,0.07357094507515052,-2.228191097396171,0.025867774487418317,0.13600226027589193,,CDK11A
ENSG00000160710,44.603960572234726,0.1616211550089071,0.07258465335451829,2.226657392982458,0.0259701800389241,0.13637496241313662,,ADAR
ENSG00000037241,10.396703068164694,0.1905394634844505,0.08559380228656698,2.2260894877239683,0.026008187936114972,0.13640900509038725,,RPL26L1
ENSG00000197070,12.129255177457793,0.17983498674268364,0.0809173129715529,2.222453763459817,0.026252655419242866,0.13752450363082794,,ARRDC1
ENSG00000132406,8.043679999885875,0.22217610384899003,0.10000412982015029,2.2216692875439903,0.026305663581600153,0.1376355578205367,,TMEM128
ENSG00000101158,16.59889993662647,-0.17773798435693422,0.08007906568903492,-2.2195311949209167,0.026450607383384776,0.13822678520278495,,NELFCD
ENSG00000006625,11.015245847889979,0.18442407018105836,0.0831701189447873,2.2174318435625753,0.026593595702287046,0.13880637949794458,,GGCT
ENSG00000144579,26.35943490904754,-0.11977907532288046,0.05410528892593196,-2.2138145401432636,0.02684153943342539,0.13983301348226765,,CTDSP1
ENSG00000172869,8.833889750552707,-0.22222523037271602,0.1004115068192204,-2.2131450608823897,0.02688764632792629,0.13983301348226765,,DMXL1
ENSG00000267519,15.669744531208865,-0.49041609316165347,0.2216845685757385,-2.212224767436182,0.026951138339920654,0.13983301348226765,,MIR23AHG
ENSG00000219626,8.74303244116597,-0.20911972879200613,0.09454273484522864,-2.2119069131472235,0.026973097493887484,0.13983301348226765,,FAM228B
ENSG00000131100,26.23948081043761,0.1283927667599757,0.05804993509987058,2.211764174052659,0.02698296373424744,0.13983301348226765,,ATP6V1E1
ENSG00000004455,11.187757017755061,0.17983519685156768,0.0813145564413543,2.2115990632165405,0.026994380213306374,0.13983301348226765,,AK2
ENSG00000166598,108.39966087218741,0.10853206786440847,0.049081121116032286,2.2112793146641594,0.027016500871545127,0.13983301348226765,,HSP90B1
ENSG00000054282,7.353216947618034,0.23040947106644596,0.10424850224449128,2.2101945457793977,0.027091663352612656,0.1399173316426095,,SDCCAG8
ENSG00000123505,25.93636245778745,-0.18383542693564942,0.08318185958462432,-2.21004228390237,0.02710222784772137,0.1399173316426095,,AMD1
ENSG00000146414,9.878387341559097,0.22456657740182934,0.1016301542478582,2.2096451497470984,0.027129799225363845,0.1399173316426095,,SHPRH
ENSG00000163807,22.497673280239702,-0.15296215165286828,0.06925904068695406,-2.208551405501649,0.027205858534324747,0.1400011876759274,,KIAA1143
ENSG00000101084,59.8359027879805,-0.1700893437319424,0.07701644392417463,-2.2084808784394316,0.02721076931718395,0.1400011876759274,,RAB5IF
ENSG00000115756,15.48989777694954,-0.16646832947788703,0.07550134382987087,-2.2048392920395488,0.027465373753160736,0.14082766627867424,,HPCAL1
ENSG00000122033,19.747229268447768,0.1662832544484719,0.07541930188182543,2.204783792735463,0.027469269876958222,0.14082766627867424,,MTIF3
ENSG00000179295,9.000553591563692,0.24328831127558834,0.11035920003636836,2.2045131823664343,0.027488273909885317,0.14082766627867424,,PTPN11
ENSG00000087502,11.60891895240856,0.2031817549762052,0.09217419286675903,2.204323668664085,0.02750158955522989,0.14082766627867424,,ERGIC2
ENSG00000171522,16.38901255381842,0.2662172170354938,0.12089677796544074,2.202020777688501,0.02766384081744676,0.1412578294853568,,PTGER4
ENSG00000126804,25.86725461909165,-0.20563432175043142,0.09339952318095203,-2.2016635069114425,0.027689086325258606,0.1412578294853568,,ZBTB1
ENSG00000056050,13.121580848234714,0.18596646175138473,0.08447243785855091,2.201504614591396,0.027700320373670487,0.1412578294853568,,HPF1
ENSG00000138592,15.285401568944403,-0.1826645839823973,0.08298105994408451,-2.201280438035896,0.02771617685072058,0.1412578294853568,,USP8
ENSG00000066583,8.045057951626749,0.20711180007358704,0.09416975806617323,2.1993451435656155,0.027853390038711696,0.14179013964412412,,ISOC1
ENSG00000261740,17.108132935469495,0.17938842391325474,0.08158316951981619,2.198841071866938,0.027889224927177346,0.1418057300351309,,BOLA2-SMG1P6
ENSG00000185115,15.778448449139294,-0.1720118106675071,0.07826720536999678,-2.1977507674427166,0.027966871591165208,0.14203096723267825,,NSMCE3
ENSG00000120616,62.1678197333169,-0.12605011326978016,0.05737018819711118,-2.197136129947841,0.02801072544085949,0.14203096723267825,,EPC1
ENSG00000117280,28.228724046342716,0.1475334540310857,0.06716790287387439,2.1964874250744293,0.028057074249786165,0.14203096723267825,,RAB29
ENSG00000171960,17.505315880017427,-0.14074551580985345,0.06408974234740533,-2.196069303055195,0.02808698334586898,0.14203096723267825,,PPIH
ENSG00000173436,71.69095461472382,0.09044565704025556,0.04118804074236144,2.195920354794474,0.028097644546145734,0.14203096723267825,,MICOS10
ENSG00000243449,15.424909604942227,0.19719394915643318,0.08986397499357184,2.19436041161699,0.028209509576496077,0.1424018294550706,,NICOL1
ENSG00000067533,7.88759745890965,0.2327004351541443,0.1060821572969577,2.193586943209891,0.028265117923664488,0.1424018294550706,,RRP15
ENSG00000116497,7.630418571859231,0.24487097528497917,0.11163366405741616,2.193522691856065,0.028269741507258063,0.1424018294550706,,S100PBP
ENSG00000168724,8.852034127227697,0.21343954029191622,0.09734177832196257,2.1926817443786035,0.028330316933034866,0.14241778438186806,,DNAJC21
ENSG00000166226,20.89636724191594,0.13598078215985002,0.062019043099795834,2.1925649826786455,0.02833873638844197,0.14241778438186806,,CCT2
ENSG00000159069,27.85108476634638,-0.1244663686830596,0.05682708008245536,-2.1902650726108135,0.02850501834382508,0.14308725565398042,,FBXW5
ENSG00000103152,25.42720419642282,0.1250676137127148,0.0571474668630767,2.188506692910332,0.028632714275428343,0.143517068922693,,MPG
ENSG00000166289,21.04790316593675,-0.18545338236922349,0.08475260147287948,-2.188173332101999,0.02865697886508129,0.143517068922693,,PLEKHF1
ENSG00000140526,10.493177710331548,0.22460524357252049,0.10270167550811697,2.1869676659244854,0.028744884514194807,0.14379088473170049,,ABHD2
ENSG00000107438,8.971235331350108,0.23085037438125353,0.10559287514109862,2.186230596266835,0.028798738868258757,0.14389392965699266,,PDLIM1
ENSG00000063046,41.22265324506975,-0.13295064402492457,0.060862513585292245,-2.1844422156276635,0.028929769007260443,0.1442476650100894,,EIF4B
ENSG00000164258,22.40043921053308,0.13104957093512626,0.060011898534965885,2.183726463157474,0.028982354008008974,0.1442476650100894,,NDUFS4
ENSG00000172270,73.85680419258964,-0.09665222840546435,0.04426692504389498,-2.1833960300975104,0.029006658055567607,0.1442476650100894,,BSG
ENSG00000145990,13.836080865202888,0.23446874487106126,0.10740487542687009,2.1830363280920753,0.029033134836331437,0.1442476650100894,,GFOD1
ENSG00000133773,35.12367484440516,-0.15902939287000203,0.07284919682733552,-2.182994456986638,0.029036218216729342,0.1442476650100894,,CCDC59
ENSG00000134884,122.06811206262782,-0.09775854972952329,0.0448161498024878,-2.1813241467721216,0.02915944964530271,0.14469373694406518,,ARGLU1
ENSG00000149600,39.09585755660025,-0.0996604886629424,0.04570014503925203,-2.18074775424331,0.029202078812410628,0.14473928410229187,,COMMD7
ENSG00000243279,9.272062956730755,-0.1847150176544005,0.08473685050297503,-2.1798664519389392,0.029267362352714554,0.1448968843251669,,PRAF2
ENSG00000120992,22.548136906279037,0.16448930976990495,0.07552646689950615,2.177902879910572,0.0294132680658583,0.14543873114827102,,LYPLA1
ENSG00000169967,11.870939587050163,0.22517675077781157,0.10341115605121692,2.1774899283234705,0.029444032467271876,0.14543873114827102,,MAP3K2
ENSG00000148290,21.686436086806236,-0.14489767703144132,0.06661471177222045,-2.175160308835357,0.029618105372110556,0.14613174680173588,,SURF1
ENSG00000075415,69.47215921925964,0.09532567690344555,0.043847015718967666,2.1740516507309042,0.029701256427881455,0.14634307606656644,,SLC25A3
ENSG00000171634,34.555520893070934,0.17086696401432208,0.07860694329603905,2.1736879320039906,0.02972857958458791,0.14634307606656644,,BPTF
ENSG00000177868,11.721960672352195,-0.17190798305724014,0.07911493190314228,-2.172889224852032,0.02978865564807599,0.14645483753839195,,SVBP
ENSG00000162434,226.93426740038427,-0.12305578975421032,0.05664282935350259,-2.1724866352672936,0.02981897662845466,0.14645483753839195,,JAK1
ENSG00000099968,8.794167625562581,-0.21055768200162295,0.09696623713760777,-2.171453572059459,0.029896903076101253,0.1466710879935262,,BCL2L13
ENSG00000205809,20.110522182206964,-0.4674386544076565,0.2154404049891235,-2.1696888957818987,0.03003042182758854,0.14715926981650693,,KLRC2
ENSG00000172809,615.1187438053637,-0.08659070125435495,0.03992082308494942,-2.169061020362593,0.03007805153270985,0.14722593776248363,,RPL38
ENSG00000143184,44.494716047527774,0.3432207840376373,0.1585165780148835,2.165204348566063,0.030372039477926605,0.14819214621582663,,XCL1
ENSG00000180376,25.64974846175724,0.15467760268200315,0.07144972738301933,2.1648452464041683,0.03039953847136692,0.14819214621582663,,CCDC66
ENSG00000163946,12.362946466470762,0.19654714139534357,0.0908016732984981,2.1645762049915276,0.03042015488864385,0.14819214621582663,,TASOR
ENSG00000162585,34.16894231278195,-0.1154434905140797,0.05333392509139089,-2.164541430548386,0.030422820501335504,0.14819214621582663,,FAAP20
ENSG00000119632,51.000707192628006,0.11869465518631486,0.05484382207243833,2.1642301849338956,0.030446687771173993,0.14819214621582663,,IFI27L2
ENSG00000162704,120.12977494708177,0.08469124197709203,0.03914613017898306,2.163463964122855,0.030505512483821124,0.14831163204212808,,ARPC5
ENSG00000271869,33.63726653905316,-0.18669671775508312,0.08637550882249927,-2.161454332370335,0.03066026099003593,0.14869405467186975,,DCTN6-DT
ENSG00000053254,29.096828654118465,-0.13774496282380327,0.06372973148777653,-2.161392486805362,0.030665033982505318,0.14869405467186975,,FOXN3
ENSG00000166170,11.385503903918725,-0.21925502703733366,0.1014550761242288,-2.161104553988627,0.030687263883055163,0.14869405467186975,,BAG5
ENSG00000058272,47.878546036594614,0.12122286508666064,0.05611164375049848,2.1603869889408425,0.030742723835575043,0.14879615887755393,,PPP1R12A
ENSG00000005175,9.73283310489984,0.24140261931581342,0.11182933206502792,2.158669955888135,0.030875781233276094,0.14927319038702308,,RPAP3
ENSG00000198712,2262.988534494665,-0.09745796004894422,0.045170063872371394,-2.1575785308675446,0.030960615384097473,0.14951627540958679,,MT-CO2
ENSG00000158805,17.157927641030835,-0.16023153109137803,0.07428044215362727,-2.1571160112373344,0.030996626369994798,0.14952330245592807,,ZNF276
ENSG00000057657,28.86227367569373,0.2454447603021306,0.11384696627629164,2.1559183202692327,0.031090043666110498,0.14980692532657028,,PRDM1
ENSG00000213203,18.553858292104696,0.24505785623159373,0.11372977942233976,2.1547378134056014,0.031182356990610192,0.1499298058669283,,GIMAP1
ENSG00000167851,50.296995981365576,-0.1588618883231134,0.07372787086488795,-2.1547060353097693,0.031184845223072674,0.1499298058669283,,CD300A
ENSG00000113811,89.06088671291153,-0.11334161802247265,0.05263421257573953,-2.1533829894268184,0.03128859135509528,0.15010772736067446,,SELENOK
ENSG00000124702,14.613596116893099,-0.1457884676715138,0.0677031196152594,-2.1533493360423375,0.03129123412972692,0.15010772736067446,,KLHDC3
ENSG00000124575,33.78354190211812,0.3505605113811433,0.1629304417409729,2.151596151310171,0.03142917552409555,0.1506024833806882,,H1-3
ENSG00000163947,18.702589089111253,0.19094306772505878,0.08876379257687736,2.1511368789214935,0.031465397398856426,0.1506092638770484,,ARHGEF3
ENSG00000243927,41.42328997207501,0.15729175430265152,0.07322852295511648,2.1479574891748046,0.0317171327087327,0.1516464455587695,,MRPS6
ENSG00000117133,26.97508612802818,-0.14506572774507795,0.0676294649640992,-2.1450077687600433,0.031952225851334795,0.1525379169043171,,RPF1
ENSG00000197728,581.3145725498165,-0.32371178686347585,0.15093327662573142,-2.1447343760129356,0.03197409074005445,0.1525379169043171,,RPS26
ENSG00000133858,18.028731758589807,0.20671812520010366,0.09656917772611215,2.1406221950692594,0.032304517446781714,0.15386624030912732,,ZFC3H1
ENSG00000110917,19.249394693436017,0.15768849613515473,0.07368429870015523,2.1400556009474854,0.03235027361508225,0.15386624030912732,,MLEC
ENSG00000079785,14.611848905642878,0.1607308497155902,0.07510980098620333,2.1399450884594184,0.0323592046871518,0.15386624030912732,,DDX1
ENSG00000198856,45.555825976012194,0.10459544333848145,0.048948573086492614,2.1368435634203324,0.032610717554421076,0.15489195922939628,,OSTC
ENSG00000117362,26.412693405315867,-0.1182638861389174,0.05547036054109862,-2.1320194241624653,0.03300524977057153,0.15659398657594628,,APH1A
ENSG00000114850,18.948290683618676,0.1400276491763791,0.06569830807631026,2.131373748829778,0.03305836375941571,0.15667419494741708,,SSR3
ENSG00000047056,8.433250416860018,-0.23486372243176037,0.11023478470814196,-2.130577231620549,0.03312398695378578,0.15674734083334319,,WDR37
ENSG00000167083,13.472391471324684,0.1603114482811788,0.07525273263226141,2.13030733467946,0.0331462484082526,0.15674734083334319,,GNGT2
ENSG00000233016,20.05374619347771,-0.23377930500090932,0.10985759049442881,-2.1280214134385638,0.0333353082034513,0.15746929977765695,,SNHG7
ENSG00000109736,21.41080306298932,-0.14128026976693214,0.06644547262723302,-2.126258783040512,0.03348171794230378,0.15798843351837344,,MFSD10
ENSG00000203880,9.840182070853764,-0.20500497053931188,0.0964511665967109,-2.125479429362369,0.03354662873884853,0.1581222903627425,,PCMTD2
ENSG00000163634,37.29556070169518,0.11673187743709516,0.05502520194996264,2.1214256976875014,0.0338859946103284,0.15954809431870617,,THOC7
ENSG00000173486,40.01683405263251,0.12317684851552262,0.058103031493572634,2.1199728370308604,0.034008336074546765,0.15995007629843896,,FKBP2
ENSG00000156127,12.631479231706047,0.226086480348406,0.1067196757076803,2.1185079400699043,0.034132073184303516,0.16025879145083483,,BATF
ENSG00000127837,16.585904560940612,0.14689893399263054,0.06935598753726605,2.1180425686203295,0.0341714626950137,0.16025879145083483,,AAMP
ENSG00000189403,344.5103773760997,-0.06229569956314146,0.02942260399221968,-2.1172734942024345,0.03423664308791591,0.16025879145083483,,HMGB1
ENSG00000138326,1106.384661192336,-0.07112089918259841,0.03359341377725025,-2.117108420542901,0.034250647209316074,0.16025879145083483,,RPS24
ENSG00000164096,99.96412942220897,0.07866105141110545,0.0371602386008715,2.1168069520754007,0.034276235098556894,0.16025879145083483,,C4orf3
ENSG00000141867,16.276262692054274,0.16748552292372612,0.0791305611229212,2.1165719103590654,0.03429619618291496,0.16025879145083483,,BRD4
ENSG00000134516,17.185765498971676,0.19007678940500078,0.08985819243124729,2.1152972729830193,0.03440461875434198,0.1605920014563514,,DOCK2
ENSG00000184897,28.324656878585934,0.2176343388916086,0.10300456799213079,2.1128610423203282,0.03461266314558735,0.16138900154197894,,H1-10
ENSG00000162852,8.291083151779523,-0.2532904431906995,0.11993840470020464,-2.1118376872180233,0.034700373565310236,0.16162380669224694,,CNST
ENSG00000160410,22.878013451805685,-0.12165586912328953,0.05762132334607238,-2.1112994644817005,0.034746580054476235,0.16165993810501617,,SHKBP1
ENSG00000246705,32.52374167237242,-0.1380027331578044,0.06537695375331658,-2.1108773846900672,0.03478285240946847,0.16165993810501617,,H2AJ
ENSG00000160305,28.87617481418114,0.2784371965975548,0.13201177766512873,2.109184510065913,0.03492865842595992,0.16216341739176887,,DIP2A
ENSG00000138757,33.15190359870818,0.1395310041778566,0.06617087350255804,2.1086468530971194,0.034975075472087336,0.1622048784219956,,G3BP2
ENSG00000164081,25.20618644821554,0.12986695328681258,0.06164049714703417,2.1068446767558417,0.03513104541272643,0.1627537831915067,,TEX264
ENSG00000141522,54.70115721205664,-0.09956608556411227,0.04730994448529268,-2.1045487718774334,0.035330604901551876,0.1632118481994112,,ARHGDIA
ENSG00000168003,24.553679535405248,-0.14640580131007297,0.06957344483883939,-2.104334515118646,0.035349277300505265,0.1632118481994112,,SLC3A2
ENSG00000107290,21.7374064478506,0.16465800254386798,0.07826501291076479,2.1038519821316024,0.03539136071745972,0.1632118481994112,,SETX
ENSG00000068394,7.39345274807023,0.21777671136517882,0.10352113274183602,2.1036932807553086,0.035405210967810505,0.1632118481994112,,GPKOW
ENSG00000149294,20.10979226440451,0.20642742430908717,0.09816640578596324,2.102831642417167,0.03548048896449568,0.1632118481994112,,NCAM1
ENSG00000106443,21.439784517736573,0.1470592905684299,0.06993833919271678,2.102699209988451,0.03549207117072229,0.1632118481994112,,PHF14
ENSG00000130429,153.78631558102347,0.08372222921926277,0.03981796704089477,2.102624404035405,0.035498614936317195,0.1632118481994112,,ARPC1B
ENSG00000106615,22.77094604139627,0.13754617136662484,0.06542817976489798,2.1022466445019146,0.03553167575776412,0.1632118481994112,,RHEB
ENSG00000041353,7.8647721015930685,0.22939103003089795,0.1092082683485407,2.1004914142470534,0.035685635093466804,0.16371915715173857,,RAB27B
ENSG00000104894,128.50167039420285,-0.06850881146559476,0.03263282223432721,-2.0993835891254533,0.03578310016650563,0.16371915715173857,,CD37
ENSG00000117984,94.80515794568551,-0.09384193392792615,0.04470128194698423,-2.099311917703452,0.035789413540527705,0.16371915715173857,,CTSD
ENSG00000067064,37.47445694409929,-0.1824602521650227,0.08691621650914255,-2.0992659309535187,0.035793464909994153,0.16371915715173857,,IDI1
ENSG00000107341,8.59735182107884,0.21144583246472534,0.10091947096951433,2.095193627487393,0.036153783532557,0.16519263077653024,,UBE2R2
ENSG00000092020,18.276218635790247,0.14175057094615506,0.06773668146568208,2.0926707343637903,0.03637855746281947,0.16604432293419813,,PPP2R3C
ENSG00000143149,10.863691365679303,0.18302864024916998,0.08748835827650062,2.092034230094034,0.03643545376640002,0.16612877602446036,,ALDH9A1
ENSG00000145781,11.444587293719032,0.16332837994935825,0.07820599166981602,2.088438193315508,0.03675832525484367,0.16742449829232478,,COMMD10
ENSG00000111678,60.97086161154744,0.12904649581914468,0.061820174826735436,2.0874495450850103,0.03684751736371081,0.16765426670113215,,C12orf57
ENSG00000117713,13.783354395093443,0.182625614835464,0.0875938786277398,2.0849129836069267,0.03707719990638472,0.1685221050366877,,ARID1A
ENSG00000106392,16.210218535797576,0.16530827697303535,0.07939794367988474,2.082022144547249,0.037340447059455835,0.16954051881035193,,C1GALT1
ENSG00000172586,12.148763415512217,0.17249173040173654,0.08291772414208587,2.080275745462559,0.037500248154540804,0.1700122259471039,,CHCHD1
ENSG00000129083,14.091916510262989,0.17419850452895158,0.08376396490894944,2.0796353744513354,0.03755898979494557,0.1700122259471039,,COPB1
ENSG00000100201,62.98216608947455,0.12580729594194756,0.060495902559865526,2.079600280654565,0.037562211233055545,0.1700122259471039,,DDX17
ENSG00000106560,17.404167090331793,0.16435750144359496,0.0790695762234963,2.078644015734013,0.03765008218725027,0.17015534737396634,,GIMAP2
ENSG00000023318,24.214606962136468,0.11716896603785973,0.05637458333271697,2.078400568325988,0.03767248042159921,0.17015534737396634,,ERP44
ENSG00000100083,17.86902099938412,-0.19466214946527566,0.09380735235755894,-2.0751267845541097,0.03797478593949163,0.17134191737245075,,GGA1
ENSG00000144848,16.377390730150903,0.1471480499548387,0.0709435332465943,2.074157336418012,0.03806470104157166,0.17156870979883393,,ATG3
ENSG00000133104,7.3863599941549,0.2408090923313149,0.11615710597732982,2.073132679272443,0.03815993345165661,0.17181897195142365,,SPART
ENSG00000138495,51.95069674667379,0.10816136916051712,0.052232733216296644,2.0707583635843645,0.03838138301145934,0.17258994083583437,,COX17
ENSG00000120265,30.582897295002457,0.12343169056996448,0.05961609476658432,2.070442404072897,0.038410934371367805,0.17258994083583437,,PCMT1
ENSG00000197540,202.07291730933986,-0.08572794526657851,0.04144223464572486,-2.0686129982959818,0.03858241719934905,0.17293775766429845,,GZMM
ENSG00000110344,7.453344383022619,0.22577452334391762,0.10917199279903576,2.0680626739087216,0.03863413002794121,0.17293775766429845,,UBE4A
ENSG00000137845,17.594344641195292,0.18664408425288742,0.09025288873984523,2.068012302530179,0.03863886626167561,0.17293775766429845,,ADAM10
ENSG00000170855,16.942596958916063,-0.14088520174351876,0.0681291750249171,-2.067912927053533,0.03864821161575609,0.17293775766429845,,TRIAP1
ENSG00000124356,9.202392875408355,0.1904030989819346,0.09210516810446248,2.0672357794948706,0.038711942294880564,0.1730439817251531,,STAMBP
ENSG00000143621,27.533358017345705,-0.11344105029718371,0.0549106876820616,-2.0659193152709867,0.03883609872543439,0.1732837738788241,,ILF2
ENSG00000144224,44.03936192420075,0.09718619253529416,0.04704489891122705,2.0658178630308655,0.038845680763221486,0.1732837738788241,,UBXN4
ENSG00000158716,22.93171550454112,0.1441485884975733,0.06982873089056717,2.064316315922701,0.03898773503397825,0.1737383413924036,,DUSP23
ENSG00000129315,9.903550440523063,0.20934804676346505,0.10146648515168623,2.063223599896088,0.03909138890998941,0.1740210286147368,,CCNT1
ENSG00000136754,22.106894532347418,0.14388241910151228,0.069752348722056,2.062760921138933,0.039135348602165915,0.17403767050521268,,ABI1
ENSG00000133193,8.567619266251501,0.19760336100711282,0.09586183345240223,2.0613350891648423,0.0392710828207939,0.17446198702831128,,VCF1
ENSG00000144566,15.016768543515399,-0.15428981915250473,0.07491585082738358,-2.059508334331137,0.0394455674477714,0.17488574847501598,,RAB5A
ENSG00000152601,78.67420816328058,0.11002667099910943,0.05343152571167649,2.0592088571984215,0.039474235054777845,0.17488574847501598,,MBNL1
ENSG00000235576,56.39534736677849,0.2171308519680219,0.10545103400759993,2.059068021584057,0.03948772273170571,0.17488574847501598,,LINC01871
ENSG00000104814,8.286953789767795,0.19768960447390105,0.09604974067564857,2.0582002937569737,0.03957091043613443,0.17507497899504465,,MAP4K1
ENSG00000183011,60.32096766342625,0.10616631443743328,0.05160658872782824,2.0572240300042224,0.039664681084852924,0.17521319101306448,,NAA38
ENSG00000071994,24.930356060386,0.11656367919305931,0.05666594972929188,2.0570321286401203,0.03968313547326165,0.17521319101306448,,PDCD2
ENSG00000021762,10.040964328338314,0.20946951869118904,0.10198457284544554,2.0539333827345985,0.039982139792891634,0.1763534341323569,,OSBPL5
ENSG00000054116,20.900539575288132,0.13106719163668826,0.0638873647478086,2.0515354194693716,0.04021483399939597,0.17719917180792907,,TRAPPC3
ENSG00000124614,440.42611767670854,-0.15913041346518916,0.07759412836210194,-2.0508048331001123,0.04028595671205495,0.17721300686010094,,RPS10
ENSG00000136156,240.84767235527588,-0.05724163623865495,0.027913736709721998,-2.050661895751077,0.040299884157693394,0.17721300686010094,,ITM2B
ENSG00000089248,61.46291804126989,-0.0882455639804509,0.04304940986909102,-2.0498669842117905,0.04037741279888889,0.17729794837268759,,ERP29
ENSG00000137500,13.718073431326916,0.16359345923741475,0.07981633237362593,2.049623859833876,0.040401150241615426,0.17729794837268759,,CCDC90B
ENSG00000141526,10.150789515544062,0.21893942700148858,0.10688330734615574,2.048396821146489,0.04052113276990158,0.17751737265685746,,SLC16A3
ENSG00000167658,154.3453587801439,-0.1135237739113313,0.05542412688641714,-2.0482735640379155,0.040533201799162276,0.17751737265685746,,EEF2
ENSG00000230989,18.800019054763723,0.15457011484097677,0.07552294414958727,2.0466643161424147,0.04069105518502675,0.1780285093888885,,HSBP1
ENSG00000170043,116.51869202500401,0.08177312885170675,0.03997560376602774,2.0455758299565594,0.0407981214902581,0.17831663806903716,,TRAPPC1
ENSG00000140455,15.454290618449116,-0.17979819667256905,0.0879199105300128,-2.045022516386572,0.04085263830651391,0.1783747385996828,,USP3
ENSG00000153814,12.073663463205813,-0.1765973215122127,0.08638277342168363,-2.044358088043091,0.04091818459103307,0.1784808313764114,,JAZF1
ENSG00000075884,30.250869058090853,0.1172041285359317,0.05736685805841771,2.0430634080845187,0.04104616163012078,0.17885875264202683,,ARHGAP15
ENSG00000165943,16.85256936299592,-0.1686627830408673,0.0825974909976274,-2.0419843387944083,0.04115308485951221,0.17914426376972772,,MOAP1
ENSG00000187735,52.27677816380787,0.10781094593295054,0.0528348610426451,2.0405267243143133,0.041297892075923465,0.17959394875630233,,TCEA1
ENSG00000197756,1029.7639901345985,-0.08239583814902847,0.04039557203802291,-2.039724504246956,0.04137777286921605,0.17976066586857217,,RPL37A
ENSG00000213654,111.98962438842526,-0.07411687793364138,0.03635578032593322,-2.0386545762235366,0.04148451420282878,0.17992540725064643,,GPSM3
ENSG00000145354,12.81118979304459,0.14736975341192748,0.07229698284060761,2.0383942402801516,0.04151052185116849,0.17992540725064643,,CISD2
ENSG00000105618,18.57591718145717,-0.13548388151685148,0.06647644693806597,-2.0380734494290524,0.04154258795171245,0.17992540725064643,,PRPF31
ENSG00000139233,26.638099446339904,-0.12847138009981093,0.06304789169430003,-2.0376792410875435,0.04158202155087738,0.17992540725064643,,LLPH
ENSG00000102401,9.786823663289614,0.18490935278580808,0.09077356231889265,2.03703972899302,0.041646060879138795,0.18000660684277633,,ARMCX3
ENSG00000106591,9.369560047307543,0.18838777614016136,0.09249833063447778,2.0366613629450927,0.041683988919912617,0.18000660684277633,,MRPL32
ENSG00000188612,155.93001614705523,0.0710067892412405,0.03487360072234425,2.0361186619810367,0.0417384412151722,0.180035456884252,,SUMO2
ENSG00000005700,8.41308772081075,0.2117471567103458,0.10404706160771532,2.0351094345046286,0.04183986290241238,0.180035456884252,,IBTK
ENSG00000060237,16.475062024167446,0.16022946068538313,0.0787368433664589,2.034999802311598,0.04185089287184968,0.180035456884252,,WNK1
ENSG00000126254,15.231330343576978,0.13889059197911055,0.06825298050340177,2.034938122184835,0.041857099520581816,0.180035456884252,,RBM42
ENSG00000114978,39.17070106790369,0.12241158132734603,0.060167756767609375,2.0345046567075094,0.041900739568612386,0.1800441907779402,,MOB1A
ENSG00000122034,100.2049989664508,-0.07251961237229772,0.03566157245721045,-2.0335506085524533,0.04199692603909993,0.1802784712015728,,GTF3A
ENSG00000198763,1144.0071528013423,-0.11139242178232438,0.05480398538619723,-2.0325606066302493,0.04209693483171564,0.18045044810693997,,MT-ND2
ENSG00000084623,44.462529564095604,-0.08752505934764371,0.04306639051228959,-2.0323286513335086,0.042120395791081434,0.18045044810693997,,EIF3I
ENSG00000205981,24.105212914405104,-0.11467994164125296,0.05646526561130184,-2.030982063038399,0.04225681418953854,0.1808558209674909,,DNAJC19
ENSG00000111796,719.585306615604,-0.11974502835825183,0.05898205977150754,-2.030194076336701,0.04233681573777795,0.18101917163771264,,KLRB1
ENSG00000123131,9.727299788712319,0.18416310363846258,0.09073284771451107,2.0297291254202423,0.04238408066239414,0.18104236626473785,,PRDX4
ENSG00000146112,72.79884505008982,0.1024985404205325,0.050539619578587304,2.028082943148215,0.04255178344521276,0.1815794546029937,,PPP1R18
ENSG00000120837,7.8164871865578816,0.2096061562391974,0.10342098025572358,2.0267276109829493,0.04269027711933424,0.18199096462596973,,NFYB
ENSG00000204220,23.753556235395106,0.13347871893843405,0.06593039181989409,2.024540052834294,0.04291461521189704,0.18276726380106148,,PFDN6
ENSG00000120727,99.07297459578106,-0.08380406577696493,0.04144562493444407,-2.0220244213839367,0.04317382898040853,0.1836904208438817,,PAIP2
ENSG00000075539,17.571131341332006,0.17683664456694773,0.08749831044639432,2.021029248048011,0.04327673748946793,0.18392053689032334,,FRYL
ENSG00000076662,78.91535436214211,-0.08258472260570404,0.04087359533149488,-2.0204907822745146,0.04333250531505908,0.18392053689032334,,ICAM3
ENSG00000111786,48.70990255280625,0.10176656436972252,0.05037808730332787,2.020056135854924,0.04337756505298836,0.18392053689032334,,SRSF9
ENSG00000159884,34.86791190316907,0.09856666385890964,0.048799581086087604,2.019826024428932,0.0434014366972732,0.18392053689032334,,CCDC107
ENSG00000129534,22.049595642516095,0.15067756953631015,0.07461847742877212,2.0193064067829725,0.043455382402245044,0.18392053689032334,,MIS18BP1
ENSG00000162739,7.981898794967262,0.2321314925282057,0.11499172848048296,2.01867991372618,0.04352049901460416,0.18392053689032334,,SLAMF6
ENSG00000105677,28.158081114071724,-0.10500982076129946,0.05202028175541603,-2.0186322952848386,0.04352545176235061,0.18392053689032334,,TMEM147
ENSG00000167258,18.475554243506668,0.17443108394847795,0.08648119807784108,2.016982741051689,0.04369731444032652,0.1844666142276028,,CDK12
ENSG00000101608,607.4153685550369,0.07746393899783206,0.03842642119371547,2.015903032117419,0.04381011650213549,0.18476254786037064,,MYL12A
ENSG00000169682,9.227868927218571,-0.18395524246166473,0.09128190856707429,-2.0152431664648396,0.043879176627083474,0.18487360980076942,,SPNS1
ENSG00000134294,49.41261649401007,-0.13677120824710923,0.06792806116702751,-2.013471397495125,0.0440650610618131,0.18540090288137276,,SLC38A2
ENSG00000101294,15.918120762685842,0.13671529515419295,0.06790829995152763,2.013233953018691,0.04409002289459962,0.18540090288137276,,HM13
ENSG00000134597,10.53596977956751,0.16877101687978663,0.08396304220937738,2.0100631472943165,0.044424505870903436,0.1866260552460186,,RBMX2
ENSG00000082898,16.166722121427156,0.18603409060231177,0.0925928189847335,2.009163266030216,0.044519821991772596,0.18671519559254282,,XPO1
ENSG00000110047,20.137490802487815,-0.1368595099109832,0.06813644316824105,-2.0086095420779837,0.04457855857024166,0.18671519559254282,,EHD1
ENSG00000049247,14.887248474836346,-0.5137153828223897,0.25576128801761855,-2.008573646168851,0.044582368504327945,0.18671519559254282,,UTS2
ENSG00000251131,15.663918834678332,-0.2693298477943576,0.13411712727031225,-2.0081689287269398,0.044625343575322364,0.18671519559254282,,ENSG00000251131
ENSG00000186827,8.24879758325431,0.3038595489205225,0.15133737482239631,2.007828861027359,0.044661480803855284,0.18671519559254282,,TNFRSF4
ENSG00000196542,9.386137768172587,0.405615346148151,0.20215185553536144,2.0064883652636007,0.044804168860072664,0.18713092534511044,,SPTSSB
ENSG00000164543,82.05822897210591,-0.114802512703994,0.057286388321273495,-2.004010308001241,0.04506895623350595,0.18805532654038598,,STK17A
ENSG00000174720,34.28416608982287,0.1036812643893161,0.05183246548990588,2.00031511928576,0.04546624742768249,0.18942108241371866,,LARP7
ENSG00000115216,18.96803262198945,-0.1291300371235311,0.06456568750049002,-1.999979278816648,0.045502501456155774,0.18942108241371866,,NRBP1
ENSG00000172543,556.5220135908759,0.08694061185537852,0.04347580760525768,1.9997469085511475,0.04552760011792637,0.18942108241371866,,CTSW
ENSG00000102007,16.639461648886783,0.17420251658986438,0.08720054006531652,1.997722909277627,0.045746709093624986,0.190046242755608,,PLP2
ENSG00000101557,9.84204855160905,0.1961335601610787,0.09818716416291945,1.9975478651734893,0.04576570024297285,0.190046242755608,,USP14
ENSG00000114686,10.31111733748459,0.17196047038788803,0.08612190615686842,1.9967099900769416,0.045856696265575904,0.19017471501279953,,MRPL3
ENSG00000144802,15.057556166057914,0.2697690440466026,0.13512410420217288,1.9964538942879786,0.04588453951314137,0.19017471501279953,,NFKBIZ
ENSG00000101109,93.74385596123335,-0.0978957680531321,0.04906309440580673,-1.9953035828401788,0.04600977938223178,0.1903395188343037,,STK4
ENSG00000173221,62.11435451691921,0.12545268993932807,0.06288043516679732,1.9950989462231123,0.04603208927977708,0.1903395188343037,,GLRX
ENSG00000135090,55.87798226262929,0.10340578984626661,0.05183566543605248,1.9948772524939236,0.04605626905928264,0.1903395188343037,,TAOK3
ENSG00000163728,36.80165201486725,0.11478466395677395,0.05757250665995111,1.99374094712852,0.04618037204929198,0.1906702956653496,,TTC14
ENSG00000178741,69.96248267372437,0.07590590272481296,0.03809323806354493,1.9926345614985825,0.046301477768808955,0.19098807846104515,,COX5A
ENSG00000151651,26.171261288512394,0.14309620074072993,0.07191585032314422,1.9897727705053387,0.04661597226273202,0.19210220188651567,,ADAM8
ENSG00000138433,39.45175662936797,-0.13622424493308302,0.06848791939273266,-1.9890258915872097,0.04669834519969503,0.19225855345297846,,CIR1
ENSG00000139684,16.456805888078264,0.1704400379212244,0.08577151832444552,1.9871402681307986,0.04690685493032848,0.19293342327331875,,ESD
ENSG00000173198,8.467195464324586,0.22090307026835776,0.11123894756937909,1.9858428643491237,0.0470507745487333,0.19318420303327322,,CYSLTR1
ENSG00000198786,440.62180503214967,-0.11250843820116577,0.05665705443378117,-1.9857798702306662,0.047057771864536496,0.19318420303327322,,MT-ND5
ENSG00000182568,18.067513079129537,0.19010685122065293,0.0957531897461895,1.9853840036510977,0.04710176431710267,0.19318420303327322,,SATB1
ENSG00000115540,17.635478352300655,-0.16807432113262477,0.08474736040243688,-1.9832395998470753,0.04734067252070159,0.19398019886086723,,MOB4
ENSG00000068912,20.967471625106068,-0.1159870810479129,0.058512335171953464,-1.9822671699404097,0.047449346378621346,0.19424155324531178,,ERLEC1
ENSG00000116754,71.6922875741221,0.08766547889669622,0.04426518867536823,1.9804609789335086,0.0476517538272202,0.19476545707075066,,SRSF11
ENSG00000172922,34.99156596561113,0.1020107309969928,0.051512191822714895,1.9803220827425554,0.04766734898033856,0.19476545707075066,,RNASEH2C
ENSG00000055609,18.252413010004556,0.17412032562534627,0.08797329384870678,1.9792407219035353,0.047788910096766564,0.19494244387423532,,KMT2C
ENSG00000089916,9.143027834264293,0.2030194178418746,0.1025798557130744,1.979135342222933,0.04780077026821439,0.19494244387423532,,GPATCH2L
ENSG00000104490,15.575590809512038,-0.1475052705022139,0.07456668259803577,-1.9781659229412931,0.047909991646073145,0.19510399491382294,,NCALD
ENSG00000123338,14.283245926296797,0.17162145132153245,0.08676586407200557,1.977983544071049,0.04793056311379565,0.19510399491382294,,NCKAP1L
ENSG00000173905,10.353219570418172,0.2423567794032745,0.12263361518105227,1.9762671029918415,0.04812453340673668,0.1957094511757045,,GOLIM4
ENSG00000085063,8.286234431275071,0.20647843304519503,0.10458585306406218,1.9742482084906876,0.048353526788099094,0.19645606611465238,,CD59
ENSG00000196139,53.18907856410052,0.16844592357427285,0.08535846607452388,1.9733944542443842,0.04845063896719441,0.19666596136121034,,AKR1C3
ENSG00000129559,134.5924502533556,0.06560615876243843,0.03330418948595018,1.9699070830147438,0.04884902052573949,0.19793780355161156,,NEDD8
ENSG00000169905,11.709302024505568,-0.17055649646972468,0.08659799902629896,-1.9695200626740619,0.048893401023679194,0.19793780355161156,,TOR1AIP2
ENSG00000100442,24.12448886457996,0.11672803065782666,0.059269293249889346,1.9694520426569215,0.048901204528928294,0.19793780355161156,,FKBP3
ENSG00000198586,18.313927920169906,-0.18131246209229068,0.09212171404216617,-1.96818376619979,0.04904689743262067,0.19825256127846194,,TLK1
ENSG00000137492,8.159363956954433,0.2135353271686509,0.10852409918337497,1.9676304965944635,0.04911056815629905,0.19825256127846194,,THAP12
ENSG00000198888,639.919450389383,-0.11981828718011336,0.060896281933513104,-1.9675796842725413,0.04911641915657758,0.19825256127846194,,MT-ND1
ENSG00000078747,15.498127334676914,0.172077736276412,0.08763617983327777,1.9635467520809202,0.04958267764983668,0.19994803932045044,,ITCH
ENSG00000158122,9.76964673504825,-0.19073955198067555,0.09727169285737809,-1.9608947513676163,0.04989130172889714,0.2010052724217299,,PRXL2C
ENSG00000182552,9.930892053556969,0.16708897981683582,0.0852465125565456,1.9600682163508167,0.04998781757353016,0.20120677827038605,,RWDD4
ENSG00000214756,17.651410118022746,-0.19028826649505962,0.09717221345159699,-1.9582580218762355,0.05019974386537533,0.20187201831364224,,CSKMT
ENSG00000187051,51.3699103348784,-0.07886888864610563,0.04028803815416154,-1.9576254456549875,0.050273979293145324,0.20198283045630439,,RPS19BP1
ENSG00000108961,19.012351618910618,-0.12759245404429775,0.06522883645595817,-1.9560743526438165,0.05045639593231023,0.20252766716058104,,RANGRF
ENSG00000107679,21.045647377717135,-0.13960763342329113,0.071399256940986,-1.9553093324021809,0.050546570345374256,0.20264177381453208,,PLEKHA1
ENSG00000007080,20.430243189885744,-0.11855060762456887,0.060649718000244636,-1.954676980098913,0.0506212088300524,0.20264177381453208,,CCDC124
ENSG00000076685,7.640836603536408,-0.2047299697266579,0.10474038276912845,-1.9546421763411845,0.05062531950393094,0.20264177381453208,,NT5C2
ENSG00000197956,405.70911664331965,0.09363843834932682,0.04796967059259692,1.952034216465474,0.050934142390006334,0.20368949549127302,,S100A6
ENSG00000163584,43.16962982215792,0.12014490733427553,0.06160159911206799,1.9503537094175643,0.05113397516230028,0.20429982504826713,,RPL22L1
ENSG00000164252,9.657082313418533,0.19897878970707036,0.10204799772097764,1.9498549128922988,0.05119341433676783,0.20434861977416457,,AGGF1
ENSG00000165502,359.7694919360184,-0.05828905768742535,0.029904684027158228,-1.9491614636185282,0.05127614544652059,0.20449021322312863,,RPL36AL
ENSG00000121390,13.93632514177161,-0.15179808114944748,0.07792712523096372,-1.9479491986845643,0.05142104207982699,0.20487923487975265,,PSPC1
ENSG00000175324,30.88931848727021,-0.1006570779397477,0.051694661622620146,-1.9471464708399013,0.051517177052684694,0.2050734361609629,,LSM1
ENSG00000113845,10.767520378282459,0.16699616711768123,0.08585178722338076,1.9451682081255697,0.05175473681637652,0.20582972996733565,,TIMMDC1
ENSG00000065000,9.81298057682064,0.185873234278818,0.09570412654837963,1.9421653065801372,0.05211709157976243,0.20708049152032326,,AP3D1
ENSG00000104679,10.338871823159398,-0.15462649604279968,0.07968941127360801,-1.940364391850009,0.052335420866395935,0.2077036623137376,,R3HCC1
ENSG00000147687,14.607956860625613,-0.14057123766363416,0.07245835841582153,-1.9400279103333915,0.052376298020486316,0.2077036623137376,,TATDN1
ENSG00000116750,18.024657119100763,0.13967863838304992,0.07201675264931796,1.9395298072270517,0.05243685863533933,0.2077036623137376,,UCHL5
ENSG00000145592,1101.6397341364334,-0.07495843797600471,0.03865669102281462,-1.9390805574063579,0.052491529750024205,0.2077036623137376,,RPL37
ENSG00000082153,65.41810784781451,-0.10536777239180836,0.054352291798313634,-1.9386077183791828,0.05254912300069659,0.2077036623137376,,BZW1
ENSG00000136100,17.892329444937538,0.1365308175603162,0.07043107423276505,1.9385025579632726,0.052561939041724674,0.2077036623137376,,VPS36
ENSG00000152700,10.696835144755171,0.1598926170319682,0.08260001522301887,1.9357456121558863,0.05289886507251312,0.20884433318317908,,SAR1B
ENSG00000067082,93.9557188616436,-0.19465917854108442,0.10069018427128462,-1.9332488062254782,0.05320555499099603,0.209237824651222,,KLF6
ENSG00000137441,418.49048721694453,-0.13843205912034667,0.0716104734078456,-1.9331258757630296,0.05322069318343237,0.209237824651222,,FGFBP2
ENSG00000166562,35.12907000545894,-0.1098411297021761,0.05682254653052058,-1.9330553874979561,0.053229375038262756,0.209237824651222,,SEC11C
ENSG00000156304,12.377310378439008,-0.15460943556591464,0.07998772350797133,-1.93291456220162,0.053246723663777175,0.209237824651222,,SCAF4
ENSG00000239713,63.548639615141894,0.14324644999486694,0.0741193215914761,1.9326465342518815,0.05327975575654108,0.209237824651222,,APOBEC3G
ENSG00000185697,26.503645890756367,-0.18088965960015269,0.09360539515051432,-1.9324704447781906,0.053301466554363575,0.209237824651222,,MYBL1
ENSG00000154124,7.891759123977587,0.2497854826704422,0.12927636415472565,1.9321821456200925,0.053337028100369284,0.209237824651222,,OTULIN
ENSG00000065809,58.407570172749935,-0.1124620831431436,0.05826805376709224,-1.9300813374113117,0.05359676044542825,0.20977831335683367,,FAM107B
ENSG00000112695,188.62581040663744,0.05378968878996687,0.02786925609594405,1.9300726436610969,0.053597837483184106,0.20977831335683367,,COX7A2
ENSG00000100092,19.68723036600312,-0.14091221023728676,0.07301918479626945,-1.9297970886753308,0.053631984374656876,0.20977831335683367,,SH3BP1
ENSG00000163319,24.469937986228697,0.12533295844071446,0.0649561601673228,1.9295007296900708,0.05366872957846426,0.20977831335683367,,MRPS18C
ENSG00000101596,40.92391523891835,0.13174672886849717,0.06836383822405553,1.9271406095823738,0.05396210901181827,0.2105929863313043,,SMCHD1
ENSG00000110665,16.595250971025056,0.1610436196811344,0.08357040651688376,1.9270412385585165,0.05397449083462364,0.2105929863313043,,C11orf21
ENSG00000163468,34.040192632913744,0.09522684025091324,0.04944819390244236,1.9257900589612795,0.0541305932438706,0.21095626698712494,,CCT3
ENSG00000167508,27.131832094642853,-0.16121072001521503,0.08372348012803485,-1.9255138435320909,0.054165105759809526,0.21095626698712494,,MVD
ENSG00000117543,7.8490438405544944,-0.18734072093520182,0.09739942438727286,-1.9234273930645687,0.05442639686142102,0.21177610968415939,,DPH5
ENSG00000198830,140.36158845851006,-0.07001053911143927,0.03640594834490362,-1.9230522014746494,0.054473494356013265,0.21177610968415939,,HMGN2
ENSG00000032389,8.143565585405552,-0.1784642783417239,0.09287150075277915,-1.9216258690250938,0.05465285111705628,0.21228266318088196,,EIPR1
ENSG00000160194,12.376450662021336,0.16128971069755074,0.08395407484732034,1.921165958780127,0.05471078827230479,0.21231711287377833,,NDUFV3
ENSG00000011405,8.812310521711266,0.2075751844061358,0.1081210541646661,1.9198405528862412,0.05487804275362892,0.21277535035389994,,PIK3C2A
ENSG00000131374,8.14223428396597,-0.20272368271422472,0.10567127223491442,-1.9184370399511819,0.05505561820907012,0.21327274842492966,,TBC1D5
ENSG00000156675,21.700506025613322,0.15633422622566395,0.08152678830457422,1.9175810733720822,0.05516415190547267,0.21350204409211113,,RAB11FIP1
ENSG00000114127,22.61277903901556,0.15984423942955936,0.08344329751113215,1.9156031005154677,0.055415634620267516,0.2142813243566378,,XRN1
ENSG00000169641,9.87060658783085,-0.21350570971197377,0.11147846703658015,-1.9152192830379948,0.05546454432157021,0.2142813243566378,,LUZP1
ENSG00000168300,23.982281175531575,0.11598105213804437,0.06057851677032527,1.9145574755118195,0.05554896266449202,0.21441602270228094,,PCMTD1
ENSG00000168701,20.697684962703445,0.1156815899840701,0.060484263934012246,1.912589861559324,0.05580057860523294,0.2151952795230329,,TMEM208
ENSG00000144048,11.972649123002663,-0.15255077011024076,0.07980865225847651,-1.9114565375214474,0.05594593703937109,0.21531970378606344,,DUSP11
ENSG00000135387,9.154887772829607,0.2011414461544023,0.10524915178205806,1.9110980254825303,0.05599198486200836,0.21531970378606344,,CAPRIN1
ENSG00000154822,9.488673894864263,0.22036904820591743,0.11531837786920912,1.9109620884179783,0.05600945307324096,0.21531970378606344,,PLCL2
ENSG00000129292,19.65555749545767,0.13048343317992317,0.06830167041786654,1.9103988582070015,0.056081877758065564,0.21531970378606344,,PHF20L1
ENSG00000100883,14.25580781653186,0.1546598232750787,0.08098524637121572,1.9097283789958175,0.05616819504418623,0.21531970378606344,,SRP54
ENSG00000131931,7.9729890978772335,-0.18196564138284527,0.0952883335697646,-1.9096318989524628,0.05618062495479754,0.21531970378606344,,THAP1
ENSG00000197223,28.857049868894784,-0.11830764249928206,0.06195325245275317,-1.9096276275326451,0.05618117531187095,0.21531970378606344,,C1D
ENSG00000005483,79.28980619791308,-0.11670503342698019,0.061127533136905034,-1.9092056793065788,0.05623556395185693,0.21533742054839372,,KMT2E
ENSG00000184990,32.01345625940581,-0.09311185852561088,0.04878891046256301,-1.908463575899241,0.05633132657815369,0.21551339531712735,,SIVA1
ENSG00000138029,12.51150266881647,0.14613385403557275,0.07662020561437322,1.9072495677061905,0.056488277503737534,0.21566235712810733,,HADHB
ENSG00000115649,14.401631164477513,-0.15058588640421156,0.07895740229343744,-1.9071788335256254,0.056497433459400316,0.21566235712810733,,CNPPD1
ENSG00000120860,12.694210754441096,0.1689849442319521,0.08861268778511103,1.9070061912775593,0.056519785759943084,0.21566235712810733,,WASHC3
ENSG00000135842,9.115726836480452,0.25462335232327715,0.13356723312855784,1.9063309642583028,0.056607279314097966,0.21579818096456674,,NIBAN1
ENSG00000160551,9.456536042467269,0.195060884713058,0.10234627637108387,1.9058913682976844,0.05666430118037546,0.21579818096456674,,TAOK1
ENSG00000186470,45.55502527215674,0.18141341959241797,0.09520126421645743,1.9055778416969493,0.056704999250453525,0.21579818096456674,,BTN3A2
ENSG00000213593,8.529213587262255,0.17133120111271613,0.08996127677773041,1.904499438530963,0.056845169722671465,0.2161415196748677,,TMX2
ENSG00000117899,27.83565273738725,0.1150631451102577,0.06044149729408229,1.9037110306915461,0.05694782903533099,0.2162937261892999,,MESD
ENSG00000042753,54.31093435598063,0.07931772958158885,0.04167393449100767,1.9032935226863188,0.057002255576609664,0.2162937261892999,,AP2S1
ENSG00000153113,96.95477586031113,0.11071093260180206,0.05817579189823274,1.9030412649211437,0.05703516098497601,0.2162937261892999,,CAST
ENSG00000136710,24.479639235225005,0.12023548204878985,0.06332499105603541,1.8987050774692589,0.05760326359959796,0.21825684903280243,,CCDC115
ENSG00000250317,9.328164431010643,0.16218660388303402,0.08550523388625973,1.896803230768036,0.05785391277799488,0.21885429538718,,SMIM20
ENSG00000145907,18.93104637191907,0.14738400189017814,0.07770380112110811,1.8967412116746696,0.0578621016692706,0.21885429538718,,G3BP1
ENSG00000128699,38.51885495203389,0.09003027370895704,0.04750949909894024,1.8949952202498652,0.05809303490727645,0.21953586204697398,,ORMDL1
ENSG00000183943,22.801371893840788,0.21351625842076918,0.11276123785495278,1.8935253149262141,0.05828804497209773,0.21980154723790266,,PRKX
ENSG00000177156,29.826806300592974,0.1018884853222655,0.053809623955666665,1.8934993005379601,0.05829150115231924,0.21980154723790266,,TALDO1
ENSG00000196507,9.04797821250687,-0.18146998096183733,0.09584765051055776,-1.8933169461660215,0.05831573289325451,0.21980154723790266,,TCEAL3
ENSG00000115232,40.669526691441845,-0.155381581345533,0.08211332025798256,-1.892282285716339,0.058453379854230436,0.22012861151371202,,ITGA4
ENSG00000197043,79.99366511929212,0.08379374571982685,0.04430332953999019,1.8913645224833686,0.0585757010433451,0.2202011955167569,,ANXA6
ENSG00000062716,16.814402228835625,0.1290359793874989,0.068232332490815,1.8911266063617111,0.05860744562145299,0.2202011955167569,,VMP1
ENSG00000134001,10.742038104883463,0.16311941009173272,0.08626126031765913,1.890992659868887,0.058625324066397956,0.2202011955167569,,EIF2S1
ENSG00000213585,32.04547888951103,0.10770556512364841,0.05700317660786142,1.889466018088447,0.05882941203255084,0.2207595905649683,,VDAC1
ENSG00000229807,113.00242265933818,0.14245971454912887,0.07541070428468134,1.8891179428762823,0.05887602669562593,0.2207595905649683,,XIST
ENSG00000188994,24.611650731849384,-0.14312444164010385,0.07578287786381473,-1.8886118563259764,0.05894385713638836,0.22082257128065147,,ZNF292
ENSG00000178691,11.949376793607183,0.19276359992817602,0.10213185645502398,1.887399354314721,0.05910663191241763,0.22124082723618604,,SUZ12
ENSG00000272256,21.661301570337624,-0.25475373038543175,0.1350218656513854,-1.8867590753277215,0.059192737879071894,0.2213716307716025,,ENSG00000272256
ENSG00000140740,34.77489421296495,0.08782229143136253,0.04656756052264698,1.8859113607347398,0.05930690033212911,0.22140948586674813,,UQCRC2
ENSG00000178685,11.383117735912636,0.18050671348013053,0.09572627952006142,1.8856547479451722,0.05934149460290079,0.22140948586674813,,PARP10
ENSG00000158517,11.448462462256114,-0.16522647211698227,0.08763548510832972,-1.8853832087851083,0.05937811934813515,0.22140948586674813,,NCF1
ENSG00000165487,14.763462601167928,-0.13807471158450194,0.0732644636729051,-1.8846068702686098,0.05948293406809069,0.22140948586674813,,MICU2
ENSG00000038274,26.773240711890246,0.13196110195846725,0.0700275578649491,1.88441673509391,0.05950862791514399,0.22140948586674813,,MAT2B
ENSG00000163743,10.479403670153056,0.1610655915878229,0.08547280315018142,1.8844075033413834,0.05950987567899886,0.22140948586674813,,RCHY1
ENSG00000206503,1272.1381745832243,0.08753859634640314,0.04648124507067068,1.8833100579235418,0.05965836116752764,0.22177124464939182,,HLA-A
ENSG00000172349,28.005486952852973,-0.11364248711442364,0.06047708625826878,-1.8790999061877882,0.06023085295941893,0.22355563648485677,,IL16
ENSG00000129071,19.262871657300636,-0.12154471164789991,0.06469035884413213,-1.8788690280843119,0.060262378789732854,0.22355563648485677,,MBD4
ENSG00000072135,23.484667607281956,0.123561808801436,0.06577187130300524,1.8786421361222576,0.060293373648677574,0.22355563648485677,,PTPN18
ENSG00000166595,49.94870383335468,0.07534985882899763,0.040120933959552386,1.8780684144830981,0.060371806569007924,0.22360105004196068,,CIAO2B
ENSG00000196352,25.838727726091378,0.17633647234230873,0.09390604768483972,1.8777967627187941,0.060408973306922124,0.22360105004196068,,CD55
ENSG00000160131,19.58501842137808,0.12538567215165286,0.06680180794123244,1.876980219786243,0.06052080493687154,0.22382352389901128,,VMA21
ENSG00000119707,68.08594447709292,0.10264032329784879,0.05472036091944887,1.8757245305625914,0.060693115694676614,0.22426909616640964,,RBM25
ENSG00000116171,79.00564448733687,0.08765501435377587,0.04678880370212436,1.873418583467567,0.06101060581521146,0.2252499073058191,,SCP2
ENSG00000183726,61.46217316362618,0.08243004168433514,0.044011104352957395,1.8729373619727434,0.06107703513121555,0.22527591975427888,,TMEM50A
ENSG00000167522,44.03618269132481,0.14569111233899507,0.0778023657162094,1.8725794646195661,0.061126479236518746,0.22527591975427888,,ANKRD11
ENSG00000116521,11.402396912484562,-0.14569512145831093,0.07781874378727603,-1.8722368720906186,0.061173840007228496,0.22527591975427888,,SCAMP3
ENSG00000135269,44.553945688123086,0.12025237468502822,0.0642666975434964,1.8711460100099293,0.06132484575617189,0.22549932036832537,,TES
ENSG00000112679,10.396741729918796,-0.1670610529711919,0.08930852686358007,-1.8706058518508522,0.061399732904181104,0.22549932036832537,,DUSP22
ENSG00000169252,11.17709569690208,-0.18925003279172198,0.1011804090855716,-1.8704217002292114,0.06142528085745253,0.22549932036832537,,ADRB2
ENSG00000184203,35.43633559834296,0.10742774499479169,0.05743895265877941,1.870294286753009,0.06144296249462806,0.22549932036832537,,PPP1R2
ENSG00000108424,28.446684236461813,0.11618245772756548,0.06217634036873842,1.868595948853573,0.0616790498221636,0.2260201119324958,,KPNB1
ENSG00000167113,10.225384211846398,-0.15382575075113,0.08234052359568256,-1.8681658074760614,0.06173896315427533,0.2260201119324958,,COQ4
ENSG00000107521,17.466197467045365,0.12082709149464742,0.06468482064102632,1.8679357892199655,0.061771021592772084,0.2260201119324958,,HPS1
ENSG00000163719,9.722482163382187,-0.15603488932324658,0.08354063419079201,-1.867772382082838,0.0617938045796493,0.2260201119324958,,MTMR14
ENSG00000099940,12.924539607015397,0.18632308226439465,0.09983045336821705,1.866395232897081,0.061986089591048475,0.22653193383485368,,SNAP29
ENSG00000100902,11.55860979471761,0.15205734525114994,0.08151154804004022,1.8654699721376424,0.06211555737753473,0.22681351626379137,,PSMA6
ENSG00000072042,10.184637852743766,0.1653609101053291,0.0886623732730193,1.8650629799422456,0.062172576868747054,0.226830303634965,,RDH11
ENSG00000183283,89.49351113530243,-0.07170999809116882,0.03847542531690496,-1.8637870147120006,0.062351620001964016,0.2272918784738823,,DAZAP2
ENSG00000161265,15.774403894792858,-0.13790619160036707,0.0740275069679283,-1.8629047127051512,0.06247567366425834,0.22755239052630122,,U2AF1L4
ENSG00000100410,17.94094907404002,-0.14452991389748235,0.0776274290612399,-1.8618407906239351,0.06262553494422535,0.22790638326632723,,PHF5A
ENSG00000167912,9.790527073917199,0.19845676930067774,0.10664057328965734,1.86098745701253,0.06274594800758296,0.22815270338555585,,TOX-DT
ENSG00000136273,8.54796794221082,-0.18558395538981293,0.09988625643023524,-1.8579528558008636,0.06317570944474739,0.2292396742049983,,HUS1
ENSG00000198886,1384.1627437495479,-0.08904672876532223,0.04792757046600771,-1.8579437242385985,0.06317700632233082,0.2292396742049983,,MT-ND4
ENSG00000221983,727.8964475426791,-0.05219957626782629,0.028100907752294346,-1.8575761583205215,0.06322922683250483,0.2292396742049983,,UBA52
ENSG00000105810,8.898032588449844,0.23135967578885297,0.12456223485604653,1.8573821837431674,0.06325679939929928,0.2292396742049983,,CDK6
ENSG00000125863,12.429879136521354,-0.15768309112685236,0.08491521705903474,-1.856947395155664,0.06331863863508477,0.22927175679833622,,MKKS
ENSG00000183520,9.368985695361165,0.17423261203813806,0.09384912997252054,1.856518138092001,0.06337974013034889,0.2293011166756017,,UTP11
ENSG00000143368,16.606258532084752,-0.1298274969271973,0.06999672010399417,-1.85476543378479,0.06362973013453217,0.2298548936476512,,SF3B4
ENSG00000160075,50.28847889589984,-0.08333369101858161,0.04493108399168549,-1.8547002123074203,0.06363904843769035,0.2298548936476512,,SSU72
ENSG00000139372,17.002284528443703,0.1516965771203637,0.08182821882348665,1.8538418567754913,0.06376178822621137,0.2298600022959776,,TDG
ENSG00000117632,20.835870672234616,-0.14247540489305277,0.07686010681944502,-1.8536977215988928,0.0637824178691578,0.2298600022959776,,STMN1
ENSG00000155849,9.377279042735326,-0.17036718048814145,0.0919126981433436,-1.8535760991636128,0.06379982961808854,0.2298600022959776,,ELMO1
ENSG00000144567,9.868776349736915,-0.1660480791584562,0.08973962908620267,-1.8503316856698022,0.06426575848413002,0.23134603740501714,,RETREG2
ENSG00000100030,42.16004550319395,-0.13125050625990947,0.07097014626923853,-1.849376296365321,0.06440349571577597,0.23164914876322748,,MAPK1
ENSG00000064490,15.090668003109105,0.12956024621233106,0.07010143688286319,1.8481824620630996,0.06457595164195373,0.23207653052718755,,RFXANK
ENSG00000102871,14.959094168604437,0.13204329396704473,0.07150642732571112,1.8465933609798282,0.06480609712232543,0.23271035871228396,,TRADD
ENSG00000113013,25.788001422496112,-0.12007809744416895,0.06505632817173233,-1.8457558368064209,0.06492766569892294,0.23295357336587028,,HSPA9
ENSG00000153563,13.505973161975566,-0.26558668205252256,0.1440233999170183,-1.844052301261775,0.06517551837673516,0.23348957627217376,,CD8A
ENSG00000099991,9.273715910568681,0.16432054050202488,0.08911153222250787,1.8439873763108816,0.06518497992530296,0.23348957627217376,,CABIN1
ENSG00000137193,24.15067297919941,0.18467426743795362,0.10018325647298468,1.8433645894486643,0.0652757965596275,0.23362148197974208,,PIM1
ENSG00000103126,7.785260785802755,-0.18457211600120613,0.1001700385439904,-1.8425880501198963,0.06538917997594364,0.23383386921975877,,AXIN1
ENSG00000176978,36.452241624558994,-0.08904281688149644,0.04834059818159333,-1.8419883127429175,0.0654768594360709,0.23395406340204689,,DPP7
ENSG00000103429,13.860200109708487,-0.15934178157954065,0.08659618864908668,-1.8400553657764382,0.06576010928200386,0.23477227133929926,,BFAR
ENSG00000160654,12.86913548482323,-0.3103544002286522,0.16893190877479428,-1.8371567720956166,0.06618675514269245,0.2361006508676259,,CD3G
ENSG00000100060,22.870162955461154,-0.116840958961257,0.06367373175517103,-1.8349946789755758,0.06650647786992137,0.23688552773848318,,MFNG
ENSG00000123329,48.078897809320424,-0.12455111687866056,0.06788064856845434,-1.834854549939322,0.06652724347808478,0.23688552773848318,,ARHGAP9
ENSG00000186469,69.70652704800963,0.08963084929430105,0.04885915396466324,1.8344740344690662,0.06658365869712618,0.23688552773848318,,GNG2
ENSG00000117419,11.298984737239156,-0.1397421952193005,0.07618740692144034,-1.8341902010576876,0.06662576548595656,0.23688552773848318,,ERI3
ENSG00000112110,17.67533397632699,0.12324281390870423,0.06722521150400254,1.8332826502355661,0.06676054815954054,0.23716986197564194,,MRPL18
ENSG00000164111,12.408543866679619,0.21499308816460025,0.11739209431497045,1.8314102786833337,0.06703932826676304,0.23796486744075773,,ANXA5
ENSG00000165416,19.444287821790414,0.12247067815188152,0.066886272439378,1.8310286055017064,0.06709627355982009,0.23797178335519797,,SUGT1
ENSG00000160208,8.666237038265413,0.19146096362052373,0.10467689427252969,1.829066146365108,0.06738969969906411,0.2387412690534054,,RRP1B
ENSG00000111581,11.194745960375618,-0.1463069355061233,0.07999985516044267,-1.8288400049312508,0.06742358002848657,0.2387412690534054,,NUP107
ENSG00000102172,17.658868388998535,0.13523619805742612,0.07404564377234495,1.826389658697721,0.06779158846360958,0.23984808117909948,,SMS
ENSG00000118900,15.214041133882384,0.16244251885917843,0.08911158846372319,1.8229112695629686,0.06831683079348895,0.24149042479781566,,UBN1
ENSG00000188229,20.87180061433074,-0.16753075083513963,0.09191968599319467,-1.8225774927858531,0.06836740706663373,0.24149042479781566,,TUBB4B
ENSG00000100568,21.860142425747327,0.11578387030651274,0.06359471605469999,1.8206523668872598,0.06865971715214508,0.24232511918216296,,VTI1B
ENSG00000064995,16.48071787336599,0.1448727468991883,0.079646708637827,1.8189420426393261,0.06892027274483734,0.24303217680761882,,TAF11
ENSG00000026950,14.874124578617616,0.14816307950842844,0.08147092838767704,1.8186006031918374,0.06897238574526367,0.24303217680761882,,BTN3A1
ENSG00000189306,12.141221690825336,0.1894657786358306,0.10424351342996789,1.8175306299812708,0.06913590264617887,0.24337377291399653,,RRP7A
ENSG00000161654,12.06921512641496,0.17239031498923427,0.0948643067860115,1.8172305351695734,0.06918182128130708,0.24337377291399653,,LSM12
ENSG00000163811,12.539106419057038,-0.17344921274016653,0.09548664141639818,-1.8164762124556162,0.06929735366742852,0.2434093130159749,,WDR43
ENSG00000106400,52.98871812481204,0.07408196943219443,0.0407843781203908,1.8164300363612993,0.06930443116147009,0.2434093130159749,,ZNHIT1
ENSG00000100242,57.535569507822444,-0.12857698036094628,0.07082162838242453,-1.8155044341349063,0.06944642516255942,0.24344217855685224,,SUN2
ENSG00000175029,19.588477113717055,0.13872420660740176,0.07641260936541516,1.8154622353491991,0.06945290444794366,0.24344217855685224,,CTBP2
ENSG00000154767,17.986700806765146,0.16023995693676713,0.08827339211496105,1.8152690533075007,0.06948257234058529,0.24344217855685224,,XPC
ENSG00000114021,8.643265901223872,0.16541217125276525,0.09116115111066328,1.8145028802013086,0.06960033971774127,0.2436574999665586,,NIT2
ENSG00000140575,77.08364950023166,0.09158365674992448,0.05049561974391773,1.813695073243573,0.06972468401107842,0.2437735827819708,,IQGAP1
ENSG00000147140,31.06017640624021,-0.10032107997397946,0.05531734509863134,-1.8135555817999949,0.06974617413544716,0.2437735827819708,,NONO
ENSG00000175701,14.733079823129264,0.1896083850289964,0.10459075664233874,1.8128598655939179,0.0698534377397219,0.24395143268747105,,MTLN
ENSG00000120333,10.169366694651938,0.1694906002926181,0.09351320068111145,1.812477800547075,0.06991240104971058,0.24396045108233685,,MRPS14
ENSG00000213722,14.727669330920305,-0.15816177564112838,0.08733584771024698,-1.810960559584418,0.07014695707680549,0.24458169481977224,,DDAH2
ENSG00000077147,14.84490977336116,0.16680745728845137,0.09213184244832917,1.8105299194684286,0.07021364889284432,0.2446171165534117,,TM9SF3
ENSG00000159023,26.144947094298317,-0.1612301702075554,0.08907980497884674,-1.8099519890713924,0.0703032328239764,0.24473217090051957,,EPB41
ENSG00000171791,8.397999188220231,0.20321487049311474,0.11253672174342084,1.8057649747114224,0.07095505862813513,0.24680268382953433,,BCL2
ENSG00000130592,158.87016520064188,-0.06856705861858906,0.03799804480011209,-1.8044891251453754,0.07115466245360043,0.24713328282756414,,LSP1
ENSG00000057608,37.264158919972786,0.11278580905371494,0.06251547617516073,1.8041262092878068,0.07121152384581104,0.24713328282756414,,GDI2
ENSG00000139163,15.683510241400757,0.14099848747049712,0.07816136436302192,1.8039409703191338,0.07124056130719092,0.24713328282756414,,ETNK1
ENSG00000142856,10.94981338141402,0.15571318772690698,0.08634274886796495,1.8034309744414447,0.07132055675822774,0.24713328282756414,,ITGB3BP
ENSG00000080802,20.94304897275704,0.13117914761360455,0.07275049880225076,1.803137432365565,0.07136663370174917,0.24713328282756414,,CNOT4
ENSG00000106733,12.230645139234626,-0.16410134231422738,0.09103266531104255,-1.8026643705698613,0.07144094097701337,0.24713328282756414,,NMRK1
ENSG00000141429,7.968977408247217,0.18435827640462696,0.10227312015929235,1.8026073333588082,0.07144990451058071,0.24713328282756414,,GALNT1
ENSG00000135837,17.215570291626747,0.17517750860332104,0.09722667992226745,1.8017431917183138,0.0715858192223903,0.24740562282370832,,CEP350
ENSG00000072778,25.691895278176055,-0.10068961771111451,0.055919033469165144,-1.8006322975277593,0.07176085504684553,0.24775527922091503,,ACADVL
ENSG00000145819,11.360688912526548,-0.1852906306393467,0.10293761392977675,-1.80002842076513,0.07185615069282626,0.24775527922091503,,ARHGAP26
ENSG00000177576,11.028862324055298,0.17247575191314737,0.09582787220055022,1.79984954223117,0.07188439877241314,0.24775527922091503,,C18orf32
ENSG00000166794,146.08950913637125,0.054284074777856885,0.030163695308888974,1.799649354031893,0.07191602281060071,0.24775527922091503,,PPIB
ENSG00000120697,17.881794166588673,0.11510262146481239,0.06398132287489781,1.7990034637119283,0.0720181328071168,0.24790967434876243,,ALG5
ENSG00000129515,36.25500628156175,0.10190622217923558,0.056740813018422966,1.7959951004957935,0.07249529625102258,0.249353852844336,,SNX6
ENSG00000168958,24.05805461861588,-0.10182943632888748,0.05671903029852686,-1.7953310519050298,0.07260097048232615,0.2495189827458501,,MFF
ENSG00000171204,24.134815684089283,0.10206387369623224,0.05689652483090561,1.7938507492252351,0.07283699423788992,0.25013148735503943,,TMEM126B
ENSG00000310560,88.54856938430959,-0.07376958934217655,0.041147306679143784,-1.7928169616887202,0.07300219643226953,0.2503212362596781,,PAXX
ENSG00000153310,116.10353814569497,0.07105235287203215,0.03963295292671543,1.792759499990166,0.07301138796257536,0.2503212362596781,,CYRIB
ENSG00000179021,10.81036872651517,-0.15605446378438997,0.0870669012080683,-1.7923511876397038,0.07307672857498414,0.2503212362596781,,C3orf38
ENSG00000118873,8.30433618055823,0.18485539646544383,0.10315256606662498,1.7920581475990427,0.07312365209896768,0.2503212362596781,,RAB3GAP2
ENSG00000188243,232.08907357452915,-0.06331351143021528,0.03534605108593721,-1.791247097908632,0.07325365132156277,0.25049472503963194,,COMMD6
ENSG00000040933,13.383336090705834,0.16086047563607062,0.0898228469878925,1.7908636948209122,0.07331517092189062,0.25049472503963194,,INPP4A
ENSG00000145860,26.727501307437592,-0.13430003965776888,0.0750003359242469,-1.7906591750924536,0.07334800476663131,0.25049472503963194,,RNF145
ENSG00000101182,114.55524697584536,0.07530554513767461,0.042074228741713605,1.7898259193284871,0.07348190100464871,0.2507540896270623,,PSMA7
ENSG00000233276,51.15838238599875,-0.07601116770222172,0.042487564605908835,-1.7890215268222431,0.0736113487667456,0.2509978771581625,,GPX1
ENSG00000163681,9.412830577174672,0.181084654782316,0.10126893833867465,1.788155951400546,0.07375085069033367,0.25127553617092424,,SLMAP
ENSG00000101473,7.859335364892382,0.17000443720269864,0.09521635391228679,1.785454181109545,0.07418767699430326,0.2523290122920403,,ACOT8
ENSG00000161960,183.3962209059095,-0.06126927539006626,0.034319514752134336,-1.7852605385761149,0.07421906645053679,0.2523290122920403,,EIF4A1
ENSG00000101096,17.067336217231354,0.13707520238222085,0.07678784326358595,1.7851159318499068,0.07424251428060703,0.2523290122920403,,NFATC2
ENSG00000242372,42.79153904050472,0.07832826687042325,0.043886230855793046,1.7848027808039433,0.07429331214699778,0.2523290122920403,,EIF6
ENSG00000103978,17.66544799630447,0.13052795555091484,0.07319923180264247,1.7831875053394046,0.07455578570269991,0.253021870380849,,TMEM87A
ENSG00000135521,8.059227838523988,-0.18021071921889972,0.10115629446503656,-1.7815077170624054,0.07482954532721565,0.25375191428750954,,LTV1
ENSG00000139278,28.431983160515195,-0.13677760258531715,0.0769158247507908,-1.7782764863859941,0.07535845623513657,0.2553453720669036,,GLIPR1
ENSG00000162385,48.74267223925101,-0.07977569752779601,0.04489740411144813,-1.776844321105292,0.07559385738929775,0.2557480654871688,,MAGOH
ENSG00000196776,84.61557952439335,0.08638622087672745,0.048630358022254405,1.776384636880425,0.07566954155364301,0.2557480654871688,,CD47
ENSG00000112406,8.959797520556792,-0.17631502414106573,0.0992660469622703,-1.776186617042187,0.07570216334642896,0.2557480654871688,,HECA
ENSG00000143256,38.054088556957744,0.07911807697474886,0.044545545338549965,1.776116475248977,0.07571372125931666,0.2557480654871688,,PFDN2
ENSG00000136930,41.07608439796241,0.08120491799422447,0.04575547100728168,1.7747586508573205,0.07593774645546704,0.256025411108009,,PSMB7
ENSG00000075151,8.508985653715401,0.22652521303390705,0.12763921967078104,1.7747304756185598,0.07594240076256797,0.256025411108009,,EIF4G3
ENSG00000075420,14.553274398037725,0.1657922668763187,0.09343605756212879,1.7743927901289909,0.07599820161362528,0.256025411108009,,FNDC3B
ENSG00000149196,20.255819367657143,0.1188464429781136,0.06698648861529578,1.7741852937037819,0.07603250595650372,0.256025411108009,,HIKESHI
ENSG00000162909,31.428550682578635,0.1381808367861232,0.07791758464006233,1.773423001039431,0.07615864044145203,0.2562507287637348,,CAPN2
ENSG00000043462,24.225704443051917,0.11997683115201802,0.06768379567406878,1.7726079035189792,0.07629370117734426,0.25650570706633147,,LCP2
ENSG00000125611,25.818441904452936,0.09731402939846007,0.05495378271784982,1.7708340460947194,0.07658830253471076,0.2572492651621739,,CHCHD5
ENSG00000160213,62.42916160842803,0.10661426867593769,0.06021497180579428,1.7705608003901543,0.07663376537879411,0.2572492651621739,,CSTB
ENSG00000132879,8.40821474242088,0.16520019981604933,0.09333508239275791,1.76996897180505,0.07673230974211119,0.2572700433295622,,FBXO44
ENSG00000165512,22.386641408871025,-0.1119319772885881,0.063245209610397,-1.7698095710032622,0.07675886894810835,0.2572700433295622,,ZNF22
ENSG00000104823,51.05222083865695,0.08731010201776782,0.0493954748923885,1.7675728841149718,0.07713233449036976,0.2583216806035835,,ECH1
ENSG00000136213,66.12122537692784,0.09049327650609318,0.05122899800141189,1.7664463494601077,0.077320994931109,0.2587345681722483,,CHST12
ENSG00000132466,9.035186355103782,0.18898884415568828,0.10701863917316755,1.7659432563881161,0.07740536914358513,0.2587345681722483,,ANKRD17
ENSG00000164104,81.82105316130263,-0.10877533624092962,0.0616023277446707,-1.765766655633235,0.07743500480311107,0.2587345681722483,,HMGB2
ENSG00000114316,8.403474368907132,0.170145315072073,0.09638114727414727,1.765338138050073,0.07750695346259696,0.2587751447782848,,USP4
ENSG00000151461,48.93674755720641,0.10151312434365463,0.057538908387337134,1.7642518286981461,0.07768959024757803,0.25918493215209726,,UPF2
ENSG00000105518,13.114474376059968,0.13873322114741352,0.07867012613529875,1.7634803446077718,0.07781950947941378,0.25941834939709046,,TMEM205
ENSG00000099800,36.299841976359254,0.0942408587456132,0.053465695488503266,1.7626415944758043,0.07796095711239137,0.2595805161290986,,TIMM13
ENSG00000143727,46.807356733114524,-0.07726208381674318,0.043837126731816854,-1.762480563322746,0.07798813750123139,0.2595805161290986,,ACP1
ENSG00000164924,174.21812676866898,0.07668838990434355,0.04352512318618859,1.7619338968046467,0.07808046670325641,0.25968807027285973,,YWHAZ
ENSG00000113240,11.042804074339868,-0.15075557382234003,0.08561309900979466,-1.7608937833811233,0.07825638232028519,0.2598949192363,,CLK4
ENSG00000112514,110.69948666613223,-0.05685017372654384,0.032285533468278914,-1.7608559506194965,0.07826278709611714,0.2598949192363,,CUTA
ENSG00000185043,90.22540548580307,0.06117662139289123,0.03476100551227395,1.7599209370192137,0.07842121285132753,0.2602213098218514,,CIB1
ENSG00000089693,19.55077144799235,-0.1159250832109626,0.06589735702850613,-1.7591765199447271,0.07854753107320979,0.26040639915537106,,MLF2
ENSG00000187147,9.432705569879918,0.16647419496040586,0.09465112639660665,1.758818952273706,0.0786082646542339,0.26040639915537106,,RNF220
ENSG00000100650,234.8674839143403,0.061622066655185326,0.035041825152290804,1.758529026024687,0.07865753725354056,0.26040639915537106,,SRSF5
ENSG00000183696,33.116434265483896,-0.0939363366404452,0.05342981422045221,-1.7581258331324618,0.07872610114790182,0.2604341281857578,,UPP1
ENSG00000123416,72.65042597853112,-0.08960338294498564,0.05105569991698322,-1.7550123314474408,0.07925719849632873,0.26164336310392633,,TUBA1B
ENSG00000135535,89.89737019461919,0.13244963808068178,0.07547021261603543,1.7549922477963142,0.07926063377564244,0.26164336310392633,,CD164
ENSG00000065882,7.157891758781139,0.18758220510829932,0.10688933706572641,1.7549197165752344,0.07927304114380573,0.26164336310392633,,TBC1D1
ENSG00000164307,8.696180640371134,0.18392236999862077,0.10495484899108236,1.7523951657940837,0.07970588212231974,0.2628714572738396,,ERAP1
ENSG00000090520,25.466370581465387,0.09962482496368687,0.0568637850974752,1.7519907405550161,0.07977540010656606,0.2629003474951343,,DNAJB11
ENSG00000092841,535.6549694632079,0.04256323285216965,0.024308791073559745,1.7509399263571337,0.07995625841611922,0.2632958372652571,,MYL6
ENSG00000060339,16.611379656190636,0.1386706611653621,0.07930814474352953,1.7485046663719335,0.08037667828489702,0.2644790014743341,,CCAR1
ENSG00000169241,11.572498482180652,0.14659036475477535,0.08387391845406625,1.7477467066839847,0.08050789722028805,0.26449378872589235,,SLC50A1
ENSG00000111537,16.348633458925427,-0.3223855179364189,0.18447804498789447,-1.7475549351012147,0.08054112452421441,0.26449378872589235,,IFNG
ENSG00000141933,16.843620222596773,0.15871434589179362,0.09082783026316335,1.7474197658574118,0.08056455131516665,0.26449378872589235,,TPGS1
ENSG00000187713,8.47139536740087,-0.16571228032772936,0.09486044430989574,-1.746906010542926,0.08065364306192685,0.2645855295898086,,TMEM203
ENSG00000175203,15.075206553980934,0.12762445293799524,0.07312373367033499,1.7453218884222568,0.08092885392126514,0.2652872355434199,,DCTN2
ENSG00000197111,100.06827021791051,-0.07525620542219334,0.04312915542624215,-1.744903295194214,0.08100170368689627,0.2653250354679789,,PCBP2
ENSG00000134283,28.487719550217886,0.10024854125370741,0.057473472527882916,1.7442575999748828,0.0811141814802287,0.2654924835589634,,PPHLN1
ENSG00000234545,56.63484010761466,-0.10822701797636107,0.062076000251839174,-1.74345991264401,0.08125331078143018,0.2655945008102873,,FAM133B
ENSG00000105327,9.487427223245206,-0.1784436019543858,0.10235525337164411,-1.7433751182899297,0.08126811164151153,0.2655945008102873,,BBC3
ENSG00000138594,21.76249097288304,0.14119301969721548,0.08106981012286028,1.7416226765948906,0.08157449068907124,0.26616251157308085,,TMOD3
ENSG00000147601,27.86379548547647,0.12816902794637966,0.07359725000883817,1.741492079269104,0.08159736046793586,0.26616251157308085,,TERF1
ENSG00000129625,37.84997848152733,0.08674343602822554,0.04981692843300896,1.7412441665261098,0.08164078845186558,0.26616251157308085,,REEP5
ENSG00000116918,17.13172819192513,0.1278312586696899,0.07342509774409152,1.7409749880786016,0.08168796287706294,0.26616251157308085,,TSNAX
ENSG00000132334,30.08272571477036,-0.11905035980917576,0.06846139782013282,-1.7389414122386788,0.08204506890955869,0.2670674544526972,,PTPRE
ENSG00000178449,47.256457598503175,0.07382751347259897,0.04246155079230825,1.7386909355645237,0.08208914130392587,0.2670674544526972,,COX14
ENSG00000162980,37.78969201122453,0.0864921250481296,0.0498378261442254,1.7354714629372183,0.0826573318421173,0.26831129118451186,,ARL5A
ENSG00000111215,12.183643286135016,-0.16365201351982803,0.094314378459264,-1.7351756560693674,0.08270969700263058,0.26831129118451186,,PRR4
ENSG00000148335,7.863514030346493,0.16204693948451965,0.093391655993413,1.7351329490928928,0.08271725941859379,0.26831129118451186,,NTMT1
ENSG00000272449,12.47386774058384,-0.15548875309965324,0.08961266360917923,-1.735120314889582,0.08271949675066763,0.26831129118451186,,ENSG00000272449
ENSG00000139318,8.572501067156413,-0.18556664768673323,0.10698354682524093,-1.734534451263416,0.08282329848657817,0.26834135147024896,,DUSP6
ENSG00000155330,13.989477558049845,-0.16177991864350577,0.09327888395640586,-1.7343680775502637,0.08285279536959847,0.26834135147024896,,C16orf87
ENSG00000164902,18.24954462572713,-0.1361758730662797,0.07853196545173301,-1.7340183998065801,0.08291481851082899,0.26834137598829993,,PHAX
ENSG00000168229,36.333187262584154,0.13555941166399427,0.07821136324905091,1.733244454930777,0.08305222867960219,0.26858519693321276,,PTGDR
ENSG00000155096,10.436145104144051,0.17343461877562918,0.10012298332611079,1.7322158510872065,0.08323513781727533,0.2689756843430548,,AZIN1
ENSG00000077232,9.475514150730694,0.18395512293936556,0.10626329484286372,1.7311257213639784,0.08342934370450043,0.2694020673204279,,DNAJC10
ENSG00000135404,220.4431143051881,0.05793476635135004,0.03347486990973493,1.730694294184601,0.08350630346312893,0.26944949670765017,,CD63
ENSG00000168522,16.922986528802564,0.13511732726412046,0.07810382903940347,1.7299705907626324,0.08363552976951587,0.26966537802734364,,FNTA
ENSG00000196396,20.663507446980397,0.13612775811209085,0.0787388471319981,1.7288512985703965,0.0838357122667801,0.26998834631940244,,PTPN1
ENSG00000138600,17.225700618740465,0.12248919047006941,0.07085571563408007,1.7287129114980635,0.08386048935827985,0.26998834631940244,,SPPL2A
ENSG00000042493,14.541100258101487,0.24465187302791008,0.1416800897177719,1.7267907827787161,0.08420524445113035,0.2708967232267963,,CAPG
ENSG00000237943,14.608007975732672,0.15006681053024457,0.08692316027045725,1.7264306781221352,0.08426996061852426,0.2709035063865932,,PRKCQ-AS1
ENSG00000173171,10.522110573401092,0.14145129963829625,0.08196268641265579,1.725801164277784,0.08438319031176901,0.2709202137273299,,MTX1
ENSG00000134779,9.620456807395335,0.15814077823811937,0.09163832670145795,1.7257056510134137,0.08440038088847716,0.2709202137273299,,TPGS2
ENSG00000169926,17.65118612955711,0.14218289371421505,0.08243097694196994,1.7248721171206,0.08455052149058437,0.27108365745884466,,KLF13
ENSG00000102978,18.717744045614907,-0.11016866434905301,0.06388008803524323,-1.7246166644020897,0.08459657824297898,0.27108365745884466,,POLR2C
ENSG00000198937,20.425679057115453,0.12758847867695153,0.07399092483494249,1.72438010420296,0.08463924687471669,0.27108365745884466,,CCDC167
ENSG00000167077,11.679541213372856,-0.1499387164352406,0.08707331208764962,-1.721982463286908,0.08507269530680496,0.2720753939199429,,MEI1
ENSG00000140497,17.807516561794948,0.11575283766693527,0.06722110429980044,1.7219716764944444,0.08507464940459504,0.2720753939199429,,SCAMP2
ENSG00000147649,64.28761771681738,0.08302018190915447,0.04830547766171869,1.718649435381665,0.08567822434684584,0.2738033063137385,,MTDH
ENSG00000156873,11.162637856337419,-0.13781259171967972,0.08022041825859669,-1.7179241234498457,0.08581045605851302,0.2738381108758568,,PHKG2
ENSG00000000938,53.42367842493635,0.10278243552083051,0.059841437721465655,1.7175796477222929,0.08587331520905093,0.2738381108758568,,FGR
ENSG00000081870,30.63120326938963,0.09861300948874137,0.05742571463052902,1.717227380158994,0.08593763467053887,0.2738381108758568,,IFT25
ENSG00000134440,19.198466718025934,0.13845627355776544,0.08062899331286118,1.7172020618007666,0.08594225897143831,0.2738381108758568,,NARS1
ENSG00000178951,14.539771838391824,0.17057686652298426,0.09941050545683539,1.7158837060440228,0.08618332952703239,0.27433824046003635,,ZBTB7A
ENSG00000198707,9.064906390222175,0.18043951158928906,0.10517264937124357,1.7156505295627271,0.08622602427216303,0.27433824046003635,,CEP290
ENSG00000152240,10.105604620180234,0.1413899817861841,0.08253823355189435,1.713024082315595,0.08670810923054993,0.2753755809454437,,HAUS1
ENSG00000211450,64.62012201582611,0.07557873940811226,0.04412168398651403,1.7129613509587076,0.08671965013988515,0.2753755809454437,,SELENOH
ENSG00000092201,27.78929138412339,0.1393292898560087,0.08135615959743797,1.7125844010512559,0.08678902506575704,0.2753755809454437,,SUPT16H
ENSG00000013725,8.222361537032375,-0.2096337244870572,0.1224146559329248,-1.712488777503265,0.08680663101677494,0.2753755809454437,,CD6
ENSG00000128923,9.572212477073778,0.17700800384693063,0.10343159978369272,1.7113532442416899,0.08701592285454035,0.27568714130830396,,MINDY2
ENSG00000162191,74.03270891777899,-0.06275308212108947,0.03667058889124029,-1.711264640641745,0.08703227063257298,0.27568714130830396,,UBXN1
ENSG00000198843,67.88956910828531,-0.09594610040667267,0.05609918537724123,-1.7102940044758095,0.08721151991485074,0.2760528505278414,,SELENOT
ENSG00000104324,13.655208556856868,-0.1368809341303517,0.08008498162487278,-1.7091960484116444,0.0874146406025521,0.27647899087309635,,CPQ
ENSG00000166260,13.762086520060112,-0.12428030483323026,0.07272634895608454,-1.7088758973487908,0.08747394002895052,0.27647899087309635,,COX11
ENSG00000160783,23.391142417069176,-0.09751175629817128,0.05708763084456262,-1.7081065522525343,0.08761657335599649,0.27672767365795387,,PMF1
ENSG00000149231,15.361511263842248,0.1308069929256655,0.07662639409733656,1.7070748854435809,0.08780813444016528,0.2768891102885065,,CCDC82
ENSG00000159377,23.259248465177894,0.10288906055796815,0.06027290209443745,1.707053368639167,0.08781213329852766,0.2768891102885065,,PSMB4
ENSG00000115520,22.651499042498674,-0.13078721955529585,0.07662725317857062,-1.706797700949973,0.08785965990897143,0.2768891102885065,,COQ10B
ENSG00000144029,19.618723783307228,0.107159269360026,0.06290752229510492,1.7034412650578115,0.08848552088326082,0.27855721457005106,,MRPS5
ENSG00000122068,21.661639527134696,-0.1250476556602052,0.07341626469098642,-1.703269107826971,0.088517718981701,0.27855721457005106,,FYTTD1
ENSG00000181929,15.744684161485885,0.12075056919417082,0.07093456464617157,1.7022811064885826,0.08870268483739424,0.2789343861168484,,PRKAG1
ENSG00000163564,108.59343671440703,0.0945627670835709,0.05558965033991645,1.7010858407157423,0.0889268693168093,0.2789343861168484,,PYHIN1
ENSG00000170248,13.123944515373575,0.1310642607055551,0.07705001371183774,1.7010283891152476,0.08893765644788239,0.2789343861168484,,PDCD6IP
ENSG00000134153,27.15088375195442,-0.09879963060431216,0.05809232469899316,-1.7007346687577907,0.08899282195108818,0.2789343861168484,,EMC7
ENSG00000159079,9.950786604959683,0.15739656417328135,0.09255202617248845,1.7006279676680731,0.08901286899177836,0.2789343861168484,,CFAP298
ENSG00000165669,32.88085532048049,-0.09734374664154491,0.057252535078544886,-1.7002521636465318,0.08908350416595597,0.2789343861168484,,FAM204A
ENSG00000122299,11.771521624587518,-0.17954322967531716,0.10562297113447398,-1.6998502101094233,0.08915910430660982,0.2789343861168484,,ZC3H7A
ENSG00000156261,28.755616293388147,0.09955833104023158,0.05857708882064586,1.6996121358141245,0.08920390611084547,0.2789343861168484,,CCT8
ENSG00000099817,29.007557238848143,-0.09614654927631425,0.056572147816879914,-1.699538606657359,0.08921774679586739,0.2789343861168484,,POLR2E
ENSG00000105171,13.213840201411212,0.13076649937695617,0.07697851734043697,1.6987401666706858,0.08936815172388841,0.2792028826781698,,POP4
ENSG00000131378,17.17266408582058,-0.1254758759177543,0.07389163780562967,-1.6981065739511125,0.08948764905727087,0.2793278233531519,,RFTN1
ENSG00000166337,11.029048114025992,0.1686184218747517,0.09931327302616495,1.6978437698889222,0.0895372523667256,0.2793278233531519,,TAF10
ENSG00000166311,9.587696139945262,-0.15709066010979328,0.09270455800177374,-1.6945300586707681,0.09016460483703999,0.28108230917137755,,SMPD1
ENSG00000015171,9.04693317583185,0.17921082104109726,0.10578782971482803,1.6940589623985614,0.09025407938398508,0.2811586763819319,,ZMYND11
ENSG00000003400,10.787135242844215,0.16775197820845922,0.09909300965211691,1.692873985737051,0.0904794559805843,0.28130550656428044,,CASP10
ENSG00000182004,69.17709320461752,0.0628404985671601,0.0371221631023968,1.6928027171752498,0.09049302532426742,0.28130550656428044,,SNRPE
ENSG00000160633,15.593872236169634,0.12728278441623006,0.07519385950173303,1.692728438993034,0.09050716943395243,0.28130550656428044,,SAFB
ENSG00000109606,9.911048371158046,-0.15557666180617719,0.09195259879603895,-1.691922401793814,0.09066077006481438,0.28130550656428044,,DHX15
ENSG00000153879,8.285887016783319,-0.16197146615330996,0.09574078854840185,-1.6917707552766303,0.09068969165826124,0.28130550656428044,,CEBPG
ENSG00000116001,12.121078439597529,0.14372689542044673,0.08495690315462716,1.6917624122768966,0.09069128302684798,0.28130550656428044,,TIA1
ENSG00000131495,71.8625409476966,0.057224588757136374,0.03385510726431212,1.6902793516610373,0.09097452348753082,0.2817972507397095,,NDUFA2
ENSG00000171735,22.96561920202684,-0.09530327650041186,0.05638411873526761,-1.6902503513068259,0.09098006916648352,0.2817972507397095,,CAMTA1
ENSG00000115956,110.24590928617707,0.13953983245941698,0.082602617288213,1.6892906912687942,0.0911637363998457,0.2821641540787785,,PLEK
ENSG00000152234,62.99227624791319,-0.06918721246243396,0.040982782229525394,-1.6882019399012185,0.09137247097382227,0.28246529461758874,,ATP5F1A
ENSG00000180573,13.47722917213271,0.16573993055239564,0.0981812117079171,1.6881023127465715,0.0913915905857694,0.28246529461758874,,H2AC6
ENSG00000146425,51.00712417110556,-0.13141208254038503,0.07799693938968165,-1.6848363995904403,0.09202014003631435,0.2842049578423499,,DYNLT1
ENSG00000168010,10.002005315889926,-0.1398510355657904,0.08309911132226538,-1.6829426132300773,0.09238620120829888,0.28513202041962143,,ATG16L2
ENSG00000171596,9.017058315490484,-0.17445560784268074,0.10374416585455096,-1.6815943952671712,0.09264751817380133,0.2857347192715883,,NMUR1
ENSG00000104133,10.402891939574562,0.15709647936430804,0.09357178497825215,1.6788872778350894,0.09317401443970036,0.28715381800611356,,SPG11
ENSG00000168918,17.86539163397824,0.13271427891517862,0.07912624017597249,1.6772473786196493,0.09349411779748859,0.2879352652738314,,INPP5D
ENSG00000100220,12.901920924018192,0.12866955931314328,0.07673232297827637,1.6768625569901072,0.09356936147671131,0.2879620391961094,,RTCB
ENSG00000136560,14.352714932428723,-0.142349397393542,0.08493582763154522,-1.6759640938693032,0.0937452259305179,0.2879638580608103,,TANK
ENSG00000184730,10.970989337702914,0.15277431593533267,0.09116278607663102,1.675840795463527,0.09376938093604767,0.2879638580608103,,APOBR
ENSG00000122223,17.435467353340613,-0.12002725596304759,0.07162215992580112,-1.6758396575500236,0.09376960388437294,0.2879638580608103,,CD244
ENSG00000106588,60.00607767103556,0.08887500983453726,0.05313181092577553,1.6727269085312098,0.09438106946272405,0.2895046142654375,,PSMA2
ENSG00000120910,19.83673031525603,-0.11210517475276699,0.0670351386080507,-1.6723344962145499,0.09445838093051369,0.2895046142654375,,PPP3CC
ENSG00000141367,8.07301767152332,0.17900073227176383,0.10704087652011737,1.6722651952324237,0.0944720395985204,0.2895046142654375,,CLTC
ENSG00000147853,8.894752862832837,0.1521288936897386,0.09101657801132254,1.6714415880457913,0.09463448720327798,0.2897971876352327,,AK3
ENSG00000121680,16.437227886007573,0.1096414992275473,0.06561470858957191,1.6709896543680227,0.09472372130517583,0.2898653055781441,,PEX16
ENSG00000121281,15.136680268404513,0.13395173800621477,0.08030320364706389,1.6680746461241887,0.09530090951873875,0.2914254667756767,,ADCY7
ENSG00000185198,10.439809372535267,0.34400635903396526,0.20646895372125096,1.6661408547572745,0.09568536292153912,0.29196543281067966,,PRSS57
ENSG00000142669,561.612441916949,0.07081531156728449,0.04251400662674036,1.6656936663020427,0.09577444414783438,0.29196543281067966,,SH3BGRL3
ENSG00000116752,26.86559116973389,-0.11310662533393599,0.06790503474700112,-1.6656588978320361,0.09578137290773667,0.29196543281067966,,BCAS2
ENSG00000099330,8.501433712853677,0.15603197378018036,0.09368191179759885,1.6655507000891456,0.09580293743009065,0.29196543281067966,,OCEL1
ENSG00000169057,21.378022858661687,0.11037381310273181,0.06627104060746362,1.665490870386321,0.0958148635523839,0.29196543281067966,,MECP2
ENSG00000178694,8.451867497221633,-0.16723970604768154,0.10044002239102434,-1.6650703779873572,0.09589871571545391,0.29201530112650886,,NSUN3
ENSG00000185946,10.121160160948452,0.17046103568994908,0.10243096366473013,1.6641553451346043,0.0960813892670848,0.2923652658047269,,RNPC3
ENSG00000028528,9.276773934384495,0.15501747757984974,0.0931697251852466,1.6638181262382503,0.09614878050384246,0.2923652658047269,,SNX1
ENSG00000197045,10.270829036235236,-0.15441275087577597,0.09287490795185692,-1.6625884674450295,0.09639484118116932,0.29259699987411697,,GMFB
ENSG00000099203,11.446193125461262,0.13421374321616197,0.08073629712518095,1.6623717955266724,0.09643825044495075,0.29259699987411697,,TMED1
ENSG00000254635,9.633495047386388,0.15837388295325716,0.09527851732987935,1.6622202715951697,0.09646861688866726,0.29259699987411697,,WAC-AS1
ENSG00000164978,8.483772726900703,0.17399177235792962,0.10468275545840734,1.6620862872401196,0.09649547465226829,0.29259699987411697,,NUDT2
ENSG00000188486,8.531710573631551,-0.17619150097776498,0.1060682178792216,-1.6611149362233253,0.09669036524211627,0.29298264033798116,,H2AX
ENSG00000141295,9.290497452084262,-0.16228064771172981,0.09771672139287632,-1.6607254664150068,0.09676859632510543,0.29301449705999383,,SCRN2
ENSG00000170606,7.55075963424767,0.1655281362529661,0.09972849890744322,1.6597877042809068,0.09695716817024327,0.2933801864843655,,HSPA4
ENSG00000131051,225.87456325684317,-0.09317277931714689,0.05618784208372096,-1.6582373670502895,0.09726956531570818,0.2941197827540666,,RBM39
ENSG00000115484,30.654499712397794,0.08820080257788175,0.05323535134234531,1.6568088751904912,0.09755812209367515,0.29478630886824886,,CCT4
ENSG00000125351,16.800116226273232,0.11807852774470907,0.07130995710310774,1.65584909235015,0.09775238315160918,0.29516717508514506,,UPF3B
ENSG00000100632,83.36054059412191,0.055076802266684904,0.03328821108073032,1.6545437702588779,0.09801707763295402,0.2957600382969261,,ERH
ENSG00000171530,83.48171939534647,0.07301832148810661,0.044157525013109475,1.6535872757005503,0.09821139979990497,0.29603009786927414,,TBCA
ENSG00000115233,17.610420775960783,0.10635170016737547,0.0643360598135851,1.6530651779970895,0.09831759932134673,0.29603009786927414,,PSMD14
ENSG00000267216,13.759305617979098,0.12243266435157393,0.07407607860625595,1.6527962421222728,0.0983723391544139,0.29603009786927414,,ZNF8-ERVK3-1
ENSG00000131871,37.328868163694416,0.07659495291049401,0.0463437346233845,1.6527574554132953,0.0983802358992411,0.29603009786927414,,SELENOS
ENSG00000138378,40.9221942545721,-0.10630706208936638,0.06433717778618465,-1.6523426383834023,0.0984647218588598,0.2960784235464116,,STAT4
ENSG00000108788,12.952747746720014,0.12860404804689757,0.07792903439021065,1.6502712891698892,0.09888746175181984,0.29714308819453084,,MLX
ENSG00000100209,8.930766613499207,0.15381545235955404,0.09325983980335699,1.6493214301448682,0.09908180157193332,0.2975204409450073,,HSCB
ENSG00000145012,19.367755732886703,0.13152976774257072,0.07989872201536705,1.6462061522995748,0.09972132305132105,0.29923312402431773,,LPP
ENSG00000077420,36.48824468261377,-0.10380601733614613,0.06309782468499393,-1.6451600012263736,0.09993681970781736,0.2996719465528245,,APBB1IP
ENSG00000127152,11.44517518364585,0.15684028259275878,0.09537078523052882,1.6445317317420303,0.10006641531689646,0.2998426915657689,,BCL11B
ENSG00000106635,15.67832765182117,-0.12017293001964176,0.07308844994503542,-1.6442123223302065,0.10013235251040815,0.2998426915657689,,BCL7B
ENSG00000139180,22.091323107639738,0.09336486917226859,0.05682082711778905,1.643145197072265,0.10035289545425455,0.3002952825937479,,NDUFA9
ENSG00000132471,15.226555448796477,-0.11821483005195993,0.07196371720447237,-1.6427004418917535,0.10044492732521981,0.30036295821439263,,WBP2
ENSG00000038427,8.765836971510527,-0.1664630979842839,0.10139321675091524,-1.6417577360546785,0.10064022107029551,0.30066436596995283,,VCAN
ENSG00000110955,60.49989178888609,0.06718091039376697,0.04092545817210873,1.6415432690146816,0.10068469292592135,0.30066436596995283,,ATP5F1B
ENSG00000146066,82.33036477838533,-0.06243327186399121,0.03805332249705765,-1.6406785995840087,0.10086414953087766,0.300992534496626,,HIGD2A
ENSG00000184840,64.46568608696855,-0.07486518914354871,0.04568366541239559,-1.6387736944425468,0.10126039959059226,0.3019667464014423,,TMED9
ENSG00000198862,8.654103265435971,0.18092310198298542,0.11042440471584511,1.6384340259615116,0.1013311860291301,0.3019697258595358,,LTN1
ENSG00000151694,9.774021007435467,0.15493585119077963,0.09464463673795129,1.637027268853707,0.10162477195532106,0.3026361928772706,,ADAM17
ENSG00000203667,26.949309016183612,-0.0997096379535163,0.060943370104003046,-1.6361031197217448,0.10181800739619838,0.3028020840251234,,COX20
ENSG00000109919,12.72018585320366,0.13140814249948196,0.08031833298748274,1.6360915075262004,0.10182043731374035,0.3028020840251234,,MTCH2
ENSG00000154760,13.889105284163971,0.16979577475994279,0.10391986915427318,1.6339105903595221,0.1022776257092299,0.3039528066235149,,SLFN13
ENSG00000188529,21.418213238876035,-0.1331848844837488,0.08159072281997164,-1.6323532857726815,0.1026050839798912,0.30471667699450183,,SRSF10
ENSG00000121851,58.841173597975434,-0.06679328000156542,0.04100713902570973,-1.6288207758090338,0.10335096523529444,0.3067157093527933,,POLR3GL
ENSG00000178607,10.694740601497712,-0.17357592787968046,0.10658671333538214,-1.6284949826111283,0.10341997225461647,0.3067157093527933,,ERN1
ENSG00000162976,18.150941944530803,0.111805251907672,0.06868252342211954,1.6278559135127024,0.10355544136062635,0.3069071197037193,,SLC66A3
ENSG00000147677,77.31615338775572,-0.06430331176973732,0.03958580564042999,-1.624403260952272,0.10428977158142708,0.30834148316546806,,EIF3H
ENSG00000100342,7.708127901945482,0.17773625220352676,0.10941960204006011,1.6243547672422984,0.10430011488337125,0.30834148316546806,,APOL1
ENSG00000079332,45.59112223581642,0.12656745922564527,0.07792263656578298,1.6242707485750423,0.10431803728975748,0.30834148316546806,,SAR1A
ENSG00000122674,23.394877865563203,0.12088142734779922,0.07442597152500748,1.6241833982265517,0.10433667298575276,0.30834148316546806,,CCZ1
ENSG00000130826,10.424364784082062,0.13993767010042873,0.08617346576250792,1.6239067195706591,0.10439571824298838,0.30834148316546806,,DKC1
ENSG00000155085,7.9784451079264995,0.17997223720240707,0.1108824476075174,1.6230904086771407,0.10457007964675027,0.3086457944280276,,AK9
ENSG00000116209,100.33844479443754,0.05970516732512382,0.03681803168730623,1.6216284409823136,0.10488292915935923,0.30935816937460625,,TMEM59
ENSG00000090238,32.54631034682173,-0.1117442710954507,0.06896836087310708,-1.6202251246922597,0.10518392620703379,0.30990817688181427,,YPEL3
ENSG00000107742,25.69530844472541,-0.15699954630072702,0.09691589199739838,-1.6199566765060733,0.1052415836479755,0.30990817688181427,,SPOCK2
ENSG00000164405,109.37049855483116,0.05719184619964391,0.03530888275426267,1.6197580251314923,0.10528426623902634,0.30990817688181427,,UQCRQ
ENSG00000090863,20.826153612371378,0.12849639383643693,0.0793631280394909,1.6190943705305751,0.10542695987222721,0.3101172368233359,,GLG1
ENSG00000142188,14.167410068837452,0.14632591820409194,0.09043048273226141,1.6181039156599528,0.10564020480484113,0.31040017179516144,,TMEM50B
ENSG00000108384,8.436880591944028,-0.15607576216774013,0.09646326412659195,-1.6179813484531969,0.10566661729934662,0.31040017179516144,,RAD51C
ENSG00000008952,71.89171912590616,-0.06391742263206783,0.03953336783128528,-1.6167968007391944,0.10592215024248243,0.31087125733410537,,SEC62
ENSG00000101246,10.8812354448524,0.13478481561772154,0.08339919711839551,1.6161404458891582,0.10606395126766584,0.31087125733410537,,ARFRP1
ENSG00000086598,79.9687260879244,-0.07739905623166923,0.047891930659978384,-1.6161189403948781,0.10606859992998662,0.31087125733410537,,TMED2
ENSG00000188976,15.318635318623894,-0.12151964004119332,0.07521743229112564,-1.615578149103217,0.10618555137269928,0.31087125733410537,,NOC2L
ENSG00000163508,12.033578173903669,0.17154038938910626,0.10617914788975588,1.6155751180751037,0.10618620715040623,0.31087125733410537,,EOMES
ENSG00000120899,13.481802883986,0.12701188648070735,0.0786734683297573,1.6144182934498466,0.10643672638334828,0.31110344507280874,,PTK2B
ENSG00000157045,8.740163026223248,-0.14102946671169939,0.08736151630093328,-1.6143202714785387,0.10645797530627901,0.31110344507280874,,NTAN1
ENSG00000103121,16.80602086097503,0.10781078823529305,0.06678844834085228,1.6142130999223825,0.10648121149822735,0.31110344507280874,,CMC2
ENSG00000073350,8.492542549588444,0.17090929659387408,0.10590307956063719,1.6138274477279588,0.10656485919121458,0.31113775014870815,,LLGL2
ENSG00000122873,11.564172429420855,0.151350795879788,0.0938224551410161,1.6131617495226087,0.1067093712115469,0.3113495948970758,,CISD1
ENSG00000079246,59.74963094750477,0.08475578063420515,0.05255434132924073,1.612726532014356,0.10680393363522743,0.3113537928104963,,XRCC5
ENSG00000167460,30.55607268441665,0.11667541242228173,0.07235716316765467,1.612492907605288,0.10685472205305917,0.3113537928104963,,TPM4
ENSG00000186591,8.392032243934183,0.1814405522174344,0.11268155279398828,1.6102063533784965,0.10735281486956258,0.31243053831873013,,UBE2H
ENSG00000178307,13.164763816153096,-0.13255301987246043,0.08232423008047539,-1.6101337327161673,0.10736866431244552,0.31243053831873013,,TMEM11
ENSG00000113593,8.254941403616863,0.164183918669155,0.10199883506160456,1.6096646453853352,0.1074710871714413,0.31251841007448017,,PPWD1
ENSG00000204356,19.42392849116785,0.10354403589978688,0.06434504063707061,1.609199945708525,0.10757262829202058,0.3126036014906468,,NELFE
ENSG00000186010,101.67721629056939,0.08275053000040539,0.051435276159310525,1.6088283407695156,0.1076538820195933,0.31262976342200016,,NDUFA13
ENSG00000141002,109.2573439402793,0.12037017325409007,0.07484171223747656,1.6083300295448797,0.10776291713578204,0.3127365140486445,,TCF25
ENSG00000115541,60.38789943285806,0.08413043480856595,0.05233689768585297,1.607478443096695,0.10794945452515559,0.31306788855921464,,HSPE1
ENSG00000132305,13.142540501232778,0.1324339579213913,0.08242769760217793,1.6066681682722639,0.10812717996119658,0.31337328043677004,,IMMT
ENSG00000221869,30.228208140373603,-0.12887177558392918,0.08023369523420353,-1.6062051636503876,0.10822883918909929,0.31345795660725073,,CEBPD
ENSG00000105185,25.419057613210878,0.09766836770805469,0.06088238289154558,1.6042139461268916,0.1086669016923876,0.3144083230256117,,PDCD5
ENSG00000197249,10.641849114611997,-0.15335581428663542,0.09560518485392137,-1.6040533211766006,0.10870229980270744,0.3144083230256117,,SERPINA1
ENSG00000117091,98.91747388940169,0.09420544061708207,0.058782620905080615,1.602607014906677,0.10902144404015239,0.31483262505876314,,CD48
ENSG00000135018,12.783474383383794,0.1277715117987979,0.07973213064256685,1.6025096879900023,0.10904294693564044,0.31483262505876314,,UBQLN1
ENSG00000161542,9.910503679925903,-0.13086745354213147,0.08167639003417278,-1.602267846159429,0.10909639271609407,0.31483262505876314,,PRPSAP1
ENSG00000197345,19.081878516518074,0.1119947954768969,0.06991395227037461,1.601894784088092,0.10917887810745082,0.31483262505876314,,MRPL21
ENSG00000262814,10.287031358188239,0.14999453910050575,0.0936446638471147,1.6017414440761781,0.10921279644400357,0.31483262505876314,,MRPL12
ENSG00000198162,14.855604803363164,0.14812452250931835,0.09249864789692162,1.601369597038704,0.10929508246127757,0.31486006778292147,,MAN1A2
ENSG00000173545,17.22160687748138,-0.1369932894398827,0.08560347277777107,-1.6003239704482668,0.1095267318791307,0.31531747760545475,,ZNF622
ENSG00000136709,20.669759110773985,-0.10468213906119561,0.06544362118022522,-1.5995774251689316,0.109692359800744,0.31558433567674155,,WDR33
ENSG00000205268,8.19276965667638,0.1779365398580155,0.11138941186369762,1.5974277705653812,0.11017038628043958,0.3167490109205728,,PDE7A
ENSG00000163166,9.24319830917047,0.16691491131797284,0.10462948254133424,1.595295200394712,0.11064623839810087,0.31790589213053283,,IWS1
ENSG00000198851,55.97841450052681,-0.2669701747219104,0.16741655218980672,-1.5946462355719513,0.11079136716440999,0.3181116428138036,,CD3E
ENSG00000160688,7.759371265874853,-0.1539246843548155,0.09660658285273406,-1.5933146563051142,0.11108962038691655,0.31875649032771086,,FLAD1
ENSG00000104805,32.6510616262801,-0.08288659273699492,0.05206349075841842,-1.5920291077215667,0.11137816442254143,0.31937264244952734,,NUCB1
ENSG00000102879,292.94610124773345,0.06512023107038611,0.04092323496284875,1.5912776966313655,0.11154709389405812,0.3196452154169467,,CORO1A
ENSG00000167770,27.9544855047553,0.0846664022628364,0.053219121705402335,1.5909019079930027,0.11163165311514693,0.3196758193443023,,OTUB1
ENSG00000158985,66.58204176927747,-0.09470425739165403,0.05954971140195934,-1.5903394854830148,0.11175830280551279,0.3198268361372049,,CDC42SE2
ENSG00000204257,14.577882666959445,0.14538975204855023,0.09146521900193312,1.5895632638836998,0.11193328321893015,0.3201158734225451,,HLA-DMA
ENSG00000171310,15.360592347021957,-0.13721488605879892,0.08644653287639614,-1.587280385842575,0.11244915551978805,0.32127068613291676,,CHST11
ENSG00000254999,99.82945526865834,0.05703973675490367,0.03593915634395268,1.5871195252612404,0.11248557649442313,0.32127068613291676,,BRK1
ENSG00000163382,21.483460852675726,-0.09818258839034885,0.061893659512338724,-1.5863109269015805,0.11266879480814032,0.3215817118303583,,NAXE
ENSG00000138071,53.45917737159701,0.08590006500578284,0.054195044725686134,1.5850169594023766,0.11296248106409543,0.32193798517333405,,ACTR2
ENSG00000183386,15.098431092031143,-0.15000224673832568,0.09465133327219404,-1.5847874673561753,0.11301463082045454,0.32193798517333405,,FHL3
ENSG00000048028,12.410946266365904,0.13645179974798038,0.0861015332199519,1.5847778157376768,0.11301682446921527,0.32193798517333405,,USP28
ENSG00000133606,27.60178248033125,-0.10545059854184587,0.0665879339526791,-1.5836292295355583,0.11327811825892602,0.3223441658798659,,MKRN1
ENSG00000120071,16.16641034254195,0.14395905986245977,0.09091215864908317,1.5834962231854515,0.1133084068184137,0.3223441658798659,,KANSL1
ENSG00000122122,24.949642612783016,0.10552649288636239,0.06665712546163566,1.5831239669508086,0.11339321191544093,0.3223734743483002,,SASH3
ENSG00000108468,12.456129931456069,0.13470218153449903,0.08513023434310381,1.5823071858536584,0.11357946110675467,0.32257918273650443,,CBX1
ENSG00000131966,16.82467629533392,0.10429019245036959,0.06591663319497867,1.582152901254582,0.11361466939922181,0.32257918273650443,,ACTR10
ENSG00000179218,105.81442825748286,0.08785642186590382,0.05557777686132139,1.5807833063406738,0.11392759278128341,0.3232555370259759,,CALR
ENSG00000137815,61.81241893732839,0.07117371738260969,0.04513858200679176,1.5767823050334318,0.11484562455756615,0.3254560260838611,,RTF1
ENSG00000173915,124.73568058521728,0.07388188828476913,0.04685713641314862,1.5767478326745779,0.1148535594707779,0.3254560260838611,,ATP5MK
ENSG00000008517,386.2742818752348,0.19274711640581707,0.1222970618645834,1.576056803549715,0.11501271287036008,0.32569372289924614,,IL32
ENSG00000139644,92.89733160700993,0.07078088988459788,0.044983384522861984,1.5734896481305178,0.11560548343705775,0.3271582255278933,,TMBIM6
ENSG00000146731,25.694287208170053,0.09375288782846966,0.059602963833433734,1.5729568095048294,0.115728819347622,0.32729320347526825,,CCT6A
ENSG00000141446,17.10526515266223,-0.12739295335327616,0.08104198569486505,-1.571937709336606,0.11596499807744504,0.3274429044797548,,ESCO1
ENSG00000214087,15.35187548352616,-0.1314607570250398,0.08364082722466516,-1.5717295175946422,0.11601329354357162,0.3274429044797548,,ARL16
ENSG00000196233,10.673672088337339,0.15653586821550733,0.09961532890328104,1.571403416912791,0.1160889728111703,0.3274429044797548,,LCOR
ENSG00000110696,90.22606469750937,0.05748811698820728,0.036584086776058775,1.5713968026619827,0.11609050820364085,0.3274429044797548,,C11orf58
ENSG00000178988,10.73297806736673,0.1442656615074438,0.09185551667900257,1.5705715532752726,0.11628220188202021,0.3274429044797548,,MRFAP1L1
ENSG00000183978,17.211341317377585,0.13022527024796896,0.08291881380518068,1.5705153543794739,0.11629526512473114,0.3274429044797548,,COA3
ENSG00000141480,36.24704990142597,-0.08148332158518103,0.05188547750343512,-1.5704456334585406,0.11631147311887756,0.3274429044797548,,ARRB2
ENSG00000204463,9.737686991375865,0.1643749532967703,0.10479621645370174,1.568519922371339,0.11675984427048079,0.32829228370709407,,BAG6
ENSG00000151092,13.727645305791071,0.12321975365020352,0.07855906901620179,1.5684981402311557,0.11676492364807435,0.32829228370709407,,NGLY1
ENSG00000171490,41.510844709872,-0.08865023890042258,0.05654452101936449,-1.567795381449301,0.1169288931180378,0.32833110896042805,,RSL1D1
ENSG00000140398,10.851717168771671,-0.24535845783683924,0.15652517988757356,-1.567533466583916,0.11699004999326817,0.32833110896042805,,NEIL1
ENSG00000213658,45.87571782040275,-0.08432421386319565,0.05379818146454214,-1.5674175514421975,0.11701712408643607,0.32833110896042805,,LAT
ENSG00000170540,58.4154685991339,0.09348133321624233,0.0596509595054046,1.5671388019797499,0.11708225124241749,0.32833110896042805,,ARL6IP1
ENSG00000105127,8.280837860538563,-0.18197178948129664,0.11615718252419775,-1.566599546639214,0.11720832389507144,0.3284717729883252,,AKAP8
ENSG00000136827,10.123264773898788,0.14681824852338568,0.09382939986651072,1.5647360926560459,0.11764480191617772,0.32947988519139093,,TOR1A
ENSG00000197694,14.502432486762602,0.15532635156209346,0.09930103141161656,1.564196759631269,0.11777136796569514,0.32947988519139093,,SPTAN1
ENSG00000131188,8.988994299276454,-0.1590805964343156,0.10170809715305308,-1.5640897911493403,0.11779648310401705,0.32947988519139093,,PRR7
ENSG00000104714,25.04838114190232,0.1052845549646194,0.0674088524081095,1.5618802457457848,0.11831620296136365,0.33071977403993574,,ERICH1
ENSG00000126457,32.0705614033819,-0.08776708059867222,0.05621389491631494,-1.5613058075646633,0.11845161398378438,0.33088452789401873,,PRMT1
ENSG00000013275,23.922706096538818,0.09860609117481581,0.06319406553432239,1.5603694799673902,0.1186725928429484,0.33128794143963725,,PSMC4
ENSG00000100429,8.329002735093251,0.14989414307680315,0.09609578546749696,1.559840968545938,0.1187974673044697,0.3314227214870667,,HDAC10
ENSG00000132286,8.406552241608884,-0.15008058574045544,0.09623916932718238,-1.5594542927758392,0.11888889466919374,0.33146407682577406,,TIMM10B
ENSG00000101421,23.980769916320668,0.09754727348064275,0.06258736580146315,1.5585777134330572,0.11909636129074472,0.33182868982939623,,CHMP4B
ENSG00000124151,8.966929576943528,0.1551554928522634,0.09959477242818712,1.5578678385367903,0.11926458056287102,0.33208355218503405,,NCOA3
ENSG00000160255,265.27990901830225,-0.09587126908417978,0.06164290826194828,-1.5552684288804137,0.11988215308942116,0.33358847358065935,,ITGB2
ENSG00000143110,94.24252248570312,-0.0980678643520995,0.06308636181079288,-1.5545018215858175,0.12006476249465753,0.33388189416091457,,C1orf162
ENSG00000162194,27.03302704238637,0.08759479389616498,0.056412693791003755,1.5527497095012666,0.12048294149157805,0.33482960040723075,,LBHD1
ENSG00000023287,20.26444248622186,-0.1228968444294435,0.07922520474446447,-1.551234166271188,0.12084557710702863,0.33562183064320467,,RB1CC1
ENSG00000161547,82.84437539801526,-0.085056523843828,0.054849785663490476,-1.550717524507009,0.1209693929529529,0.335672326703257,,SRSF2
ENSG00000157106,19.01533066776665,0.14144173472515464,0.09122265705799276,1.550511016525601,0.12101891140676703,0.335672326703257,,SMG1
ENSG00000198804,2765.363753120513,-0.07197089637041529,0.046440737838546194,-1.549736281551471,0.12120482611688405,0.3359726345981789,,MT-CO1
ENSG00000156990,14.34629047729408,0.11788488565330853,0.07612688256764996,1.5485316313662316,0.12149435215236387,0.33655957859364816,,RPUSD3
ENSG00000055070,18.524206442917496,-0.09544462620909491,0.06174231754614094,-1.5458542860456725,0.12213976298797871,0.3380180971440874,,SZRD1
ENSG00000123728,11.860727601241047,0.14111257151703083,0.09129410340914369,1.5456920682447655,0.12217895375459704,0.3380180971440874,,RAP2C
ENSG00000066322,12.424794542249597,-0.11733616197457339,0.0759272323162668,-1.5453765190046977,0.1222552165543094,0.3380180971440874,,ELOVL1
ENSG00000196262,273.9902819746769,0.04297845356284798,0.02783624666314997,1.5439744475228943,0.12259452298976611,0.33873978351003703,,PPIA
ENSG00000204590,10.405036565156815,0.15630298459379674,0.10140116114335306,1.5414319010886646,0.12321170493540315,0.34008530186259434,,GNL1
ENSG00000160221,13.707715751654403,0.12416899356232523,0.08056011193530832,1.5413210158153192,0.12323867652427731,0.34008530186259434,,GATD3
ENSG00000138069,20.38869211393978,-0.12372945807244545,0.08041965989072028,-1.5385473930202822,0.12391482995775399,0.3416146745673203,,RAB1A
ENSG00000109083,19.38228813337505,-0.09318120644233467,0.06057019748574358,-1.538400241542332,0.12395078323796924,0.3416146745673203,,IFT20
ENSG00000124228,22.234539639332226,-0.10630008110045953,0.06912794606818326,-1.5377294878052956,0.12411477053532943,0.34184889376599015,,DDX27
ENSG00000168255,24.249190097967443,-0.17052434625304308,0.11095462387006297,-1.536883640403677,0.1243218063754539,0.34210810654314355,,POLR2J3
ENSG00000125457,19.020482862261584,-0.10423501013582442,0.06783046182727276,-1.5366991072721017,0.12436700984339377,0.34210810654314355,,MIF4GD
ENSG00000196954,51.54691662572806,-0.06923866651954089,0.045088625049890516,-1.5356127281088827,0.12463339062353798,0.3426230503354821,,CASP4
ENSG00000168310,24.40938045053869,0.11840370516575623,0.0771685674111031,1.5343514741563047,0.12494320874407895,0.3429833059639493,,IRF2
ENSG00000213465,13.92808448918722,-0.12878299767496906,0.08394211192746476,-1.5341882008669472,0.12498335953343528,0.3429833059639493,,ARL2
ENSG00000133313,14.914949967058678,0.11053764942632799,0.07205320646018878,1.5341114553646247,0.12500223561477886,0.3429833059639493,,CNDP2
ENSG00000137509,8.974235140841854,0.13892411522924822,0.09062823663458995,1.532901007324965,0.12530024765819886,0.3433483290949144,,PRCP
ENSG00000089597,11.079014737708977,0.12841318869102863,0.08378803571626978,1.5325957649356092,0.12537548562830766,0.3433483290949144,,GANAB
ENSG00000157036,14.370405345537735,-0.11377243313365301,0.0742408394590259,-1.532477730083385,0.1254045890032715,0.3433483290949144,,EXOG
ENSG00000112079,20.462296174884827,0.11933726001853583,0.07788200872801156,1.532282769378728,0.12545267120385017,0.3433483290949144,,STK38
ENSG00000122565,56.584438722954,0.07587003515445985,0.049525879785836724,1.531927054754855,0.12554043637295687,0.34337134525017976,,CBX3
ENSG00000126768,17.380992923833567,-0.0986254684133346,0.06445304724488114,-1.5301909316811617,0.12596947535562886,0.34432717616159575,,TIMM17B
ENSG00000147162,20.761145808082915,0.12238877912161814,0.08005619597992668,1.5287858437878554,0.12631754289192015,0.3450558086181427,,OGT
ENSG00000104765,15.22829897179046,-0.12811239450786618,0.08381732970436619,-1.5284714385406217,0.1263955296186171,0.3450558086181427,,BNIP3L
ENSG00000140030,71.85527241875977,-0.10595386207890825,0.0693425432585046,-1.5279777334373066,0.1265180664746605,0.3451725558864161,,GPR65
ENSG00000143774,135.4773156887398,-0.04543840887358532,0.02974455814103855,-1.5276209065917834,0.1266066879231764,0.34519668471555404,,GUK1
ENSG00000269293,17.798030456226833,-0.1206200692612991,0.07902411732198213,-1.5263703455216733,0.12691765856200576,0.3456871267856913,,ZSCAN16-AS1
ENSG00000169592,13.24094275396479,-0.1375590506118129,0.09012847922250539,-1.5262550949319016,0.12694634722959636,0.3456871267856913,,INO80E
ENSG00000083099,14.065087641492442,-0.11875567715860409,0.07783489748517629,-1.5257382099233983,0.1270750745278323,0.34582002986284927,,LYRM2
ENSG00000188938,8.24253973528895,-0.14285286712649978,0.09365581411229103,-1.5252963041378584,0.12718520920027346,0.3459022000060234,,FAM120AOS
ENSG00000071127,42.94751198201242,0.08562654137767062,0.056182030386806706,1.5240912581503714,0.12748591614155252,0.3463472078339028,,WDR1
ENSG00000198087,7.972426740779168,0.1915402025510552,0.12568691455721548,1.5239470491087745,0.12752193906084353,0.3463472078339028,,CD2AP
ENSG00000139921,18.50072536757296,0.1219466645386321,0.08003436384830931,1.523678813387709,0.12758896447590504,0.3463472078339028,,TMX1
ENSG00000163131,73.62009548538325,0.06794951284793886,0.04461579930106718,1.5229921667303528,0.12776066520231372,0.3464452910607962,,CTSS
ENSG00000169612,24.015270751882916,-0.10838271564420211,0.07116891660424755,-1.5228939938328854,0.12778522868801265,0.3464452910607962,,RAMAC
ENSG00000108654,394.1726279874509,-0.06907353085564231,0.04539911343699076,-1.5214731219698634,0.1281411512968801,0.3471927123742018,,DDX5
ENSG00000128272,44.648376933096394,-0.10509354709906897,0.06912886062013289,-1.5202557391559528,0.12844671339321323,0.3476499260433578,,ATF4
ENSG00000183255,11.31547777601562,0.12875640094015914,0.08469920279434769,1.5201607180740968,0.12847058741468204,0.3476499260433578,,PTTG1IP
ENSG00000198258,168.19912021318495,0.06668573259938028,0.04388066627566356,1.5197064734717696,0.1285847639054029,0.34774142088667404,,UBL5
ENSG00000130402,37.68950412451449,0.09754223513546131,0.06421615113164525,1.5189673223407067,0.12877072152200875,0.3480268032640424,,ACTN4
ENSG00000015475,24.558753473732846,-0.08337311729977294,0.054955685160591385,-1.5170972221734693,0.1292421394972615,0.3490828574311176,,BID
ENSG00000090060,58.282553719060715,-0.06794220679069583,0.04482809405427844,-1.5156166735179621,0.12961630850235836,0.34939814887323173,,PAPOLA
ENSG00000182154,44.835083540810416,0.08340934106657609,0.055048900733837024,1.5151863153428367,0.12972522762798108,0.34939814887323173,,MRPL41
ENSG00000127603,37.16923122278987,0.1139576379014078,0.07521820473515146,1.5150273567770005,0.12976547633430857,0.34939814887323173,,MACF1
ENSG00000146540,19.566014341469426,-0.1148326158993643,0.07580152058306727,-1.5149117724297458,0.12979474866719812,0.34939814887323173,,C7orf50
ENSG00000175606,9.980047571879556,-0.13727028753970316,0.090632310832627,-1.514584437697983,0.1298776756946786,0.34939814887323173,,TMEM70
ENSG00000132463,13.43966880521512,0.12140198101937717,0.08016434087690776,1.5144137616722848,0.12992093109378408,0.34939814887323173,,GRSF1
ENSG00000169740,14.773028369571978,-0.11477885634462923,0.07579157666277876,-1.5144012223854042,0.12992410943772356,0.34939814887323173,,ZNF32
ENSG00000125740,58.22076250582896,-0.19740913065442944,0.1303905343130803,-1.5139836008373968,0.13002999881747357,0.3494373917927958,,FOSB
ENSG00000183617,45.18074722693934,-0.08131773653821069,0.053723542323312716,-1.5136331861520564,0.13011889933787238,0.3494373917927958,,MRPL54
ENSG00000100815,9.621230627887188,0.1568458514274165,0.10363884694382454,1.5133886187717989,0.13018097424774366,0.3494373917927958,,TRIP11
ENSG00000113312,26.133275245487695,0.10603654445716229,0.07008138349999328,1.5130486751474086,0.13026729526538544,0.34945231656126646,,TTC1
ENSG00000185787,131.22101832834036,-0.06042449100185452,0.039967817066493154,-1.5118286520709467,0.1305774584076111,0.34987293002949976,,MORF4L1
ENSG00000196267,9.876903225288318,0.14424298845862346,0.0954234318367351,1.511609734445689,0.130633173814247,0.34987293002949976,,ZNF836
ENSG00000117523,85.94573483098452,0.08906889508947972,0.058928336710617105,1.51147817945169,0.13066666395370272,0.34987293002949976,,PRRC2C
ENSG00000104643,8.189660695079308,-0.15924467705885043,0.10539951627555467,-1.510867247649637,0.1308222770101004,0.35007297008206834,,MTMR9
ENSG00000226976,8.012983311555272,0.21981306938862197,0.14553445788534322,1.510385049579103,0.13094520121482703,0.350185343421852,,COX6A1P2
ENSG00000071859,21.18349573479087,0.09307559206711076,0.0617184512475138,1.5080675257686431,0.13153724554325882,0.3513042727265093,,FAM50A
ENSG00000135070,21.764564730806683,-0.11946299556856779,0.0792185291219226,-1.5080183499078388,0.1315498306582454,0.3513042727265093,,ISCA1
ENSG00000134330,22.9845637919102,0.09590715376542636,0.06360758294782787,1.5077943433897054,0.13160717034658462,0.3513042727265093,,IAH1
ENSG00000138835,11.747721957136367,0.13526473886746557,0.08974065249672977,1.507284994082194,0.13173762227290248,0.3514356914764791,,RGS3
ENSG00000187239,62.95309017209026,-0.08748053612601438,0.05809005656445448,-1.5059468229119275,0.13208082528932594,0.35213415343617577,,FNBP1
ENSG00000099624,111.53101424186848,-0.04648763730968703,0.030877775500521093,-1.5055371235827046,0.13218603996135447,0.35219765696599803,,ATP5F1D
ENSG00000168591,8.748055792132465,0.14104899843687252,0.09374636458415686,1.5045809942875354,0.13243183560160762,0.35263541701424994,,TMUB2
ENSG00000163563,8.615125438700142,-0.16621747940928136,0.11054492964585219,-1.503619206613861,0.13267944285936012,0.35307745956485315,,MNDA
ENSG00000047932,9.178378329884444,0.14481827839464326,0.09633376008732908,1.5032972684068566,0.132762404217951,0.3530810836208199,,GOPC
ENSG00000186298,26.077973376979962,0.09436016705891873,0.06281925925795734,1.502089775867042,0.13307392499012477,0.3534979312972903,,PPP1CC
ENSG00000132965,121.93403337296736,0.1149817897475596,0.07657349994721903,1.5015872309195064,0.13320374309782898,0.3534979312972903,,ALOX5AP
ENSG00000182473,12.973830277898582,-0.11514753723109257,0.07668590612608897,-1.5015475860944247,0.13321398837392726,0.3534979312972903,,EXOC7
ENSG00000100281,10.790424918966906,-0.1523345842966501,0.10146006925208902,-1.5014240126148306,0.1332459269576798,0.3534979312972903,,HMGXB4
ENSG00000071462,28.151980125833337,-0.07994086089653278,0.05326113382434154,-1.5009230025065294,0.13337547787498616,0.3536248117432997,,BUD23
ENSG00000172354,39.76663064373584,0.06871174136343772,0.04579276530089624,1.5004933838772325,0.13348664603644103,0.3536511803563564,,GNB2
ENSG00000151353,7.85977411628983,0.15569629755286218,0.10378268051473467,1.5002146483464263,0.13355881001277042,0.3536511803563564,,TMEM18
ENSG00000114125,44.599570200763814,-0.06985420418149549,0.046573204970059,-1.4998796888984427,0.13364557015912573,0.3536511803563564,,RNF7
ENSG00000111860,12.277603406018281,-0.1431444176836941,0.09545366677383327,-1.4996219896178393,0.13371234829281237,0.3536511803563564,,CEP85L
ENSG00000178573,11.078871254565424,0.16718952534763487,0.11151541361609574,1.499250371999726,0.13380869176501592,0.35368980407283074,,MAF
ENSG00000138768,9.365573285606196,0.1467712261806121,0.09795940482540637,1.498286218073735,0.13405890323760455,0.35413484390055855,,USO1
ENSG00000101695,44.726792417382704,-0.11679517944111847,0.0779812433838281,-1.4977342547136108,0.13420230826648694,0.35429736904764425,,RNF125
ENSG00000187514,1518.8342737486803,-0.050135037991151835,0.03349179188316424,-1.4969350748997656,0.13441015253708855,0.3546176239436175,,PTMA
ENSG00000110719,17.46164039787607,0.11963355049166378,0.07993487089171654,1.496637814724501,0.1344875250500292,0.3546176239436175,,TCIRG1
ENSG00000116649,10.994299227739464,-0.15521847442517214,0.10378478688680962,-1.495580220196024,0.13476308078269486,0.3549862821723789,,SRM
ENSG00000134313,12.406156861232143,0.13944462544618735,0.09324458535445418,1.4954715591914662,0.13479141705782724,0.3549862821723789,,KIDINS220
ENSG00000138430,16.77144656550795,0.09880749263920668,0.06612586525865063,1.49423364447062,0.13511456173563335,0.3556208689964024,,OLA1
ENSG00000169239,13.217159072552006,-0.1177694982179109,0.07883934991337638,-1.4937908334772987,0.1352302981597314,0.355709118624412,,CA5B
ENSG00000082068,12.79441395089545,-0.13285140502044673,0.08897467186179671,-1.493137341678576,0.13540123962029688,0.35594238386210486,,WDR70
ENSG00000103502,11.19684168361047,-0.12445359755577205,0.08336939171657927,-1.4927972364109567,0.13549027093607652,0.3559601714270814,,CDIPT
ENSG00000112365,9.105893688716547,-0.1500645880214197,0.1005820131514178,-1.4919624624684138,0.13570898622560032,0.3562893156026612,,ZBTB24
ENSG00000135932,7.979734009885631,0.16361641523656512,0.10968521164067739,1.4916907465389528,0.13578023605934558,0.3562893156026612,,CAB39
ENSG00000116161,30.551172603589794,0.07730389666802798,0.05193889613514703,1.4883623338255059,0.13665536433124367,0.35836834027957054,,CACYBP
ENSG00000140632,8.643770159995686,0.15484231993267156,0.10413181036545627,1.4869838466194334,0.13701907732614993,0.3591045109571476,,GLYR1
ENSG00000163344,12.10007197510919,0.12284274893855579,0.08265840156324412,1.4861495820792707,0.1372395599593613,0.35943197286539874,,PMVK
ENSG00000125868,86.20165306807762,0.07293640910760127,0.04908625049936366,1.4858826731641848,0.13731015741772687,0.35943197286539874,,DSTN
ENSG00000105404,78.29167461603646,-0.061783423843867015,0.0416195402460751,-1.484481171069482,0.13768131470970885,0.3601856401142141,,RABAC1
ENSG00000183718,7.32132944875653,0.16336667063243457,0.11015248466615352,1.4830956480696813,0.1380490001113901,0.36066476394517305,,TRIM52
ENSG00000142230,11.741294934770652,-0.11260892866263693,0.07593953101974196,-1.4828762720876172,0.13810728670092232,0.36066476394517305,,SAE1
ENSG00000119705,32.67696525884154,0.09016953698217914,0.06081028820878763,1.4828006845254325,0.13812737415448992,0.36066476394517305,,SLIRP
ENSG00000017797,24.592726287780998,0.10215323243291519,0.06890440967425043,1.4825354852592232,0.1381978688747624,0.36066476394517305,,RALBP1
ENSG00000175895,7.600538868328347,-0.1657009590159509,0.1118167611911651,-1.4818973224654919,0.13836761761533628,0.360890103328246,,PLEKHF2
ENSG00000170881,23.945247814967114,-0.10354592953660978,0.06990012022888681,-1.4813412222690079,0.13851566898652268,0.36105861427992986,,RNF139
ENSG00000104660,61.676378629634854,-0.10725145314500185,0.07252608798411979,-1.478798265921712,0.13919423946233594,0.3624174207358089,,LEPROTL1
ENSG00000002834,20.170460437214707,0.11349615650922869,0.07676321646594564,1.4785226796688338,0.13926793121666659,0.3624174207358089,,LASP1
ENSG00000121716,22.23420675158745,0.1379073414522427,0.093291990928225,1.478233448339021,0.1393453039641214,0.3624174207358089,,PILRB
ENSG00000183513,12.009229005661124,0.11776227487487045,0.07966956735720289,1.4781337313767102,0.1393719870821322,0.3624174207358089,,COA5
ENSG00000139679,10.157769404741376,0.18083939765921006,0.12240213726877604,1.4774202615605878,0.13956301820827677,0.3626962040764045,,LPAR6
ENSG00000050426,8.276673831673989,-0.14045235156674257,0.09509409015831904,-1.4769829684779363,0.13968020275224546,0.36278285552759065,,LETMD1
ENSG00000184584,20.331974084165772,0.12400993036358736,0.08401047938756541,1.476124541457412,0.1399104617739399,0.3631629082758476,,STING1
ENSG00000212907,126.80415678355618,-0.14097285751407898,0.09557845070250837,-1.474943948954168,0.14022761333625186,0.3637679154112481,,MT-ND4L
ENSG00000172965,17.257573448977027,0.1284247191148898,0.0871154046178473,1.4741906977101902,0.14043025376248433,0.363877932240511,,MIR4435-2HG
ENSG00000130520,43.38806573017439,-0.06622736991408962,0.0449303109779003,-1.4740020372141343,0.14048104265510078,0.363877932240511,,LSM4
ENSG00000092929,12.6525553939974,-0.13511342756763028,0.09169647038689901,-1.473485587804418,0.14062014717376575,0.363877932240511,,UNC13D
ENSG00000104825,13.733536077390724,0.13746346450821334,0.09330753968750857,1.4732299765762238,0.14068903467269614,0.363877932240511,,NFKBIB
ENSG00000151239,8.373833451716195,0.16383219401566707,0.11120653253635944,1.4732245514633004,0.14069049702758837,0.363877932240511,,TWF1
ENSG00000142534,664.1809896774436,-0.05593642957837948,0.03798072164256656,-1.4727584721741889,0.1408161736889448,0.3639854143082821,,RPS11
ENSG00000117616,102.24584800460123,0.0781357077070178,0.05308909428479631,1.4717845305075088,0.14107907229198022,0.36438484719657593,,RSRP1
ENSG00000109390,21.967177264597233,-0.10188555470606195,0.06923632015650445,-1.4715622447258305,0.14113912731718542,0.36438484719657593,,NDUFC1
ENSG00000184432,7.547836878923284,0.16706556696309433,0.1136269655113273,1.4702985881149824,0.14148090328206864,0.3648541198294424,,COPB2
ENSG00000086061,39.04144752452169,0.11494235683774169,0.07817789533101417,1.4702667083970806,0.14148953387423255,0.3648541198294424,,DNAJA1
ENSG00000175220,9.430999370697378,-0.14042876758632566,0.09557643685780574,-1.4692823064250573,0.14175623388316325,0.3649614637307125,,ARHGAP1
ENSG00000078369,16.50114923386364,0.11548481040134176,0.07860215635143579,1.46923208932082,0.14176984934410858,0.3649614637307125,,GNB1
ENSG00000174903,14.101580917591221,-0.1093561455662043,0.07443349822882361,-1.469179175618233,0.1417841970259597,0.3649614637307125,,RAB1B
ENSG00000058668,16.031101642545703,0.1139095060536559,0.07757648172970429,1.4683510197142593,0.14200889892954932,0.36532253606906057,,ATP2B4
ENSG00000161980,8.214045786641234,0.13693107979227237,0.09333113836997683,1.467153215783779,0.14233438044700383,0.36594228413201757,,POLR3K
ENSG00000111237,44.00067564913119,-0.06438743120302573,0.04393085106375842,-1.4656540823572468,0.1427425494977178,0.36677375990298394,,VPS29
ENSG00000062194,60.21426753386093,0.06528618076931607,0.044596416283610746,1.4639333428526822,0.14321216200420508,0.36751859864820446,,GPBP1
ENSG00000115523,4191.1781151925725,-0.11362155479145081,0.07762834516017544,-1.463660658449028,0.14328668985690293,0.36751859864820446,,GNLY
ENSG00000040341,11.892078273506318,-0.12479016707225012,0.08526616878380294,-1.463536697522583,0.14332057967132183,0.36751859864820446,,STAU2
ENSG00000125952,23.724066392165803,-0.08329146285808237,0.05691842374982108,-1.463348022850759,0.14337217345000441,0.36751859864820446,,MAX
ENSG00000165733,8.224030287341973,-0.15232300003296756,0.1041989497747639,-1.4618477476234497,0.14378293641572107,0.3682316752522434,,BMS1
ENSG00000169896,21.318833718632067,0.09613625828310056,0.06576969709527687,1.4617105221548057,0.14382055261758525,0.3682316752522434,,ITGAM
ENSG00000093167,7.991205143489071,0.15389192122619574,0.10531911924760266,1.4611964316222548,0.1439615420458359,0.36837468505755877,,LRRFIP2
ENSG00000106355,44.32419851779384,0.07523027808903271,0.05151283568982659,1.4604181090323891,0.14417519880829366,0.3687024974755163,,LSM5
ENSG00000153037,32.62879790745016,0.07768181674306908,0.05320274540879758,1.4601091756859534,0.1442600712331983,0.3687024974755163,,SRP19
ENSG00000125743,175.50394160305456,-0.04761315254276804,0.0326279068911848,-1.4592769527496676,0.14448889614099247,0.3690693350661597,,SNRPD2
ENSG00000127774,28.79909196101576,-0.0826631480622115,0.05668368188591262,-1.4583235476585277,0.1447513825978621,0.3695216710920055,,EMC6
ENSG00000090104,33.93787614364176,0.25350381047204906,0.1741651603075956,1.4555368595207696,0.14552069360923528,0.37126653375422236,,RGS1
ENSG00000111203,9.145598995194604,-0.15573905680878916,0.10708786208885435,-1.454311009398687,0.14586009951364096,0.3718961669707054,,ITFG2
ENSG00000167315,25.755602136547402,0.095332193997571,0.06556434368542322,1.454024987346377,0.14593937867258094,0.3718961669707054,,ACAA2
ENSG00000089063,52.446714161808956,-0.07565501801247711,0.05205287846937826,-1.4534262126730138,0.1461054529196604,0.37210023236219575,,TMEM230
ENSG00000125107,30.327569076314234,-0.13112039163650988,0.09027121795881435,-1.4525160355799418,0.1463581737217421,0.3725245986435165,,CNOT1
ENSG00000120533,52.92499882873575,0.061417777720218475,0.04232553991441045,1.4510807858426809,0.14675736614951232,0.3733210601581069,,ENY2
ENSG00000163479,136.90517993043065,-0.04452025443948574,0.03069726034340892,-1.4503005786653138,0.14697471777672416,0.3736542913160314,,SSR2
ENSG00000164346,43.24359705392158,0.07874976845696191,0.05433672776439516,1.4492916982123407,0.14725613850555924,0.3741499185634497,,NSA2
ENSG00000170584,16.862974596266138,0.1012283496805572,0.06986520331176845,1.448909398128178,0.1473628862279059,0.3742014135611202,,NUDCD2
ENSG00000068308,8.848856506857349,0.13606530953167295,0.09416314827677952,1.4449953301447382,0.14845919734210086,0.3767641917297774,,OTUD5
ENSG00000127528,64.30504187527599,-0.09142456192415942,0.06331390099707773,-1.4439887684124715,0.14874213473023057,0.37726097126477587,,KLF2
ENSG00000180879,168.6856040977903,0.04017218485463864,0.027826505696287286,1.4436661682605212,0.14883290242243874,0.37727004615225096,,SSR4
ENSG00000101882,14.07181329397645,0.11162099930745252,0.07739754328885266,1.4421775493684044,0.1492522923294955,0.37790899892469076,,NKAP
ENSG00000071537,10.119361924313727,0.1425533049474467,0.09884766376722953,1.4421514835508604,0.14925964390161695,0.37790899892469076,,SEL1L
ENSG00000183735,9.939228943406164,0.14078831668528738,0.09764532831972612,1.441833614653796,0.14934931750243222,0.3779149104286691,,TBK1
ENSG00000080503,13.564277472817455,0.1329226360263944,0.09223715260366121,1.44109648091108,0.1495574276040969,0.37822033269604166,,SMARCA2
ENSG00000237499,8.263942877376918,0.181579930473236,0.1260436661242103,1.4406113060397436,0.1496945245174043,0.3783459156465003,,WAKMAR2
ENSG00000119185,29.891859428938087,-0.101664800614045,0.0705958175680362,-1.4400966532623023,0.14984005583731752,0.3784926570975323,,ITGB1BP1
ENSG00000115866,13.303579932057998,0.1174700025574211,0.0816060938908748,1.439475864565999,0.15001574339716855,0.37863666062558654,,DARS1
ENSG00000077721,17.42018002007864,0.09906410599015278,0.06885656478419055,1.4387024142235145,0.15023485503637007,0.37863666062558654,,UBE2A
ENSG00000135905,16.088553999249086,0.13878967284154808,0.09647143187034109,1.438660856906149,0.15024663476143552,0.37863666062558654,,DOCK10
ENSG00000165775,24.193268734978734,-0.08567824403534284,0.0595542296693633,-1.4386592608285993,0.15024708719531593,0.37863666062558654,,FUNDC2
ENSG00000109180,34.59821629120954,0.07977276389922529,0.05546471627565038,1.438261461624864,0.15035988218425084,0.37870035518699263,,OCIAD1
ENSG00000086730,34.037639777611915,-0.08879402496361924,0.06175090082192868,-1.4379389414848363,0.15045137936324235,0.3787103656223093,,LAT2
ENSG00000168488,10.797113489707856,0.1397951605453641,0.09728317552946189,1.4369921600989226,0.1507202212162745,0.3791665100016395,,ATXN2L
ENSG00000114626,15.78563479510991,-0.10135494474475511,0.07056146257241391,-1.4364065178033871,0.15088669957998846,0.3792257406531415,,ABTB1
ENSG00000106829,72.40810881408599,-0.09487155761604364,0.06605307724956584,-1.4362927749390695,0.15091904908821577,0.3792257406531415,,TLE4
ENSG00000185862,41.54958062676599,-0.08163319883399209,0.05691718074855411,-1.434245297472255,0.15150227466741353,0.38047030904579127,,EVI2B
ENSG00000133318,15.873536038922714,-0.10092906851878104,0.07041170505076787,-1.4334132151182777,0.15173978400260696,0.3807575001618245,,RTN3
ENSG00000171603,10.550901646385908,0.14365486292199645,0.10023167281056593,1.4332282290997846,0.15179262486229428,0.3807575001618245,,CLSTN1
ENSG00000144028,18.192027846648973,-0.10661578529847808,0.07443275014949208,-1.4323773484702502,0.1520358575654491,0.38114667189206153,,SNRNP200
ENSG00000231721,17.157849146639144,-0.13310715045622754,0.09301436559927594,-1.4310386314913885,0.15241914369977666,0.38175744985611515,,LINC-PINT
ENSG00000111859,13.151533268661925,-0.11787156338641806,0.08238276358315129,-1.4307794283624256,0.15249344068389858,0.38175744985611515,,NEDD9
ENSG00000231500,2230.101781626091,-0.05467088667109601,0.038215288185876856,-1.4306024961837291,0.15254417166656417,0.38175744985611515,,RPS18
ENSG00000047849,14.365033291870732,0.13757372983094873,0.09621261805370382,1.429892800070756,0.15274778878712258,0.3820460590068667,,MAP4
ENSG00000141385,9.109018860567582,-0.1381017509917555,0.09669635426836029,-1.4282001843470054,0.15323424758649373,0.3830413571962787,,AFG3L2
ENSG00000096401,18.337515315970524,0.11695867971582265,0.081945117161782,1.4272806454704838,0.15349901709306438,0.38348166683700324,,CDC5L
ENSG00000034677,28.23354425538857,0.1431144188326408,0.10033305105017461,1.4263935695633543,0.1537547688236829,0.38389895251014194,,RNF19A
ENSG00000140943,9.247294333486176,-0.14908787374660687,0.10456769291554688,-1.4257546436165165,0.15393917734935425,0.38413772802229285,,MBTPS1
ENSG00000056097,14.88593885928314,-0.12082536010835873,0.08480537756405988,-1.424737010540284,0.15423323638663905,0.38463268486907676,,ZFR
ENSG00000213626,43.33274573096548,-0.0983914221825454,0.06907311428735356,-1.4244532506993053,0.15431530874340588,0.38463268486907676,,LBH
ENSG00000131504,27.30794945342129,0.09752612283582775,0.06851789113548767,1.4233672580929124,0.15462971884315466,0.3851944694498159,,DIAPH1
ENSG00000157916,28.644034579202568,0.08660879971688788,0.06088914809304658,1.4224012394546612,0.1549098035334491,0.3856701495335065,,RER1
ENSG00000148950,13.640469024374209,-0.11104130968072637,0.07818707455182618,-1.420200337680147,0.15554936538843334,0.3870397378008919,,IMMP1L
ENSG00000171135,9.566251178672331,0.1195885869837675,0.0843528340847521,1.4177186609238626,0.1562729196914044,0.38861662270385444,,JAGN1
ENSG00000172795,17.087695416342,0.10514534037864592,0.07418362723519883,1.4173658568255652,0.1563759897116317,0.38864957351075835,,DCP2
ENSG00000158526,21.211826851734877,-0.09191704725040588,0.06486905416997142,-1.4169629637201533,0.15649375604681529,0.38871899105313995,,TSR2
ENSG00000143319,10.715771505024453,0.14424115675803895,0.10184348394010333,1.416302262821947,0.15668702561170528,0.3889757658186166,,ISG20L2
ENSG00000078596,37.05067950106771,-0.11307885947788195,0.07993598109993995,-1.4146177718955513,0.15718059522630148,0.38984013623695113,,ITM2A
ENSG00000116288,108.57065461449085,0.05560095304282166,0.039309839498941394,1.4144283912509736,0.15723615891221768,0.38984013623695113,,PARK7
ENSG00000242247,15.874418002493496,-0.11175777387223702,0.0790258768466431,-1.4141921397356103,0.15730549523219706,0.38984013623695113,,ARFGAP3
ENSG00000151893,9.536230429298051,0.1256714873511991,0.08890763300187031,1.4135061648593819,0.15750695001589776,0.39011595461865467,,CACUL1
ENSG00000196655,24.863028280442073,-0.08371607685450584,0.05924836204336684,-1.412968628453051,0.1576649484591468,0.39028388557364313,,TRAPPC4
ENSG00000164329,12.998888097115374,0.13390387207974358,0.0948055664337763,1.412405168986341,0.15783069535867966,0.3904707940634688,,TENT2
ENSG00000153130,8.812544426632112,0.1394963971246611,0.09880834363676105,1.4117876283553277,0.15801250230855135,0.39069719856520096,,SCOC
ENSG00000129675,10.003780620288987,0.1320004585458272,0.0935732041680082,1.4106651548324016,0.15834337006459953,0.3911064656262782,,ARHGEF6
ENSG00000013306,20.16362128920008,-0.08846895915197243,0.06271668306451542,-1.410612851782454,0.15835880004096126,0.3911064656262782,,SLC25A39
ENSG00000099246,23.111012615185295,-0.07924066482209735,0.05620321223580472,-1.409895656668827,0.15857049535994705,0.3914058947076388,,RAB18
ENSG00000119801,51.27047686333806,-0.13482108731114395,0.09566222406730213,-1.4093451059249056,0.15873314736494748,0.39158399580851067,,YPEL5
ENSG00000107077,9.817592298324714,-0.12950390319053184,0.09194130871893466,-1.4085497040990178,0.15896835994626957,0.3919407940099763,,KDM4C
ENSG00000132824,15.110401209560361,0.10189829185073895,0.07244485792604985,1.4065634852200903,0.15955686709531247,0.39257183448173,,SERINC3
ENSG00000197857,7.930485563216206,-0.15821856784828017,0.1125039741518066,-1.4063375897707298,0.1596239030673241,0.39257183448173,,ZNF44
ENSG00000115685,37.47424624154232,0.06838988563354645,0.04863049734112839,1.4063168047369916,0.15963007223389047,0.39257183448173,,PPP1R7
ENSG00000173917,11.029253936078987,-0.1475198517712506,0.1049010548163469,-1.4062761526041618,0.15964213863783305,0.39257183448173,,HOXB2
ENSG00000196937,13.171712830013098,0.12376531552987588,0.08801680176539405,1.4061555640225185,0.15967793591121904,0.39257183448173,,FAM3C
ENSG00000114738,10.579229928966413,0.12505739615389036,0.08903222242961076,1.4046307363916615,0.16013111185285334,0.39336304122588595,,MAPKAPK3
ENSG00000134287,13.216644052950553,0.10287852976201119,0.0732656318951904,1.4041853881664912,0.16026365180920232,0.39336304122588595,,ARF3
ENSG00000119820,18.071016781206566,0.10447634448549359,0.07440509846757938,1.4041557183210662,0.16027248478882294,0.39336304122588595,,YIPF4
ENSG00000151657,14.511261014726752,-0.11359449180424798,0.08097442705628333,-1.4028440327869347,0.16066335322498648,0.3940988261930366,,KIN
ENSG00000147224,10.336354510479612,-0.127692766457813,0.09104587904432354,-1.4025101168571155,0.160762971578307,0.39411976091746986,,PRPS1
ENSG00000136908,14.566039129671436,0.10063442503959115,0.07178607057747526,1.401865629780937,0.16095537571100793,0.39436801285477424,,DPM2
ENSG00000124209,9.272984029755102,0.128322666713463,0.09159103591678869,1.4010395824111581,0.16120223687548885,0.39474933727234873,,RAB22A
ENSG00000182903,9.693452330864142,-0.13366603380037992,0.0955230368211749,-1.399306787645488,0.16172100507223242,0.39579569510608015,,ZNF721
ENSG00000139722,23.41326516285235,-0.14105306404675458,0.10085462034856325,-1.398578107371399,0.16193953516668835,0.3959448020345758,,VPS37B
ENSG00000165630,16.698054487658023,-0.10037404326755857,0.07177298107818819,-1.3984934408424932,0.1619649409755487,0.3959448020345758,,PRPF18
ENSG00000181904,17.45908148134247,-0.10509870361401094,0.07526211966096334,-1.396435605155074,0.16258335943135394,0.3972321830939969,,C5orf24
ENSG00000182173,30.11837160184131,-0.07848214943339578,0.05622981868752445,-1.3957389738268602,0.16279311337284752,0.3974195532637294,,TSEN54
ENSG00000157379,14.812161517511694,-0.1295988902494478,0.09286442369740021,-1.3955709311430957,0.16284374114550315,0.3974195532637294,,DHRS1
ENSG00000111716,75.24778916670456,0.059316903456882036,0.0425164482119393,1.3951518988885083,0.16297003859206527,0.3975035834204433,,LDHB
ENSG00000166501,36.56723757843641,0.09456385980236755,0.0678305831148225,1.39411833807018,0.1632818723931082,0.3979649866603203,,PRKCB
ENSG00000165516,13.72649657085194,-0.0995925595687125,0.07144806573986776,-1.3939154060701215,0.16334315144643607,0.3979649866603203,,KLHDC2
ENSG00000133983,49.9936539739421,0.061541994986232015,0.044169796396454346,1.3933049279614111,0.1635276010819776,0.39796804626586474,,COX16
ENSG00000013374,35.18066291632668,0.09502765225344793,0.06821591221823356,1.3930423146646393,0.16360699524692013,0.39796804626586474,,NUB1
ENSG00000103005,15.145216616890606,-0.0976376918041437,0.07009175598187324,-1.3929982269155052,0.16362032685624528,0.39796804626586474,,USB1
ENSG00000158545,12.443905461068884,-0.14314011740908825,0.10292461466322537,-1.3907277464914496,0.1643080004450228,0.399390696844733,,ZC3H18
ENSG00000128951,29.507359798307416,0.08951088656555116,0.06438169265532884,1.3903158316255047,0.16443299246848608,0.399390696844733,,DUT
ENSG00000138381,12.934770252422998,-0.12443067579085706,0.08953037419561735,-1.3898152097408316,0.16458499826819872,0.399390696844733,,ASNSD1
ENSG00000124733,21.916419771730617,0.08777561911569655,0.06315871757000718,1.3897625299057597,0.1646009998061927,0.399390696844733,,MEA1
ENSG00000169756,12.768849995680336,0.11025241489860316,0.07935380780169839,1.3893777495103827,0.16471791266215463,0.399390696844733,,LIMS1
ENSG00000114867,10.084951361933427,0.12888475358885734,0.0927865905582607,1.3890450421058482,0.16481905390047347,0.399390696844733,,EIF4G1
ENSG00000105939,30.765559051206438,0.09701698928010741,0.06984972011796128,1.3889388406462675,0.16485134840875737,0.399390696844733,,ZC3HAV1
ENSG00000125818,19.990667037525064,-0.0834978620540245,0.06016067447645876,-1.3879143274349048,0.1651631345042498,0.39992215053155505,,PSMF1
ENSG00000244038,34.255479476307265,-0.06697056578024912,0.04828413133869564,-1.3870098503061998,0.1654387592085198,0.40036549837542795,,DDOST
ENSG00000164190,25.1242606024821,0.1101984590659144,0.07951116348143229,1.3859495225679637,0.16576231742515712,0.4009242859131665,,NIPBL
ENSG00000130165,21.05666455456061,-0.08277207277909943,0.05974350522555899,-1.3854572554221096,0.16591269409278375,0.4009846274175074,,ELOF1
ENSG00000147364,13.320844416812873,0.10787086845081785,0.07787041656820425,1.3852612224866827,0.16597260635654165,0.4009846274175074,,FBXO25
ENSG00000255112,36.66271112695604,-0.09318206856220806,0.06729832803238558,-1.384611940394219,0.16617115840518604,0.40106915875488475,,CHMP1B
ENSG00000204261,37.0966483104667,-0.08811887271418353,0.06367004018758626,-1.3839927296192291,0.16636068093498868,0.40106915875488475,,PSMB8-AS1
ENSG00000120509,8.465912625306906,0.1430564197515311,0.10337359907706356,1.3838777118022614,0.16639590245806646,0.40106915875488475,,PDZD11
ENSG00000121741,14.262664499502215,-0.11494632849867333,0.08308676838795567,-1.3834492630879125,0.16652715422654618,0.40106915875488475,,ZMYM2
ENSG00000213639,41.806557958887176,0.12731178888145822,0.09204314063011498,1.3831751938264907,0.16661115391944514,0.40106915875488475,,PPP1CB
ENSG00000100664,46.58249553788545,-0.09419419904245432,0.0681128606187057,-1.3829135670831882,0.1666913698086422,0.40106915875488475,,EIF5
ENSG00000100532,8.962115085382248,-0.12807591118022604,0.09261333182215056,-1.382910091456118,0.16669243564627334,0.40106915875488475,,CGRRF1
ENSG00000184007,66.26639923080815,0.09464535745914324,0.0684484171116063,1.3827252908540217,0.16674911407442516,0.40106915875488475,,PTP4A2
ENSG00000102309,31.662311844532958,0.0795590468998882,0.05765538184932532,1.3799066860367901,0.1676153777294962,0.4026416816645776,,PIN4
ENSG00000164934,10.907394776872081,0.11295077201904388,0.08186135975605287,1.379781283326316,0.16765399710781603,0.4026416816645776,,DCAF13
ENSG00000160014,65.8502808659954,0.060166177077745846,0.043608470562357435,1.3796901450994918,0.1676820684907716,0.4026416816645776,,CALM3
ENSG00000108798,41.1984545255861,0.1029715758657646,0.07465225015916878,1.3793499277813484,0.16778688963093702,0.4026699231464584,,ABI3
ENSG00000186577,17.41352278998944,0.09438463658130898,0.06848057675758809,1.378268715747207,0.16812033834181295,0.403030002381937,,SMIM29
ENSG00000173141,37.46105544115129,-0.0630184539280953,0.04572321745260502,-1.3782593929094749,0.16812321569202593,0.403030002381937,,MRPL57
ENSG00000080822,27.180233483484372,-0.11657598095900307,0.08467327435570278,-1.376774216493396,0.16858206474672743,0.403906198316218,,CLDND1
ENSG00000113368,8.089351092365133,0.1827789726431318,0.1328143942784489,1.3761985185124652,0.1687601806506943,0.40410918742421376,,LMNB1
ENSG00000104320,8.871542446284531,0.15087278877480598,0.10969444085858736,1.3753913835004976,0.16901013886305527,0.4044838887502435,,NBN
ENSG00000108848,68.83037515935322,0.07436889996229218,0.05410568809924699,1.3745116747406674,0.1692828883436298,0.40491269091370163,,LUC7L3
ENSG00000106460,7.40469875663636,0.16269600374057902,0.11840342451595137,1.3740819102631658,0.16941625473315403,0.4049293554631716,,TMEM106B
ENSG00000085224,53.249717210041226,0.08335812858338862,0.060673241736799347,1.3738861843742645,0.16947701935377946,0.4049293554631716,,ATRX
ENSG00000177479,25.981533190369245,-0.09323773462748339,0.06791098090061759,-1.3729404787118231,0.16977085129409686,0.40518572826662713,,ARIH2
ENSG00000150681,8.477553454369378,0.18029635091231955,0.1313363781832649,1.3727830278731805,0.16981980853220302,0.40518572826662713,,RGS18
ENSG00000065883,9.629305964850186,0.1674607932900738,0.12199933514255488,1.372636933589824,0.16986524406648063,0.40518572826662713,,CDK13
ENSG00000173992,13.559668035456557,-0.1108620379829389,0.08079997619769413,-1.3720553297155882,0.1700462140706681,0.40524192329401554,,CCS
ENSG00000166710,10144.334899698317,0.04023038701708233,0.02932330957886568,1.3719592909143432,0.17007611109358267,0.40524192329401554,,B2M
ENSG00000132329,23.841293641629395,0.19251804615173831,0.140430666551822,1.3709117166419982,0.17040247843814538,0.4057961057797771,,RAMP1
ENSG00000087266,12.977790224812384,0.10465565028091273,0.07638736151530325,1.3700649977280113,0.17066661289608642,0.40620155885663695,,SH3BP2
ENSG00000181061,24.81957699639122,0.08666413956280229,0.06328114126344153,1.3695097438590202,0.1708399911018459,0.40639067701906934,,HIGD1A
ENSG00000164916,8.486552070418938,0.14089577167103073,0.10293933027058266,1.3687263293891374,0.17108483686209564,0.40674949950675154,,FOXK1
ENSG00000121766,26.30980564982824,0.08671030666392454,0.0633790206321453,1.3681231707128307,0.1712735250435864,0.40697448811839554,,ZCCHC17
ENSG00000125870,80.4581749406736,0.05703345451836664,0.04173174517968696,1.366668330614839,0.17172928872372661,0.4076824749498605,,SNRPB2
ENSG00000168374,22.837238608475314,0.084040634149178,0.06150649566379106,1.3663700596529484,0.1718228413042432,0.4076824749498605,,ARF4
ENSG00000107874,15.355796770535996,0.09395854651123506,0.0687700999950555,1.3662703197754633,0.1718541331889405,0.4076824749498605,,CUEDC2
ENSG00000135506,25.810866091498642,-0.07740346477082141,0.056714575427540145,-1.3647896363028207,0.17231917705273558,0.4085616871820202,,OS9
ENSG00000147400,12.55480334237879,0.10287124748985144,0.07544444140831526,1.363536472264387,0.1727134979931234,0.4092682009800309,,CETN2
ENSG00000056586,8.089616569872616,-0.14371563969930742,0.10544127178305183,-1.3629922825191836,0.17288494286342926,0.4092682009800309,,RC3H2
ENSG00000149428,8.320794542069118,0.16430859518358146,0.12056803656879066,1.3627873511055677,0.17294953868181995,0.4092682009800309,,HYOU1
ENSG00000084463,27.334468015498345,-0.09977337964109777,0.07322056087684838,-1.362641564695322,0.172995502563549,0.4092682009800309,,WBP11
ENSG00000058673,14.748466964090563,0.12004178362695021,0.08812060144997673,1.3622442612933607,0.1731208116695545,0.40934084813888655,,ZC3H11A
ENSG00000181817,25.860214408054773,0.0763276413688551,0.05605946617123437,1.3615477738534172,0.17334064684064832,0.40963679895111155,,LSM10
ENSG00000181722,10.056021606773164,-0.12651816240666286,0.09300183734345303,-1.3603834722042645,0.1737086059166375,0.41028228045921966,,ZBTB20
ENSG00000128891,9.880848643195087,0.11588523663134084,0.08534700052852043,1.3578126461821638,0.1745231411208833,0.4119767265092846,,CCDC32
ENSG00000134198,10.400367851699595,0.13618939277532013,0.10032229122562965,1.357518763890905,0.17461643550220196,0.4119767265092846,,TSPAN2
ENSG00000164897,19.11831840451731,-0.09028150677933823,0.06657013187927445,-1.3561863891612018,0.1750398715070407,0.4127506942839047,,TMUB1
ENSG00000198502,14.929407957867006,0.24445147072701734,0.18030531262882715,1.3557641045787718,0.1751742356596997,0.41284254776662344,,HLA-DRB5
ENSG00000136279,38.403802128074155,-0.06813029438725776,0.05027139786973434,-1.3552496503837081,0.175338030673863,0.41300362478269204,,DBNL
ENSG00000164327,31.729089460515947,0.0975173224206328,0.07197296666584872,1.354915976624664,0.17544432880262284,0.4130291679700484,,RICTOR
ENSG00000013364,17.287538904694113,0.09944980948224912,0.07346502070639206,1.3537028714618762,0.17583119167376715,0.4134395231987709,,MVP
ENSG00000038219,17.971636059111624,0.14290897616664772,0.10557730032562722,1.3535956661695283,0.17586541033319558,0.4134395231987709,,BOD1L1
ENSG00000110107,7.387020006281302,0.1442555586817774,0.10658195391259638,1.3534707648545798,0.17590528361657898,0.4134395231987709,,PRPF19
ENSG00000071243,16.807124850223417,-0.10830077060415923,0.0800461855019393,-1.3529785326439496,0.1760624886279959,0.4135843584654388,,ING3
ENSG00000185515,8.994529598823396,0.13414482835682803,0.09933655452273836,1.3504075010586558,0.1768853060747324,0.41529176309569565,,BRCC3
ENSG00000188811,21.82462563847813,0.09833646659949122,0.07284858421860271,1.3498747800561908,0.17705615265236752,0.41546744714034395,,NHLRC3
ENSG00000183576,11.265907713383575,0.12947729305188255,0.09607163174509141,1.3477161853087598,0.17774968431044202,0.4166855406186391,,SETD3
ENSG00000124299,14.912864083921585,-0.09809924008598195,0.07279229247184003,-1.3476597144392999,0.17776785486064428,0.4166855406186391,,PEPD
ENSG00000163875,51.389780370123894,-0.0624273333126405,0.04634944131386484,-1.3468842674909687,0.17801750920275927,0.4170448090527013,,MEAF6
ENSG00000141232,12.579938569950423,0.14547415901076322,0.10804824772873683,1.3463814737281712,0.17817952254373137,0.41709958579114464,,TOB1
ENSG00000100321,32.874232615988674,0.18654792653210356,0.13859315689082186,1.346011092589936,0.17829893923862183,0.41709958579114464,,SYNGR1
ENSG00000102580,23.31989293903099,-0.07684737219021098,0.05709676888715501,-1.3459145532751722,0.17833007481248386,0.41709958579114464,,DNAJC3
ENSG00000138629,11.229991818725331,-0.10485715286905348,0.07793306695883079,-1.345477047944818,0.1784712284534421,0.4172042169195267,,UBL7
ENSG00000145782,36.5829448181454,0.06838842942221418,0.05086394465512766,1.344536486226297,0.17877496610639299,0.41759895916696,,ATG12
ENSG00000108344,12.116302512732222,-0.1056847686796558,0.07861364397627599,-1.344356568836185,0.17883311100910027,0.41759895916696,,PSMD3
ENSG00000139641,14.052973862284157,0.11015064741642744,0.082088526910271,1.3418519196577918,0.17964401390016593,0.419266261135932,,ESYT1
ENSG00000100749,11.796866726328185,0.10759520583741732,0.08030123984719853,1.339894702026459,0.18027958077992,0.4205227741427029,,VRK1
ENSG00000115165,51.28508387325083,-0.09577876354798912,0.07150802847209717,-1.3394127288149542,0.18043634786215368,0.42060649718834675,,CYTIP
ENSG00000114395,18.78161053029415,-0.09128408217828816,0.06816381798361523,-1.3391867544777263,0.1805098833553871,0.42060649718834675,,CYB561D2
ENSG00000111801,9.97075718693945,0.13011753555341463,0.09719500257199826,1.3387266022965394,0.1806596926962184,0.4206867861812653,,BTN3A3
ENSG00000100445,14.10314471941149,-0.09569945492234454,0.07149840525377364,-1.3384837687312414,0.18073878796186094,0.4206867861812653,,SDR39U1
ENSG00000102316,16.668570033875483,0.09382464633667295,0.07011567110983141,1.3381408870736338,0.18085051447898304,0.4207205248121288,,MAGED2
ENSG00000151883,32.91063825521132,-0.10746774382556012,0.08038028825556663,-1.3369912718385604,0.18122548588390774,0.4213662963028849,,PARP8
ENSG00000182934,15.73073429110099,0.09993447381235315,0.0748046540049944,1.3359392559409595,0.18156912859524377,0.42193857112331884,,SRPRA
ENSG00000112996,15.657546318346524,0.09823447847166848,0.07358003597957784,1.3350697259638944,0.18185352679239386,0.4223726303975782,,MRPS30
ENSG00000122359,45.946337663860554,-0.06863482968882595,0.051424901739017245,-1.3346613676998265,0.1819872030015165,0.422456345165001,,ANXA11
ENSG00000165813,25.34489670204334,-0.09739855311215039,0.07299807758167717,-1.3342618920775227,0.1821180419903734,0.4225333875025983,,CCDC186
ENSG00000143252,31.006582292857807,-0.07041293900098539,0.052793351058039444,-1.3337463447542,0.18228700068289172,0.42269874166927784,,SDHC
ENSG00000146083,11.859439593999156,0.11971804649281821,0.08979588087380562,1.3332242562558478,0.18245822153285274,0.422818083560004,,RNF44
ENSG00000153922,30.04560845647791,-0.12949318692490783,0.09714464147698293,-1.3329936160770064,0.18253389879595272,0.422818083560004,,CHD1
ENSG00000070831,242.5059130556303,-0.061014756956432936,0.04580492860699454,-1.3320565889303846,0.18284159389515164,0.423304214437839,,CDC42
ENSG00000107960,13.937358198000672,-0.0990475747810624,0.07445167490346255,-1.3303605984619153,0.18339949001296563,0.4242512015894583,,STN1
ENSG00000186834,13.585636968406925,0.1336618681318835,0.10048123825113894,1.3302171674856769,0.18344672941388407,0.4242512015894583,,HEXIM1
ENSG00000029725,13.278866383190373,0.1371573576286809,0.10328681611302769,1.3279270558460083,0.18420220564655332,0.4257708033293997,,RABEP1
ENSG00000116539,23.462371655661713,0.1027477893058397,0.07742312471222978,1.3270943234045116,0.18447748288942978,0.42605826330951146,,ASH1L
ENSG00000028137,23.33042443534808,-0.1061569173228034,0.08000037734141088,-1.3269552075956648,0.18452350021770847,0.42605826330951146,,TNFRSF1B
ENSG00000198189,34.98754285919115,-0.08053184756102313,0.06070575790626143,-1.326593231656478,0.18464327599589958,0.42610744279160395,,HSD17B11
ENSG00000119402,10.424395031399195,0.10599276117180285,0.0799699841357306,1.3254068050320555,0.18503626117519034,0.42619927706705335,,FBXW2
ENSG00000174718,33.12928831689028,-0.09880791442684164,0.07455686727676912,-1.32526912725622,0.18508190481548548,0.42619927706705335,,RESF1
ENSG00000171867,14.642133891093595,-0.10641867443823583,0.08030050092160312,-1.3252554245225905,0.18508644807152974,0.42619927706705335,,PRNP
ENSG00000123353,16.068635508616453,0.10498459084328918,0.07922936316655803,1.3250717492527084,0.18514735511006086,0.42619927706705335,,ORMDL2
ENSG00000164691,14.101035523214005,-0.13094358040105497,0.09882633472831195,-1.324986712914508,0.18517555832818589,0.42619927706705335,,TAGAP
ENSG00000122643,21.28812263780615,0.09534777048257326,0.07198176037633827,1.3246101510170323,0.1853004873368399,0.4262600790571538,,NT5C3A
ENSG00000088205,49.91547872503289,0.07563426789999401,0.057176769947430914,1.322814632053073,0.1858970300684437,0.42740512704896705,,DDX18
ENSG00000176731,41.51058908817106,0.08006616487991348,0.060575767743683846,1.3217523749546183,0.18625062185844377,0.4278133311236464,,RBIS
ENSG00000179958,9.347708623592297,0.12202696579643676,0.09232665751260968,1.3216872470420657,0.18627231704112546,0.4278133311236464,,DCTPP1
ENSG00000100142,45.32375279503528,0.05886938499480651,0.044573221880251965,1.3207343447813096,0.18658995810991363,0.4283155165737912,,POLR2F
ENSG00000115607,21.005513205739405,-0.14000379636535606,0.10610867748985996,-1.3194377658578886,0.18702280305959185,0.42886853913388134,,IL18RAP
ENSG00000140367,16.133596116296605,0.10358973518844536,0.07852848509194477,1.3191357896075255,0.1871237200419823,0.42886853913388134,,UBE2Q2
ENSG00000107738,42.75257764702782,-0.06791368180631722,0.05148399067822404,-1.319122331265637,0.18712821860059348,0.42886853913388134,,VSIR
ENSG00000121058,11.946838440808529,-0.11669122026673859,0.08848700875109106,-1.3187384443628825,0.18725656950491998,0.42892517319488943,,COIL
ENSG00000051523,743.6402460363803,0.04481480772849987,0.03399038113106457,1.3184555817628836,0.187351184963795,0.42892517319488943,,CYBA
ENSG00000105821,14.843193508568929,-0.10570389997852378,0.08021555321969402,-1.3177481889206994,0.18758795717170917,0.42924013256583055,,DNAJC2
ENSG00000161677,16.20659453681359,0.09579735847927152,0.07271857763745822,1.3173711806750898,0.18771423619750993,0.4293020613248549,,JOSD2
ENSG00000134545,101.32259675943166,0.17189620861064836,0.1306298295205911,1.3159031841464086,0.18820653990745562,0.42979022746843787,,KLRC1
ENSG00000165637,38.01361943462089,-0.06021792868161656,0.04576531134404189,-1.3157985144889925,0.18824167801370584,0.42979022746843787,,VDAC2
ENSG00000105223,15.135895451489642,-0.09484695245852488,0.07209498206050627,-1.3155832728958008,0.1883139508587517,0.42979022746843787,,PLD3
ENSG00000170619,15.618516549041455,-0.11973675492825407,0.09101647283931172,-1.3155503744871284,0.18832499914031853,0.42979022746843787,,COMMD5
ENSG00000126945,20.11730822973992,0.08917139527018673,0.06784484700592519,1.3143429339946628,0.1887308251185238,0.4304893412165801,,HNRNPH2
ENSG00000177700,180.6033751193979,0.058085755669169445,0.044242979704668506,1.312880734003552,0.18922313980099814,0.4313848924757212,,POLR2L
ENSG00000168876,23.149198983792967,-0.08952581067946566,0.0682880109713,-1.3110033431357586,0.18985663413299203,0.43260118793757585,,ANKRD49
ENSG00000109270,9.481603262577112,0.12518345437959377,0.09554000882801361,1.3102725854353106,0.1901036381669432,0.4329360222886122,,LAMTOR3
ENSG00000089053,34.990785018045266,-0.06196982575334414,0.047314092627523736,-1.3097540777373973,0.1902790429001826,0.433107532156281,,ANAPC5
ENSG00000121966,185.43671484779594,-0.16245939647637866,0.12414219478727752,-1.3086557455727215,0.1906509886564418,0.43367776380782835,,CXCR4
ENSG00000174780,30.357864853790602,0.08359536743321405,0.06389019002858795,1.3084225824936337,0.1907300172235492,0.43367776380782835,,SRP72
ENSG00000163788,19.60355352440362,-0.10193526785120437,0.07793997800585645,-1.3078688300828736,0.19091780335880493,0.4338767516457715,,SNRK
ENSG00000116815,13.973657540613933,0.0991209575044957,0.0758374690776572,1.307018268278393,0.191206507210818,0.4343047541738632,,CD58
ENSG00000218739,22.85112761345248,0.08574460244492635,0.0656372952385979,1.3063396676117813,0.19143707306728397,0.4343794939249886,,CEBPZOS
ENSG00000166801,15.072015989302976,0.10370827761367742,0.07938900407217551,1.3063305028917145,0.19144018833255216,0.4343794939249886,,FAM111A
ENSG00000078668,27.875708126065177,0.06723013545447527,0.051482991048871295,1.3058708145114504,0.1915964931429971,0.43450630284578007,,VDAC3
ENSG00000125352,20.382969958837755,-0.08117832973325192,0.062248278672943136,-1.3041056148679808,0.1921975747398561,0.43557838303065555,,RNF113A
ENSG00000144635,11.43847215916657,0.11136121275526512,0.08542532733252131,1.303608850356375,0.1923669815371538,0.43557838303065555,,DYNC1LI1
ENSG00000126432,107.83630970319994,0.060829575747594775,0.04669637731188609,1.3026615606883754,0.19269033075777287,0.43557838303065555,,PRDX5
ENSG00000124177,16.113006260032773,0.12294589662864971,0.09440144110576518,1.302373090797459,0.19278887678042478,0.43557838303065555,,CHD6
ENSG00000116667,50.76292447787921,-0.07552625714277095,0.058011152550110905,-1.3019265058995375,0.19294151051009167,0.43557838303065555,,C1orf21
ENSG00000136490,156.63256649941633,0.049587789641129025,0.038088830147063275,1.3018984686499315,0.19295109603898486,0.43557838303065555,,LIMD2
ENSG00000114098,10.111997611263774,-0.11235351797983462,0.08630454502072264,-1.301826201075011,0.19297580488769728,0.43557838303065555,,ARMC8
ENSG00000170906,109.03587138172746,0.06645034158682987,0.051044255849164374,1.30181820620895,0.19297853853770597,0.43557838303065555,,NDUFA3
ENSG00000081154,50.282156138364684,-0.0677998286584115,0.05209453820741035,-1.301476718892713,0.19309532838343224,0.43557838303065555,,PCNP
ENSG00000103018,26.60789249389922,-0.0799105832506548,0.06140606017454342,-1.301346854423053,0.19313975610766265,0.43557838303065555,,CYB5B
ENSG00000145569,12.445262742624292,-0.10796728016649869,0.08297265354944748,-1.3012393306447128,0.1931765465763411,0.43557838303065555,,OTULINL
ENSG00000115806,11.055315386048903,-0.1075053707270403,0.08267330425741594,-1.3003637836018498,0.19347631648426755,0.43602709449345084,,GORASP2
ENSG00000176108,12.645831120673027,-0.09882922819049227,0.07609742322503749,-1.2987197726555293,0.19404011589996528,0.4370700580422435,,CHMP6
ENSG00000232838,8.801885156042605,-0.1251759203304313,0.09646429083632713,-1.2976399789515867,0.1944110774700929,0.43727849621812825,,PET117
ENSG00000112343,16.303502409422016,0.10824067162259807,0.08341444921548606,1.297624963547718,0.19441623965659727,0.43727849621812825,,TRIM38
ENSG00000168899,50.0734952271937,0.06773559159245912,0.05220195945763988,1.2975679897116557,0.19443582776142332,0.43727849621812825,,VAMP5
ENSG00000107672,10.896490214595486,0.10296576081890607,0.07943543508809768,1.296219510911121,0.19489986946236426,0.4379369328809425,,NSMCE4A
ENSG00000124155,19.287360784676665,-0.08666030113685325,0.06686767378969687,-1.2959969477838496,0.19497653644619029,0.4379369328809425,,PIGT
ENSG00000174886,84.87160578799408,0.04826422929339071,0.03724565086688223,1.295835303452997,0.19503223241543244,0.4379369328809425,,NDUFA11
ENSG00000134996,85.82482847292769,0.07155063126706217,0.0552376707433792,1.2953231065710396,0.1952087913985897,0.4381060375423743,,OSTF1
ENSG00000104870,9.50407599753687,-0.1227561810023637,0.09482125238457138,-1.294606197611641,0.19545611331539547,0.43812760968274284,,FCGRT
ENSG00000176105,11.406439621806824,-0.17290813626347423,0.13358971547111279,-1.294322213755022,0.19555414661897474,0.43812760968274284,,YES1
ENSG00000003756,20.151364773380113,0.09628224856677535,0.07439697830823726,1.2941688057257419,0.19560711918503082,0.43812760968274284,,RBM5
ENSG00000143033,19.315342302763835,-0.09605534535816475,0.07422435818632447,-1.2941216024669184,0.19562342082437234,0.43812760968274284,,MTF2
ENSG00000138385,39.28520642914912,0.06323704716384689,0.04888755187508428,1.2935204308333526,0.19583112248365286,0.4383658908364025,,SSB
ENSG00000106948,41.38546050676632,0.09204683050217569,0.07119379030380409,1.2929053237562682,0.19604380600524807,0.4386150716570364,,AKNA
ENSG00000105968,60.074306434766186,-0.054498044216232916,0.04218691129368193,-1.2918235193102356,0.1964182684400384,0.43922576100260785,,H2AZ2
ENSG00000214026,33.23193634390373,0.07164915251173033,0.05548288888398901,1.2913738623369793,0.1965740695214353,0.4393471068281253,,MRPL23
ENSG00000076053,17.34250684196101,-0.09732382553291813,0.07546699822209216,-1.2896209975982273,0.19718228160709517,0.4404789532854418,,RBM7
ENSG00000074706,8.008777410274634,0.14538348100980142,0.11290394143522742,1.287674098545155,0.19785943353197744,0.4417635546402819,,IPCEF1
ENSG00000204574,32.90198961063052,0.08501947112910688,0.06605924711867214,1.2870184695925104,0.19808785065388157,0.44194822032116343,,ABCF1
ENSG00000175354,43.40059539406525,0.0751041310172946,0.05836733863960594,1.2867492808097931,0.19818169021459975,0.44194822032116343,,PTPN2
ENSG00000162961,26.89123026719912,0.07600312688134084,0.05908481883427934,1.2863393403052288,0.19832465846190384,0.44194822032116343,,DPY30
ENSG00000167491,13.663959351557459,-0.10660103378187788,0.08288771681486816,-1.2860896388300094,0.19841177971810298,0.44194822032116343,,GATAD2A
ENSG00000198833,17.766623252892746,-0.1006440713855419,0.07826303400217953,-1.2859720130801355,0.1984528292313429,0.44194822032116343,,UBE2J1
ENSG00000155876,10.674984696280195,0.1095827845489837,0.08525104631248429,1.285412781296694,0.19864807716633048,0.44215546805489303,,RRAGA
ENSG00000248487,16.15508336065579,-0.09821040760292786,0.07648732248861598,-1.2840089626296574,0.19913881945035528,0.4430198826538238,,ABHD14A
ENSG00000138674,16.484979286799163,0.09343292959551558,0.07289556147430046,1.2817368808998832,0.19993496265210908,0.44456247862059406,,SEC31A
ENSG00000233429,22.711762954584227,-0.08506141151499227,0.06638408363969968,-1.2813524997447279,0.20006988034449968,0.4446339867748589,,HOTAIRM1
ENSG00000139697,11.624566690188784,-0.11384225565058008,0.088884070113185,-1.2807948095267612,0.2002657476553762,0.4448408060086308,,SBNO1
ENSG00000136536,20.83390122701533,0.11259574500102103,0.08794349942245182,1.280319133767328,0.20043292112591482,0.4449662695299525,,MARCHF7
ENSG00000101361,23.603082653385286,0.08261067897525999,0.064549467102114,1.2798041979893355,0.2006140070994039,0.4449662695299525,,NOP56
ENSG00000171720,11.363336728484752,-0.10358303197988603,0.08093963195894352,-1.2797566466873527,0.20063073534849485,0.4449662695299525,,HDAC3
ENSG00000116741,55.45503367632352,-0.14081730748686797,0.11011289042945652,-1.2788448921616689,0.20095168178139045,0.44506587688477794,,RGS2
ENSG00000099977,47.41735150773155,0.06344605435555627,0.04962248998909065,1.2785745811930171,0.2010469058171085,0.44506587688477794,,DDT
ENSG00000185989,15.317175117130335,0.10749475188953451,0.08408828409650783,1.2783558737643306,0.20112397526023906,0.44506587688477794,,RASA3
ENSG00000111912,23.570116114890535,-0.10388966781228814,0.08127455472929208,-1.2782557610844143,0.2011592607603202,0.44506587688477794,,NCOA7
ENSG00000133561,9.3246581955445,0.18329771746413365,0.1434128562664451,1.2781121737341798,0.20120987713241123,0.44506587688477794,,GIMAP6
ENSG00000264364,10.37089201350672,-0.13954538081153037,0.10920094765258082,-1.2778770130776642,0.20129279432944547,0.44506587688477794,,DYNLL2
ENSG00000204438,10.617282497715248,0.10982134971654449,0.08609134615950263,1.2756375015100465,0.20208369098029388,0.4462705712763209,,GPANK1
ENSG00000115760,25.431879766358453,0.09147521772422193,0.07171449371324026,1.2755471451837546,0.2021156483172868,0.4462705712763209,,BIRC6
ENSG00000173120,14.629242802269502,-0.11728787374192874,0.09197900427343349,-1.2751592025638536,0.20225289820112835,0.4462705712763209,,KDM2A
ENSG00000159840,15.662689314960607,-0.0954699294433384,0.0748818362814456,-1.27494108296853,0.20233009636942922,0.4462705712763209,,ZYX
ENSG00000127951,9.98276989548272,-0.1414694514280428,0.11096727263665696,-1.27487544810856,0.20235333044699366,0.4462705712763209,,FGL2
ENSG00000118058,17.349005809156996,0.11123146488926942,0.08727474214067181,1.2744977774896604,0.20248705981390847,0.4463380070375863,,KMT2A
ENSG00000134285,60.62771479499951,-0.07255321584279492,0.05697241569816012,-1.2734797173983614,0.20284786538683808,0.44690565861957654,,FKBP11
ENSG00000166471,10.082293899911964,-0.12700936931784068,0.09977650602629454,-1.2729386343150695,0.2030398184141723,0.44691640136727556,,TMEM41B
ENSG00000147419,17.10010200420436,0.08879698322209925,0.06976048392681312,1.272883704695306,0.20305931247701958,0.44691640136727556,,CCDC25
ENSG00000144746,113.23453491494887,0.04949207591181449,0.0389043718472666,1.2721468966550549,0.20332093127204043,0.44726386427327847,,ARL6IP5
ENSG00000109171,10.52032062702928,0.12715158146620995,0.0999954471653985,1.2715737073098292,0.20352462355730316,0.44726386427327847,,SLAIN2
ENSG00000106617,13.014303438402516,0.12270054681771438,0.09649560044057542,1.2715662295223156,0.2035272818937105,0.44726386427327847,,PRKAG2
ENSG00000179144,76.68598072835317,0.11672209581696016,0.09190951870770381,1.2699674359972095,0.2040962299373219,0.448286490831874,,GIMAP7
ENSG00000173726,34.79090050071985,-0.07098436352341624,0.05591870017959323,-1.269420843035279,0.20429100618429885,0.4484866482797875,,TOMM20
ENSG00000101745,58.94433458306497,-0.06917655101810635,0.054513314549451075,-1.268984496537148,0.20444659357812411,0.44860061379946403,,ANKRD12
ENSG00000129128,35.231046204720805,0.06734078363064556,0.05320289696188112,1.2657352790186214,0.2056078732648393,0.45092005454483514,,SPCS3
ENSG00000075234,47.46965819723566,0.08437060736525777,0.06668671071853519,1.2651787208603085,0.2058072686309962,0.45112869876713296,,TTC38
ENSG00000082515,21.552490954389967,-0.0829049162002683,0.06556925210046795,-1.26438709523845,0.20609112243788552,0.45152217052593957,,MRPL22
ENSG00000160908,23.5077931809985,-0.10247150205392506,0.0810793224183883,-1.2638426049634222,0.20628652572451223,0.45154057391743424,,ZNF394
ENSG00000148175,29.90156745763689,0.09656374201646589,0.07640853468617678,1.2637821470215347,0.20630823079148775,0.45154057391743424,,STOM
ENSG00000133398,54.64660287823751,-0.06033336630540691,0.047793080992430854,-1.2623870454169317,0.20680954841209642,0.4521952152953307,,MED10
ENSG00000107949,11.912480748923704,0.108324369053788,0.08582084412459262,1.262215143171108,0.20687138112743297,0.4521952152953307,,BCCIP
ENSG00000198055,24.76875649478996,-0.09179376897689918,0.07274021337483412,-1.261939781560457,0.20697045582340667,0.4521952152953307,,GRK6
ENSG00000105819,16.7257936328997,-0.08846155135046592,0.0701081363326426,-1.2617872329502775,0.20702535740699102,0.4521952152953307,,PMPCB
ENSG00000137364,8.926855884090605,-0.11559792762311623,0.09164855790306808,-1.2613174747973466,0.20719448771583326,0.45233630088113547,,TPMT
ENSG00000184164,23.95252370436413,0.08029530778555836,0.06373358010364792,1.2598587378110035,0.20772032602852653,0.4532555979452518,,CRELD2
ENSG00000169689,21.46345401408154,-0.0779256281012467,0.061867360813532064,-1.2595595977677823,0.20782827805094484,0.45326258020485805,,CENPX
ENSG00000008282,8.278465495174421,-0.16185179032302782,0.12854079488026873,-1.259147265066994,0.2079771451073179,0.453358744019831,,SYPL1
ENSG00000123268,9.300576893360363,0.1269497933454283,0.10087392020878672,1.258499650679485,0.2082111134566027,0.4534667666328225,,ATF1
ENSG00000100300,88.36587623820958,0.05274316776994415,0.041937167149942424,1.2576712103935366,0.20851068820033447,0.4534667666328225,,TSPO
ENSG00000119778,8.315975308927586,-0.1442367661468018,0.11469023547898761,-1.2576202807886587,0.2085291151936839,0.4534667666328225,,ATAD2B
ENSG00000176102,8.459851996481337,0.1240262408043476,0.09863755771135656,1.2573936711540044,0.20861111981615843,0.4534667666328225,,CSTF3
ENSG00000127540,231.0304516296165,0.03947269879388985,0.03139322659072585,1.2573635487838268,0.20862202214317238,0.4534667666328225,,UQCR11
ENSG00000142765,43.13086997786147,-0.06603642870645332,0.05252362065964181,-1.2572710692276114,0.20865549627130797,0.4534667666328225,,SYTL1
ENSG00000104957,8.344475328178866,-0.12332757628722431,0.09818061997271071,-1.2561295327072002,0.209069010247815,0.4540140010676468,,YJU2B
ENSG00000167004,140.75173918735928,0.05245497924354303,0.04176561936064453,1.2559368218772546,0.20913887699050704,0.4540140010676468,,PDIA3
ENSG00000182180,13.379279193889282,0.10247065769994629,0.081603929083592,1.2557074009877538,0.20922207490845568,0.4540140010676468,,MRPS16
ENSG00000150991,363.32381749379925,-0.04677947006318081,0.037265099788471194,-1.2553158405241438,0.20936412700686335,0.45409452509207904,,UBC
ENSG00000113712,36.029733390815856,0.06709264647759416,0.05355436932703167,1.2527950066574498,0.21028031934751912,0.4558531772628833,,CSNK1A1
ENSG00000137210,29.14446434502958,0.07850651913213945,0.06276655059611898,1.2507700102448152,0.21101839935355982,0.45717857706371556,,TMEM14B
ENSG00000137100,51.426383346084044,0.05107990953145115,0.04086065818164108,1.2501000180756177,0.21126301319754737,0.45717857706371556,,DCTN3
ENSG00000186132,9.372808599602747,-0.10547589502912721,0.08437529825899213,-1.2500802628912346,0.2112702289171552,0.45717857706371556,,C2orf76
ENSG00000177981,11.15979575259263,-0.11743558133296891,0.09395150886056522,-1.2499595031225816,0.211314341143386,0.45717857706371556,,ASB8
ENSG00000090581,11.668533614739973,-0.11644874716685809,0.09325004997155413,-1.2487794612697871,0.21174574808023494,0.4577922487849179,,GNPTG
ENSG00000125656,17.636483894374468,0.08664750012758674,0.06939544604518318,1.2486049887361599,0.2118095867962574,0.4577922487849179,,CLPP
ENSG00000185236,23.72102340389603,-0.0721703177656205,0.05783740694464773,-1.2478138557402794,0.21209923334176806,0.45809821608628065,,RAB11B
ENSG00000163463,56.50163161095487,0.07200311152072077,0.057715644499551445,1.2475492935243988,0.21219615765883115,0.45809821608628065,,KRTCAP2
ENSG00000126756,73.12777006138035,-0.048657335077040044,0.03900852938362038,-1.2473511779572797,0.21226875970718573,0.45809821608628065,,UXT
ENSG00000067560,118.7993036525795,0.040933941581350594,0.032861889896756286,1.2456356499871017,0.21289818801926963,0.4590978248671357,,RHOA
ENSG00000184209,8.713266978185061,-0.11221663471976473,0.09009689804831682,-1.2455105242312074,0.21294414941260487,0.4590978248671357,,SNRNP35
ENSG00000054654,81.02485374910562,0.0947756274959207,0.07613171453430237,1.2448902284108945,0.21317210325466918,0.45931211824348456,,SYNE2
ENSG00000108107,1359.6004952367175,-0.047314257582469994,0.03802068678328698,-1.2444345851024514,0.2133396607727428,0.45931211824348456,,RPL28
ENSG00000100528,14.732087786877386,0.10217607147149928,0.08211042851306219,1.2443738672639497,0.21336199622588492,0.45931211824348456,,CNIH1
ENSG00000110536,14.28202908210036,-0.1015420318321225,0.08164771199387716,-1.243660469502651,0.21362455066199693,0.45937882724824475,,PTPMT1
ENSG00000125629,8.001628889640578,-0.11878156953918322,0.09554851499049989,-1.243154533076661,0.2138108935698707,0.45937882724824475,,INSIG2
ENSG00000143384,44.90653537331202,0.0960638223822616,0.07727453696626779,1.2431497638632993,0.21381265069037647,0.45937882724824475,,MCL1
ENSG00000132485,46.60336913780561,0.08410629166149242,0.06768244007269511,1.242660453304536,0.21399298266860467,0.45937882724824475,,ZRANB2
ENSG00000172053,14.367696718352763,-0.09953702314252025,0.0801037579544122,-1.2426011673405846,0.21401483954463407,0.45937882724824475,,QARS1
ENSG00000168393,9.329182618295906,0.11412079766540749,0.09186238891689182,1.2423016537121947,0.21412528544547849,0.45937882724824475,,DTYMK
ENSG00000139613,18.51318926334223,-0.09625348557934445,0.07748568997152847,-1.2422098275786415,0.21415915464122703,0.45937882724824475,,SMARCC2
ENSG00000122545,262.7035263690337,-0.04490059755132566,0.03615230331220891,-1.2419844225018546,0.2142423095417051,0.45937882724824475,,SEPTIN7
ENSG00000185420,8.301044969503726,0.11565657901751154,0.0931926885839534,1.2410477771903894,0.21458809974016346,0.4598923762138124,,SMYD3
ENSG00000144711,8.442277875842253,0.13237379350292597,0.10669972267830964,1.2406198458642803,0.21474621703140473,0.46000340648261795,,IQSEC1
ENSG00000119979,10.585487921408154,0.10779871000225823,0.08692768271554016,1.2400964414870677,0.2149397250292805,0.4601900990607109,,DENND10
ENSG00000172239,8.179663335727762,-0.11860502354057767,0.09567881737487771,-1.2396163204638404,0.21511734120992454,0.46034259911738057,,PAIP1
ENSG00000153234,51.76778775419146,-0.1995870009678007,0.1610740132960106,-1.2391011863658827,0.21530802773401225,0.4605229045996396,,NR4A2
ENSG00000136003,50.279949680204396,0.05568231011068056,0.04499389496601788,1.2375525646920593,0.21588201232267556,0.461106001473292,,ISCU
ENSG00000140563,20.189380171815518,0.11142203766267697,0.09004887215177783,1.2373507296668256,0.2159569019965598,0.461106001473292,,MCTP2
ENSG00000119396,19.25794256382104,0.08541251009239,0.06903593552809574,1.237218116029288,0.21600611767281808,0.461106001473292,,RAB14
ENSG00000011295,32.337109522533865,-0.08542184161633848,0.06905762228231488,-1.2369647085027768,0.21610018493082883,0.461106001473292,,TTC19
ENSG00000169217,20.107624322856744,0.08814797514342644,0.07126357275824993,1.2369289348213581,0.216113466833334,0.461106001473292,,CD2BP2
ENSG00000100221,11.681009609223333,-0.1310910738988098,0.10605203867662315,-1.2361014039394038,0.21642087309680413,0.46153431142921214,,JOSD1
ENSG00000179262,36.93029430968926,-0.054262723977856316,0.0439229992402427,-1.235405708090632,0.21667954948093204,0.46166837157153395,,RAD23A
ENSG00000113263,11.864018630334664,-0.1123935395195835,0.09098050743135015,-1.2353584596611606,0.21669712564404564,0.46166837157153395,,ITK
ENSG00000091317,34.87817878757422,0.06568152402501055,0.0532617468512609,1.2331838121726122,0.21750719347669512,0.46298685323005073,,CMTM6
ENSG00000091640,33.9470539130591,-0.061205685972295275,0.0496347088731926,-1.2331226950210257,0.21752999136045603,0.46298685323005073,,SPAG7
ENSG00000213015,10.424460045070564,-0.10723233430381093,0.08701649217016234,-1.232321961383092,0.21782883928990993,0.4632086792836889,,ZNF580
ENSG00000267321,9.963138912684732,-0.10600786951201156,0.08605273554165628,-1.2318942430446669,0.21798859220720024,0.4632086792836889,,SNHG30
ENSG00000104312,8.152580039519346,-0.13330321374326237,0.10821918698513658,-1.2317890889493652,0.21802788018450903,0.4632086792836889,,RIPK2
ENSG00000120686,26.773386187175845,0.07018751905251165,0.05698441932416777,1.2316966617354699,0.21806241731011655,0.4632086792836889,,UFM1
ENSG00000234745,1769.8291872847237,0.08698774151346572,0.07066092885493558,1.2310585626754003,0.21830096202631433,0.46348786196656633,,HLA-B
ENSG00000140983,14.51061854437477,-0.08623757481196832,0.07006796492647964,-1.230770365636493,0.21840876204687232,0.46348931504503016,,RHOT2
ENSG00000170340,12.1648346161212,-0.10986116428922309,0.08931094850691015,-1.2300973858845863,0.21866063886186882,0.46351592670391795,,B3GNT2
ENSG00000141682,46.51162413981861,0.16393598420507655,0.13328066822460596,1.23000571942519,0.21869496310098302,0.46351592670391795,,PMAIP1
ENSG00000115241,32.57596063449719,0.06990183423405572,0.05683638139826075,1.2298783369800312,0.21874266751315008,0.46351592670391795,,PPM1G
ENSG00000132388,15.428744075536551,0.0862674737789457,0.07017866911736283,1.2292549126954355,0.21897624618267963,0.46378375782303216,,UBE2G1
ENSG00000133706,19.197938373551544,0.09381956689437032,0.07651155975440907,1.2262142765814399,0.22011805018168484,0.46580498887890903,,LARS1
ENSG00000141298,21.053853855248505,-0.08529082957282404,0.0695604150798673,-1.2261403195322444,0.22014587526169838,0.46580498887890903,,SSH2
ENSG00000146963,16.01548087267142,0.08246526614243414,0.06730935640436397,1.2251679491186984,0.22051194778117023,0.46596465467552217,,LUC7L2
ENSG00000139146,11.49089123952558,0.11774840749564529,0.09610801810651767,1.2251673670467673,0.22051216704699061,0.46596465467552217,,SINHCAF
ENSG00000089327,163.43177789684455,-0.06604808432950515,0.053919454758660494,-1.2249397666414008,0.22059791584005672,0.46596465467552217,,FXYD5
ENSG00000129968,53.91906119435668,-0.06918466810756933,0.056486686096998986,-1.2247960163349885,0.22065208630232147,0.46596465467552217,,ABHD17A
ENSG00000140157,9.012039861632879,0.11220898596328296,0.09173762754302606,1.2231511645606443,0.22127260676436855,0.4669276082574947,,NIPA2
ENSG00000136504,9.63627266662855,0.12418620772358363,0.10155296690569833,1.2228712907905726,0.22137831355104798,0.4669276082574947,,KAT7
ENSG00000159110,16.535471943372315,-0.08915245934798213,0.07291264839167692,-1.2227296815371063,0.22143181237448095,0.4669276082574947,,IFNAR2
ENSG00000096746,34.745532903264696,-0.06767074812466732,0.05537698999351532,-1.2220011981978727,0.22170717387435457,0.4672805364609509,,HNRNPH3
ENSG00000164031,27.970588600165232,0.08375134824430569,0.06862006487252521,1.2205081472873818,0.2222723029183794,0.4682435514741128,,DNAJB14
ENSG00000149925,142.10333495341592,-0.042997170763973774,0.03524890604706227,-1.2198157499289901,0.22253472942678376,0.46856825996578755,,ALDOA
ENSG00000104872,17.97072634236433,0.08618657358630488,0.07069751855326377,1.219089090395324,0.22281038016043497,0.46892048392714114,,PIH1D1
ENSG00000122482,15.239488050161134,-0.11218262430171927,0.0920794694328782,-1.2183239650777458,0.22310088652732452,0.4693036149750769,,ZNF644
ENSG00000157637,8.72988380545627,-0.1358688091364082,0.11157493916515078,-1.2177359015656568,0.2233243493706013,0.4695454128895004,,SLC38A10
ENSG00000147586,8.34583557995529,0.12179452510466668,0.10011681765124088,1.2165241361240682,0.2237853224076305,0.470286104933374,,MRPS28
ENSG00000004700,19.25102808087542,0.09875363984902284,0.08130456120367736,1.214613773040771,0.22451343331162854,0.4713683705080721,,RECQL
ENSG00000129667,11.072734497137168,-0.11330162638743518,0.09329343884180726,-1.2144651091654446,0.22457016559998144,0.4713683705080721,,RHBDF2
ENSG00000198860,12.692815648533642,0.09087632935037208,0.07483747146712967,1.2143158710310924,0.224627127337103,0.4713683705080721,,TSEN15
ENSG00000137133,28.678541467373144,0.06901346202454253,0.05685652755401239,1.213817744303525,0.22481732884217753,0.471538818177461,,HINT2
ENSG00000145912,35.995713410120054,0.06334609324998026,0.05224047102707847,1.2125865637226985,0.22528792850214807,0.47229693150619895,,NHP2
ENSG00000117505,19.134186260905967,0.0785637116726656,0.0648594986725189,1.2112907635833021,0.22578398740206929,0.47310765786380327,,DR1
ENSG00000125354,55.24407745996088,-0.0689681663845447,0.0569949990792363,-1.2100739976969368,0.2262504997399557,0.47385571750957806,,SEPTIN6
ENSG00000204227,8.68798726021149,-0.11283500501362774,0.09336764275415517,-1.2085022357341906,0.226854136338405,0.47489010543603216,,RING1
ENSG00000198931,126.83313430114222,-0.042990146247460656,0.03558678826691905,-1.20803669960359,0.22703314618419113,0.4750350210536726,,APRT
ENSG00000198546,13.081691789149277,-0.08778568376396997,0.07280563782875839,-1.2057539276071616,0.22791238483976184,0.476462203784079,,ZNF511
ENSG00000128335,9.607081640980812,-0.1144948214593373,0.0949617508863657,-1.2056940862047236,0.22793546610423931,0.476462203784079,,APOL2
ENSG00000069345,16.95145893570929,0.09071599397583402,0.07531613634485969,1.2044695649344122,0.22840813863242337,0.4772197082870574,,DNAJA2
ENSG00000133961,8.721041762589127,0.12257710251396957,0.10179820667031002,1.2041184862023688,0.2285437857928484,0.4772726646359339,,NUMB
ENSG00000171862,9.190694513722296,0.12167940862573075,0.10111423565572465,1.2033855355444383,0.22882716262944203,0.4776339279776149,,PTEN
ENSG00000107372,24.32358725280037,-0.08303461683317183,0.0690924202539149,-1.2017905369072224,0.22944469276079593,0.4786919891880251,,ZFAND5
ENSG00000122694,54.34865480778947,-0.06768636835820084,0.05644077905670452,-1.199245819945153,0.2304323754955534,0.4805209102502455,,GLIPR2
ENSG00000115234,29.505891884487394,-0.06014917083435887,0.05019547088643865,-1.1982987662460483,0.23080072674103203,0.4810571987516597,,SNX17
ENSG00000140564,8.576717948256096,0.1243695544806814,0.10383861969113202,1.1977196427554473,0.23102617966264072,0.48129527173820236,,FURIN
ENSG00000165233,15.788778189899507,-0.09577184728907485,0.08003391651231874,-1.1966407675967443,0.2314466032330995,0.48174215177297003,,CARD19
ENSG00000165704,13.405646027683778,0.09487570549989613,0.07928788156216783,1.1965978107954145,0.23146335417980235,0.48174215177297003,,HPRT1
ENSG00000168906,8.647659958848049,0.1345698109057366,0.1124877897813329,1.1963059383363237,0.23157719225295625,0.48174736099929893,,MAT2A
ENSG00000104731,14.575558586306514,0.09885090543526379,0.08273387662945143,1.1948056764944948,0.23216296199247022,0.48273384744902387,,KLHDC4
ENSG00000180096,46.00167118411377,-0.06606923167832976,0.05531193134978299,-1.194484265257698,0.23228859207810992,0.4827630825753994,,SEPTIN1
ENSG00000266402,30.729468469482168,-0.09939376644824731,0.08324402235242712,-1.1940048503116252,0.2324760707553719,0.4829207672388355,,SNHG25
ENSG00000141252,7.707699689415725,0.1338508322977265,0.11228302738716597,1.1920842839068815,0.23322819871372136,0.48425067938304817,,VPS53
ENSG00000082996,14.627589281465815,-0.0850111789538005,0.07137609593591415,-1.1910315048630393,0.23364121714266906,0.4848040682769449,,RNF13
ENSG00000116670,21.11318087326599,0.071766522735009,0.06027778679306797,1.1905965124662181,0.23381202139906587,0.4848040682769449,,MAD2L2
ENSG00000158417,53.07804734171715,0.06081214128792471,0.051079092989150365,1.1905485733828856,0.23383085058793251,0.4848040682769449,,EIF5B
ENSG00000125991,29.051806612169244,-0.06541243534450138,0.0549637930433375,-1.1901004592773539,0.23400690979171246,0.4849367330788984,,ERGIC3
ENSG00000139675,10.376118122729634,-0.1215765634964279,0.10219947635713206,-1.1896006499248917,0.2342033902959234,0.48511157003851635,,HNRNPA1L2
ENSG00000117395,9.384453080197959,0.10170656561390234,0.0855487329526235,1.1888728459628617,0.23448970694534577,0.4854722305992876,,EBNA1BP2
ENSG00000138081,8.217687052779148,0.13064921200980517,0.10995173053430106,1.1882415253941567,0.23473826795541097,0.4857544167589973,,FBXO11
ENSG00000177565,11.6327138199094,0.11164553249584841,0.09401266977530422,1.1875583659382056,0.23500744890035996,0.4860789825008879,,TBL1XR1
ENSG00000101901,11.810717541999459,-0.1117461158337858,0.09417218635957857,-1.1866148610705982,0.23537957131525655,0.48646737020778097,,ALG13
ENSG00000130731,31.494782179892827,0.06562944265025605,0.05531290898628347,1.1865122238740125,0.23542007700834144,0.48646737020778097,,METTL26
ENSG00000134242,27.142785495416845,-0.07269704847115725,0.061316532040272216,-1.1856027412543553,0.23577921919507405,0.4869769362563654,,PTPN22
ENSG00000128294,52.40391569868946,0.07094389846880983,0.05985687550818557,1.1852255545665442,0.23592827869531885,0.48705231961576556,,TPST2
ENSG00000180389,9.499804388573233,-0.20635295516466448,0.17420408104086726,-1.1845471927621218,0.23619652660157986,0.48734633815625045,,ATP5F1EP2
ENSG00000066044,18.148569322531653,0.07599479709700971,0.06418485171210367,1.1839989509967033,0.23641347806668978,0.48734633815625045,,ELAVL1
ENSG00000183828,8.761293604265989,0.1412723775185122,0.11933636692399853,1.1838166450004632,0.23648565181508363,0.48734633815625045,,NUDT14
ENSG00000128708,14.5050558506607,0.09523481868328215,0.08045337566928273,1.1837268217900647,0.23652121796351422,0.48734633815625045,,HAT1
ENSG00000135940,155.53763959517192,0.029542579096763933,0.024977062888765795,1.1827883537920554,0.23689303732869305,0.4878801392295359,,COX5B
ENSG00000072958,8.095808147807752,0.10918080496463779,0.09241076370131242,1.1814728132485632,0.23741494736960167,0.48851765720928525,,AP1M1
ENSG00000024862,9.872712800293447,0.10383783866698591,0.0878909888418155,1.181438962461456,0.23742838759212548,0.48851765720928525,,CCDC28A
ENSG00000135390,212.534723349387,0.03044132365908381,0.025777303487343053,1.180935146068744,0.23762848796889136,0.4886969902287989,,ATP5MC2
ENSG00000081320,55.860732968613334,-0.08216990480946781,0.06963170836980301,-1.1800644667954494,0.2379745757495475,0.48906359103557284,,STK17B
ENSG00000112305,24.738688176123723,0.07100212399627744,0.06017546927080277,1.1799180771944187,0.23803279933462362,0.48906359103557284,,SMAP1
ENSG00000138095,7.821291397255559,0.1286056078194975,0.10924940113209188,1.1771744877942383,0.23912586923784895,0.4910762392938644,,LRPPRC
ENSG00000143401,37.91736030597844,-0.07077437525390419,0.060171561446024216,-1.1762097169007495,0.2395110825226866,0.49163399149699477,,ANP32E
ENSG00000143740,8.441415174489002,-0.10668156693504292,0.09072993859835536,-1.1758143847898153,0.2396690568724842,0.4917249924548313,,SNAP47
ENSG00000106605,9.19682286764097,0.10234923470493976,0.08720228114879566,1.1736990518665267,0.24051559016822122,0.4932279424918925,,BLVRA
ENSG00000120963,29.09078806838458,0.07065879849540578,0.06023553176106059,1.1730418314507738,0.24077903105596776,0.49353428108913905,,ZNF706
ENSG00000173465,23.75717521972664,-0.07131672544426573,0.060837450985517974,-1.172250386710684,0.24109654421675364,0.49395111118650237,,ZNRD2
ENSG00000074842,52.45546323378088,-0.05282112270413207,0.0451195244672515,-1.170693249271067,0.24172209969162028,0.4948318764461936,,MYDGF
ENSG00000146909,7.669445001563524,-0.12983444901148677,0.11091169125968249,-1.1706110288003775,0.24175516219257065,0.4948318764461936,,NOM1
ENSG00000185262,19.167030097473994,0.0814260349364787,0.06961118813953424,1.1697262625838512,0.24211114583362936,0.49522923543966046,,UBALD2
ENSG00000175197,16.691255270269906,-0.14566161102057212,0.12454397102963535,-1.169559713058385,0.2421781978715788,0.49522923543966046,,DDIT3
ENSG00000108055,30.582083861945435,0.07316682725147487,0.06257490906134361,1.1692678159507632,0.24229574575174584,0.49523556536032315,,SMC3
ENSG00000136861,8.09967852035078,0.1451420550175383,0.12424049904873007,1.1682346427199246,0.24271213024561433,0.49539887274644223,,CDK5RAP2
ENSG00000100603,31.06667191588884,0.07229041225258535,0.06191619902684986,1.1675524885052573,0.24298732435957549,0.49539887274644223,,SNW1
ENSG00000119640,12.37709482663205,0.09844996771974227,0.08433159111905593,1.167415038816884,0.2430428007440839,0.49539887274644223,,ACYP1
ENSG00000007168,21.15238770754628,-0.09574598897471023,0.08202433597714895,-1.1672875840334018,0.2430942510170534,0.49539887274644223,,PAFAH1B1
ENSG00000164182,11.52990742284838,0.09243401650557251,0.07919290844098661,1.1672006790160128,0.2431293367642171,0.49539887274644223,,NDUFAF2
ENSG00000069493,12.51362167594351,-0.11399126395765996,0.09767070009885256,-1.1670978486105796,0.24317085658936144,0.49539887274644223,,CLEC2D
ENSG00000132153,12.281596295360607,-0.09128103660851515,0.07821961614173095,-1.1669839499482764,0.2432168512604167,0.49539887274644223,,DHX30
ENSG00000160856,10.00245513601077,-0.13537402276086483,0.11602172009264244,-1.1667989636144829,0.24329156565430776,0.49539887274644223,,FCRL3
ENSG00000118418,88.64883253290883,0.04289806514281818,0.03678877767856124,1.166063888222553,0.24358861568787216,0.49561689424111005,,HMGN3
ENSG00000196329,13.970475234274401,0.13388528629702764,0.11482766347462753,1.1659671741610516,0.2436277175989926,0.49561689424111005,,GIMAP5
ENSG00000030066,8.000304449454623,-0.12157652934440773,0.10429678546104042,-1.1656785854615057,0.24374442146243613,0.4956212930770494,,NUP160
ENSG00000135316,21.24316883828489,0.07884674620254967,0.06778447179698495,1.1631977665725022,0.24474927249939615,0.49723197343547854,,SYNCRIP
ENSG00000128185,28.76716389497902,-0.06208803393312243,0.05337895774425572,-1.1631556058211707,0.2447663747209543,0.49723197343547854,,DGCR6L
ENSG00000169223,56.48579080219407,-0.05511244728183388,0.0474156884218607,-1.1623251526265859,0.2451034133776535,0.4972767606898597,,LMAN2
ENSG00000125356,146.59742447606084,-0.04147156531894601,0.035680043317293735,-1.1623182446879257,0.24510621832302226,0.4972767606898597,,NDUFA1
ENSG00000169564,95.73313319808904,0.051759700333269244,0.04453398116918636,1.1622518125346146,0.2451331940262239,0.4972767606898597,,PCBP1
ENSG00000125779,8.530625581337906,0.10777420946206269,0.09276319313230419,1.1618208237867462,0.24530825361625652,0.497398694188164,,PANK2
ENSG00000007944,21.937539979793804,-0.1106448237805867,0.09525939265415388,-1.1615109092946954,0.2454341892941061,0.49742095413376913,,MYLIP
ENSG00000182287,25.25589016638683,0.07335624101780935,0.0632505961054436,1.1597715363111973,0.24614183576920268,0.4986215933395786,,AP1S2
ENSG00000172081,13.599111359235065,0.10064713536349722,0.08684874273166397,1.1588784385108033,0.2465057388386216,0.49912509684357304,,MOB3A
ENSG00000103496,16.293320532472322,0.08810674663441578,0.07604845611452818,1.1585606222133942,0.24663532768373153,0.49915391154700955,,STX4
ENSG00000134748,17.021105748915236,0.07534640839544066,0.06509303504455764,1.157518747495248,0.24706048433401373,0.49978060575655786,,PRPF38A
ENSG00000167110,9.21506470535451,0.11189987865006254,0.09674342372016395,1.1566665138267127,0.247408635833265,0.5000424435630935,,GOLGA2
ENSG00000162241,14.416657836705637,-0.11080744171536434,0.09580146872630235,-1.1566361475306077,0.24742104730034276,0.5000424435630935,,SLC25A45
ENSG00000112200,13.035234902771187,0.10829909560443796,0.09380636012420047,1.1544962991960137,0.24829675494553072,0.5015779918997719,,ZNF451
ENSG00000130313,34.24862578815358,-0.06173413253921692,0.053498617910652455,-1.153938829640768,0.24852524837413337,0.5018052961805297,,PGLS
ENSG00000144744,11.08919083891768,0.09338516343077777,0.08110057389902393,1.1514735215936824,0.2495374823393075,0.5032163282780675,,UBA3
ENSG00000005893,11.245571843370293,0.10679205110685505,0.09274564815352958,1.1514508037085824,0.24954682348206325,0.5032163282780675,,LAMP2
ENSG00000204475,71.10304280632097,-0.07960868866501655,0.06914154282737996,-1.1513872183004228,0.24957296983700783,0.5032163282780675,,NCR3
ENSG00000165525,27.371576957610678,0.0739090090680111,0.06423006210667215,1.1506918511967859,0.249859030118028,0.5035584645182614,,NEMF
ENSG00000167552,49.12123999890365,-0.08882162139589407,0.07725483979811439,-1.149722420342939,0.25025821696007744,0.5037266233961368,,TUBA1A
ENSG00000124256,24.25914414829951,0.0883989570924345,0.07690706430700404,1.149425711265693,0.250380483143949,0.5037266233961368,,ZBP1
ENSG00000176953,17.756332950857605,0.0975746707550014,0.08489170256576546,1.149401741346988,0.25039036235195455,0.5037266233961368,,NFATC2IP
ENSG00000106261,9.171418628828201,0.11545535150023807,0.10048210831109701,1.1490140229022987,0.25055019841586035,0.5037266233961368,,ZKSCAN1
ENSG00000257815,14.671910968498553,-0.08909218590186459,0.077548685590886,-1.148854880299032,0.2506158252150539,0.5037266233961368,,PRANCR
ENSG00000131236,99.02664928768364,0.04461296803017778,0.03883690917976918,1.1487260179143568,0.25066897393119303,0.5037266233961368,,CAP1
ENSG00000090316,7.374607458709396,0.11182113129411868,0.09738185846770937,1.1482747716423711,0.2508551504630748,0.5037266233961368,,MAEA
ENSG00000162368,45.97357111825546,-0.09484137482646444,0.08259791728480669,-1.1482296157594503,0.25087378632278134,0.5037266233961368,,CMPK1
ENSG00000012660,15.503101126870407,-0.08859614777864412,0.07719907338677653,-1.1476322692989707,0.2511204025046656,0.5037828378676072,,ELOVL5
ENSG00000167699,22.031537977460356,-0.07052929042388117,0.06145819594081772,-1.1475977995156028,0.2511346386134571,0.5037828378676072,,GLOD4
ENSG00000179889,9.818248501590256,0.1252843442431663,0.10919966897718479,1.1472960075487237,0.2512593035186227,0.5037993541821504,,PDXDC1
ENSG00000089335,9.598056515879426,-0.1054362908966497,0.09195842851901856,-1.146564731419303,0.25156155976290484,0.5041717781816069,,ZNF302
ENSG00000185950,9.145022843608405,0.19447596035626963,0.16988003817123315,1.1447840632119746,0.25229861861790825,0.5052763389889126,,IRS2
ENSG00000108510,8.028201290674064,0.11418363941664525,0.0997525266130779,1.144669145670295,0.25234623724405825,0.5052763389889126,,MED13
ENSG00000082258,9.433953837456345,-0.11269273146494574,0.0984861643324591,-1.144249369734104,0.25252023392726863,0.5053908659589692,,CCNT2
ENSG00000197157,8.994109572595615,0.12250331593006472,0.10723106384500126,1.1424237673062627,0.2532779166637381,0.5066729289893642,,SND1
ENSG00000163539,8.319169278923036,-0.13704105872809172,0.12006514226976302,-1.1413892170317603,0.2537079899108756,0.5072987395306648,,CLASP2
ENSG00000205744,12.795083542949259,-0.08787719805883548,0.07702017158889354,-1.140963415764547,0.25388514750267843,0.507418491105815,,DENND1C
ENSG00000101367,26.34565340360979,-0.06558628590157609,0.05750526938960604,-1.1405265395284048,0.2540670023888354,0.5075475158524888,,MAPRE1
ENSG00000171223,413.14041812625464,-0.10999347087135442,0.09649882080586547,-1.1398426421462418,0.25435186473933735,0.5078821037042514,,JUNB
ENSG00000100243,12.902406231610021,-0.08504611435274967,0.07469804611253707,-1.1385319801353655,0.25489841290804627,0.5087386681979318,,CYB5R3
ENSG00000175309,15.353668951674708,0.0874098993809419,0.07680746332142563,1.1380391383991808,0.25510413984561564,0.5089145288667491,,PHYKPL
ENSG00000064607,12.74220149473961,0.11514967677505035,0.10135723897492926,1.1360774813877148,0.2559241385033487,0.5103150909234977,,SUGP2
ENSG00000088448,17.205347772912514,-0.08382504980044947,0.07382739699265588,-1.1354192781412586,0.2561996860592345,0.5106292222838819,,ANKRD10
ENSG00000177879,33.78433724671096,0.060149735015409087,0.05299343446775356,1.1350412672726493,0.25635802813214614,0.5107095707770701,,AP3S1
ENSG00000105341,10.16970027478608,-0.10001119126917386,0.08819762264463588,-1.1339442977067193,0.2568179140443989,0.5112102777670466,,DMAC2
ENSG00000182670,30.59308098763849,-0.07642637607310211,0.06740964719856145,-1.1337602145874024,0.2568951438580288,0.5112102777670466,,TTC3
ENSG00000143575,23.440267458230657,-0.0668106625400666,0.058936893672987704,-1.1335966043742756,0.25696379804560354,0.5112102777670466,,HAX1
ENSG00000080608,12.176209075024836,0.1097070112131565,0.0969240560602933,1.1318863001865227,0.25768223905826637,0.5121489699608789,,PUM3
ENSG00000164331,11.096768178988372,-0.09059952500453729,0.08005289276297178,-1.1317457980287229,0.2577413211409958,0.5121489699608789,,ANKRA2
ENSG00000100813,18.491521066828074,0.10183945138536307,0.08999372699308082,1.1316283344192757,0.2577907225733289,0.5121489699608789,,ACIN1
ENSG00000116044,23.06634067320347,-0.11455783490695177,0.101303983535425,-1.1308324797207214,0.25812560656136363,0.5125789351037267,,NFE2L2
ENSG00000134809,13.42794267879177,0.10755183796167621,0.09517404565504137,1.1300542834072451,0.2584533517223533,0.5129943361938636,,TIMM10
ENSG00000139218,56.6394028648205,0.06495034238407325,0.05749910252371003,1.1295888028389778,0.2586495313372763,0.5131483365870676,,SCAF11
ENSG00000129460,18.18990105233599,-0.07605432247736368,0.06736959315736038,-1.1289117079825273,0.2589350812841217,0.5134794210432605,,NGDN
ENSG00000177410,78.98063031948553,-0.05447687049061141,0.04828747778678555,-1.1281780077881738,0.2592447497920197,0.5135872446606489,,ZFAS1
ENSG00000091592,10.608578961850972,-0.11544367759419127,0.10233725706066178,-1.1280708601146159,0.2592899944355409,0.5135872446606489,,NLRP1
ENSG00000105364,12.380318600012579,0.09065633891082704,0.08037341643913662,1.1279393477005826,0.25934553491645895,0.5135872446606489,,MRPL4
ENSG00000034713,49.235147627939774,0.0587843371743931,0.05212991564271333,1.1276507251093149,0.25946745524032633,0.5135936316673797,,GABARAPL2
ENSG00000004534,22.849558853910224,0.07480978543244911,0.06636209217699938,1.1272969699767488,0.2596169430678389,0.5136545553975943,,RBM6
ENSG00000112339,9.069795949175775,-0.11141948638968054,0.09889074127134188,-1.1266928021498148,0.25987238674235724,0.5136952539400097,,HBS1L
ENSG00000102189,9.259438222928491,-0.12331459666425176,0.10944887539196717,-1.1266867404770269,0.25987495051413945,0.5136952539400097,,EEA1
ENSG00000072501,21.764623519663818,0.08864157341941382,0.07883609359178963,1.1243780530069973,0.2608526785660089,0.5153924840890961,,SMC1A
ENSG00000112130,7.832496527838782,0.11855626626330319,0.10547146782121718,1.1240600772169573,0.2609875402436659,0.5154235904310097,,RNF8
ENSG00000104517,8.498434455890054,0.11749431020429502,0.10458660904150388,1.123416384574328,0.26126069436838284,0.5156092240178431,,UBR5
ENSG00000175482,39.46285326654714,0.05483531586865695,0.04882073200943854,1.1231973305532497,0.26135369607751435,0.5156092240178431,,POLD4
ENSG00000180370,36.76376790790899,0.08025322883012197,0.07146347769113139,1.1229964091165603,0.2614390195274203,0.5156092240178431,,PAK2
ENSG00000077097,16.876431792612355,0.09957153771407118,0.08878162634185642,1.1215331574425982,0.26206098585825477,0.5165189050506315,,TOP2B
ENSG00000140386,9.722276152847371,-0.1117003132387013,0.09963203865048689,-1.1211284517679136,0.26223318943043905,0.5165189050506315,,SCAPER
ENSG00000120913,26.322420417634426,0.07552118179616314,0.0673653136468746,1.121069252227358,0.2622583855780535,0.5165189050506315,,PDLIM2
ENSG00000177556,37.49460172627808,0.055951358923207566,0.04993940094904815,1.1203850638956054,0.26254970699682445,0.5166629245454188,,ATOX1
ENSG00000147872,10.372618710222056,-0.11395826138314413,0.10171787103140206,-1.1203366746435663,0.26257031917619045,0.5166629245454188,,PLIN2
ENSG00000122008,8.122311313227401,0.12275032846618486,0.10965338864730946,1.1194394444206424,0.262952711271937,0.5169174560919206,,POLK
ENSG00000165678,59.425066648210745,0.04173759079858068,0.03730090174450515,1.1189432117342606,0.26316436656559117,0.5169174560919206,,GHITM
ENSG00000086619,8.487828192643182,-0.13275013430817192,0.11863957877195269,-1.1189363253163798,0.2631673046170522,0.5169174560919206,,ERO1B
ENSG00000113391,20.868240323160688,-0.08467652609627538,0.07567753162892132,-1.1189123676956048,0.26317752617760604,0.5169174560919206,,ARB2A
ENSG00000196976,18.97320021148529,-0.07231057679545896,0.06464711814546485,-1.1185429276638488,0.2633351831016699,0.5169924397826342,,LAGE3
ENSG00000214078,31.226887374729174,0.08060179207665397,0.0721069648406402,1.1178086923335038,0.26364870828069686,0.5173732248211226,,CPNE1
ENSG00000101224,13.479573103096852,0.1063809487556256,0.0952529873047674,1.1168253276430444,0.2640690172389437,0.5179631176758429,,CDC25B
ENSG00000265206,64.57131998560303,0.07862831118426891,0.07044584473182892,1.1161525776799008,0.26435682955752693,0.5182927057070317,,MIR142HG
ENSG00000144747,16.850686922474612,0.09750778969399992,0.08742657884928572,1.115310595214908,0.26471734664561963,0.5187644741556142,,TMF1
ENSG00000175467,9.613812249630145,0.09475331265022402,0.08502980538897105,1.1143541046198158,0.2651273043640523,0.5191346741707762,,SART1
ENSG00000119314,18.702334113846863,0.09579543523101561,0.08596838633970894,1.1143100308114955,0.2651462052039324,0.5191346741707762,,PTBP3
ENSG00000166164,27.79166297357833,0.12184088215789231,0.10940225015292672,1.1136963086918084,0.26540949343611564,0.5194151416092594,,BRD7
ENSG00000142546,40.503118363091325,0.05825611817554051,0.05233760773768701,1.1130833198857066,0.26567264677155,0.5195624300650865,,NOSIP
ENSG00000163513,9.931878770003996,0.11655237456944909,0.1047227236669938,1.11296164278607,0.2657249035669139,0.5195624300650865,,TGFBR2
ENSG00000112419,8.302216464698146,0.14066085623383195,0.12643407573993765,1.1125233083773822,0.26591321419003333,0.5196324522145641,,PHACTR2
ENSG00000130755,231.71546040896814,-0.02839556954916116,0.02552825439384266,-1.1123192800840347,0.2660008970777119,0.5196324522145641,,GMFG
ENSG00000270022,8.802446390507829,0.20701009101391474,0.18641781382066813,1.1104630333936656,0.2667995491117402,0.5209574228368682,,ENSG00000270022
ENSG00000130985,10.137121475190455,0.0953442007256447,0.08596038736447752,1.1091643912838505,0.26735927092161804,0.5218148693179258,,UBA1
ENSG00000112335,75.25190448035255,0.045029510546135985,0.04063375346805462,1.1081799416226026,0.2677841116898595,0.5224084090541127,,SNX3
ENSG00000143549,172.90961591440222,-0.046991451657401,0.042457414157042184,-1.106790241242395,0.268384628419586,0.5233394265234808,,TPM3
ENSG00000168610,30.424485761704958,0.08172303929975994,0.07388016685778796,1.1061566693138192,0.26865871401026786,0.5233394265234808,,STAT3
ENSG00000182162,16.966891258508443,-0.09595863056058336,0.08676341336810374,-1.105980353187211,0.26873502320430953,0.5233394265234808,,P2RY8
ENSG00000196843,27.54530956495419,-0.07861007594317546,0.07108301003660589,-1.1058912094844229,0.2687736100478282,0.5233394265234808,,ARID5A
ENSG00000184277,14.501438559709518,-0.08420743749094607,0.07615912327388866,-1.1056776111788147,0.2688660839292114,0.5233394265234808,,TM2D3
ENSG00000149311,76.24095094120295,-0.06326566435544845,0.05725394690907002,-1.1050009260658686,0.269159187856191,0.5236729543616914,,ATM
ENSG00000185418,14.163111245028873,0.09387070300918207,0.08498632765356635,1.1045388782044037,0.2693594483249333,0.5236729543616914,,TARS3
ENSG00000124357,8.992909905895258,-0.09963277558829202,0.09022784927914966,-1.104235293030704,0.2694910836539065,0.5236729543616914,,NAGK
ENSG00000103148,7.660768327053515,-0.12445548855687602,0.11275562318072417,-1.1037630323536003,0.2696959448564181,0.5236729543616914,,NPRL3
ENSG00000075089,14.477964699385744,0.0877550527981973,0.07951304882938935,1.1036559921943474,0.2697423924839346,0.5236729543616914,,ACTR6
ENSG00000127483,60.22699368603846,-0.06670974903916527,0.06044700601765474,-1.1036071665763125,0.269763581065914,0.5236729543616914,,HP1BP3
ENSG00000133265,7.6897103661644985,-0.10662281306045476,0.09666108390571794,-1.1030583224625679,0.2700018384494801,0.5239004282380719,,HSPBP1
ENSG00000067704,9.124034862913359,0.10370805831936633,0.09413213449922733,1.1017285316123113,0.27057970905783424,0.524500625142127,,IARS2
ENSG00000168101,16.332153122163643,-0.07733919134294107,0.07022486642567835,-1.1013077742880732,0.27076272875261187,0.524500625142127,,NUDT16L1
ENSG00000147533,29.442169472312965,0.06175823268557695,0.05607727537446565,1.1013058725334948,0.27076355616438996,0.524500625142127,,GOLGA7
ENSG00000112062,9.233793589978246,0.11119094539186494,0.1009889911751122,1.1010204587454768,0.27088775310103197,0.524500625142127,,MAPK14
ENSG00000159210,29.091396754767768,0.055367442072306546,0.050290481707646564,1.1009527089872366,0.2709172399335923,0.524500625142127,,SNF8
ENSG00000155115,31.548888345821783,0.06062961182670301,0.05509078861418969,1.1005399151444837,0.27109694836738973,0.5246138173460176,,GTF3C6
ENSG00000177189,12.971040177191709,0.103644845500102,0.09434912726925526,1.0985246869779564,0.27197544383129246,0.5259568086829088,,RPS6KA3
ENSG00000117862,22.45963101054349,0.062088664276378276,0.0565333249741806,1.098266629545226,0.2720880790342942,0.5259568086829088,,TXNDC12
ENSG00000139187,30.034383330850467,-0.1485154010920923,0.13524613735835414,-1.098111960850899,0.2721556031063168,0.5259568086829088,,KLRG1
ENSG00000121578,9.890353486367388,0.12145034703468086,0.11065078339299787,1.0976004264093298,0.2723790065845888,0.5261017930643086,,B4GALT4
ENSG00000183172,74.10582621876964,-0.055729889816748646,0.05078433508994514,-1.097383469096215,0.27247379668525895,0.5261017930643086,,SMDT1
ENSG00000101082,12.05078952359522,0.1309028831117649,0.11936360698105081,1.0966733196370815,0.2727842235881728,0.5264662513229365,,SLA2
ENSG00000091542,14.638713753425998,-0.09911299523383017,0.09045466935003929,-1.0957200545422934,0.2732013036091794,0.5268256416231741,,ALKBH5
ENSG00000168264,18.944998472563498,-0.09361524581227654,0.08545155320008742,-1.0955359183825901,0.27328191853269146,0.5268256416231741,,IRF2BP2
ENSG00000155329,14.062915937386627,0.08248758501299919,0.0753159255857035,1.0952210222675272,0.2734198179338946,0.5268256416231741,,ZCCHC10
ENSG00000159388,47.161103724977735,-0.13708135885475795,0.12517946263269683,-1.0950786652358766,0.27348217458042723,0.5268256416231741,,BTG2
ENSG00000124383,17.60856410817293,-0.09123837004094003,0.08333358031136551,-1.094857195623172,0.2735792042355609,0.5268256416231741,,MPHOSPH10
ENSG00000131368,7.933091736039014,0.10475649906286441,0.0957315058340485,1.0942740130345472,0.27383481914307906,0.5270833017936402,,MRPS25
ENSG00000087111,8.810025927174111,0.11748988023866139,0.10740484395294266,1.093897406434828,0.2739999763878911,0.5271666953447776,,PIGS
ENSG00000007255,39.1717531441609,-0.059175901200651124,0.054112870448346284,-1.0935642613366405,0.27414613073059513,0.5272134700761267,,TRAPPC6A
ENSG00000120802,12.833730951428356,0.1032600971456417,0.09450221189039863,1.092673865299579,0.274537018451412,0.5277306436424964,,TMPO
ENSG00000205531,34.46950119330455,0.07261322043794544,0.06650753537726416,1.091804410222793,0.27491908016646727,0.5280149176441656,,NAP1L4
ENSG00000179091,39.58470954839668,-0.052462179282323114,0.04805188422593265,-1.0917819379496947,0.27492895989191246,0.5280149176441656,,CYC1
ENSG00000153201,8.898639121529529,0.11616890404458653,0.10644086779363797,1.0913938081546721,0.2750996357879403,0.5281083070339031,,RANBP2
ENSG00000197766,7.943826490294107,0.11608886508668113,0.10639677284363427,1.0910938554244574,0.27523158630666344,0.5281273055205911,,CFD
ENSG00000205189,8.07246745787933,-0.14090911155580285,0.12981898858171728,-1.08542758725242,0.2777323193980683,0.5323275193316986,,ZBTB10
ENSG00000075914,12.597311880094995,-0.08290309622483645,0.07638681839774247,-1.0853063128400509,0.2777860108489839,0.5323275193316986,,EXOSC7
ENSG00000081721,12.688399515423576,-0.08730282685192221,0.08044132367253555,-1.085298238096116,0.27778958600669645,0.5323275193316986,,DUSP12
ENSG00000134375,13.943836665028304,0.08705867869482929,0.08026019009532956,1.0847056129748107,0.2780520610715943,0.5325946295957452,,TIMM17A
ENSG00000143314,12.468231015049108,0.09134418615856492,0.08425568408447556,1.084130847088991,0.2783067874654267,0.5326411965114592,,MRPL24
ENSG00000141699,8.10733055446248,0.11626718706342049,0.10724845497312518,1.0840919535163025,0.2783240301659127,0.5326411965114592,,RETREG3
ENSG00000185627,30.682883884722067,0.05850069780938839,0.054010885502198694,1.083127915149751,0.27875164997417357,0.5326411965114592,,PSMD13
ENSG00000168564,8.847551001475761,-0.09891969659343641,0.0913331383848083,-1.0830646832331998,0.27877971345266317,0.5326411965114592,,CDKN2AIP
ENSG00000188739,12.439461049131264,-0.11562424039554277,0.10677500504341983,-1.0828774051429397,0.2788628421628844,0.5326411965114592,,RBM34
ENSG00000134152,10.589803985528466,-0.09294246564178556,0.08583927269210512,-1.0827499200180637,0.2789194397086754,0.5326411965114592,,KATNBL1
ENSG00000030582,12.723510643526604,-0.09100152519756537,0.084056414704733,-1.0826243959753532,0.2789751742575687,0.5326411965114592,,GRN
ENSG00000158411,19.5151594250333,0.08046516725223113,0.07433825796966682,1.0824193282154169,0.2790662436998501,0.5326411965114592,,MITD1
ENSG00000116580,18.805600743432382,0.07915188858073928,0.07314292783508088,1.0821536807934067,0.2791842462879569,0.5326411965114592,,GON4L
ENSG00000061936,14.057269165732327,-0.09462595701450013,0.08777583044061937,-1.0780411479959153,0.2810153934658365,0.5358257007519911,,SFSWAP
ENSG00000011275,12.945597841062654,-0.09888187354932348,0.09173999139227319,-1.0778491696877555,0.281101072499889,0.5358257007519911,,RNF216
ENSG00000138382,16.487952167982442,0.07063913988304453,0.0655557498959496,1.0775430072139105,0.2812377480869085,0.5358501699568706,,METTL5
ENSG00000187555,7.726340428810527,0.11314436462062301,0.10508844556110453,1.0766584662710068,0.2816328739899059,0.536366833518628,,USP7
ENSG00000115306,12.380451046253134,-0.12553479484022284,0.11673695764575008,-1.0753646263522703,0.2822115125253275,0.5371418694551126,,SPTBN1
ENSG00000155903,25.850815313478282,0.08953598074835743,0.08330057144559169,1.0748543400670239,0.28243994721796273,0.5371418694551126,,RASA2
ENSG00000187630,10.885714042434609,-0.09389199227654345,0.08738428039067785,-1.0744723405259036,0.2826110351091754,0.5371418694551126,,DHRS4L2
ENSG00000205544,37.331836084466296,-0.0582921426595008,0.05425749791991122,-1.0743610541264743,0.28266089067198275,0.5371418694551126,,TMEM256
ENSG00000149483,9.946015819013725,-0.09489531080576384,0.08833030926017266,-1.0743233166574147,0.2826777981592413,0.5371418694551126,,TMEM138
ENSG00000196950,14.13949392723341,0.10378890122259597,0.09663007560067106,1.0740848599923396,0.2827846495536738,0.5371418694551126,,SLC39A10
ENSG00000143554,8.792361021894799,-0.09756432729827913,0.0909124747259458,-1.0731676548502858,0.28319590030936037,0.5376869945759554,,SLC27A3
ENSG00000164172,10.086845081483345,0.09333235955428347,0.08705810810909609,1.072069696682644,0.28368872857400096,0.5383864598858343,,MOCS2
ENSG00000241343,336.9672496448028,-0.07455430497349244,0.06959155885726076,-1.0713124723418075,0.2840289536290539,0.5387958274234617,,RPL36A
ENSG00000075239,8.034664992966007,0.11501137527419567,0.107401868676903,1.0708507839857455,0.28423652823692613,0.5389533118673003,,ACAT1
ENSG00000148248,14.015316844405241,0.0830908232844573,0.07763092653911197,1.070331464388674,0.2844701364616746,0.5391600002057232,,SURF4
ENSG00000072803,8.08195969350806,0.10778323764175744,0.10087947516151272,1.068435749385011,0.28532399828089805,0.5399944441977357,,FBXW11
ENSG00000197323,17.14697854800301,0.09265570135036365,0.08673195399448756,1.06829947998465,0.28538544299290913,0.5399944441977357,,TRIM33
ENSG00000198898,36.080774500765806,0.06534582319233065,0.061172391853640116,1.068224099340039,0.285419436432781,0.5399944441977357,,CAPZA2
ENSG00000147316,7.805342774168625,-0.13618736547367447,0.12751043391866715,-1.068048796387454,0.2854985011361105,0.5399944441977357,,MCPH1
ENSG00000204120,8.154467823197418,0.11533383041191249,0.10799358799475764,1.0679692429286742,0.28553438602366976,0.5399944441977357,,GIGYF2
ENSG00000085265,21.011882834379822,-0.08791661568702408,0.08241972037521597,-1.0666939330391256,0.28611006765017466,0.5408048794797276,,FCN1
ENSG00000107317,97.1028604040103,-0.22152250611258445,0.20773348433544084,-1.0663784262862388,0.2862526099821626,0.5408048794797276,,PTGDS
ENSG00000072864,7.7899927130386635,0.12038642201450284,0.11291275472644813,1.0661897524877597,0.2863378735585985,0.5408048794797276,,NDE1
ENSG00000066422,7.174969092268589,0.12210674423432827,0.11462880273044616,1.065236147685035,0.2867690795607829,0.5413829874605182,,ZBTB11
ENSG00000110717,53.333490994026,0.0514101593625242,0.04828332849299631,1.0647600521157412,0.286984526957747,0.5415534444597345,,NDUFS8
ENSG00000174842,10.441004784671136,-0.09613840670216367,0.09036233909910638,-1.0639211828804287,0.2873644060457987,0.5420339080035619,,GLMN
ENSG00000085231,24.43052815098061,0.063854154070537,0.060133909919193096,1.0618659946832514,0.28829652457376065,0.5431107294794147,,AK6
ENSG00000029363,71.54068733502598,-0.0781840795223302,0.07362895806783372,-1.0618658958924814,0.2882965694286762,0.5431107294794147,,BCLAF1
ENSG00000175455,10.33736413925674,0.09105782590572813,0.08575537739614443,1.0618322567118932,0.2883118432202948,0.5431107294794147,,CCDC14
ENSG00000121310,8.515189289373561,-0.10805124652440577,0.10182956907237951,-1.06109892744026,0.2886449452573391,0.5435016005781141,,ECHDC2
ENSG00000169583,231.9067939118332,-0.06956728001793176,0.06559536097626424,-1.0605518283999498,0.2888936243434981,0.543540538489528,,CLIC3
ENSG00000072401,10.40185617714099,0.08766829568869673,0.08270667025831098,1.0599906321326866,0.28914886115964833,0.543540538489528,,UBE2D1
ENSG00000152332,25.292708661746843,0.07094717476375653,0.06693336632838001,1.059967227939567,0.2891595088838651,0.543540538489528,,UHMK1
ENSG00000215717,12.100377744973088,-0.08354718885117866,0.07883542103734995,-1.0597671421276031,0.2892505485913154,0.543540538489528,,TMEM167B
ENSG00000137955,13.21292471772737,-0.09649121851643498,0.09105760119239048,-1.0596723090976679,0.28929370467792537,0.543540538489528,,RABGGTB
ENSG00000169727,12.84212031327099,0.08325956276206248,0.07866969711986967,1.0583435021390661,0.28989886691301403,0.5444411445888072,,GPS1
ENSG00000167186,12.622130131175744,0.11491723264462927,0.10869230604977684,1.0572710877253966,0.2903878844556259,0.5448564185216778,,COQ7
ENSG00000137776,51.821716195297505,0.06061536029935871,0.05734158236025915,1.05709256362218,0.2904693447377349,0.5448564185216778,,SLTM
ENSG00000077984,496.5359348400625,-0.042186601498843464,0.039910493164365596,-1.0570303234566418,0.29049774844684784,0.5448564185216778,,CST7
ENSG00000177674,36.55807069513871,-0.0686185104595525,0.06501636028397022,-1.0554037500692022,0.2912407085233758,0.5453539910584149,,AGTRAP
ENSG00000150637,9.988001841382124,0.1098197272486687,0.10406518349238277,1.0552974930054984,0.29128928733532544,0.5453539910584149,,CD226
ENSG00000137504,9.078589778234388,-0.10297745980551162,0.09759487842526396,-1.0551522935127127,0.2913556787312711,0.5453539910584149,,CREBZF
ENSG00000157873,29.9475633496305,-0.061141920148577465,0.05794857862005047,-1.0551064686066705,0.29137663394300073,0.5453539910584149,,TNFRSF14
ENSG00000068903,25.869477190979346,0.06533190919265444,0.06193021334576797,1.0549278883942184,0.2914583063242413,0.5453539910584149,,SIRT2
ENSG00000114857,51.67036389228923,-0.06819423681998836,0.06465167044831767,-1.05479466109855,0.291519246895797,0.5453539910584149,,NKTR
ENSG00000083937,13.473165980920184,0.08666312761252289,0.08222015641614545,1.0540374938462773,0.2918657515282309,0.5457662518853307,,CHMP2B
ENSG00000100028,41.11571662842651,0.04959801540014547,0.04711303183825436,1.052745142159868,0.29245781323920883,0.5465878590138624,,SNRPD3
ENSG00000163950,15.976125383339273,0.07152507106866697,0.06795556085017956,1.0525271246948729,0.29255777246963377,0.5465878590138624,,SLBP
ENSG00000015133,25.421617456863256,-0.07366463230250662,0.07004897032364626,-1.0516162045231352,0.2929756701102638,0.5470075247843175,,CCDC88C
ENSG00000178567,10.166382923260299,-0.10034249635473212,0.09542918653781879,-1.0514864476494954,0.29303523051769076,0.5470075247843175,,EPM2AIP1
ENSG00000177697,10.560236290829168,0.12390330593208285,0.1179783508618776,1.0502206975001867,0.29361665568094053,0.5478565196772013,,CD151
ENSG00000065802,8.370411424700343,-0.09479808893109741,0.0903454872856974,-1.049284162155434,0.29404735311378494,0.5480520269961237,,ASB1
ENSG00000172057,12.631986789324282,0.11265392129604791,0.10737386146963251,1.0491745360942308,0.29409779604714414,0.5480520269961237,,ORMDL3
ENSG00000132612,13.40693104671521,-0.08254375987615825,0.07871760460411582,-1.048606093786578,0.29435945004933073,0.5480520269961237,,VPS4A
ENSG00000146729,10.720858390604427,0.09179284937614651,0.08754136318067501,1.0485654557000321,0.2943781617363511,0.5480520269961237,,NIPSNAP2
ENSG00000106603,14.57820344859442,-0.08061733150475153,0.07688991081334699,-1.0484773704635058,0.2944187230608124,0.5480520269961237,,COA1
ENSG00000162300,9.750394710620508,-0.09495091382669867,0.0905780855358954,-1.0482768902095014,0.29451105379817744,0.5480520269961237,,ZFPL1
ENSG00000089818,12.582378784034333,-0.09877165103549126,0.0942477515998986,-1.04800007807929,0.29463857090828294,0.5480520269961237,,NECAP1
ENSG00000100225,24.338641807515558,-0.05843166975857321,0.05577792018504395,-1.0475770621193012,0.29483351018586856,0.5480520269961237,,FBXO7
ENSG00000181222,17.321486200040695,0.09202953346941777,0.08785496120714326,1.0475166365668498,0.294861363264843,0.5480520269961237,,POLR2A
ENSG00000103495,14.588820051432952,-0.07565299964528953,0.07232390051473736,-1.0460304146604178,0.29554699029682163,0.5489335246448968,,MAZ
ENSG00000105643,10.039586656117722,0.10279302128208047,0.09828542883728024,1.045862265629048,0.29562462833205705,0.5489335246448968,,ARRDC2
ENSG00000130305,9.857975901988182,0.09752929977804196,0.09327021317169674,1.045663952740248,0.29571621121961045,0.5489335246448968,,NSUN5
ENSG00000137767,9.796622176119804,0.08887927198564693,0.08504502558946324,1.045084899082666,0.29598373272300027,0.5491575144227921,,SQOR
ENSG00000134744,27.068111641827482,-0.08874763255924233,0.08493787547004086,-1.0448534539876175,0.29609070514175506,0.5491575144227921,,TUT4
ENSG00000108669,43.729574849009616,-0.05648474459688195,0.05409319235868612,-1.0442117045401518,0.29638745289228774,0.5494058021630183,,CYTH1
ENSG00000083223,14.551381927292892,0.10192382174756294,0.09766108916126132,1.0436482187830494,0.2966481751837594,0.5494058021630183,,TUT7
ENSG00000170545,12.885272125196856,0.09027890628697026,0.08651057487576803,1.0435591997465474,0.29668937791459304,0.5494058021630183,,SMAGP
ENSG00000115758,10.49643429416281,-0.11253083134791697,0.10784330078625548,-1.0434661265696248,0.2967324612098391,0.5494058021630183,,ODC1
ENSG00000189409,14.097160553890767,-0.0890568793170899,0.08555855420386475,-1.040888081218501,0.297927493981775,0.5512216661085307,,MMP23B
ENSG00000142178,8.506237330143867,0.18043852157435322,0.1733650793067091,1.0408008481058064,0.297967986371124,0.5512216661085307,,SIK1
ENSG00000108465,16.57142089147503,0.06850640125003142,0.06587465931127758,1.03995074837986,0.29836278325566545,0.5515791866468145,,CDK5RAP3
ENSG00000105879,12.585363868248205,-0.09330117841820615,0.08976871928676754,-1.0393506686906617,0.2986416779615758,0.5515791866468145,,CBLL1
ENSG00000134056,25.689835202374148,0.05677444473874746,0.054637122167547375,1.0391185056314987,0.2987496253916415,0.5515791866468145,,KGD4
ENSG00000163683,14.075908377333022,0.07705331295295761,0.07417710284262372,1.0387749049249895,0.29890943509699197,0.5515791866468145,,SMIM14
ENSG00000188725,8.812639474555683,0.10261027747183499,0.09879447311440903,1.0386236622063572,0.2989797966154615,0.5515791866468145,,SMIM15
ENSG00000115053,166.64959720692585,-0.05830213067470869,0.056147140523281486,-1.0383811202377018,0.29909265567745713,0.5515791866468145,,NCL
ENSG00000087365,74.56461461910088,-0.04441622489916581,0.042785811466682006,-1.0381064043568142,0.2992205201629241,0.5515791866468145,,SF3B2
ENSG00000106052,69.64977607083003,-0.06475635019502647,0.06239040009636039,-1.037921701015091,0.2993065094775871,0.5515791866468145,,TAX1BP1
ENSG00000086300,13.060942916209806,0.09843299179787023,0.09483763394262516,1.0379106659010513,0.2993116474371036,0.5515791866468145,,SNX10
ENSG00000103415,39.37774834442375,0.061041382859331354,0.05882692244039792,1.0376436557798356,0.29943598554041306,0.5515791866468145,,HMOX2
ENSG00000197057,14.01165977822734,0.1274256268822187,0.12287171849851745,1.0370622991144718,0.2997068239853272,0.5518431605891536,,DTHD1
ENSG00000104853,10.461267151114843,-0.08518862769414358,0.08218588461638783,-1.0365359951014872,0.2999521557484508,0.5519841808118767,,CLPTM1
ENSG00000175166,19.665676529903934,0.06505403289700562,0.0627797890219652,1.0362257330021405,0.30009684428697947,0.5519841808118767,,PSMD2
ENSG00000171497,12.857644698768413,0.08172704189492504,0.07889135505765359,1.0359442024439705,0.3002281743361358,0.5519841808118767,,PPID
ENSG00000158552,18.91761825982311,-0.06504545786250682,0.0628088584576739,-1.0356096171743057,0.3003843034796968,0.5519841808118767,,ZFAND2B
ENSG00000026751,17.628035670720454,0.08919079957975781,0.08614337252869264,1.0353762217755074,0.3004932459404914,0.5519841808118767,,SLAMF7
ENSG00000146457,37.95117452648619,-0.057861772057618374,0.05589120520903693,-1.0352571901287757,0.30054881673047873,0.5519841808118767,,WTAP
ENSG00000102390,17.4742083879885,0.0715159891126704,0.06913031512768404,1.0345098091999148,0.3008978934483938,0.552270346731464,,PBDC1
ENSG00000117691,14.744521174250469,-0.08329248667586038,0.08056195400344307,-1.033893575524504,0.3011859187453736,0.552270346731464,,NENF
ENSG00000159496,12.425826572089218,-0.09469007868399386,0.09159053409216854,-1.033841320203529,0.3012103511282629,0.552270346731464,,RGL4
ENSG00000225733,11.281542684716404,0.09205061448349396,0.08906119031291782,1.0335659579674688,0.30133912069385616,0.552270346731464,,FGD5-AS1
ENSG00000073861,37.18622680534224,-0.055846960090523076,0.05404111257411261,-1.0334161794676953,0.3014091780505185,0.552270346731464,,TBX21
ENSG00000261064,7.766396183157542,-0.1272595480310243,0.12316013328019666,-1.0332852412679778,0.30147043193430045,0.552270346731464,,LINC02256
ENSG00000166128,24.671814449672226,0.08415677869210093,0.0815009040497757,1.0325870574478926,0.30179718754547424,0.5524227221313577,,RAB8B
ENSG00000186063,9.971381010580034,0.10407592388906642,0.10079387967655801,1.0325619395050603,0.3018089473349964,0.5524227221313577,,AIDA
ENSG00000151233,7.888902578009796,0.1146227360017413,0.11107252013803243,1.0319630441381624,0.3020894301971334,0.5527023105551782,,GXYLT1
ENSG00000178980,56.61982243979337,-0.0440262037527447,0.04268819944113816,-1.0313436577115764,0.3023796921159303,0.5529995468240196,,SELENOW
ENSG00000101439,58.29148853437987,-0.05600859908956221,0.05436321399537004,-1.0302665161469722,0.3028849127326839,0.5535961710721443,,CST3
ENSG00000066117,13.698110453044148,-0.09555267615250083,0.09276034096657317,-1.0301026835049465,0.30296180566185293,0.5535961710721443,,SMARCD1
ENSG00000127914,48.10269544176092,0.06747946369254734,0.06554640245708553,1.0294914924846932,0.3032487755161144,0.5537648231155313,,AKAP9
ENSG00000152291,31.953579113950315,0.06547603710886124,0.06360842891533969,1.0293610174841337,0.30331006026896445,0.5537648231155313,,TGOLN2
ENSG00000100897,15.839862236206887,0.07058350394917964,0.06859275971158614,1.0290226584549746,0.3034690275300892,0.5538213758425542,,DCAF11
ENSG00000141293,50.47724684610297,-0.049780941017812476,0.0484175325457049,-1.0281593959960795,0.3038748548169302,0.5543282026951337,,SKAP1
ENSG00000102125,7.854382230772909,-0.09623198817151482,0.0936690720476431,-1.0273613912025106,0.3042503244284679,0.5546756456136286,,TAFAZZIN
ENSG00000012822,13.947951655002374,0.09181057571415342,0.08939623277160128,1.0270072112403277,0.3044170684789702,0.5546756456136286,,CALCOCO1
ENSG00000066777,10.534454773744123,0.1210012154542,0.11782724198614568,1.0269375181371685,0.3044498863721673,0.5546756456136286,,ARFGEF1
ENSG00000177666,11.483791618984178,-0.09057007069573675,0.08822541235048822,-1.02657577088939,0.3046202678314641,0.5547524827048591,,PNPLA2
ENSG00000197170,13.549811801163697,-0.08372267918271299,0.08158359183894709,-1.0262195779267556,0.3047880950801122,0.5548246055581175,,PSMD12
ENSG00000108349,8.47544339012799,-0.10399369636097332,0.10138331153882296,-1.0257476776259251,0.3050105345861872,0.5549960400144794,,CASC3
ENSG00000109133,7.872410428459851,0.11830585042036242,0.11541767978755603,1.0250236414223757,0.3053520327045708,0.5553726746656306,,TMEM33
ENSG00000173020,12.889799101719252,0.0801524602095709,0.07821547695028623,1.024764705590376,0.3054742236432172,0.5553726746656306,,GRK2
ENSG00000100991,8.436628782997076,0.102605646733908,0.10021162948010048,1.0238896150699046,0.30588741586643664,0.5555956956869952,,TRPC4AP
ENSG00000182149,16.282969115374282,0.0769787882912686,0.07519206337719912,1.0237621476764962,0.30594763315663187,0.5555956956869952,,IST1
ENSG00000010404,47.23344016242689,0.07564106552327314,0.07389065516507164,1.0236891979681475,0.30598209910379237,0.5555956956869952,,IDS
ENSG00000115350,29.712562170928773,-0.05655354984476627,0.055259975377936026,-1.0234088860514898,0.306114559711118,0.5556030620260098,,POLE4
ENSG00000005339,13.765527159490325,0.10040155217452475,0.0981816684974638,1.0226099608107422,0.3064922981077952,0.5560554188312075,,CREBBP
ENSG00000154832,9.514228355647358,0.09069676335919805,0.08872698928589565,1.022200393467149,0.3066860646061763,0.5561737642711336,,CXXC1
ENSG00000158050,157.26806818278052,0.10621838091852066,0.10395724198251687,1.0217506629926183,0.30689892576473465,0.5563266241240079,,DUSP2
ENSG00000108064,14.57344999056762,-0.08730415807773009,0.08559052405711462,-1.0200213053897411,0.30771835647794565,0.5571652527647807,,TFAM
ENSG00000183258,8.36534476572483,0.09662689829154765,0.0947349127634819,1.0199713650741342,0.3077420414555301,0.5571652527647807,,DDX41
ENSG00000058262,8.623570963471874,0.09727685448963803,0.09537328810952142,1.0199591145261833,0.3077478516542237,0.5571652527647807,,SEC61A1
ENSG00000082701,10.0698108074155,-0.09419323557631966,0.09241268080333145,-1.0192674290747772,0.308076022498152,0.5575261185066933,,GSK3B
ENSG00000120063,10.793322229061122,0.09838161437025322,0.09660411109944503,1.0183998719162004,0.30848796304837256,0.5579204289330982,,GNA13
ENSG00000181163,199.77746993785493,-0.03474363690745473,0.034120409756124424,-1.018265523649476,0.30855178794474325,0.5579204289330982,,NPM1
ENSG00000137409,18.494226426605966,0.06425653310844988,0.06312083741816457,1.0179924053092249,0.30868156532660784,0.5579219436792949,,MTCH1
ENSG00000010810,55.84119538866625,-0.06503947178773907,0.06393213950842606,-1.0173204320679283,0.3090010198334271,0.558233295673129,,FYN
ENSG00000109062,42.84337515964072,0.05935894619847095,0.0583769630793639,1.0168214149436317,0.30923839275860077,0.558233295673129,,NHERF1
ENSG00000198231,8.434129603437777,-0.09961883055230142,0.09800261153872458,-1.016491591277016,0.30939534971314964,0.558233295673129,,DDX42
ENSG00000168438,26.06547673901721,-0.0715789889991696,0.07044050060023666,-1.0161624120957642,0.3095520524456049,0.558233295673129,,CDC40
ENSG00000112237,13.028096349937483,-0.07896930271390633,0.07773759683106736,-1.0158444039055594,0.30970348711741313,0.558233295673129,,CCNC
ENSG00000253982,9.208861181291605,-0.09219912222215915,0.09077087555158855,-1.0157346358277537,0.3097557697492922,0.558233295673129,,CLN8-AS1
ENSG00000180098,9.044335874427391,-0.0873417555450371,0.08598895619959938,-1.0157322452234165,0.3097569084611007,0.558233295673129,,TRNAU1AP
ENSG00000198783,12.854546813538743,-0.0884915177614664,0.08720388178824683,-1.0147658102691606,0.3102174750057478,0.5588305638425773,,ZNF830
ENSG00000171202,16.298163774605985,0.0719519302997261,0.07092919000853189,1.0144191734188872,0.3103827791996874,0.5588731724579235,,TMEM126A
ENSG00000110367,49.52853250096611,-0.067985880681893,0.06703567684779078,-1.0141745989416908,0.3104994468659228,0.5588731724579235,,DDX6
ENSG00000108518,1172.2118947943336,-0.04201256181666939,0.041437460673921074,-1.0138787737809007,0.3106406009648701,0.5588947527546748,,PFN1
ENSG00000173163,16.662499678107864,0.0667517925990442,0.06599490870501244,1.011468822502883,0.3117920959365523,0.5606668713209018,,COMMD1
ENSG00000198574,35.6242562360786,-0.06781843814298022,0.06706229484133674,-1.0112752375001843,0.31188471441400756,0.5606668713209018,,SH2D1B
ENSG00000172663,19.944594566272844,0.06641573496453358,0.06578903542594995,1.0095258964434737,0.3127224884808346,0.5618115869800434,,TMEM134
ENSG00000087074,71.48894846549518,-0.11898656042450373,0.11790261650448003,-1.009193552714604,0.3128818180600117,0.5618115869800434,,PPP1R15A
ENSG00000004779,37.77475175690445,0.047387641104933126,0.04695878152339331,1.0091326812073727,0.3129110063836156,0.5618115869800434,,NDUFAB1
ENSG00000223482,12.82233068617994,-0.09338742458748328,0.09259438796519538,-1.0085646294523376,0.313183477707606,0.5620675686606433,,NUTM2A-AS1
ENSG00000162613,23.456376237245202,0.07255262145270097,0.07195636998135169,1.0082862917001485,0.3133170420069382,0.5620741462537403,,FUBP1
ENSG00000167664,38.99528951254769,0.09130303445281462,0.0906558797330056,1.0071385851829466,0.3138681811833737,0.5625079006996133,,TMIGD2
ENSG00000122257,26.929396891377756,-0.06507216167077452,0.06462187648818958,-1.0069679991831748,0.31395015255401415,0.5625079006996133,,RBBP6
ENSG00000145293,10.439605614602327,0.09329473812317,0.09267374695984144,1.0067008315051473,0.314078562435424,0.5625079006996133,,ENOPH1
ENSG00000205758,12.419511502954032,-0.07819775607576449,0.07767729648858557,-1.006700279369988,0.31407882784614416,0.5625079006996133,,CRYZL1
ENSG00000153989,7.499574813564695,-0.1133305995349705,0.11268293670174057,-1.0057476566744459,0.31453697215706855,0.5630953572708464,,NUS1
ENSG00000162783,11.309351768803854,0.13402254113297327,0.13349292232786902,1.003967392397055,0.3153943308955829,0.5643967203412685,,IER5
ENSG00000116478,32.85222676036373,-0.04750942442093461,0.047337243101252854,-1.0036373330680342,0.31555345293938786,0.5644480326038575,,HDAC1
ENSG00000225973,10.276158512772408,0.09343411587631031,0.09319415101702222,1.0025748918432045,0.31606601525378364,0.5651312595054222,,PIGBOS1
ENSG00000167618,75.25813970851792,-0.18356507776302583,0.18317571771311486,-1.0021256095227686,0.31628293058551415,0.5652855186466418,,LAIR2
ENSG00000174173,16.393789335652,-0.07618496550335428,0.07619826747480889,-0.999825429476346,0.31739499714911634,0.5668981866470777,,TRMT10C
ENSG00000103657,11.713346041891851,0.10016137170058385,0.10019268832857617,0.9996874359944348,0.3174617941803184,0.5668981866470777,,HERC1
ENSG00000184983,61.185230750778956,-0.04321319848540709,0.04323711535058482,-0.9994468441064165,0.3175782769661466,0.5668981866470777,,NDUFA6
ENSG00000138668,42.3430602788556,0.07109578650438138,0.07123260868477449,0.9980792198556339,0.31824094571462447,0.567846833858631,,HNRNPD
ENSG00000131652,8.62442413321729,0.09842183033988228,0.09865092319384598,0.997677742421999,0.318435649478222,0.5679600392795823,,THOC6
ENSG00000188921,18.650434057815243,0.07106140326888305,0.07124638557790011,0.9974036253556359,0.31856863233240273,0.5679631117026397,,HACD4
ENSG00000118507,10.508248641946832,0.09666578243913468,0.09699625437343419,0.9965929412796992,0.3189621335995938,0.5682876812659575,,AKAP7
ENSG00000168118,17.034876610131,-0.06642869962766519,0.06666285500674161,-0.9964874684852196,0.31901335285301846,0.5682876812659575,,RAB4A
ENSG00000088832,56.16555161689574,0.04571950186370943,0.04593004714893216,0.9954159575639012,0.31953400062259363,0.5689809138658282,,FKBP1A
ENSG00000180353,65.63895182139258,-0.03902943530923746,0.03924046891233164,-0.9946220417608754,0.3199201231147608,0.5690667375392443,,HCLS1
ENSG00000168273,9.79416251171056,-0.09342630253087267,0.09393421715514412,-0.994592868928342,0.31993431718850796,0.5690667375392443,,UQCC5
ENSG00000134954,90.07026780816558,0.09331321823125334,0.09385246584303349,0.9942543053404476,0.3200990757994384,0.5690667375392443,,ETS1
ENSG00000173200,10.299400214761391,0.09975500662434178,0.10033338475218502,0.9942354368959865,0.3201082595725724,0.5690667375392443,,PARP15
ENSG00000214046,20.386282017079786,0.06407122687420988,0.06446079276938045,0.9939565450805994,0.32024402372076866,0.5690742877370703,,SMIM7
ENSG00000134851,24.730525014780536,0.05947869645696029,0.0598935664805986,0.9930732122326911,0.3206742773286714,0.5696049252878329,,TMEM165
ENSG00000130638,16.03260791583042,0.06589369381161903,0.06642611136942195,0.9919848152055455,0.321204932810517,0.5698766809868893,,ATXN10
ENSG00000160953,9.429854229480055,-0.09535622610932094,0.0961348445947966,-0.9919007672113321,0.3212459348329122,0.5698766809868893,,PWWP3A
ENSG00000163848,16.108056751673946,-0.0789422824231529,0.07959175473555792,-0.9918399548475484,0.3212756037032932,0.5698766809868893,,ZNF148
ENSG00000151135,7.743605244805487,0.10566841625915062,0.10657303799912875,0.9915117204410977,0.32143577216880326,0.5698766809868893,,TMEM263
ENSG00000103363,206.66814542816186,0.026015973921810553,0.026241407105909987,0.9914092570116538,0.3214857819017788,0.5698766809868893,,ELOB
ENSG00000173473,17.048209948868017,-0.08404723615729585,0.08481409720435852,-0.9909583303679468,0.3217059278361537,0.5699236507989162,,SMARCC1
ENSG00000101040,12.147987620000482,0.09655129830046323,0.0974598047642541,0.9906781419684919,0.32184276758036223,0.5699236507989162,,ZMYND8
ENSG00000198961,22.137117463509366,0.07856694613491108,0.07932088743731568,0.9904950470580601,0.3219322088675871,0.5699236507989162,,PJA2
ENSG00000253729,19.55442313838368,0.08260702248155816,0.08341816337365668,0.990276207731101,0.3220391324713081,0.5699236507989162,,PRKDC
ENSG00000101166,14.389290325609798,-0.07465454713816706,0.07541119748502603,-0.9899663395875763,0.3221905718558006,0.5699585463696031,,PRELID3B
ENSG00000107020,16.186831294960587,-0.07209291133044579,0.07285712964631844,-0.9895107270958586,0.32241332409400447,0.5701145850910825,,PLGRKT
ENSG00000167766,9.562475442556591,-0.10359748487959926,0.10472357437057139,-0.989247029642176,0.3225422935759117,0.5701145850910825,,ZNF83
ENSG00000239306,8.831088767663012,-0.09262081937079171,0.09376844418228314,-0.9877610765380677,0.32326967440736853,0.5710078284375615,,RBM14
ENSG00000106244,38.14660178156736,-0.046630321312042596,0.04722202524619914,-0.987469746774485,0.32341240692610707,0.5710078284375615,,PDAP1
ENSG00000074966,68.30297530073771,0.054526722370059545,0.05522217848674431,0.9874062172890968,0.32344353767054845,0.5710078284375615,,TXK
ENSG00000163399,16.173764207354115,-0.085133816411165,0.08628899391613991,-0.9866126900714874,0.32383254673914497,0.5714614313785809,,ATP1A1
ENSG00000163171,14.248281142206313,-0.09408698621779803,0.09541317462267657,-0.9861005735306144,0.3240837622456838,0.5716716018088357,,CDC42EP3
ENSG00000185298,9.703909019106328,0.09091326860039971,0.09229086390301608,0.9850733296411223,0.3245880527431366,0.5723278338302983,,CCDC137
ENSG00000151500,16.893058478987317,0.06675622264185786,0.06788164262000128,0.9834208493680172,0.3254003530527779,0.5735264063785621,,THYN1
ENSG00000114353,37.46982261498947,0.0624446266478512,0.06351706379645683,0.9831157631586639,0.32555046701540236,0.5735573578076735,,GNAI2
ENSG00000172336,14.584615871710344,-0.07350492133610072,0.07487483797716175,-0.981703911780365,0.32624573770865706,0.574475764387175,,POP7
ENSG00000176476,8.517092895423358,0.08893128418464849,0.0906160813388095,0.9814073050912274,0.3263919251909424,0.574475764387175,,SGF29
ENSG00000101940,9.924575515685389,-0.08412628950292314,0.08573390042946558,-0.9812488301769843,0.3264700496020484,0.574475764387175,,WDR13
ENSG00000070814,9.615479302844069,0.10247637256212275,0.10484556715085167,0.97740300660189,0.3283696751158114,0.5774996700733269,,TCOF1
ENSG00000090013,9.885573164271038,0.08364544153432472,0.08560577364223798,0.9771004685255711,0.32851941584246747,0.5774996700733269,,BLVRB
ENSG00000150347,25.405059697860576,-0.09257255790610606,0.09475571982792984,-0.976960104088827,0.3285889040260067,0.5774996700733269,,ARID5B
ENSG00000065243,13.478924671459867,-0.09318772397687307,0.09543109366320762,-0.9764922563472679,0.3288205834298048,0.5775923609526628,,PKN2
ENSG00000114784,29.623615752140054,-0.06105383405243131,0.06253500417767575,-0.9763145434349678,0.3289086150652556,0.5775923609526628,,EIF1B
ENSG00000101220,9.850167242735937,-0.08334050651352758,0.08541958922777787,-0.9756603522324807,0.32923280597329607,0.5779271202622523,,ADISSP
ENSG00000100503,13.541805338195699,0.100423643968047,0.10307973780195974,0.9742326291223623,0.3299410470481424,0.5789354868521136,,NIN
ENSG00000167863,54.48581239795119,0.04040227336432715,0.04154985554385565,0.9723805976096056,0.3308612407456071,0.5803147907200008,,ATP5PD
ENSG00000204386,8.691761201186905,0.10826874704988898,0.11142995380707708,0.9716305477191418,0.3312343797269395,0.5807338578113724,,NEU1
ENSG00000214113,11.578396612368481,-0.08808981693908453,0.09069926560165756,-0.9712296605130908,0.33143392687298845,0.580848360299482,,LYRM4
ENSG00000168291,20.715490248624015,0.061545831185364656,0.0634896578848512,0.9693835694781662,0.33235384705172477,0.582224735300734,,PDHB
ENSG00000185658,19.495178216923875,-0.07329847096775374,0.07564016476847327,-0.9690416618222977,0.3325244028982022,0.5822877747229951,,BRWD1
ENSG00000119138,9.032399399935615,-0.1044474783404559,0.10786723531762396,-0.9682966104851181,0.33289625709123705,0.5823203986233847,,KLF9
ENSG00000121774,35.25401784047471,-0.05451273728896656,0.056300290780976,-0.9682496579109416,0.33291970005151217,0.5823203986233847,,KHDRBS1
ENSG00000196323,20.721527902432424,0.07706966452148002,0.07960134985436941,0.9681954472189089,0.3329467682445698,0.5823203986233847,,ZBTB44
ENSG00000126456,24.902842402617182,0.06882293092338121,0.07112972357905763,0.9675692166424277,0.3332595573498538,0.5824719171537188,,IRF3
ENSG00000125652,21.772399898883386,-0.05658807476429377,0.05852774917584153,-0.9668588927669133,0.33361457878236056,0.5824719171537188,,ALKBH7
ENSG00000112851,26.198713239284526,0.06548290600338354,0.06772836504050762,0.9668461059737513,0.3336209718845332,0.5824719171537188,,ERBIN
ENSG00000171681,18.431193247907263,-0.1007655239113936,0.10425077516749902,-0.9665685818594087,0.3337597470252681,0.5824719171537188,,ATF7IP
ENSG00000174851,11.17970429182476,0.08047940402881061,0.08329537017180662,0.966193005239214,0.3339476123271603,0.5824719171537188,,YIF1A
ENSG00000163041,425.42412462688714,-0.02694805692022611,0.027896182448406703,-0.9660123556356097,0.3340379984471803,0.5824719171537188,,H3-3A
ENSG00000060491,12.147754816681875,0.07978540437041166,0.08260966094217431,0.9658120304628827,0.3341382474756235,0.5824719171537188,,OGFR
ENSG00000118482,23.83239514038435,-0.08167579045171106,0.08458046723319486,-0.9656578300344997,0.3342154274410972,0.5824719171537188,,PHF3
ENSG00000090470,9.35949737459517,0.1107727116843564,0.11471917624666551,0.9655989112594083,0.3342449203357254,0.5824719171537188,,PDCD7
ENSG00000110801,18.31483784809469,-0.07599806606914933,0.07875156150780646,-0.965035671852879,0.33452694504288505,0.5827287001612574,,PSMD9
ENSG00000125753,41.55701082128619,0.054170767537485114,0.0562559408158428,0.9629341675187049,0.33558056162465866,0.5843288089134399,,VASP
ENSG00000205302,12.453178762154826,0.07418362101029312,0.07708477347268992,0.9623641306616195,0.33586672502413983,0.5845918419869078,,SNX2
ENSG00000175756,49.845953859274054,0.03950394244759673,0.04106791190685523,0.9619174828560632,0.3360910557814154,0.5847470841842318,,AURKAIP1
ENSG00000168214,14.79190801002772,0.07301106105368495,0.07597527530360787,0.9609844882025435,0.336559967311875,0.5852350495219257,,RBPJ
ENSG00000109519,14.148014793010399,-0.07743662993319612,0.08059667270864442,-0.9607918953816891,0.3366568144473452,0.5852350495219257,,GRPEL1
ENSG00000171311,16.947599366036172,0.06300713958187668,0.06560255444437497,0.9604372896073892,0.3368351782191683,0.5852350495219257,,EXOSC1
ENSG00000129317,13.120952349500183,-0.07846358251382882,0.08170876475939738,-0.9602835478528596,0.33691252793138826,0.5852350495219257,,PUS7L
ENSG00000084234,30.334920536796307,-0.06962466924100467,0.07256718524549319,-0.9594511486902236,0.33733151835759023,0.5857277206794915,,APLP2
ENSG00000082212,8.911586529681179,0.1001871659156602,0.10452092181918396,0.9585369529076585,0.33779206705654974,0.5859959082073689,,ME2
ENSG00000088992,11.88640939435639,-0.09182871177026797,0.09581012273919721,-0.9584447774921763,0.3378385251053774,0.5859959082073689,,TESC
ENSG00000064393,17.768887219284455,0.08714807721738813,0.09093666388235093,0.9583381828272887,0.3378922558302254,0.5859959082073689,,HIPK2
ENSG00000126883,7.9320130167935305,-0.09015354497150838,0.0942273330391436,-0.9567663868195982,0.3386851816299513,0.5871357295323715,,NUP214
ENSG00000175463,71.50484430032947,-0.04635031906329541,0.048505762529606006,-0.9555631464406936,0.3392929881598582,0.587953848525313,,TBC1D10C
ENSG00000148334,10.586097421162036,0.07952087243810496,0.08331357558632124,0.9544767689836255,0.3398423630616547,0.5886700980655645,,PTGES2
ENSG00000125901,16.606725318683832,0.06541524452319296,0.06860462531844587,0.9535107030983904,0.34033137585711626,0.5892812578366314,,MRPS26
ENSG00000186088,25.791241253436983,-0.09556004985827617,0.10033921977078657,-0.9523698716869847,0.34090943352234415,0.5900376333009176,,GSAP
ENSG00000108312,15.670353660069795,0.08683555462685774,0.09123137008171976,0.9518168427052615,0.3411898786756854,0.5900376333009176,,UBTF
ENSG00000163320,22.34128012314801,-0.06525842500469745,0.06857180451265273,-0.951680147088095,0.3412592208106815,0.5900376333009176,,CGGBP1
ENSG00000143443,95.44508548973235,0.09700454362324089,0.10196079735575646,0.9513905946103731,0.341406133052903,0.5900376333009176,,C1orf56
ENSG00000134759,10.39571948122561,-0.08550365260423959,0.08988046133778874,-0.9513041136148576,0.34145001936341524,0.5900376333009176,,ELP2
ENSG00000100575,11.053415294428834,-0.08066654368215755,0.08501900694036049,-0.9488059974488278,0.3427192910133885,0.5919945597664399,,TIMM9
ENSG00000092148,20.882011594005903,-0.07670587947828524,0.08091144792560856,-0.9480225783230329,0.3431179600732479,0.5924466932310231,,HECTD1
ENSG00000007520,10.441900458120209,-0.08388659646333593,0.08854145831063825,-0.9474273189518605,0.3434210757745835,0.5927335440273724,,TSR3
ENSG00000158711,9.629134738600905,0.10430102794986609,0.11023845049579353,0.9461401850332248,0.34407708979463936,0.5936290141712139,,ELK4
ENSG00000117335,15.949674585405676,0.07728905481894838,0.08175072280983833,0.9454235040677461,0.3444427073222387,0.5940229551946301,,CD46
ENSG00000130204,10.087598750890782,-0.08042041861908866,0.08519230977730113,-0.943986832019386,0.3451763773332339,0.5950510696099216,,TOMM40
ENSG00000168036,23.871720789122552,0.07905099190252315,0.08376982029135227,0.9436691117109123,0.34533876305266475,0.5950939178529989,,CTNNB1
ENSG00000141959,9.522363534282258,0.08584814882881583,0.09103593168264212,0.9430138983812317,0.34567379400567144,0.5954341188943234,,PFKL
ENSG00000126522,11.762946587973483,0.07435710099095003,0.07908102405644869,0.9402647712031814,0.34708176515185374,0.5973947605894789,,ASL
ENSG00000213246,46.7767399157757,0.049029255971802854,0.05214504054683058,0.9402477293649912,0.347090504530813,0.5973947605894789,,SUPT4H1
ENSG00000148180,21.104842824552367,-0.08035058377885348,0.0854808783302936,-0.9399831324659894,0.3472262128224034,0.5973947605894789,,GSN
ENSG00000109332,114.30919520420798,0.029725089501471763,0.031705376077249756,0.9375409845020274,0.34848035207375794,0.599148361469622,,UBE2D3
ENSG00000239569,22.83308109378083,0.09753263454397687,0.10403933772236784,0.9374592022514184,0.34852240023550696,0.599148361469622,,KMT2E-AS1
ENSG00000136450,16.23820982038405,0.06834691038059926,0.07295998737279287,0.9367725083527927,0.3488755895491168,0.5995173455039827,,SRSF1
ENSG00000132507,81.83511073802643,0.10051384778112876,0.10742542348115756,0.9356616387810555,0.34944742759925274,0.6002616193814874,,EIF5A
ENSG00000083642,13.271601917082455,-0.08140261771005615,0.08706977355239498,-0.9349124775324175,0.34983340620771053,0.6005718170654264,,PDS5B
ENSG00000204569,20.2616769830344,0.0968280792272032,0.10358465750438015,0.9347724031728227,0.3499056045347677,0.6005718170654264,,PPP1R10
ENSG00000163812,7.879915097229655,0.09188826689792129,0.09839304621908704,0.9338898471881654,0.35036071653498924,0.601114520399246,,ZDHHC3
ENSG00000091039,37.39975357165367,0.059143851519543926,0.0634176390147712,0.9326088520225134,0.3510219612510236,0.6020103156294805,,OSBPL8
ENSG00000096384,135.97816265735682,0.04558457511676393,0.04890728231669637,0.9320610951470083,0.35130495248587335,0.6022149034902639,,HSP90AB1
ENSG00000100226,9.172144595475785,0.10385966021753029,0.11145662712451548,0.93183925350174,0.3514196051104498,0.6022149034902639,,GTPBP1
ENSG00000125772,11.980805294394088,-0.08627774922450462,0.09265646882538424,-0.9311573203496387,0.3517721915289642,0.6025804721875804,,GPCPD1
ENSG00000109920,28.55733211471825,-0.06899733373176345,0.07414274678727739,-0.9306012620455428,0.35205986143709567,0.6028345945541405,,FNBP4
ENSG00000110080,7.797801483590406,-0.09458948296540881,0.10171241617495513,-0.9299698750908229,0.35238668221492264,0.603042918548762,,ST3GAL4
ENSG00000158864,21.079717255850746,-0.0645888761790146,0.0694632676975527,-0.9298277826525306,0.3524602590732191,0.603042918548762,,NDUFS2
ENSG00000108528,20.85354930818476,-0.057056058588729294,0.06138843095205359,-0.9294268920685067,0.35266789655551234,0.6031043186493147,,SLC25A11
ENSG00000174547,21.409415659338478,-0.055466529994031816,0.059702101026382945,-0.9290549082941086,0.3528606312411604,0.6031043186493147,,MRPL11
ENSG00000140829,7.781231806104724,0.0988004281551204,0.10638298561400758,0.9287239645031284,0.3530321580200233,0.6031043186493147,,DHX38
ENSG00000084070,27.35611192084414,0.09521547265347552,0.10253653066031754,0.9286004903842985,0.35309616764426965,0.6031043186493147,,SMAP2
ENSG00000086589,18.016669580150875,0.06575663035611237,0.0708587020088376,0.9279965408893759,0.3534093639456599,0.6031043186493147,,RBM22
ENSG00000170962,10.43503284563795,-0.07995421494642209,0.08618541636689954,-0.9277000485331459,0.3535631832947447,0.6031043186493147,,PDGFD
ENSG00000117906,26.875835280741303,0.05750067016352014,0.0620024419631952,0.9273936371353353,0.35372219307482666,0.6031043186493147,,RCN2
ENSG00000262246,10.24610947346198,-0.08609229865442074,0.09283361733857938,-0.9273827857038905,0.353727825168222,0.6031043186493147,,CORO7
ENSG00000077684,12.478499027973944,-0.08536563060213873,0.09209363000084932,-0.9269439221947431,0.35395565093485915,0.6031043186493147,,JADE1
ENSG00000162702,9.596036416518256,0.09169980532287134,0.09894047668249312,0.9268179050434778,0.3540210869339664,0.6031043186493147,,ZNF281
ENSG00000187446,12.697939043931905,-0.09283507629678235,0.10016710769375067,-0.9268020055107795,0.3540293435103442,0.6031043186493147,,CHP1
ENSG00000163755,8.537642369361448,0.10177508973114409,0.11005938613586809,0.9247288514357417,0.35510696788239937,0.6044437891396445,,HPS3
ENSG00000165898,10.244072144702912,-0.08036785161681426,0.08694458608307432,-0.9243571708999099,0.3553003858470807,0.6044437891396445,,ISCA2
ENSG00000186654,14.26472270543648,0.07803693262797574,0.0844335871123404,0.9242404035747789,0.3553611638423707,0.6044437891396445,,PRR5
ENSG00000172845,12.609503276925286,-0.08310874582648152,0.08992360742435473,-0.924214988776935,0.3553743932450325,0.6044437891396445,,SP3
ENSG00000136381,13.458704859676198,-0.07882993267816744,0.0853325684685591,-0.9237965538001173,0.3555922497952041,0.6044734740367148,,IREB2
ENSG00000214753,9.500939971876212,0.08352373495382168,0.09045285942889356,0.9233951859695605,0.3558012995470986,0.6044734740367148,,HNRNPUL2
ENSG00000003056,38.37068109177025,-0.048989408530875495,0.053054630469251414,-0.9233766798030574,0.3558109402291455,0.6044734740367148,,M6PR
ENSG00000164308,14.899402670113654,-0.13608046267008997,0.1474736895758755,-0.9227440030926758,0.3561406286448173,0.6046966551424164,,ERAP2
ENSG00000159352,45.174798157789624,0.038574903998451024,0.041811613289295314,0.9225882706689779,0.35622181048255597,0.6046966551424164,,PSMD4
ENSG00000172766,9.30175071272977,-0.09899974004366847,0.10733966091956713,-0.9223034542456026,0.3563703127617883,0.6047115071844149,,NAA16
ENSG00000125835,91.74983137818867,-0.032246965552948065,0.035007757543230246,-0.9211377082101604,0.35697853525555834,0.6055061238929051,,SNRPB
ENSG00000272501,10.387919802552313,-0.15446548950573785,0.16786894971088687,-0.9201552149564693,0.357491653936285,0.6061388662156368,,ENSG00000272501
ENSG00000143119,145.2108673040612,0.043136958578972484,0.04689587916176788,0.9198453968667705,0.3576535563360552,0.6061758473427775,,CD53
ENSG00000177917,9.966528854177595,0.09442983588187151,0.10271404096495779,0.9193469071486289,0.3579141501868195,0.6063274871408196,,ARL6IP6
ENSG00000178761,8.309088534021141,-0.08314021018572264,0.09045452381102977,-0.919138221980057,0.35802327932627553,0.6063274871408196,,FAM219B
ENSG00000171443,8.186706153325366,0.08205160776937455,0.08937703226969394,0.9180390720715024,0.35859841066959663,0.6068955974944544,,ZNF524
ENSG00000100027,19.39590610498624,0.0742109637977566,0.08084325894783741,0.9179610614861511,0.3586392518588676,0.6068955974944544,,YPEL1
ENSG00000106554,10.426548918192672,0.07478871025772332,0.08150723462632471,0.9175714352302234,0.3588432782113944,0.6070034655280311,,CHCHD3
ENSG00000118503,46.99094649307619,0.11797152230957272,0.128631123602165,0.917130465830644,0.35907427821986304,0.6071568588735238,,TNFAIP3
ENSG00000124783,26.214777931035133,0.05767609589918189,0.06291221243372074,0.9167710634869948,0.3592626187753436,0.6072380279066062,,SSR1
ENSG00000139637,11.148980860543618,0.07141857217686874,0.07795212325674522,0.9161850786493987,0.35956983030516,0.607519974904501,,MYG1
ENSG00000103024,30.95524386350997,-0.052145604911267435,0.05694230038742095,-0.9157621760357764,0.35979164597653623,0.6076574754646652,,NME3
ENSG00000102908,13.009052487582847,0.08928654107330268,0.09759510439300868,0.9148670071989677,0.3602614523253922,0.6077459930312324,,NFAT5
ENSG00000067248,15.231518880944456,-0.07321982211713639,0.08003444431651731,-0.9148538825055036,0.36026834334655666,0.6077459930312324,,DHX29
ENSG00000012983,8.057277554006063,0.10003732256995748,0.1094007692880377,0.9144115093612596,0.36050065641744267,0.6077459930312324,,MAP4K5
ENSG00000213614,25.270557229954026,-0.05436622767048956,0.059463045500137895,-0.9142859605191848,0.36056660574648924,0.6077459930312324,,HEXA
ENSG00000140374,25.365624843093503,0.05208231612254548,0.056970923990129964,0.914191178144988,0.3606163988271712,0.6077459930312324,,ETFA
ENSG00000137312,23.604198603058595,0.05977911676002257,0.06539975379923203,0.9140572140919059,0.3606867830146071,0.6077459930312324,,FLOT1
ENSG00000185122,10.612739903090617,-0.07520687910229983,0.08231341136754723,-0.9136649526829206,0.36089292518610117,0.607856631872425,,HSF1
ENSG00000164323,23.0789375554549,0.06272684131544812,0.06868563243188217,0.9132454502425439,0.36111346489995244,0.6079914251447838,,CFAP97
ENSG00000120437,7.882853126667503,-0.0903089165454817,0.09895729125715046,-0.9126049773412341,0.36145033561885376,0.6083218989586854,,ACAT2
ENSG00000060971,20.411730989297183,0.05302737079686502,0.0581303700663969,0.9122145745209741,0.36165577313401487,0.608430999358819,,ACAA1
ENSG00000198918,1585.1365066567362,-0.04189269182855986,0.045992600057348905,-0.9108572199945904,0.362370608795043,0.609396667025321,,RPL39
ENSG00000031698,23.034282237663138,0.06625048387641948,0.07280239139920447,0.910004226552693,0.362820280805072,0.6099158333502511,,SARS1
ENSG00000140968,11.059539310272559,0.0935953661241175,0.1029505907642586,0.9091289853638319,0.36328204410837983,0.6104549145075571,,IRF8
ENSG00000143612,16.52189148052241,0.0610703773791816,0.06719913529800926,0.9087970716937301,0.36345725260223427,0.6105122406870604,,C1orf43
ENSG00000187257,29.9973214108759,0.06018463966998368,0.06629801007861573,0.907789533933479,0.3639894290218886,0.6109349886031211,,RSBN1L
ENSG00000160408,10.829319627169674,0.07577461240052849,0.08347189163244176,0.9077859734411279,0.3639913105197241,0.6109349886031211,,ST6GALNAC6
ENSG00000149100,43.20898825903615,0.04120164936273167,0.045433262862915616,0.9068608936815333,0.36448036343503576,0.6115186244991857,,EIF3M
ENSG00000154640,9.219787428471028,0.11176315689771239,0.12341887658739237,0.905559667921409,0.365168964494745,0.6124071724964479,,BTG3
ENSG00000170430,23.288129303958264,0.060406375648772645,0.06672338540105671,0.9053254010671944,0.3652930233911098,0.6124071724964479,,MGMT
ENSG00000174231,14.517334562598887,0.08137794986823481,0.08992674218286131,0.9049360389677747,0.3654992730958271,0.6124770097402363,,PRPF8
ENSG00000143198,33.071902827479626,0.05906380461999938,0.06528462008720926,0.9047123892442063,0.3656177758629606,0.6124770097402363,,MGST3
ENSG00000007312,20.647104435401435,0.07840980737836846,0.08673707836433077,0.9039941032947362,0.36599852814850486,0.6128775662920203,,CD79B
ENSG00000069702,24.085337844904505,0.0755367300989456,0.08365219908758018,0.9029855870239821,0.36653354443062336,0.6135360335594999,,TGFBR3
ENSG00000036257,10.922425988192199,0.0950015969177351,0.10526692689207114,0.9024828568914058,0.36680042402999935,0.6136451873631471,,CUL3
ENSG00000164985,39.89236299215829,0.04893290200369637,0.054229587038683934,0.9023285013915144,0.36688238957902974,0.6136451873631471,,PSIP1
ENSG00000047249,18.365909549685444,0.06498773121203232,0.07205475687701819,0.9019214556917075,0.3670985929228239,0.6137695562507955,,ATP6V1H
ENSG00000213337,10.336789966372042,0.07369243123385241,0.08179659072329803,0.9009230162555257,0.3676292527090679,0.6141961311885807,,ANKRD39
ENSG00000142634,106.70239460132353,0.043735084128682475,0.04857568025767295,0.9003493908204021,0.3679343444405878,0.6141961311885807,,EFHD2
ENSG00000112697,11.980813145425541,-0.08154314471130042,0.09057018958393909,-0.9003309486917598,0.3679441557926041,0.6141961311885807,,TMEM30A
ENSG00000121691,12.882808992880303,-0.07579322426518244,0.08419493904741464,-0.9002111661664041,0.3680078849679046,0.6141961311885807,,CAT
ENSG00000136819,69.97978433356447,-0.0411313881409725,0.04569612330377212,-0.9001067304450572,0.368063454627222,0.6141961311885807,,C9orf78
ENSG00000205336,35.881108826669916,0.0674684863119831,0.07507307282493166,0.8987042060915471,0.368810236049649,0.6150248537463716,,ADGRG1
ENSG00000240972,97.93798419130874,-0.0620030565094294,0.06900200179063541,-0.8985689530799109,0.3688823020219024,0.6150248537463716,,MIF
ENSG00000145703,38.354406886347164,0.06251171369222396,0.0695951499186348,0.8982193984107766,0.369068593506638,0.6150248537463716,,IQGAP2
ENSG00000213676,35.274322897428746,0.04264856210374359,0.0474873670620395,0.8981033218376945,0.369130468234268,0.6150248537463716,,ATF6B
ENSG00000213339,8.093505939589697,-0.082014204565474,0.09134610594896872,-0.8978401839186437,0.36927075803861187,0.6150248537463716,,QTRT1
ENSG00000108671,13.810270811447449,0.06898778475546276,0.07687239698365425,0.8974324655198662,0.3694881952003668,0.6151502195582867,,PSMD11
ENSG00000175066,8.98441076225816,-0.09811435099019851,0.10941142258827734,-0.8967468722110443,0.36985400309376626,0.6155224120718179,,GK5
ENSG00000100450,303.58247856573263,0.07668955613557772,0.08563234298322722,0.8955676496040623,0.370483720029789,0.6156536928126717,,GZMH
ENSG00000174953,34.40113887477213,0.058740571648832375,0.06559201745996458,0.8955445178170631,0.37049607929535466,0.6156536928126717,,DHX36
ENSG00000163635,11.996479480997644,0.09613761025277588,0.10736288538014871,0.8954454783175159,0.37054899878828473,0.6156536928126717,,ATXN7
ENSG00000271614,18.987840703763656,0.08694058038505309,0.09712889307330806,0.8951052321726211,0.3707308372967034,0.6156536928126717,,ATP2B1-AS1
ENSG00000188186,120.69512274580599,-0.029494803160141653,0.03295211596825693,-0.8950807040298797,0.37074394806733757,0.6156536928126717,,LAMTOR4
ENSG00000135362,10.108207193575687,0.09503579350600569,0.1062092276762442,0.8947978964285637,0.3708951350374573,0.6156536928126717,,PRR5L
ENSG00000149136,13.326243823922928,0.06840450435788228,0.0764634580100015,0.8946038557258934,0.3709988899764629,0.6156536928126717,,SSRP1
ENSG00000172262,15.335145638633072,-0.07530585859578887,0.08419059746902023,-0.8944687513768897,0.37107114186629253,0.6156536928126717,,ZNF131
ENSG00000187118,467.7079564283841,-0.06759415761602866,0.0756420230219129,-0.8936058941264325,0.37153279164112274,0.6160110531261686,,CMC1
ENSG00000110442,11.035664712520306,-0.07754093979680608,0.08678006428972516,-0.8935340211079678,0.3715712615343887,0.6160110531261686,,COMMD9
ENSG00000138107,11.49574553494226,-0.06919736685548775,0.07748891546855567,-0.8929969717225871,0.3718587943735808,0.6161997331833065,,ACTR1A
ENSG00000154930,10.009581845240936,0.08630486493050478,0.09669574579221728,0.8925404548402704,0.3721033190767603,0.6161997331833065,,ACSS1
ENSG00000177337,8.054081422326579,-0.08589916626155723,0.0962430087728038,-0.8925236997144929,0.37211229554147907,0.6161997331833065,,DLGAP1-AS1
ENSG00000141030,11.581511896471843,-0.07091947211981212,0.07952641305006339,-0.8917725495197043,0.3725148579468568,0.616630371207364,,COPS3
ENSG00000178035,9.627818301128345,0.07843762669133217,0.08800414795459272,0.8912946550178911,0.3727711153868226,0.6168185913111975,,IMPDH2
ENSG00000183741,17.38823662175167,-0.08329022918413603,0.09355901491978014,-0.8902426907289606,0.3733355861954727,0.6172727242277215,,CBX6
ENSG00000126264,612.0270961144732,0.02703100268601805,0.030373948045922004,0.889940374071563,0.3734979033525434,0.6172727242277215,,HCST
ENSG00000149091,29.837896668214828,-0.051154193649470506,0.05748318989031274,-0.889898311960088,0.37352049042662394,0.6172727242277215,,DGKZ
ENSG00000055044,22.569133559309638,0.07186732236319425,0.08077520274360844,0.889720111149841,0.3736161924549116,0.6172727242277215,,NOP58
ENSG00000204237,16.87076221061352,-0.06425057270448357,0.07225692116444506,-0.8891961028654911,0.3738976969109086,0.6175020360814891,,OXLD1
ENSG00000188690,18.263156988824022,-0.058350729051816305,0.06566276010068693,-0.8886426486236887,0.374195162602063,0.6177575233037491,,UROS
ENSG00000149313,8.799335016141448,0.08362903757349674,0.09414747742300895,0.8882769869419614,0.37439177549032443,0.617846381596733,,AASDHPPT
ENSG00000163170,15.958143750724098,-0.058109025265680826,0.0654380528171754,-0.8880005251383193,0.3745404688342605,0.6178561222439364,,BOLA3
ENSG00000167815,42.03812055475487,-0.06154223195359216,0.06933963588136383,-0.8875476655067446,0.3747841155858146,0.6180224345045044,,PRDX2
ENSG00000128731,13.333896902488576,0.08446060042268873,0.09520112369800146,0.8871807090283514,0.3749816167145179,0.6181125544852263,,HERC2
ENSG00000147684,79.53812224338434,0.03177333482785529,0.0358459239811176,0.8863862693173259,0.37540941563087593,0.6184333860631883,,NDUFB9
ENSG00000240857,8.707764052635117,-0.07804740985164317,0.08806095571161286,-0.8862884716722512,0.3754620996505652,0.6184333860631883,,RDH14
ENSG00000111726,8.124043286537743,0.08187176590339429,0.09242805363924184,0.8857891373862524,0.3757311643978428,0.6186410762364787,,CMAS
ENSG00000204287,77.32302298564065,0.052752612928230636,0.05957621926546782,0.8854642603816193,0.3759062872929019,0.6186763805898389,,HLA-DRA
ENSG00000125844,28.82754917021157,0.07647156783627403,0.08641015233805921,0.8849836016617256,0.3761654757517585,0.6186763805898389,,RRBP1
ENSG00000131508,76.54945190231005,0.03291502069790145,0.03719405530551072,0.8849538031693124,0.37618154780029256,0.6186763805898389,,UBE2D2
ENSG00000144580,9.696362839464978,-0.09025000327479357,0.1021752428564445,-0.8832864082505212,0.377081545493295,0.6199209146464618,,CNOT9
ENSG00000148719,8.21793033242127,0.090490578296758,0.10251750190342897,0.8826841916417327,0.3774069256852167,0.6201789009209927,,DNAJB12
ENSG00000034152,19.852686675681348,-0.06688070118692087,0.07578845970571448,-0.8824655026189698,0.3775251271148359,0.6201789009209927,,MAP2K3
ENSG00000140395,12.983554668245528,-0.06519251428186044,0.07394600420982751,-0.8816232192461899,0.37798059445740095,0.6206765663755636,,SKIC8
ENSG00000104763,29.625844222138177,-0.04513059547671284,0.05122945562736253,-0.8809501276958291,0.37834481402604514,0.6206765663755636,,ASAH1
ENSG00000205045,15.59495737261394,0.08238132603250561,0.09351668306210961,0.8809265185099818,0.3783575932196649,0.6206765663755636,,SLFN12L
ENSG00000130066,130.58262691066213,-0.03545664541026338,0.04025300105070657,-0.8808447689552082,0.378401844718913,0.6206765663755636,,SAT1
ENSG00000127314,196.73271057969023,0.03750150799863673,0.04260688039203883,0.8801749307523569,0.3787645519707953,0.6210360804765559,,RAP1B
ENSG00000221978,12.673707033256195,0.06959248404357016,0.07917347797038038,0.8789873304492879,0.379408145363867,0.6218556988596411,,CCNL2
ENSG00000100023,11.921748130673812,-0.0900656218826367,0.1025297756523045,-0.8784338140762561,0.37970834083777416,0.622112075276429,,PPIL2
ENSG00000055163,27.505804269136213,0.05470472049548968,0.06243252755254505,0.8762214608314325,0.3809096518544671,0.623810646865931,,CYFIP2
ENSG00000152082,68.40121575012105,-0.03616119648447435,0.04128019681217162,-0.8759938003447717,0.38103340412910924,0.623810646865931,,MZT2B
ENSG00000075711,10.779924545716328,0.08749890556890236,0.09993290365119986,0.8755765355753454,0.381260286064652,0.6239460127843227,,DLG1
ENSG00000070366,8.339274846415043,-0.11235423927021039,0.12852313739884774,-0.8741946512054077,0.38201225841875697,0.6247562680751523,,SMG6
ENSG00000126698,77.93818681595216,0.037937143933222006,0.043399586884948146,0.8741360611056732,0.3820441611571188,0.6247562680751523,,DNAJC8
ENSG00000148730,19.855411977841715,-0.05882158680153452,0.06733952259500402,-0.8735076302114824,0.38238644912801256,0.6250797753596186,,EIF4EBP2
ENSG00000089048,17.53123936578148,0.060516615322783636,0.06949359928778728,0.8708228663214275,0.38385087790448924,0.6270883469716648,,ESF1
ENSG00000166925,40.84506296262423,-0.04659782109333557,0.053516195627739814,-0.8707237229169157,0.3839050222158401,0.6270883469716648,,TSC22D4
ENSG00000179820,12.726777814861688,0.15140537641813528,0.17413851613027898,0.8694536957284266,0.38459902435125237,0.6276400921613583,,MYADM
ENSG00000188820,12.285582820952964,-0.10960477860333714,0.12607028571259327,-0.869394227067962,0.38463153959747576,0.6276400921613583,,CALHM6
ENSG00000076928,48.394565452949365,-0.05113956077242912,0.058827805801477305,-0.8693093355378025,0.3846779580337236,0.6276400921613583,,ARHGEF1
ENSG00000102103,20.59667136943623,-0.051603869846861876,0.059555194080445524,-0.8664881484082948,0.3862225228782422,0.6299108634329617,,PQBP1
ENSG00000101191,11.43868945884785,-0.0801050901582658,0.0924749230906916,-0.866235812704656,0.38636085776544493,0.6299108634329617,,DIDO1
ENSG00000141741,46.862280554187834,0.03887599230396163,0.04491633210875687,0.8655201900687342,0.38675333921294697,0.630204830993741,,MIEN1
ENSG00000131828,10.278008831805428,0.07207453998858135,0.08328696519258301,0.8653759903716582,0.38683245461506266,0.630204830993741,,PDHA1
ENSG00000179010,27.20074248950583,-0.05783815102249594,0.0668869342142037,-0.864715234776208,0.3871951055314189,0.6305582317028414,,MRFAP1
ENSG00000085449,7.815604174273696,0.09364579774712359,0.10838824437813865,0.8639848194276266,0.3875962298898711,0.6309739980186125,,WDFY1
ENSG00000128789,22.463171884728624,-0.052928788469209606,0.06134131261313561,-0.8628571221326531,0.3882160279949278,0.631745300163239,,PSMG2
ENSG00000142327,13.431191723078436,0.07893657035752594,0.09153876039164155,0.8623294658984009,0.3885062424207426,0.6319798913362983,,RNPEPL1
ENSG00000089820,20.052876691889633,-0.06050673304276848,0.07020442426682649,-0.86186495615718,0.38876183517493257,0.6321103196595194,,ARHGAP4
ENSG00000006634,13.982104773254548,-0.08998223946490508,0.10443550428508962,-0.8616058310904517,0.3889044611337197,0.6321103196595194,,DBF4
ENSG00000117143,9.771364361285942,-0.07823327468353364,0.09084390834205432,-0.8611834971802632,0.3891369877086488,0.6321103196595194,,UAP1
ENSG00000181090,13.727273098627508,-0.08077515550681184,0.09380220233601284,-0.8611221644611684,0.38917076301663034,0.6321103196595194,,EHMT1
ENSG00000115310,48.71269970027895,0.047622997499259,0.05535856913224108,0.8602642417562623,0.3896433993551175,0.6326405212043502,,RTN4
ENSG00000164944,7.717844033822538,-0.09918669307843311,0.11535167066743654,-0.8598635156693335,0.3898642820629401,0.6327617211126563,,VIRMA
ENSG00000104824,19.943172540186055,-0.07609583552869399,0.08857159513236654,-0.8591449145177069,0.39026057012297033,0.633167411669326,,HNRNPL
ENSG00000111885,9.156440633416745,0.09812807155730509,0.11455769274110866,0.8565821221545269,0.39167586952173694,0.6352254450601783,,MAN1A1
ENSG00000168884,11.088280204791285,-0.07023246184571547,0.08211765940074092,-0.8552662406386341,0.39240377237809887,0.6357186319057677,,TNIP2
ENSG00000099956,16.3747044345731,-0.059638897545786856,0.06975029020519745,-0.8550344001485296,0.39253210393511184,0.6357186319057677,,SMARCB1
ENSG00000108523,37.83908393329816,-0.05106199792309729,0.05974809154903051,-0.8546214046216818,0.3927607739625312,0.6357186319057677,,RNF167
ENSG00000168298,45.000203406565845,0.15929091478361845,0.1864300047565659,0.8544274565224371,0.39286818825382963,0.6357186319057677,,H1-4
ENSG00000136717,45.04485954275543,0.07396385007060562,0.08658456554363318,0.8542382768362161,0.39297297880503446,0.6357186319057677,,BIN1
ENSG00000168769,8.551454610653801,-0.10411710034448414,0.12188531372942062,-0.8542218677437953,0.39298206893982257,0.6357186319057677,,TET2
ENSG00000089737,76.21271441468406,0.04545284928736262,0.053212613810359494,0.8541743401169631,0.39300839850888114,0.6357186319057677,,DDX24
ENSG00000198382,11.72106488202792,0.08114375136315576,0.09516608299773337,0.8526541054031657,0.39385114881915284,0.6368437671675913,,UVRAG
ENSG00000134825,125.17778228046454,0.03372226075316057,0.03958630401663084,0.8518668663534062,0.394287988656415,0.6373119637341456,,TMEM258
ENSG00000173418,18.970804229032773,0.05430259277985694,0.06383011400421183,0.8507362649591035,0.3949158732819762,0.637745603966787,,NAA20
ENSG00000124486,9.25666835245107,0.08699648240637925,0.10228794447664087,0.8505057252983154,0.39504397870212415,0.637745603966787,,USP9X
ENSG00000182220,48.38181351468184,-0.04089876137513241,0.048091113289384785,-0.8504432228263687,0.3950787141715624,0.637745603966787,,ATP6AP2
ENSG00000183921,7.648147777533195,0.14698282987492473,0.17285539649518553,0.8503224825787755,0.395145820253052,0.637745603966787,,SDR42E2
ENSG00000175294,12.600351413451373,-0.07984357005272262,0.09396240156747554,-0.8497395630675318,0.3954698973337055,0.6380306658325667,,CATSPER1
ENSG00000170242,19.613725808321522,0.059425051278957454,0.07017299023060826,0.8468365261857868,0.3970862459022947,0.6403996220720197,,USP47
ENSG00000075785,55.614635872774194,-0.03277105004385352,0.03874582934590222,-0.845795550052393,0.3976668083424645,0.6407500194492473,,RAB7A
ENSG00000048740,78.20189263960816,0.04540066575637477,0.053678301466750525,0.845791772761232,0.3976689159054928,0.6407500194492473,,CELF2
ENSG00000147669,48.53572910432163,0.03918686478452401,0.04633931624149281,0.8456504748647024,0.39774775877991175,0.6407500194492473,,POLR2K
ENSG00000137710,8.477751461123667,0.09164872502361332,0.1086684142526096,0.8433796117661894,0.3990161707938664,0.6425297426026645,,RDX
ENSG00000101193,16.214288826508373,-0.056853975298016474,0.06743114859749694,-0.8431411370045521,0.3991495142398803,0.6425297426026645,,GID8
ENSG00000147789,7.9124909779871215,-0.08624892424380894,0.1024514122098405,-0.8418519802065225,0.3998708120044435,0.6431128641077803,,ZNF7
ENSG00000135778,8.837878876459087,0.07809477708833783,0.09277427669246907,0.8417718776424279,0.3999156561412124,0.6431128641077803,,NTPCR
ENSG00000198771,28.885348188861833,-0.053011857047150154,0.06298212333535934,-0.841696885398405,0.39995764208782925,0.6431128641077803,,RCSD1
ENSG00000154144,18.14461210397179,0.05822469715072812,0.06936762258591996,0.8393641727970422,0.40126498215857076,0.6449753260773164,,TBRG1
ENSG00000165671,21.557392510620243,-0.062216898051414136,0.0741545726284098,-0.8390163390622504,0.4014601408627344,0.645049398259581,,NSD1
ENSG00000023191,32.771200738796445,-0.040005249094591654,0.04770857968765587,-0.8385336423029719,0.40173106139280035,0.64524510120514,,RNH1
ENSG00000186517,48.010264073509425,0.049911922714678376,0.05963245361880551,0.8369926052973662,0.4025967246124854,0.6460681381306096,,ARHGAP30
ENSG00000100055,17.42137853586716,-0.06885751852202424,0.08228197362229278,-0.8368481635857185,0.4026779206810026,0.6460681381306096,,CYTH4
ENSG00000105671,9.265608064115362,0.07598414474934576,0.09081378184727423,0.8367027911813192,0.4027596498368953,0.6460681381306096,,DDX49
ENSG00000184900,37.219645752243565,-0.044630907626049,0.05335060578192606,-0.8365585914521876,0.40284072953001726,0.6460681381306096,,SUMO3
ENSG00000166200,14.470690475070224,-0.07845865634993374,0.0939047504124421,-0.8355131769727615,0.40342883091154014,0.6465330355160562,,COPS2
ENSG00000100351,10.413334297576307,0.0726929277089581,0.0870040403842603,0.8355120910236349,0.40342944208304876,0.6465330355160562,,GRAP2
ENSG00000163428,9.71060041753337,0.09209125610781549,0.11038287605005576,0.834289333664893,0.4041179609676021,0.6473966742342889,,LRRC58
ENSG00000260916,14.971461150142082,0.06628471380475434,0.07964503716393655,0.8322516526462017,0.4052669140249502,0.6483922728814417,,CCPG1
ENSG00000143622,10.667885795961594,-0.07396507371471576,0.08888201753695456,-0.832171408394991,0.405312199926272,0.6483922728814417,,RIT1
ENSG00000171988,19.56625740964058,-0.066009631074769,0.07932924411653168,-0.8320970634461526,0.40535415925086593,0.6483922728814417,,JMJD1C
ENSG00000074800,112.52603787267219,0.032195642157502355,0.03870272967634227,0.8318700625703542,0.40548229166283734,0.6483922728814417,,ENO1
ENSG00000090382,92.7774738739394,-0.05708216324845812,0.06863291253705844,-0.8317024753632088,0.405576903093835,0.6483922728814417,,LYZ
ENSG00000155508,12.744149057204337,0.06540024838024908,0.07864450697978904,0.8315933418853574,0.4056385215368761,0.6483922728814417,,CNOT8
ENSG00000111142,37.24428411340084,0.047901587114730915,0.05764913422438156,0.8309159844151117,0.40602109306543177,0.6487641320879333,,METAP2
ENSG00000145734,29.46959401819225,0.06790034190011185,0.08175358079871975,0.8305488424694807,0.4062285448647732,0.6488560035547707,,BDP1
ENSG00000117500,13.82768850050662,0.061564862111625776,0.07415074702199721,0.8302662425418619,0.4063882696939688,0.648871602570407,,TMED5
ENSG00000138744,13.591370600552013,0.06826367610965924,0.08225158819582117,0.8299374833606848,0.40657413079110816,0.6489289059141,,NAAA
ENSG00000123106,17.147921183018035,0.06054072695299942,0.07301210226333749,0.8291875603669546,0.40699828291660833,0.649092645037722,,CCDC91
ENSG00000131370,30.36635858168759,-0.05518028677495447,0.0665630295790119,-0.8289930179553223,0.40710835808561563,0.649092645037722,,SH3BP5
ENSG00000153006,28.539562738150686,0.04519049574097121,0.054519940199505484,0.8288801413868958,0.4071722335697262,0.649092645037722,,SREK1IP1
ENSG00000182551,17.537520936436685,-0.053827302103965316,0.06495426243123521,-0.8286954556823792,0.407276757863974,0.649092645037722,,ADI1
ENSG00000165264,30.891481849429724,0.04069293063327962,0.049127936048212736,0.8283053168230954,0.40749761254328565,0.6491647061303331,,NDUFB6
ENSG00000162894,20.26244569004791,-0.05569691856108771,0.06727652116329759,-0.8278804789251338,0.4077381912745366,0.6491647061303331,,FCMR
ENSG00000163466,376.73150090111824,0.022097396411443523,0.02669345733371521,0.8278206953556884,0.4077720525218963,0.6491647061303331,,ARPC2
ENSG00000114744,18.538760908289014,-0.05985236784565316,0.072365648777205,-0.8270825848590542,0.4081902543129142,0.6495914786362559,,COMMD2
ENSG00000146247,26.880149468500267,0.058857539578298416,0.07119454526415755,0.826714172552344,0.4083990864778714,0.649684870290349,,PHIP
ENSG00000155660,27.300679912212242,0.0526956127599801,0.06378751088780389,0.8261117580315467,0.4087406983545363,0.6498186144513614,,PDIA4
ENSG00000228253,10.039700045044755,-0.1098434916998917,0.1329765956691129,-0.8260362746329921,0.40878351479930797,0.6498186144513614,,MT-ATP8
ENSG00000120948,15.834194998183774,0.06967907207413315,0.08446252827018491,0.8249702382959536,0.4093884876066496,0.650541309538734,,TARDBP
ENSG00000134882,11.997744767295343,-0.06273327403086508,0.0761313313841289,-0.8240138835131824,0.40993166937474756,0.6511109851409084,,UBAC2
ENSG00000213402,306.22250823622835,0.03542662161514601,0.04300606579102182,0.8237587178351445,0.4100766684522349,0.6511109851409084,,PTPRCAP
ENSG00000117697,11.382995081323962,0.06360855120275791,0.07723753887561219,0.8235445112407945,0.4101984158756913,0.6511109851409084,,NSL1
ENSG00000130522,48.351476705694154,0.06496170337781107,0.07900325350486806,0.8222661788708264,0.4109254211216715,0.6518916740259884,,JUND
ENSG00000051825,10.501445780169991,0.08098964504185537,0.09850957882493443,0.8221499473242649,0.4109915615305977,0.6518916740259884,,MPHOSPH9
ENSG00000198791,19.517581900812736,0.052108059126410027,0.06343807104739481,0.8214004345668062,0.4114182161133707,0.6523292858638897,,CNOT7
ENSG00000139428,8.492725981823954,-0.07569805425399632,0.09227206483755945,-0.8203788913498263,0.412000145106021,0.6530126842028399,,MMAB
ENSG00000185650,45.72489930339384,0.05594705545522726,0.06830224629513643,0.8191100364910117,0.4127236361874421,0.6539198732270458,,ZFP36L1
ENSG00000119231,10.584749772785365,0.07750206567854834,0.09465591314800906,0.8187768001071625,0.4129137697116254,0.653981655030089,,SENP5
ENSG00000147251,16.5842487353091,-0.061257968442267996,0.07487520693216683,-0.8181342122735585,0.4132805552992035,0.6543230745626247,,DOCK11
ENSG00000020633,59.06721435780303,-0.061552198642863286,0.07527316926689359,-0.8177176441796902,0.41351843311714376,0.654460226809759,,RUNX3
ENSG00000128463,28.48645448172455,-0.04528709520787214,0.0554417181401841,-0.8168414819570338,0.41401902289254544,0.6548553311849366,,EMC4
ENSG00000243317,45.053468951105295,-0.03678197269923874,0.045034501879094184,-0.8167509612516352,0.4140707617568723,0.6548553311849366,,STMP1
ENSG00000215021,22.76512882305064,-0.05280124306570138,0.06476107942784977,-0.8153237026341906,0.41488704465850657,0.6559065554392978,,PHB2
ENSG00000154582,37.03799044351943,-0.03783851565950709,0.04644442737410668,-0.8147051820602812,0.4152410864024295,0.6562265087156,,ELOC
ENSG00000107745,7.822039155673665,-0.09010114849132582,0.11073395487911017,-0.8136722705306654,0.4158327237228254,0.6567577947219002,,MICU1
ENSG00000139726,25.13978363718836,0.05349614775711041,0.0657533379695595,0.8135883197576441,0.4158808314162252,0.6567577947219002,,DENR
ENSG00000176155,17.385349708082046,0.0562207778681833,0.06913409621314985,0.8132134640893689,0.4160956812222042,0.6568573559461793,,CCDC57
ENSG00000132467,8.417274179387832,0.07688905737039638,0.09484258129353204,0.8107018632530614,0.41753690308154934,0.6585974373871967,,UTP3
ENSG00000129197,17.054587011239573,-0.05365303427173563,0.06619696292995321,-0.8105059793832078,0.41764942986529685,0.6585974373871967,,RPAIN
ENSG00000164615,35.15662325134324,-0.042608963324530194,0.05258297621269674,-0.8103185934584242,0.41775709166924513,0.6585974373871967,,CAMLG
ENSG00000204592,523.197288719637,-0.028145926067110603,0.0347381025295134,-0.81023210876869,0.41780678660223136,0.6585974373871967,,HLA-E
ENSG00000130748,55.8258697494182,-0.03569013008227773,0.044242676885843,-0.8066901144875805,0.4198450409029044,0.6615693707162664,,TMEM160
ENSG00000167323,10.117967846479907,0.07410743947432638,0.09192002463828518,0.8062164883652592,0.4201180331564178,0.6616400710644742,,STIM1
ENSG00000064886,11.138606627714335,-0.19001419332752073,0.23586644770883453,-0.8056007760886952,0.4204730779820838,0.6616400710644742,,CHI3L2
ENSG00000118308,14.56546915919276,-0.0722057734842792,0.08963354827128321,-0.8055663853197306,0.42049291429768254,0.6616400710644742,,IRAG2
ENSG00000176853,8.567702339252062,0.08726478783274304,0.10832925851412792,0.8055514182381511,0.420501547360135,0.6616400710644742,,FAM91A1
ENSG00000137309,9.132975951588874,-0.07421103075363013,0.09238114931040252,-0.8033135689217242,0.4217935171639293,0.6634316789415929,,HMGA1
ENSG00000163516,9.873242195820868,-0.06751640165903418,0.08409564488100535,-0.8028525348080668,0.4220599732606115,0.6636095582480618,,ANKZF1
ENSG00000133884,12.521036654020897,0.06403498554900819,0.07998006578929412,0.8006368201509997,0.4233419283242056,0.6653834085938385,,DPF2
ENSG00000105849,11.579602220698233,0.08226558488860307,0.10283189153760076,0.8000006968511556,0.42371039342311945,0.665720723435671,,POLR1F
ENSG00000078674,30.509158138980474,0.06046778344299256,0.07565023225434829,0.7993073073416367,0.42411224277936765,0.6661102266810612,,PCM1
ENSG00000109906,19.903893828600587,-0.07732834628359767,0.0968253578075938,-0.7986373408220235,0.4245007291136814,0.6662728649397883,,ZBTB16
ENSG00000178028,8.894786836708073,-0.07223242640494278,0.09045379094358207,-0.7985560986603166,0.4245478522751991,0.6662728649397883,,DMAP1
ENSG00000155959,18.201573805455773,0.05717764236634532,0.07162136540124452,0.798332202213947,0.4246777354989453,0.6662728649397883,,VBP1
ENSG00000166797,14.980651645403164,-0.05866137202687141,0.0735601653821546,-0.7974611220912565,0.4251832734217662,0.6666810499081649,,CIAO2A
ENSG00000125734,14.212493779461687,-0.05794473961947415,0.07267137777613286,-0.7973529798482049,0.42524605910481517,0.6666810499081649,,GPR108
ENSG00000130311,19.712720212412496,-0.051881651602056635,0.0651376167949509,-0.7964929353399095,0.42574558012401265,0.6672224285391535,,DDA1
ENSG00000169599,17.164642987660145,-0.06046170083220374,0.07597958434210851,-0.7957624585042034,0.42617011599537813,0.6676083668290864,,NFU1
ENSG00000113851,40.9604693998504,-0.036602423190190844,0.046009628351938774,-0.7955383362414941,0.4263004200482472,0.6676083668290864,,CRBN
ENSG00000083168,15.02001350044852,0.07703974958035743,0.09701149219267284,0.7941301369465602,0.42711967469252154,0.6684322415545932,,KAT6A
ENSG00000122042,10.621616593147529,-0.08175570953005931,0.1030085704294926,-0.793678712258409,0.427382496189178,0.6684322415545932,,UBL3
ENSG00000105700,17.194729969241283,0.05553104403269386,0.06997024591074329,0.7936379715390937,0.4274062202541441,0.6684322415545932,,KXD1
ENSG00000169660,9.313183021110788,0.07137172213026437,0.08993725669014556,0.7935723720833101,0.42744442162735374,0.6684322415545932,,HEXD
ENSG00000182087,10.646901676790666,-0.06892873384586096,0.08689670000223614,-0.7932261391294169,0.4276460808551582,0.6685059941691726,,TMEM259
ENSG00000092094,10.11250681433083,-0.06886517292677483,0.08685086794498334,-0.7929128925965165,0.42782857526524687,0.6685497454578271,,OSGEP
ENSG00000112282,12.020372176637588,-0.08414847208474095,0.10630155074662709,-0.7916015476134618,0.42859304425624256,0.6694050852013242,,MED23
ENSG00000204525,1307.2532849107758,0.04809176460091569,0.060764636037425136,0.7914433087576763,0.4286853457575386,0.6694050852013242,,HLA-C
ENSG00000032219,18.44529845702499,-0.06164996930886203,0.07797094783395037,-0.7906787210045714,0.42913149640847514,0.6695338141935394,,ARID4A
ENSG00000152404,31.62017085798655,-0.06051623276232706,0.07654566355534849,-0.7905899557401982,0.42918331001169596,0.6695338141935394,,CWF19L2
ENSG00000138688,12.835306197953287,0.08468792929453273,0.10713121463794417,0.7905065725310801,0.42923198534154805,0.6695338141935394,,BLTP1
ENSG00000071553,15.748344249324816,-0.055723647243746705,0.07054001447906726,-0.7899579785354692,0.4295523095875411,0.6695543234387566,,ATP6AP1
ENSG00000150867,77.44304050170463,-0.05936023626911059,0.07514391144237619,-0.7899540379213659,0.4295546110159437,0.6695543234387566,,PIP4K2A
ENSG00000154978,18.65509518509338,0.059461519087176715,0.075326944475505,0.7893791458183008,0.42989044077274063,0.6697892660926804,,VOPP1
ENSG00000120008,8.671888678633652,0.08993882200639615,0.1139840614888904,0.7890473530385839,0.4300843306753529,0.6697892660926804,,WDR11
ENSG00000168685,26.214087304594315,0.11160596383786239,0.1414701297069331,0.7889012618357193,0.4301697181584374,0.6697892660926804,,IL7R
ENSG00000173230,18.313659990522872,0.08313894052431572,0.1054569960202852,0.7883681847748016,0.4304813748619516,0.6700334205135484,,GOLGB1
ENSG00000162521,39.37624331799317,0.043578925865103264,0.055329734482485834,0.787622175900696,0.43091773937456335,0.6704714341149715,,RBBP4
ENSG00000129055,10.70380230428115,-0.06634306566287043,0.0843051814890475,-0.7869393611529012,0.4313173644217301,0.6708519898823961,,ANAPC13
ENSG00000022277,35.602407072773474,0.040515548566437985,0.051526042606155446,0.7863120573051321,0.4316846903959046,0.6711494654055162,,RTF2
ENSG00000123595,17.1675335950721,-0.06101519533976978,0.07761927431037795,-0.7860830429280612,0.43181883792210707,0.6711494654055162,,RAB9A
ENSG00000186566,41.06328516245042,0.05980199181734423,0.07611292171927186,0.7857009094712273,0.4320427302947095,0.6712563353627318,,GPATCH8
ENSG00000129103,24.71057999882849,-0.044884950705401945,0.057146822631114674,-0.785432131461382,0.4322002478735707,0.6712600403980403,,SUMF2
ENSG00000172977,7.721405904934412,-0.07788900667393124,0.09922554277616426,-0.7849693183300134,0.4324715578314784,0.671440412894441,,KAT5
ENSG00000166734,12.502853463679443,-0.0736811652886757,0.09413881562171261,-0.7826863425258724,0.4338113242697239,0.6732789096539079,,GOLM2
ENSG00000205250,8.91126858167884,0.0688144150859558,0.08797177225881506,0.7822329062952392,0.43407770903663356,0.673450787738083,,E2F4
ENSG00000125637,9.390538716900425,0.0753620360972388,0.0964881157187017,0.781049930718378,0.4347731284873908,0.6742087045798449,,PSD4
ENSG00000058063,10.567222959355552,0.07565283726666087,0.09691254947834109,0.780629935688241,0.43502017979101604,0.6742087045798449,,ATP11B
ENSG00000180448,28.04719668569539,-0.06574902307366631,0.08425571710411046,-0.7803508810259561,0.4351843713341291,0.6742087045798449,,ARHGAP45
ENSG00000113648,34.467858385588144,0.036080832985347686,0.04623719387390627,0.7803421869359967,0.43518948737959484,0.6742087045798449,,MACROH2A1
ENSG00000167005,14.012148861243569,0.057874807128909134,0.07424590381559701,0.7795016850040856,0.4356842453894695,0.674733618396648,,NUDT21
ENSG00000175193,16.143248640388485,-0.05439205281418687,0.06981835997057483,-0.77905085191217,0.43594976005572705,0.6749032600218716,,PARL
ENSG00000125384,29.95787051962979,0.06433384873454656,0.08281400208392399,0.7768474788762223,0.4372487610458392,0.6766721706170766,,PTGER2
ENSG00000232956,23.884832272599663,-0.05683049349497985,0.07318185723419751,-0.7765653352184023,0.43741525992719,0.6766878189863965,,SNHG15
ENSG00000184863,17.637711647422268,-0.066294803408664,0.08541180351819867,-0.7761784750808894,0.43764361350400727,0.6767991120914365,,RBM33
ENSG00000105612,15.588204945731565,0.054994035058109875,0.07088824968526494,0.7757849192535657,0.43787598974329645,0.6769165443441385,,DNASE2
ENSG00000145901,15.99204650580961,0.0564146534094102,0.07274586587166205,0.7755032225327648,0.43804236200495816,0.6769318929983764,,TNIP1
ENSG00000137642,41.38005987825375,-0.05230836020758219,0.06751728582969765,-0.7747402693218783,0.43849315060069505,0.6773865985895065,,SORL1
ENSG00000163655,10.306561524001975,-0.06602413159394059,0.08529523289540135,-0.7740659044205536,0.4388918189754464,0.6777604927575862,,GMPS
ENSG00000228474,238.82514257563125,0.022553514787879154,0.029186201031324865,0.7727458179183032,0.43967282498974225,0.6783134156471513,,OST4
ENSG00000150593,41.256497334038734,-0.04850113241850352,0.06276810711670536,-0.7727034420255002,0.4396979091505899,0.6783134156471513,,PDCD4
ENSG00000185404,17.163487733412992,0.05962535211286911,0.07716835392792001,0.772665854302955,0.439720159669577,0.6783134156471513,,SP140L
ENSG00000141101,9.208504301020968,0.07145527569577777,0.09251581148763079,0.7723574440605887,0.43990275134429824,0.6783532448563002,,NOB1
ENSG00000153179,12.403946812623445,0.07918040216824357,0.10255621229594901,0.7720683164443585,0.4400739664080485,0.6783755086026455,,RASSF3
ENSG00000111144,15.094589296328946,-0.060144095918000434,0.07797466076256773,-0.7713287282023421,0.44051210835386645,0.6786731164795515,,LTA4H
ENSG00000028310,15.126178792006598,-0.06472266145716715,0.083990601622793,-0.77059409275148,0.4409475637107282,0.6786731164795515,,BRD9
ENSG00000125875,8.82449220656081,0.06760921558524585,0.08773928329276204,0.770569499179203,0.4409621458233465,0.6786731164795515,,TBC1D20
ENSG00000187522,9.514696017837025,-0.08180852549044312,0.10617427206118595,-0.7705117624286478,0.44099638039877775,0.6786731164795515,,HSPA14
ENSG00000154473,41.28943235477207,0.036599550987009816,0.04751832682637096,0.77021969062047,0.4411695855366472,0.6786731164795515,,BUB3
ENSG00000175567,110.611647106994,0.04796551771097431,0.0622803640063631,0.7701547426099459,0.44120810646105346,0.6786731164795515,,UCP2
ENSG00000025796,17.545270002408007,-0.05639678326625054,0.07330334019524842,-0.7693617114313466,0.44167861180208523,0.6791554204931141,,SEC63
ENSG00000140612,66.69356357372482,0.03123468127778201,0.04063130278159614,0.7687344273866032,0.4420509827890443,0.6794865373101935,,SEC11A
ENSG00000081237,293.1720807559122,0.03671027151020604,0.04777860748748137,0.768341176955076,0.4422845173566543,0.6796040861513648,,PTPRC
ENSG00000140319,315.2625241510815,-0.017114728227001386,0.02230872413112572,-0.7671764699049941,0.44297660091258584,0.6804258971064107,,SRP14
ENSG00000175602,70.11816554584355,-0.03239973812913613,0.04225046116948777,-0.7668493368430831,0.44317109879075367,0.6804830888813311,,CCDC85B
ENSG00000059804,27.248150625108973,-0.06898729497484363,0.09007036837937851,-0.7659266439798217,0.44371995131359776,0.6808978944371387,,SLC2A3
ENSG00000088930,35.8204977054588,0.049794870327965916,0.06503685894115559,0.7656407633864913,0.44389008261894947,0.6808978944371387,,XRN2
ENSG00000126226,9.458015400992485,-0.07951699257493741,0.10386208828794499,-0.7656017117091487,0.44391332567764463,0.6808978944371387,,PCID2
ENSG00000131013,8.164893091772896,0.08051004671709844,0.10523866974285781,0.7650234169038647,0.44425760067999076,0.6809990493352861,,PPIL4
ENSG00000104388,48.299664847950645,-0.03639222241179053,0.047606742639894915,-0.7644342039334043,0.44460853225540886,0.6809990493352861,,RAB2A
ENSG00000180917,9.176907616593526,0.07666249967154912,0.10029449735201933,0.7643739357152837,0.4446444365443841,0.6809990493352861,,CMTR2
ENSG00000171148,24.560148085196005,0.048480968801536496,0.06344540462304062,0.7641368053302683,0.4447857210529047,0.6809990493352861,,TADA3
ENSG00000049860,11.439272404930586,0.061429788330745964,0.08040721232280243,0.7639835601330166,0.4448770395990005,0.6809990493352861,,HEXB
ENSG00000188641,8.03168613512405,0.09343201692929683,0.12234617497020822,0.763669292906361,0.4450643443369168,0.6809990493352861,,DPYD
ENSG00000102158,10.6743704637093,0.06644824218588964,0.087014979186089,0.7636414190685994,0.44508095944538695,0.6809990493352861,,MAGT1
ENSG00000130706,32.76403562752221,0.038040781048574585,0.04984555811046073,0.7631729383844783,0.4453602655291532,0.681185531617054,,ADRM1
ENSG00000142252,13.356546150336676,-0.05786337115806682,0.07589766986131805,-0.7623866617222386,0.44582926462610906,0.6815205315520558,,GEMIN7
ENSG00000237765,16.578032553045535,0.05225226646422056,0.06855844748663513,0.7621565012014995,0.4459666042200001,0.6815205315520558,,FAM200B
ENSG00000182827,7.428879540412617,0.09616466792763458,0.1263465425875435,0.7611183175907138,0.4465864004693131,0.6815205315520558,,ACBD3
ENSG00000126860,21.311171625563638,-0.06418366468570764,0.0844000168668744,-0.7604698087554371,0.4469738092686458,0.6815205315520558,,EVI2A
ENSG00000144895,21.189575464739228,-0.05541551288881279,0.07288468182022798,-0.7603176896003558,0.4470647104910431,0.6815205315520558,,EIF2A
ENSG00000180822,10.734671861579782,-0.06131082275051366,0.08065420510482095,-0.7601689542514496,0.4471535998321283,0.6815205315520558,,PSMG4
ENSG00000106153,209.32305382571965,-0.01946317140866827,0.025604695039722923,-0.7601407233506691,0.44717047272071675,0.6815205315520558,,CHCHD2
ENSG00000160613,65.61668691638725,-0.052052988974023176,0.06848410857987343,-0.7600739799849109,0.4472103649662391,0.6815205315520558,,PCSK7
ENSG00000138593,7.756434517676645,-0.08324986461550885,0.10954127545586217,-0.7599862633428345,0.4472627959336084,0.6815205315520558,,SECISBP2L
ENSG00000130811,156.57422381228787,-0.04564092606276433,0.060056278293810425,-0.7599692714802844,0.44727295290290237,0.6815205315520558,,EIF3G
ENSG00000046651,28.89236762424345,0.05714798921016551,0.07522800556630924,0.7596637552725333,0.4474555990957616,0.6815205315520558,,OFD1
ENSG00000180228,9.089781330406378,0.07021864630415495,0.09247329345910256,0.7593397366690524,0.4476493528658825,0.6815205315520558,,PRKRA
ENSG00000139370,14.045425944756435,0.07789337230119703,0.1025897177965539,0.7592707531925149,0.4476906091492495,0.6815205315520558,,SLC15A4
ENSG00000253719,21.748369468308464,-0.07175948385477976,0.09453057256835151,-0.759114029515617,0.4477843474006228,0.6815205315520558,,ATXN7L3B
ENSG00000197622,106.3979576520819,0.04316751448598911,0.05693372624312787,0.7582063801980571,0.44832744229789034,0.6821071880530842,,CDC42SE1
ENSG00000160256,8.71132163283543,0.07007075869106541,0.09276231682085606,0.7553795667521661,0.4500212698454681,0.6844435974064466,,SLX9
ENSG00000059758,11.319335885481065,-0.08515632202376411,0.1129859618872944,-0.7536894017746127,0.4510357472384623,0.6854143703350739,,CDK17
ENSG00000117151,7.7474302707152125,0.07389083756326632,0.09808595398823132,0.7533274088574597,0.45125319221396176,0.6854143703350739,,CTBS
ENSG00000143924,25.79903913817857,-0.0735386326283421,0.09762452457043468,-0.7532803150839935,0.4512814852610122,0.6854143703350739,,EML4
ENSG00000204842,7.7188699331178325,0.08821237330493431,0.117107335586579,0.7532608684425045,0.45129316872766945,0.6854143703350739,,ATXN2
ENSG00000111906,46.4723948739546,0.041182905426433485,0.054738570147860155,0.7523562510893137,0.45183684843973915,0.6857556989092592,,HDDC2
ENSG00000135900,12.826228447068761,-0.060996565587538555,0.08109419486589017,-0.7521693222111873,0.45194923981593393,0.6857556989092592,,MRPL44
ENSG00000151502,15.721359492767958,-0.054789842854086446,0.07284953801878617,-0.7520959548152172,0.45199335643383576,0.6857556989092592,,VPS26B
ENSG00000127334,8.337644671781623,-0.08092524526572993,0.10771140012131661,-0.7513155076861213,0.452462798492822,0.686227314783891,,DYRK2
ENSG00000127554,11.349785346350632,-0.059474474566007074,0.0792352849430727,-0.7506059277597984,0.45288985262579207,0.6863895847882847,,GFER
ENSG00000166479,8.812807659531135,0.07335037922133561,0.09773154424897575,0.7505292153623607,0.4529360349041075,0.6863895847882847,,TMX3
ENSG00000182054,34.32952797460416,0.043254605503785015,0.05764612831432102,0.7503471051504994,0.4530456792593809,0.6863895847882847,,IDH2
ENSG00000179271,44.40624831939533,-0.03042773309589145,0.040597537562115926,-0.7494970119637366,0.453557698939577,0.6869248033992124,,GADD45GIP1
ENSG00000078687,12.948345613806339,0.07366856523863356,0.09856808962045119,0.7473875726140542,0.45482964471483345,0.6884027870758455,,TNRC6C
ENSG00000119559,19.243317326729727,-0.05447579843176077,0.07290030116827662,-0.7472643810622078,0.454903988573213,0.6884027870758455,,C19orf25
ENSG00000011007,8.43653374084222,-0.08389056112001056,0.11229016900801578,-0.7470873172701528,0.4550108553355484,0.6884027870758455,,ELOA
ENSG00000108010,14.94275289657478,0.05416482960800882,0.07256540998478699,0.7464276660100762,0.45540911195309763,0.688764497525709,,GLRX3
ENSG00000100888,8.379766749388093,0.0840011821412343,0.11259256091901679,0.7460633407357428,0.4556291530974529,0.6888565148332211,,CHD8
ENSG00000057663,12.46003226365823,-0.05599662755966835,0.07512965925348922,-0.7453331762191869,0.4560703298369708,0.6890223620780264,,ATG5
ENSG00000134900,13.01902472672231,0.06357036755002239,0.08531192982597767,0.7451521455404363,0.4561797485413448,0.6890223620780264,,TPP2
ENSG00000215301,41.28987817883068,-0.048939045928177424,0.06568398438708611,-0.7450681682123893,0.45623051119563673,0.6890223620780264,,DDX3X
ENSG00000169826,13.45069586032596,0.06530127450795116,0.08767297722943027,0.7448278428718704,0.45637580072004247,0.6890223620780264,,CSGALNACT2
ENSG00000224877,35.13216443662953,-0.037387571124348346,0.05022475328154415,-0.7444052719336498,0.45663133052826677,0.6891676899880746,,NDUFAF8
ENSG00000026652,9.516448952101872,0.0761625633299419,0.10237880114336505,0.7439290407717168,0.45691940517468477,0.6893620175003002,,AGPAT4
ENSG00000182944,33.70576579394108,0.03892747213560212,0.05238006886069713,0.7431733669371131,0.4573767255968101,0.689811464502404,,EWSR1
ENSG00000267680,8.444017780293484,-0.08074331725153283,0.10884609153851957,-0.7418118198847642,0.458201358117617,0.6905512481793312,,ZNF224
ENSG00000197019,27.173353964536915,-0.0975583094656645,0.13153219478110562,-0.7417066949123743,0.45826506261131705,0.6905512481793312,,SERTAD1
ENSG00000151366,74.42597349268067,-0.028056862021269915,0.03784241756620356,-0.7414130445600028,0.4584430375786561,0.6905512481793312,,NDUFC2
ENSG00000185187,51.68503822998916,-0.035547410288637636,0.047952163472761954,-0.7413098328468426,0.45850560111375516,0.6905512481793312,,SIGIRR
ENSG00000143418,7.620546551989879,-0.07406281487860769,0.10004622060190091,-0.7402859841484154,0.4591264836405706,0.6912457532055495,,CERS2
ENSG00000174744,15.098807177768707,0.052630865543971665,0.07118584590992583,0.7393445265870341,0.4596978179941088,0.6918652029427856,,BRMS1
ENSG00000109670,10.762057009810059,-0.078217369359456,0.1058769898980646,-0.7387570182601668,0.46005455578692855,0.69195205611563,,FBXW7
ENSG00000133226,141.30596328933092,-0.02766307099883994,0.03744716165010627,-0.7387227704282212,0.4600753560075497,0.69195205611563,,SRRM1
ENSG00000137497,8.81396791871515,0.07376212106673984,0.10010577149386804,0.736841842043624,0.4612185346795217,0.6923669038011337,,NUMA1
ENSG00000185803,10.534627640265784,-0.0612924608992753,0.0832062213647412,-0.7366331494684134,0.4613454702723552,0.6923669038011337,,SLC52A2
ENSG00000158201,8.956034586294683,0.06745541019605039,0.0915807294435564,0.7365677321627465,0.4613852638438364,0.6923669038011337,,ABHD3
ENSG00000061273,8.448321422103556,-0.08003800549643747,0.10868788263082128,-0.7364022884529043,0.4614859123768438,0.6923669038011337,,HDAC7
ENSG00000166275,20.147759943393797,-0.04580093437198915,0.062204447355655584,-0.7362967813237065,0.4615501045862388,0.6923669038011337,,BORCS7
ENSG00000067182,9.974933157353204,0.08848914660739791,0.12018474961160089,0.7362759991876411,0.4615627493550608,0.6923669038011337,,TNFRSF1A
ENSG00000115364,8.506412541970539,-0.0683719968403485,0.09286506722262941,-0.7362509809683051,0.46157797180056903,0.6923669038011337,,MRPL19
ENSG00000100731,10.442841904536197,0.07733998028033652,0.10508361355151762,0.7359851614012143,0.46173972820028186,0.6923669038011337,,PCNX1
ENSG00000173598,8.567977951478762,0.0676243013305931,0.09192515274864606,0.735645242989157,0.46194662130623665,0.6923669038011337,,NUDT4
ENSG00000232388,42.11418474340008,-0.034273376393746405,0.04659003016433998,-0.7356375660812354,0.46195129449361527,0.6923669038011337,,SMIM26
ENSG00000085832,15.31441646793856,0.06393369903501041,0.08697400610234222,0.7350897342796845,0.46228484593515873,0.6925107094452286,,EPS15
ENSG00000059377,11.531025095559245,0.073678954797517,0.10024970998084866,0.734954293749003,0.4623673306187348,0.6925107094452286,,TBXAS1
ENSG00000169220,8.921946758650803,-0.06934024511012583,0.0943959680880706,-0.7345678688885525,0.4626027124854566,0.6926235075863566,,RGS14
ENSG00000051620,13.346741602137246,-0.07184470968559932,0.09790628907673582,-0.7338109774469109,0.4630639492125256,0.692884632573059,,HEBP2
ENSG00000136807,8.680418394740657,-0.06531804179790043,0.08901873333416385,-0.7337561359439441,0.4630973786460103,0.692884632573059,,CDK9
ENSG00000066136,8.24011712816782,0.06689331995298488,0.09125313209618838,0.7330523173985278,0.46352652084617285,0.6930676941086704,,NFYC
ENSG00000106799,8.155415619196004,0.07817497678796667,0.10676124135356346,0.732241174763723,0.46402137690065726,0.6930676941086704,,TGFBR1
ENSG00000120725,7.392891640093078,-0.07165202799276872,0.09789836843396436,-0.7319021668997512,0.4642282835007552,0.6930676941086704,,SIL1
ENSG00000122958,19.64559802267036,-0.052297349639310174,0.07146299319013591,-0.7318102321878229,0.46428440284503747,0.6930676941086704,,VPS26A
ENSG00000167118,17.611159016999338,-0.05029565627886464,0.06875160237422044,-0.7315561316680502,0.46443953206435373,0.6930676941086704,,URM1
ENSG00000173209,7.982317577940454,0.07961191136061763,0.10882888593087338,0.731532907643528,0.46445371184763884,0.6930676941086704,,AHSA2P
ENSG00000132950,8.504975707684645,-0.06774571830260057,0.09260863428195826,-0.731527020432463,0.46445730641264915,0.6930676941086704,,ZMYM5
ENSG00000257764,10.412976467416184,0.08839149000041344,0.12084332809497902,0.7314552767939371,0.4645011122983924,0.6930676941086704,,ENSG00000257764
ENSG00000132581,24.08184869112583,0.04065108530531021,0.05566284025629362,0.7303092173905718,0.4652011953153282,0.6937798208098331,,SDF2
ENSG00000065427,21.54481462328489,0.04426298792653102,0.06062184962184042,0.7301490832537095,0.46529906170328994,0.6937798208098331,,KARS1
ENSG00000132522,14.45212583501952,-0.056140600979161716,0.07692403511145442,-0.7298187217794828,0.46550099911930365,0.6938418267961513,,GPS2
ENSG00000211456,14.706338807859366,0.07361422910620015,0.10092603352948155,0.7293879144145367,0.46576440844241995,0.6939953840669254,,SACM1L
ENSG00000101782,27.292498778008465,0.060570897665623014,0.08318315767225364,0.7281630003068144,0.4665138121163116,0.6947312786963642,,RIOK3
ENSG00000168175,22.461230961077792,-0.05563295967026281,0.0764130399768458,-0.728055835589323,0.4665794074166014,0.6947312786963642,,MAPK1IP1L
ENSG00000183401,8.862113831012243,-0.06415715587057234,0.08818520855184361,-0.7275274042455169,0.46690293397579663,0.6949738545969288,,CCDC159
ENSG00000204899,12.514103741936834,-0.061233579887473466,0.08420943384372273,-0.7271581946639347,0.4671290525045486,0.6950713239983431,,MZT1
ENSG00000137207,11.798686105763858,0.05704507054187376,0.07861185941378429,0.7256547671975193,0.4680504376892096,0.6962029026748745,,YIPF3
ENSG00000105053,14.855787673039828,0.05135608225929785,0.07080897435452663,0.7252764600454179,0.4682824440767097,0.6963086376357124,,VRK3
ENSG00000095059,16.421103643646443,0.0518619555622583,0.07159834499488989,0.7243457312590087,0.46885350790605074,0.6969182853691107,,DHPS
ENSG00000132680,10.454230775093531,0.0650959245490075,0.09002164831235646,0.7231141149864102,0.46960977812514193,0.697354771678701,,KHDC4
ENSG00000079805,13.50950507028563,0.06342741090561708,0.08776513506163411,0.7226948475732924,0.469867381767352,0.697354771678701,,DNM2
ENSG00000131171,74.25860098630277,0.026280969152303667,0.036367942956182515,0.7226410683707897,0.46990043009553073,0.697354771678701,,SH3BGRL
ENSG00000127870,7.514009023345532,-0.0824661956538184,0.11412989291919054,-0.7225643829545028,0.4699475569429856,0.697354771678701,,RNF6
ENSG00000089159,20.927552021663423,-0.04989619339833424,0.06905516400519159,-0.7225555701320618,0.46995297301019,0.697354771678701,,PXN
ENSG00000141580,14.978950921724566,-0.055208586969973175,0.07651586947336567,-0.721531198037169,0.47058275292431406,0.697773668297282,,WDR45B
ENSG00000165527,112.423815321085,-0.033559227975727794,0.0465515629951733,-0.7209044297654922,0.4709683172189786,0.697773668297282,,ARF6
ENSG00000033867,9.821672863867487,0.08835504354333458,0.12260516619406409,0.7206469864694192,0.4711267371536644,0.697773668297282,,SLC4A7
ENSG00000170310,40.86979475164622,-0.03540594257408058,0.04913250070749647,-0.7206216265047234,0.47114234421533385,0.697773668297282,,STX8
ENSG00000101150,8.55740504386578,-0.06656779917794298,0.0924045422729873,-0.7203953132659237,0.4712816348254355,0.697773668297282,,TPD52L2
ENSG00000205542,7764.831937949011,0.02062747197192745,0.028642557924470433,0.7201686394881865,0.4714211701043812,0.697773668297282,,TMSB4X
ENSG00000170860,66.21389937140425,-0.02568151229006381,0.035664255520233654,-0.7200910804234715,0.47146891895095344,0.697773668297282,,LSM3
ENSG00000116747,31.30593312308822,0.0427622876235681,0.05939211414587543,0.719999418079947,0.47152535384822103,0.697773668297282,,RO60
ENSG00000125534,141.44843035639664,-0.0460912057638934,0.06404194240408731,-0.7197034323704672,0.4717076124892414,0.6978047313644266,,PPDPF
ENSG00000184787,14.177088555012089,-0.05389639194836389,0.07494511554768578,-0.7191448242423605,0.4720516914978353,0.6980343961962566,,UBE2G2
ENSG00000135679,7.915579256895807,0.07557213041801561,0.10511785344090384,0.7189276411594675,0.47218550442949925,0.6980343961962566,,MDM2
ENSG00000196504,32.205627536224824,0.03939927791312857,0.05484806356726361,0.7183348937161796,0.4725508200167572,0.6981414840580826,,PRPF40A
ENSG00000257727,39.713778547595616,0.03229113842227947,0.04495579012191548,0.7182865284918634,0.4725806348061299,0.6981414840580826,,CNPY2
ENSG00000099308,9.244491330206195,0.07197561631856826,0.10026062520570032,0.7178851734756196,0.47282809045323637,0.698268650986742,,MAST3
ENSG00000107937,11.293923562333275,-0.06954301513266124,0.09694758744042406,-0.7173258971028713,0.4731730315075956,0.6985396476742975,,GTPBP4
ENSG00000085563,12.249279490983504,0.07517671103024931,0.10500555508165191,0.7159307997733281,0.4740340792691844,0.6995721217591272,,ABCB1
ENSG00000115694,8.867656029970771,0.06639443874870385,0.09286316872312644,0.7149706354158593,0.47462718829659756,0.6996076175329511,,STK25
ENSG00000130779,13.737144159833381,0.07178305123410807,0.10040664627329851,0.71492330337098,0.47465643660122336,0.6996076175329511,,CLIP1
ENSG00000002822,18.020875803900854,-0.06644698949540158,0.092947805248601,-0.7148849756880269,0.4746801214869246,0.6996076175329511,,MAD1L1
ENSG00000112983,8.09344446030642,0.0805655540643457,0.11271113051077776,0.7147967880301032,0.47473462019107837,0.6996076175329511,,BRD8
ENSG00000145495,16.122117188076913,-0.061500190210891696,0.0860644073266729,-0.7145833233645202,0.47486655250618837,0.6996076175329511,,MARCHF6
ENSG00000115977,59.36948581637875,-0.051111729717319525,0.07158760778702214,-0.713974545278567,0.4752429197022858,0.6999237963076211,,AAK1
ENSG00000106245,54.917281333945326,-0.03034254005515317,0.042542803102644675,-0.7132238085474656,0.4757072758305757,0.7003693033408985,,BUD31
ENSG00000151465,19.435378354870245,0.04244174545216838,0.05958563497606846,0.7122814998818822,0.4762904776774496,0.7009894207177975,,CDC123
ENSG00000008083,17.26583878498827,0.05910532917547072,0.0831334718958316,0.7109690937668431,0.47710338799333596,0.7016401829452712,,JARID2
ENSG00000036448,84.73696567694758,-0.24245897578076575,0.34103831294623493,-0.710943511554931,0.4771192412742714,0.7016401829452712,,MYOM2
ENSG00000176261,31.3674250215082,0.03438862331951347,0.048381367400567435,0.7107823769178989,0.4772191029368923,0.7016401829452712,,ZBTB8OS
ENSG00000125970,52.41978990578625,-0.028544112177090575,0.04027795368869398,-0.7086783106636052,0.4785241273649584,0.7033199385557659,,RALY
ENSG00000099204,11.55577528961636,0.08007785652698347,0.11305331078014874,0.7083194288994189,0.478746914398144,0.7034084545333681,,ABLIM1
ENSG00000124406,13.840877266023613,-0.06719793659576986,0.09510054277120984,-0.7065988756492456,0.4798157878614915,0.7044326265016971,,ATP8A1
ENSG00000150045,332.0524914688572,0.03564383462492392,0.05045433861625384,0.7064572760734055,0.4799038128620797,0.7044326265016971,,KLRF1
ENSG00000132424,144.35705911068777,-0.02816552623580672,0.03987128299903551,-0.7064113346061136,0.47993237414536705,0.7044326265016971,,PNISR
ENSG00000162923,13.19699053095971,0.06910162243815703,0.09809252072188426,0.7044535294803631,0.48115038017655953,0.7059809070952774,,WDR26
ENSG00000133574,49.93695385109644,0.06645743561125275,0.09437914623354174,0.7041538121864702,0.48133699122423224,0.7060153088227976,,GIMAP4
ENSG00000111196,10.11265032233202,0.058913891807403154,0.08383280787286361,0.7027546052942523,0.48220869141230405,0.7066202094130459,,MAGOHB
ENSG00000163660,101.59073315366047,-0.04703791144421253,0.0669507369360936,-0.7025749617828937,0.48232067072457097,0.7066202094130459,,CCNL1
ENSG00000162384,16.586968097588443,0.0467000108596648,0.06652286406117913,0.7020144354686256,0.4826701610597871,0.7066202094130459,,CZIB
ENSG00000104613,12.112477264013005,0.056519213601774206,0.0805284079170566,0.7018543525657231,0.48276999862568015,0.7066202094130459,,INTS10
ENSG00000157954,16.036059234130548,-0.051440467867766064,0.07330160064503354,-0.7017645919748596,0.4828259837715909,0.7066202094130459,,WIPI2
ENSG00000065413,31.914649512343683,-0.04766746901651796,0.06792787395931069,-0.7017365072410648,0.48284350140291177,0.7066202094130459,,ANKRD44
ENSG00000006652,24.768921208824107,-0.08407191438101438,0.11981894999299124,-0.7016579129255609,0.4828925258225969,0.7066202094130459,,IFRD1
ENSG00000136280,25.069123498587118,0.04228795474827589,0.06031091750483733,0.7011658336135264,0.48319952935111665,0.7068304136248417,,CCM2
ENSG00000160991,11.281364377770958,0.07258702360662604,0.10361440727571329,0.7005495231321955,0.48358418894110655,0.7070434337204091,,ORAI2
ENSG00000113448,19.74475525616419,-0.09954811578473383,0.1421285636425563,-0.7004089342314792,0.4836719583573864,0.7070434337204091,,PDE4D
ENSG00000087302,43.89407883225742,0.0346626463162999,0.04952230579745311,0.6999400726224377,0.4839647303498311,0.7072324850468489,,RTRAF
ENSG00000084093,20.59039028196878,-0.05380048884664887,0.07695112852921103,-0.6991513948522008,0.48445742240878387,0.7076212808257712,,REST
ENSG00000092439,7.8119669594360435,-0.08184674715288569,0.11709275981081628,-0.6989906744458269,0.4845578588136723,0.7076212808257712,,TRPM7
ENSG00000222041,39.43771747376876,0.04821614459848156,0.06902772763754186,0.6985040106152707,0.484862050581075,0.7078266170257461,,CYTOR
ENSG00000014123,11.303896204930954,0.06147402024706565,0.08811051083587017,0.6976922465195754,0.4853696780806912,0.7083287005245028,,UFL1
ENSG00000244509,48.01849696108477,0.044125741232795654,0.0632972271913471,0.6971196558010959,0.48572791419030925,0.708493434192114,,APOBEC3C
ENSG00000163346,17.04916544038481,0.05819067603135896,0.08348872595125638,0.696988430094534,0.48581003449225835,0.708493434192114,,PBXIP1
ENSG00000139725,41.50896114313051,-0.03352897791763589,0.0481256127131596,-0.6966971645114793,0.4859923336772469,0.7085204945490052,,RHOF
ENSG00000148444,16.89851198910483,0.04765718290111933,0.0684769645119334,0.6959593381627506,0.4864542947437782,0.7089551139630611,,COMMD3
ENSG00000059728,8.695942408976101,-0.07876916371161073,0.11325282852763624,-0.6955160832242638,0.48673193555949945,0.7090142758844025,,MXD1
ENSG00000246851,11.014661577759366,0.06720297722412956,0.09664329204330675,0.6953713579418971,0.48682260542005085,0.7090142758844025,,ENSG00000246851
ENSG00000127838,30.328061178900864,0.03589222659351413,0.05166935097245695,0.694652166477705,0.4872733115704908,0.7092120907423122,,PNKD
ENSG00000105176,11.583868292497923,0.0719303131433151,0.10356190158945458,0.6945634643564673,0.4873289154204281,0.7092120907423122,,URI1
ENSG00000079739,8.831785346121524,0.06211394550284894,0.08945848623074118,0.694332624214519,0.4874736360292341,0.7092120907423122,,PGM1
ENSG00000113580,23.836695336157785,0.0518156445564115,0.07468731527557737,0.6937676681137196,0.48782792180661494,0.7092120907423122,,NR3C1
ENSG00000104998,15.653460855107033,-0.0554702262574336,0.08002158101637845,-0.6931908311844053,0.48818980138992685,0.7092120907423122,,IL27RA
ENSG00000197894,26.337723141469592,-0.0402230130251746,0.05806098393278227,-0.6927718116479243,0.4884527647304767,0.7092120907423122,,ADH5
ENSG00000100461,25.746464827748614,-0.04775072371863003,0.0689652534165517,-0.6923881426232796,0.4886936101699434,0.7092120907423122,,RBM23
ENSG00000159322,13.275737777085542,-0.05626598703215627,0.081279879480568,-0.6922498826491009,0.48878041754837886,0.7092120907423122,,ADPGK
ENSG00000198408,49.01941401985024,-0.039990251821927815,0.057769308535329716,-0.6922404445514725,0.48878634361920914,0.7092120907423122,,OGA
ENSG00000104522,18.119683075086822,0.048452351539015504,0.07000910945174928,0.6920863858782431,0.4888830807274629,0.7092120907423122,,GFUS
ENSG00000111011,54.7759001424601,0.044471186177095924,0.0642933697718733,0.6916916368653447,0.4891310001029585,0.7092120907423122,,RSRC2
ENSG00000175582,21.288417268635154,-0.04448012650863342,0.06433240001936706,-0.6914109608104598,0.4893073179333435,0.7092120907423122,,RAB6A
ENSG00000135972,8.712129487988555,0.06274918282122183,0.09077380994463212,0.691269682956967,0.48939608018538916,0.7092120907423122,,MRPS9
ENSG00000153015,12.359102220856167,-0.054390422543251826,0.07868257083775276,-0.691263922418187,0.4893996996088914,0.7092120907423122,,CWC27
ENSG00000117410,53.02826473669585,-0.027865946408713014,0.04031319250289392,-0.691236408694564,0.4894169870479649,0.7092120907423122,,ATP6V0B
ENSG00000093144,13.712233786593949,0.052922720806498506,0.07659645221253816,0.6909291393764517,0.4896100730248373,0.7092543642378543,,ECHDC1
ENSG00000184009,377.3866481213448,0.03291245443211591,0.047712353863476394,0.6898099080647173,0.4903137370323982,0.7100359906757654,,ACTG1
ENSG00000072786,28.356923197144074,0.046768553761554796,0.06788290540904601,0.6889592229404262,0.49084892880993625,0.7104896471443788,,STK10
ENSG00000162076,10.393979193537868,0.06171377004287923,0.08966521521464584,0.6882687996135982,0.49128352571013434,0.7104896471443788,,FLYWCH2
ENSG00000176542,8.841768477453634,-0.07850315439055261,0.11409515155183961,-0.6880498717325807,0.4914213761565426,0.7104896471443788,,USF3
ENSG00000129187,10.588216758600094,0.0575081798607729,0.08358784276294275,0.6879969378306312,0.49145470971152383,0.7104896471443788,,DCTD
ENSG00000240403,11.050478849629448,-0.1274640203879695,0.18530986519629833,-0.6878426048874794,0.4915519032349823,0.7104896471443788,,KIR3DL2
ENSG00000070010,25.768844338271094,-0.040106699545074245,0.05831607775600994,-0.6877468631014184,0.4916122032702265,0.7104896471443788,,UFD1
ENSG00000155366,104.29236179940698,-0.0335752535702463,0.04893951844096633,-0.6860560675672915,0.49267775308221073,0.7117918656383058,,RHOC
ENSG00000006451,7.970338883521397,0.06884949746408628,0.10039402032529586,0.6857928115738439,0.4928437699498226,0.7117940562659821,,RALA
ENSG00000109220,13.604121423556098,-0.05129471329803199,0.07485888267047291,-0.685218793924966,0.4932058660621661,0.7119689349982232,,CHIC2
ENSG00000099901,48.96146055733111,0.02898840120662096,0.04232541848359425,0.6848934339032502,0.49341116969800525,0.7119689349982232,,RANBP1
ENSG00000163939,15.825084162984918,0.05353403113823698,0.07818259219084135,0.6847308286678705,0.49351379148034336,0.7119689349982232,,PBRM1
ENSG00000172466,13.433494442880454,-0.056060127143138516,0.08189247003540102,-0.6845577758114326,0.49362301941175635,0.7119689349982232,,ZNF24
ENSG00000197081,14.631669372652567,0.06733228762141005,0.09852921002812995,0.6833738705728664,0.49437062665924425,0.7128096306413029,,IGF2R
ENSG00000127125,24.797103338956926,0.03820220958665095,0.05597677588272942,0.6824653436039986,0.4949447496291012,0.7129937667363049,,PPCS
ENSG00000105372,2008.8918408713491,-0.022785331466790956,0.03339522958943091,-0.6822930025311811,0.49505369684134426,0.7129937667363049,,RPS19
ENSG00000183508,13.71113478004682,0.096959804221848,0.14214215469428676,0.682132646929301,0.4951550788188295,0.7129937667363049,,TENT5C
ENSG00000156858,8.127983628273686,-0.06474223347041892,0.09495784769200134,-0.6817997147577767,0.49536560467738966,0.7129937667363049,,PRR14
ENSG00000049245,7.969831913292974,-0.07272854236895342,0.10668197045620333,-0.6817322745159738,0.4954082555660856,0.7129937667363049,,VAMP3
ENSG00000186501,8.938600190236873,-0.06219694306197245,0.09125941943011709,-0.681539981849221,0.4955298770046973,0.7129937667363049,,TMEM222
ENSG00000028277,8.112913014469102,-0.07404005921237285,0.10872542274114254,-0.6809820311175072,0.49588286040281193,0.7129937667363049,,POU2F2
ENSG00000169045,93.90175987637497,-0.05026289482860183,0.07385261627420217,-0.6805838081887888,0.49613487522975264,0.7129937667363049,,HNRNPH1
ENSG00000177239,7.868347835716616,0.06502894583948957,0.09561494918818317,0.6801127479710709,0.49643307322792507,0.7129937667363049,,MAN1B1
ENSG00000198355,12.852798175052929,-0.09229184545859866,0.13575754940005255,-0.6798284579123592,0.4966130852585674,0.7129937667363049,,PIM3
ENSG00000119844,8.162429158893326,0.0750790885211911,0.11047997443108652,0.6795719215885841,0.49677555353157055,0.7129937667363049,,AFTPH
ENSG00000133812,10.048378688258861,-0.09587643696659859,0.14112043561357307,-0.6793944232792399,0.49688798243359866,0.7129937667363049,,SBF2
ENSG00000198356,27.315038727596534,0.0373185514636015,0.05494056516423683,0.679253141136119,0.4969774814067841,0.7129937667363049,,GET3
ENSG00000181467,22.435996469274844,0.049406719725115664,0.0727517181874837,0.67911412893085,0.4970655508102019,0.7129937667363049,,RAP2B
ENSG00000169442,433.3820672211964,0.05541041164791836,0.08161339187755597,0.6789377377067018,0.49717731318124414,0.7129937667363049,,CD52
ENSG00000121892,12.803612462976213,-0.06092578621033763,0.08973803276480265,-0.6789293717862083,0.4971826142032376,0.7129937667363049,,PDS5A
ENSG00000168071,10.975123333760774,-0.06823420151638175,0.10058089008137384,-0.6784012495930155,0.4975173170195274,0.7129937667363049,,CCDC88B
ENSG00000090061,19.300096652413075,0.05676862446078568,0.08368978634387612,0.6783220144394554,0.49756754345312226,0.7129937667363049,,CCNK
ENSG00000129562,88.81494253700183,0.030655987058441646,0.04520032741277759,0.6782248893572299,0.4976291138302844,0.7129937667363049,,DAD1
ENSG00000182165,20.561864417729478,0.048335531147197366,0.07137539741310552,0.6772015694349365,0.49827807212882225,0.7135329528891264,,TP53TG1
ENSG00000101161,20.625229683097025,0.048641741895898157,0.07183712721027502,0.6771114573320635,0.4983352400348833,0.7135329528891264,,PRPF6
ENSG00000168894,48.99014235449587,0.029458793506369926,0.04357310885490427,0.6760773853540234,0.4989915139672464,0.7140064534492258,,RNF181
ENSG00000076984,12.24498055309576,-0.06495082512364772,0.09607847574953865,-0.6760184798618601,0.49902891216726997,0.7140064534492258,,MAP2K7
ENSG00000121410,8.724374479795392,0.08192864953840528,0.12125160434208107,0.6756912618431348,0.49923668501700347,0.7140064534492258,,A1BG
ENSG00000133794,9.45696459240494,-0.0755682236700964,0.11186166964708329,-0.675550650267509,0.499325982929826,0.7140064534492258,,BMAL1
ENSG00000115661,11.49625088221278,-0.053710970793746655,0.07954766137164393,-0.6752049006546006,0.4995455935183568,0.7140845005463925,,STK16
ENSG00000124767,16.263763242143423,-0.04600389221627316,0.0681647245838201,-0.6748929522880059,0.49974377849122764,0.7141318789734287,,GLO1
ENSG00000153944,8.371581139047885,0.07242626887280326,0.10736829118008452,0.6745592025053803,0.4999558604002726,0.7141990782277912,,MSI2
ENSG00000160087,18.71747746981779,-0.0435769181924409,0.06464040169988187,-0.6741436786665349,0.5002199725169159,0.7143236454909394,,UBE2J2
ENSG00000196998,20.02971830966912,-0.04218116657574738,0.06265065578519988,-0.6732757390499964,0.5007718843938787,0.7143236454909394,,WDR45
ENSG00000155307,14.016967743299004,0.07877075947616122,0.11702943198944367,0.6730850362775965,0.5008931931234171,0.7143236454909394,,SAMSN1
ENSG00000122218,16.376177038726293,0.06569476926249707,0.09760821397406984,0.6730455008627577,0.5009183441085949,0.7143236454909394,,COPA
ENSG00000054267,56.62595438793664,0.03923320801904995,0.058299934019970856,0.6729545869744976,0.5009761827386945,0.7143236454909394,,ARID4B
ENSG00000143294,8.843874708801348,0.05971698651961203,0.08875040467837385,0.6728643856444689,0.5010335715426395,0.7143236454909394,,PRCC
ENSG00000128626,26.417761337267038,0.03830092227989047,0.056988319844816206,0.6720837249490242,0.5015303968959282,0.7147964517024641,,MRPS12
ENSG00000177311,15.222024159095188,-0.06045668446913503,0.09004067641860948,-0.6714374755256718,0.5019418779670335,0.7151473513214863,,ZBTB38
ENSG00000156875,9.831997460842627,-0.0745193838308771,0.11112687219935224,-0.6705793329375419,0.5024885520309015,0.7156905742717942,,MFSD14A
ENSG00000093010,19.92557177860539,0.042932495129253005,0.06405759554291404,0.6702170876908935,0.5027194124365997,0.7157265902176907,,COMT
ENSG00000227039,10.460346746558772,0.06568368953995465,0.0980323432741764,0.6700206008159043,0.5028446577910284,0.7157265902176907,,ITGB2-AS1
ENSG00000080345,11.418100588543002,0.06592073042503777,0.09850980688965065,0.6691793691046545,0.5033810650595684,0.7162544783008065,,RIF1
ENSG00000159720,23.870687517927838,0.041351749511293466,0.06183473312300631,0.6687463084708952,0.5036573218278708,0.716411976183168,,ATP6V0D1
ENSG00000144485,7.549360152047558,-0.10200664864875582,0.15278719494290538,-0.6676387290628275,0.5043642295928239,0.7171051761165501,,HES6
ENSG00000213983,9.426977647054176,0.06006327806297217,0.09000656023326178,0.6673211142311367,0.5045670423854391,0.7171051761165501,,AP1G2
ENSG00000196968,11.443254315911538,0.0596980509827635,0.08947496134904219,0.6672039873801248,0.5046418445285175,0.7171051761165501,,FUT11
ENSG00000119720,7.61307164940795,-0.07317397359808323,0.10975198557034341,-0.6667211824717629,0.5049502457963677,0.7173078508079065,,NRDE2
ENSG00000077458,8.765389815471604,0.0724997467650208,0.10885992424634888,0.6659911557622861,0.5054167534771014,0.7176322405759534,,FAM76B
ENSG00000135698,11.004255609167746,0.06527333439969694,0.09803085266030451,0.665844809346721,0.5055103002716677,0.7176322405759534,,MPHOSPH6
ENSG00000257621,45.926957554628345,0.03799757055196644,0.05709187029829862,0.6655513360034169,0.5056979202443361,0.7176631357485217,,PSMA3-AS1
ENSG00000120742,83.415991165839,-0.022054690762375078,0.03323084574529374,-0.6636812957280371,0.5068943131411473,0.7189482885190988,,SERP1
ENSG00000060688,14.825900463825489,0.05379425429667374,0.0810622636473512,0.6636164828889717,0.5069358050084979,0.7189482885190988,,SNRNP40
ENSG00000167380,8.982969416980753,-0.059876331559911615,0.09033741183402663,-0.6628076933388356,0.5074537257607331,0.719447008966806,,ZNF226
ENSG00000151327,24.53879974498026,0.060967131775739175,0.09204757349188981,0.662343714917275,0.5077509668049602,0.7196326345774854,,FAM177A1
ENSG00000072818,72.48596039979681,-0.03467804344025811,0.052425202445684944,-0.6614765765794848,0.5083067312988845,0.7200477173491232,,ACAP1
ENSG00000137770,12.31788406952733,-0.07201645330743821,0.10889517124522664,-0.6613374356633377,0.508395938898894,0.7200477173491232,,CTDSPL2
ENSG00000146701,47.07369839735086,-0.028857009412938825,0.04365060043183235,-0.6610907783045007,0.5085540988327518,0.7200477173491232,,MDH2
ENSG00000075413,15.747560694680699,0.054178500627633186,0.08198323779841277,0.6608485110194331,0.5087094689013797,0.7200477173491232,,MARK3
ENSG00000167461,32.97301306525488,0.035228850684836215,0.053398595971436154,0.6597336511184816,0.5094247677953772,0.7206832914229723,,RAB8A
ENSG00000142166,8.520754013806247,0.07421339935004122,0.11250769945545125,0.659629516106379,0.5094916081494967,0.7206832914229723,,IFNAR1
ENSG00000152520,15.668259814937729,0.06129400851736917,0.09301835854916703,0.6589452821291271,0.5099309064270763,0.7210689647418167,,PAN3
ENSG00000164062,7.994449551981268,0.06455194651221505,0.09819445397098953,0.6573889247480944,0.510930871128534,0.7222469387040727,,APEH
ENSG00000135974,8.571689816430359,0.06844682328652794,0.1041742012441941,0.657041978426906,0.5111539248494913,0.7223262680678474,,C2orf49
ENSG00000055130,7.781398907175106,-0.06727071762733107,0.10243193443498255,-0.6567357923912913,0.5113508157986686,0.7223685863404632,,CUL1
ENSG00000119004,9.017177693442237,-0.06280870181200376,0.09574531739242426,-0.6559976354203765,0.51182564563596,0.7228033840296342,,CYP20A1
ENSG00000131149,8.20092047679947,0.07202824958088784,0.1098922933041369,0.6554440481239491,0.5121818993602747,0.7229542361814695,,GSE1
ENSG00000019582,222.04957508776886,0.033750883873908157,0.05150350093075992,0.655312420786347,0.5122666254061441,0.7229542361814695,,CD74
ENSG00000131446,18.342907594490395,-0.04251464306219031,0.06520271052445732,-0.6520379708178421,0.514376677565229,0.7256954300048079,,MGAT1
ENSG00000167397,14.871677698529977,-0.053254023519015134,0.08179590575835298,-0.651059769132477,0.5150079051877291,0.7262685570555795,,VKORC1
ENSG00000112309,13.57025565108566,-0.07043599918663175,0.1082514033638877,-0.6506705409615869,0.515259183627958,0.7262685570555795,,B3GAT2
ENSG00000138777,15.165762023408591,0.04686213497087686,0.07205300085239441,0.6503842229538394,0.5154440658188696,0.7262685570555795,,PPA2
ENSG00000100354,65.85071474719122,-0.0325001928082355,0.049976559235422394,-0.6503087308419584,0.5154928185661152,0.7262685570555795,,TNRC6B
ENSG00000164169,11.250665438459732,-0.05715916635010775,0.08792250326055834,-0.6501084958957158,0.515622141732087,0.7262685570555795,,PRMT9
ENSG00000184182,46.36679315074139,0.02974272674145107,0.045821048249149246,0.6491062050725411,0.5162697313891413,0.7268179803096486,,UBE2F
ENSG00000102931,22.980791560251454,-0.039483187773168324,0.06083837949478646,-0.6489848694367646,0.5163481561062768,0.7268179803096486,,ARL2BP
ENSG00000111276,15.625052194688902,0.05582764490236493,0.08610464102256012,0.648369753817772,0.5167458281915798,0.7271412027918588,,CDKN1B
ENSG00000204435,46.10586328053436,0.027334891464235084,0.04223380949219971,0.6472277019974637,0.5174845850007768,0.7279440179773606,,CSNK2B
ENSG00000159692,23.074947647450735,0.04216959030883039,0.0652108977611156,0.6466647716353869,0.5178489276805416,0.7282197952790717,,CTBP1
ENSG00000174446,9.32658229275393,0.05539051858921296,0.0857339796774193,0.6460742729734937,0.5182312558143034,0.7285206770332979,,SNAPC5
ENSG00000134453,32.79151752049304,-0.03296359996432448,0.051077074726475206,-0.6453697699182875,0.5186875888292158,0.7289253643598627,,RBM17
ENSG00000120705,11.423210505915478,-0.0641027734064583,0.09950512600439679,-0.6442157904872742,0.5194355128326065,0.7297394363723013,,ETF1
ENSG00000204482,39.84574571016305,0.0416694572754546,0.06474184438984117,0.6436248097064265,0.519818758211332,0.7298690620111674,,LST1
ENSG00000148229,23.671218525908795,-0.037108269856030225,0.05766153244265845,-0.6435533064080904,0.5198651373049267,0.7298690620111674,,POLE3
ENSG00000187531,18.283631499838048,-0.04272136847625027,0.06641806832138847,-0.6432190751096084,0.5200819576294831,0.7299199731311458,,SIRT7
ENSG00000114439,30.192265599071597,0.03606819723905098,0.05609559293351907,0.6429773775953614,0.520238779093241,0.7299199731311458,,BBX
ENSG00000130734,8.49177571036079,-0.061682429366871995,0.09600805456571587,-0.6424714014452968,0.5205671523221762,0.730043613680303,,ATG4D
ENSG00000133935,14.68207046327429,0.05245157192157378,0.081662167199133,0.6422995338057922,0.5206787169165534,0.730043613680303,,ERG28
ENSG00000169609,12.426806322232244,0.05208882097323984,0.08112742548716341,0.6420618016712698,0.5208330564897378,0.730043613680303,,C15orf40
ENSG00000136950,86.60522733972995,0.02676045127261111,0.04182333331004046,0.639845013649038,0.5222733648110538,0.7318254046429501,,ARPC5L
ENSG00000128609,42.817655183499625,-0.028622836093183026,0.04476066917807048,-0.6394639896761455,0.5225211326060759,0.73193555868776,,NDUFA5
ENSG00000129003,32.257080341369964,0.060189116587326515,0.0942796708495105,0.6384103385702371,0.5232066027370039,0.7325605712782991,,VPS13C
ENSG00000115464,24.75818224308354,0.05018478949780744,0.07862778162089519,0.6382577310876456,0.5233059223067305,0.7325605712782991,,USP34
ENSG00000227057,12.299261906407711,-0.049380882821975364,0.0777284417860348,-0.6353000483131704,0.5252327421008309,0.7347697566877234,,WDR46
ENSG00000189241,13.251573594535127,-0.06834898262086349,0.10759155103172935,-0.6352634752956297,0.5252565907584572,0.7347697566877234,,TSPYL1
ENSG00000162819,18.99609647905803,-0.04580603434552707,0.07212940422386527,-0.6350535518546727,0.5253934890667474,0.7347697566877234,,BROX
ENSG00000123737,7.877703016421226,0.06082762582424229,0.09593728297518092,0.634035319094647,0.5260577726334865,0.7352333444156995,,EXOSC9
ENSG00000138758,15.002724360634533,0.05244539875180938,0.0827182480397848,0.6340245350286535,0.5260648103330265,0.7352333444156995,,SEPTIN11
ENSG00000109111,9.382120257025022,0.06682143657405137,0.10550380720720703,0.6333556896464942,0.5265013939732393,0.7356059191870217,,SUPT6H
ENSG00000065526,10.863381971052886,0.07366832509034969,0.11645275208812855,0.6326026973978196,0.5269931251789296,0.7358744296475366,,SPEN
ENSG00000189430,15.588872430267388,0.05188517149112069,0.08203131786863806,0.6325044243981024,0.5270573182938413,0.7358744296475366,,NCR1
ENSG00000075426,25.482448985905297,0.06357935711235463,0.10055566073158705,0.6322802381266912,0.5272037744181566,0.7358744296475366,,FOSL2
ENSG00000159445,7.478711796224663,-0.07521872474697794,0.119509461227838,-0.6293955639510224,0.5290901214399681,0.7378782383576047,,THEM4
ENSG00000169189,24.895859152000977,0.038762702037443114,0.061592222583027684,0.6293441024179657,0.5291238043319277,0.7378782383576047,,NSMCE1
ENSG00000189079,9.900193943413006,0.06121383632592255,0.0972724947748063,0.6293026252450659,0.5291509529983007,0.7378782383576047,,ARID2
ENSG00000090621,11.771724602022926,-0.06588624686102203,0.10480273599323121,-0.628669149107685,0.5295656795308297,0.738195778147554,,PABPC4
ENSG00000144655,12.419490168757232,0.09064980314270567,0.1442568977568227,0.6283914637864749,0.5297475276824045,0.738195778147554,,CSRNP1
ENSG00000198858,10.835581104088666,-0.056916157258518,0.09060583287346678,-0.628173214168262,0.5298904753700723,0.738195778147554,,R3HDM4
ENSG00000005059,27.05440718744756,-0.04730506995782735,0.07539586997800782,-0.6274225626897831,0.5303822817027487,0.7386431068322477,,MCUB
ENSG00000172531,135.19226510076166,0.025074359862797584,0.040017561626922986,0.6265839007524154,0.5309320240964099,0.7391708070351242,,PPP1CA
ENSG00000161057,13.356452195933528,0.047332073640364555,0.07562425596532278,0.6258848174594736,0.5313904936082281,0.7395711372926352,,PSMC2
ENSG00000128524,79.31797238840787,-0.022181629481215947,0.03548698256473852,-0.6250638368801923,0.5319291613883673,0.7400827914236223,,ATP6V1F
ENSG00000134602,17.44716525951758,0.05186528518019118,0.08316325634355663,0.6236562571086675,0.5328533562118012,0.741130335046115,,STK26
ENSG00000100614,16.350277966972403,0.04641209863640904,0.07456415415686535,0.6224451837644259,0.5336491776339084,0.7418201112037676,,PPM1A
ENSG00000119906,9.979456518711796,0.06318127884081429,0.10151563393604467,0.6223797891132592,0.5336921669002377,0.7418201112037676,,SLF2
ENSG00000163882,12.481202430371534,-0.046376319416477976,0.07467706596913783,-0.621024926657458,0.534583222573073,0.7426316231444733,,POLR2H
ENSG00000136485,13.820999791715908,0.047394046660974055,0.0763225823410641,0.6209701664598222,0.5346192526219169,0.7426316231444733,,DCAF7
ENSG00000227507,66.70244549899081,0.04939541568804737,0.07976868384973995,0.6192331790392002,0.53576275723989,0.7439812100696418,,LTB
ENSG00000110958,54.76636037778199,0.030307401898572346,0.04899227270827706,0.6186159617259811,0.5361693841153232,0.7441476514812685,,PTGES3
ENSG00000135441,77.82468626190916,0.02633155602048297,0.0425712433190908,0.618529175272519,0.5362265720634609,0.7441476514812685,,BLOC1S1
ENSG00000141551,23.531420463936836,-0.05270280630603863,0.08556364678825616,-0.6159485749416682,0.5379284607379388,0.7462701024729275,,CSNK1D
ENSG00000136286,45.38336293624983,0.035531063377172704,0.05773840768557621,0.6153800356023468,0.5383037728129261,0.746551418256901,,MYO1G
ENSG00000161526,25.760724906403,-0.03510186708859235,0.0570738393638435,-0.6150255087067004,0.5385378745116804,0.7466367776392314,,SAP30BP
ENSG00000204308,19.953561305546106,0.04334371879747396,0.07059147372389633,0.6140078469958536,0.5392101418465016,0.7473293669986587,,RNF5
ENSG00000153574,19.52919155223356,0.03984599509333971,0.06496650981601965,0.6133313180310999,0.5396572894366907,0.74770960339179,,RPIA
ENSG00000156650,20.161891347129448,-0.05269252942744668,0.08606059296144344,-0.6122724421740133,0.540357519300658,0.7484401363681009,,KAT6B
ENSG00000114902,81.70038515176515,0.019991732304439406,0.03273058416696485,0.6107966849127356,0.5413341883606559,0.7495529705716987,,SPCS1
ENSG00000154781,12.084983542376783,-0.054768281369672135,0.08984302519597953,-0.6095997018155063,0.5421270092066472,0.7504106106324896,,CCDC174
ENSG00000175215,9.648951057307666,0.054645077108426955,0.08978412506776093,0.6086273833730161,0.5427714496014355,0.7509741783401399,,CTDSP2
ENSG00000127022,34.84212503477005,-0.039467506281179586,0.0648643993896284,-0.6084617548696566,0.5428812641201659,0.7509741783401399,,CANX
ENSG00000132589,10.820554030580881,0.05325928237785376,0.08760730667147697,0.6079319682497879,0.5432325959813473,0.7512200200739182,,FLOT2
ENSG00000169925,9.23816898721901,0.061668102762291864,0.10148782384983211,0.6076404087010471,0.5434259941064256,0.7512473726832279,,BRD3
ENSG00000255529,8.637757291548246,-0.058544088215162056,0.09644966658963681,-0.60699108960375,0.543856825449392,0.7516028373425484,,POLR2M
ENSG00000089289,24.431063317162053,0.03409656648586391,0.056197366275222725,0.6067289046763923,0.5440308365688096,0.7516032662302806,,IGBP1
ENSG00000149531,20.52792665074271,-0.0675455421699176,0.1114183184161013,-0.6062337246705066,0.5443595611276998,0.7516097229351542,,FRG1BP
ENSG00000166822,13.449527150618012,-0.05172126358298709,0.08535155253355642,-0.6059791772698289,0.544528580476709,0.7516097229351542,,TMEM170A
ENSG00000136161,12.071941079300428,-0.06724765611507497,0.11098127500710663,-0.6059369574801587,0.5445566169174274,0.7516097229351542,,RCBTB2
ENSG00000121749,9.764779028358445,-0.054442189031971774,0.08999113015481908,-0.6049728338594086,0.5451970472411085,0.7520523937706615,,TBC1D15
ENSG00000127337,9.626466427550444,-0.05884176141690944,0.0972702290117415,-0.6049308407591664,0.5452249501406436,0.7520523937706615,,YEATS4
ENSG00000173960,9.001168929377798,-0.05821666987608991,0.09629161770762616,-0.6045870997084644,0.5454533803085047,0.7521277172067876,,UBXN2A
ENSG00000158092,19.085559056893977,0.038595215834757904,0.06394888953955521,0.6035322288260386,0.5461546820445484,0.7527571747694998,,NCK1
ENSG00000196684,43.745834974209004,0.047823204903731875,0.07925922177564168,0.6033771696510541,0.5462578065117238,0.7527571747694998,,HSH2D
ENSG00000144161,10.719733760284042,-0.05760494199039296,0.09554542411646826,-0.6029063403410457,0.5465709978419209,0.7527597468769902,,ZC3H8
ENSG00000197265,11.006461472299575,0.05102516339520237,0.08463971550472377,0.6028513102971694,0.5466076091258385,0.7527597468769902,,GTF2E2
ENSG00000240682,12.106659429214073,-0.04559654512547153,0.07567034936765954,-0.6025681856433832,0.5467959901052457,0.752779589304931,,ISY1
ENSG00000166347,11.854126639810577,0.04957600393697936,0.08241010458153986,0.6015767628097946,0.5474559005302491,0.7533512910466709,,CYB5A
ENSG00000092108,16.67143092132517,0.04516294572775362,0.07509370131463194,0.6014212235794223,0.5475594662218118,0.7533512910466709,,SCFD1
ENSG00000196230,39.565959160723985,-0.03416014316386858,0.05683048595776659,-0.6010883522842757,0.5477811409011246,0.753416718588419,,TUBB
ENSG00000026508,59.95617679748892,-0.048671845267383655,0.08102678733552442,-0.6006883262671894,0.5480475957569331,0.7535436755132664,,CD44
ENSG00000031003,7.796195664087656,-0.07094605910515817,0.11815976863279702,-0.6004248309391663,0.5482231433480876,0.7535455976071077,,FAM13B
ENSG00000159674,266.22073342567074,0.04155565587841179,0.0692850701691203,0.5997779287366986,0.548654244576335,0.7538986714137192,,SPON2
ENSG00000134186,76.0957734319693,0.027505322056528406,0.045908527641112896,0.5991331778607577,0.5490840786071809,0.7542497803597688,,PRPF38B
ENSG00000169021,52.43679194232476,-0.02824186248032406,0.04717002655641632,-0.5987247526042033,0.5493564481117994,0.7543844338241054,,UQCRFS1
ENSG00000100823,22.911556215552388,0.03934205514101112,0.06579344857730329,0.5979631101839358,0.5498645480121749,0.7547053569038012,,APEX1
ENSG00000137145,9.124287274610767,-0.056538804889182455,0.0946039585958094,-0.5976367768154568,0.5500823193753922,0.7547053569038012,,DENND4C
ENSG00000140307,34.75952455121474,-0.03129583420411808,0.05238883032766377,-0.5973760820461076,0.5502563187901586,0.7547053569038012,,GTF2A2
ENSG00000174165,12.58392760414694,0.046880991887796646,0.07848438741885824,0.5973288883252732,0.5502878208993512,0.7547053569038012,,ZDHHC24
ENSG00000104886,27.949386242917704,-0.031567313045678995,0.05289368267026093,-0.5968068671351462,0.5506363325971979,0.7547467190205419,,PLEKHJ1
ENSG00000110066,8.742144538068727,0.057990819064426505,0.09717592273585034,0.596761187666422,0.5506668342842271,0.7547467190205419,,KMT5B
ENSG00000090661,8.788302378316097,-0.05368311319861239,0.0900845853581126,-0.5959189686582482,0.5512293606295096,0.7549973848278481,,CERS4
ENSG00000169696,8.866195441928822,-0.053466956673126426,0.0897341611402923,-0.5958372596756664,0.5512839498930766,0.7549973848278481,,ASPSCR1
ENSG00000186184,42.16365677452846,-0.030161210694789886,0.05063122823980792,-0.595703713762096,0.5513731768097989,0.7549973848278481,,POLR1D
ENSG00000173039,9.261914917943864,0.05143629131526759,0.08646979681806655,0.5948469084932643,0.5519458086217434,0.755542396047543,,RELA
ENSG00000108639,14.073796213961984,-0.0422137971612371,0.07104001042592868,-0.5942256611188448,0.5523611917483953,0.7558718775127471,,SYNGR2
ENSG00000008324,34.418176092779625,-0.030774604530163625,0.051960219293647164,-0.5922724143299802,0.5536681850921376,0.7574208779303443,,SS18L2
ENSG00000198464,12.849651023968217,-0.04684478004494479,0.07928441290544208,-0.5908447616407759,0.5546244401832012,0.7583900984732224,,ZNF480
ENSG00000113328,16.311082377336895,-0.05006810382855343,0.08476232942228441,-0.5906881532138533,0.5547293871072341,0.7583900984732224,,CCNG1
ENSG00000139826,8.045816804350046,0.054353714683129405,0.09205786622697822,0.5904298775415312,0.5549024848084636,0.7583900984732224,,ABHD13
ENSG00000163902,13.984840485260882,0.04540304775326657,0.0769598146859671,0.5899578622756921,0.5552189001008614,0.7584812160736292,,RPN1
ENSG00000112031,8.616048209377853,-0.05937085355681551,0.10066141358559204,-0.5898074688404081,0.5553197348096273,0.7584812160736292,,MTRF1L
ENSG00000239382,7.902460874171077,0.05438380016827601,0.09242197200572544,0.5884293419416218,0.556244147756807,0.7593247405360396,,ALKBH6
ENSG00000135334,16.617417237474488,-0.04782085611855498,0.08131441847809553,-0.5880981136381975,0.5564664392190366,0.7593247405360396,,AKIRIN2
ENSG00000185608,17.15505631502588,0.04054313781465286,0.068981056372668,0.5877430695699964,0.5567047618267593,0.7593247405360396,,MRPL40
ENSG00000158710,103.16913803454425,0.03184628120066827,0.05420152058198431,0.5875532800320264,0.5568321780684764,0.7593247405360396,,TAGLN2
ENSG00000110429,12.803112978277838,-0.05970055452824402,0.10161033377347425,-0.5875441238224637,0.5568383254990317,0.7593247405360396,,FBXO3
ENSG00000069974,27.74604580070187,-0.03446997889309487,0.05869049736679537,-0.587317886874759,0.5569902302892049,0.7593247405360396,,RAB27A
ENSG00000134086,7.482862491445592,-0.06089162398820238,0.10381959229674491,-0.586513803812265,0.5575302880511164,0.7597324654034169,,VHL
ENSG00000213988,12.67111049763015,-0.11513693673000264,0.19640041748759635,-0.5862357025655208,0.5577171324565428,0.7597324654034169,,ZNF90
ENSG00000198840,1060.54498668442,-0.03877782544532828,0.06616906983338158,-0.5860415681068754,0.5578475812028744,0.7597324654034169,,MT-ND3
ENSG00000204922,18.745669077224864,-0.0392411266407894,0.06701972654021805,-0.5855160661874843,0.5582007669347913,0.7597324654034169,,UQCC3
ENSG00000079277,8.680534668723345,0.05454020809563968,0.09314999522301065,0.58550951038768,0.5582051737231415,0.7597324654034169,,MKNK1
ENSG00000139579,9.003593876757504,-0.053237725538561945,0.0909572677919958,-0.5853048011546235,0.5583427871464908,0.7597324654034169,,NABP2
ENSG00000166181,8.549610569094039,-0.06385673536112796,0.10915884587284981,-0.5849891032698296,0.5585550437342136,0.7597823559377372,,API5
ENSG00000170791,19.839782202537016,0.034707809047072664,0.059363244325988045,0.5846683320823534,0.5587707514637434,0.7598369081029598,,CHCHD7
ENSG00000001629,8.311911190902764,-0.06767718930309566,0.11587065965647951,-0.5840752913959193,0.559169657718324,0.7601404677810834,,ANKIB1
ENSG00000155744,11.592111235823632,0.05720164700047177,0.09807231320297298,0.5832598939731928,0.5597183568871993,0.760545527620473,,HYCC2
ENSG00000231925,68.42450112428625,0.027759556803816268,0.04760602678454862,0.5831101370725214,0.5598191600349449,0.760545527620473,,TAPBP
ENSG00000065613,8.390937797958458,0.06380981610434817,0.10948281334474093,0.5828295250636553,0.5600080670097464,0.7605633728660304,,SLK
ENSG00000143793,13.5445324618215,-0.045569965314950577,0.07856105170904384,-0.5800579845051212,0.5618755160303115,0.7628601687678562,,C1orf35
ENSG00000100644,15.446799295624322,0.05600053141358085,0.09664266213584494,0.5794597352343644,0.56227900775452,0.7630041603424853,,HIF1A
ENSG00000100101,12.457869669393064,0.04281353277057374,0.07390014138868783,0.5793430427337093,0.5623577278084391,0.7630041603424853,,ENSG00000100101
ENSG00000000419,15.606431442862222,-0.0429655497678328,0.07419155031906233,-0.5791164840613054,0.5625105781124401,0.7630041603424853,,DPM1
ENSG00000144659,8.82269589399164,0.05384375930951103,0.09302846656696799,0.5787879914235796,0.5627322349088346,0.7630656159356087,,SLC25A38
ENSG00000153187,83.285158558101,0.029421168439919106,0.05092900085684856,0.5776898809111972,0.563473512184189,0.7638314183023138,,HNRNPU
ENSG00000125651,18.222113594605318,0.0443369250590978,0.07689952044305566,0.5765565871367095,0.5642390330821687,0.7644713134089715,,GTF2F1
ENSG00000198089,9.394399416966673,-0.057256719130935385,0.0993233298219637,-0.5764679782037877,0.5642989080259428,0.7644713134089715,,SFI1
ENSG00000181991,17.388075585717573,0.039863651875134624,0.06928906503979786,0.5753238530818385,0.5650722923393798,0.7652794394217517,,MRPS11
ENSG00000188647,14.882477273018512,-0.046922396717328986,0.0816563012154555,-0.5746328944476823,0.5655396003197267,0.7654705696467936,,PTAR1
ENSG00000112576,124.8231936808108,-0.029681256051833596,0.05165622492711539,-0.5745920475937317,0.5655672316063783,0.7654705696467936,,CCND3
ENSG00000197958,1036.3780113809937,-0.019480394849367137,0.03392484386302836,-0.5742220930483654,0.5658175208065692,0.7655698600781816,,RPL12
ENSG00000237190,9.09347322953414,-0.0523546134472076,0.09130960710593986,-0.5733746437706645,0.5663910548706492,0.7658619201948379,,CDKN2AIPNL
ENSG00000149547,9.082557636152092,0.05208206417298027,0.09083479676751584,0.5733712853046836,0.566393328357443,0.7658619201948379,,EI24
ENSG00000117174,10.639661641875422,0.06054805070349302,0.10564662552435732,0.5731186434301528,0.5665643648124974,0.7658619201948379,,ZNHIT6
ENSG00000128309,16.088137361101147,-0.039704144788129454,0.06932506092416056,-0.5727242682348962,0.5668314030538342,0.7659835980680639,,MPST
ENSG00000147548,34.55239288043886,-0.0414779961148758,0.07255112128191976,-0.5717071684350715,0.5675203771865163,0.7660635861536169,,NSD3
ENSG00000158604,25.373665586639543,-0.036286236098685004,0.06352407764396184,-0.5712201962547365,0.5678503895990407,0.7660635861536169,,TMED4
ENSG00000140368,19.165772277120432,-0.044887223104202456,0.07859322563711116,-0.5711334881642398,0.5679091597653252,0.7660635861536169,,PSTPIP1
ENSG00000137871,8.252658570418278,0.062327797968006485,0.10913472705214153,0.5711087538454006,0.5679259250554621,0.7660635861536169,,ZNF280D
ENSG00000139343,58.516022040538004,0.02171586146523603,0.03802758672578297,0.5710554714352285,0.5679620414721822,0.7660635861536169,,SNRPF
ENSG00000172216,56.00937111416843,-0.04638832873451901,0.08129724711985833,-0.5706014702579986,0.5682698216627045,0.7660635861536169,,CEBPB
ENSG00000148484,23.18221621683417,-0.032612443489574136,0.05715742034047404,-0.570572347305198,0.5682895676551459,0.7660635861536169,,RSU1
ENSG00000138698,11.508584400416865,0.05218319984244162,0.09146174527983393,0.5705467316721683,0.568306935880081,0.7660635861536169,,RAP1GDS1
ENSG00000131748,9.959669707931578,-0.04808801339115306,0.08441939933656979,-0.5696322618860631,0.5689271420998385,0.7666607735490506,,STARD3
ENSG00000100523,8.647709576619166,0.05842773464588797,0.10265376194097606,0.5691728538841353,0.5692388410171485,0.7666760431569059,,DDHD1
ENSG00000130254,19.269733189899295,-0.04188160461234111,0.07359977469521391,-0.5690452828935714,0.5693254097830323,0.7666760431569059,,SAFB2
ENSG00000144741,10.907657029215644,-0.04762804526371062,0.08372951807007978,-0.5688321915796408,0.5694700260472141,0.7666760431569059,,SLC25A26
ENSG00000105323,33.721815187587225,-0.04207569119371473,0.07415343170819376,-0.5674139446342775,0.570432978005246,0.7671863706541631,,HNRNPUL1
ENSG00000136603,8.426226560486924,-0.06607630995333752,0.11646273259714623,-0.5673601200986815,0.5704695387106274,0.7671863706541631,,SKIL
ENSG00000125827,25.643568979352708,0.037648312454934614,0.06641558005210406,0.5668596498803282,0.5708095401743423,0.7671863706541631,,TMX4
ENSG00000144136,15.30085824309213,0.04668217137098795,0.08235434815282125,0.5668452536879042,0.5708193218573205,0.7671863706541631,,SLC20A1
ENSG00000069275,66.59334244437045,0.030525147627726845,0.053921930916452546,0.5660989343097332,0.5713265277110968,0.7671863706541631,,NUCKS1
ENSG00000124802,10.781058302743835,-0.04608294303573857,0.08140441643433127,-0.566098807094988,0.5713266141857418,0.7671863706541631,,EEF1E1
ENSG00000128585,9.494413610410449,0.0565228970491216,0.09988030609668702,0.565906325861735,0.5714574610746996,0.7671863706541631,,MKLN1
ENSG00000132359,10.616247052621505,0.053260025194329076,0.09414773997950744,0.5657068901061444,0.5715930506161742,0.7671863706541631,,RAP1GAP2
ENSG00000131507,30.667862612969806,0.03136815665888612,0.05546978999935519,0.5654998271897328,0.5717338417902423,0.7671863706541631,,NDFIP1
ENSG00000092531,19.5524672629496,0.038538930415457064,0.06816586703297554,0.5653699144883418,0.5718221835607038,0.7671863706541631,,SNAP23
ENSG00000155438,15.390378636315512,0.04585542285503813,0.08116179875951207,0.564987759708368,0.5720820897599994,0.7671863706541631,,NIFK
ENSG00000213523,20.06220559017781,0.03895851408423906,0.06897081393367159,0.5648550722006123,0.5721723446105669,0.7671863706541631,,SRA1
ENSG00000091009,23.540912539483212,-0.039685001047572284,0.07028086261800613,-0.5646629760831205,0.5723030215449284,0.7671863706541631,,RBM27
ENSG00000066654,24.60756749302351,-0.03491190277364585,0.061832413113056005,-0.5646213857093368,0.5723313160322714,0.7671863706541631,,THUMPD1
ENSG00000244754,126.05768977630878,0.02204611436625258,0.039100795644341775,0.5638277687948491,0.5728713514965768,0.767672449032421,,N4BP2L2
ENSG00000164134,9.672387823755074,0.049985561637403135,0.08880096027761841,0.5628943817852115,0.573506806121932,0.7682860526593188,,NAA15
ENSG00000163510,7.920632924355646,-0.055377463444696816,0.09853319902066777,-0.5620183247382554,0.5741035340405165,0.7688474131208032,,CWC22
ENSG00000100385,92.72305835277659,0.03516352520080069,0.0626028108999345,0.5616924335395534,0.5743255904597202,0.7689068161878742,,IL2RB
ENSG00000005889,14.2513131468301,-0.04606672385892287,0.08207398468595582,-0.5612828965864213,0.5746046992352868,0.769042540547815,,ZFX
ENSG00000104852,25.079355570562306,0.034319438771612594,0.06118604529115884,0.560903039382603,0.5748636379436757,0.769151193995759,,SNRNP70
ENSG00000184924,28.39084005225316,0.029888079380015635,0.0533341132611009,0.5603932933823506,0.5752112051409051,0.7692704315637431,,PTRHD1
ENSG00000124795,62.5021733948111,0.02752315838144093,0.04913746853405016,0.5601256882488475,0.5753937098194121,0.7692704315637431,,DEK
ENSG00000196961,11.794376774307304,-0.05187874103675323,0.09264222665440561,-0.5599902216327627,0.5754861074582474,0.7692704315637431,,AP2A1
ENSG00000179085,26.338774112515214,-0.03222905464411551,0.057607711934733845,-0.5594572942009767,0.5758496689909436,0.7692901462409412,,DPM3
ENSG00000099795,132.79603036501803,0.01889783743206675,0.033788137906132124,0.5593039037714189,0.5759543315882876,0.7692901462409412,,NDUFB7
ENSG00000107968,108.7519092412257,-0.05938378625009673,0.10619668266298916,-0.559186829202083,0.5760342208968452,0.7692901462409412,,MAP3K8
ENSG00000109536,39.6193449520202,0.030303630740786708,0.054233835102249044,0.558758765328953,0.5763263675078654,0.7694428238835339,,FRG1
ENSG00000113558,184.6798316758105,0.014858212335446565,0.02666143626719317,0.5572922698740562,0.5773277563280312,0.7705420116074617,,SKP1
ENSG00000088298,8.719571749572182,-0.05204272558064746,0.09343357066719843,-0.557002426526315,0.5775257713027973,0.7705686131443736,,EDEM2
ENSG00000143815,31.402533017070947,0.047833243465148265,0.08595226881230374,0.5565093757978977,0.5778626867969694,0.7707804703361549,,LBR
ENSG00000162607,17.37979818426467,0.04129189952702462,0.07425446948600754,0.5560863852755104,0.5781518018595677,0.7709284581344683,,USP1
ENSG00000131018,47.86707015251431,-0.0399606850050697,0.07193179861484673,-0.5555357404454198,0.5785282708494482,0.7711927997429336,,SYNE1
ENSG00000198695,23.74008850395463,-0.047139660648145724,0.08493967451791283,-0.554978117301409,0.5789096282043547,0.771463492836539,,MT-ND6
ENSG00000064201,29.33303780047525,0.037546128715903376,0.06780073180130598,0.5537717325225118,0.57973507615287,0.7720279008393461,,TSPAN32
ENSG00000167261,10.112234307633175,-0.05032536053684324,0.09090041159911576,-0.5536318224694682,0.5798308429036336,0.7720279008393461,,DPEP2
ENSG00000100412,11.934451162566516,-0.04117472272272836,0.0743828842705465,-0.5535510369961867,0.5798861429681326,0.7720279008393461,,ACO2
ENSG00000122557,17.957171301554787,-0.03862101584398087,0.06979916618416401,-0.553316292376329,0.5800468466902506,0.7720279008393461,,HERPUD2
ENSG00000026297,35.925887826313875,-0.03561950901401289,0.06446112481479807,-0.5525734947435461,0.580555495718266,0.772467290889587,,RNASET2
ENSG00000115816,29.279511329693467,0.04538204754631293,0.08230401687854214,0.5513952935405841,0.5813627263137557,0.7733035710911838,,CEBPZ
ENSG00000154889,15.310649489401086,0.03904859196923086,0.07086928305873964,0.5509945957385464,0.5816373792475091,0.7733046334371844,,MPPE1
ENSG00000157538,9.360497255741361,0.048014831558216134,0.087161395644784,0.550872679390024,0.5817209572077733,0.7733046334371844,,VPS26C
ENSG00000067225,37.08717453643138,0.03162024946833438,0.05746225665750395,0.550278588200993,0.5821283079941848,0.7736084731851467,,PKM
ENSG00000078618,22.59222329816865,-0.040583386994422876,0.07386473647490935,-0.5494284408394037,0.5827114605836841,0.7739133665934809,,NRDC
ENSG00000131475,11.38207044447615,0.043467946290128866,0.07916480769179443,0.5490816886634639,0.5829493910363301,0.7739133665934809,,VPS25
ENSG00000113068,29.081087985134666,-0.030428050447472772,0.05542429962173248,-0.5490019838796771,0.5830040883602072,0.7739133665934809,,PFDN1
ENSG00000052723,11.624626766959318,0.04412702129180189,0.08039153590346144,0.5489013339015196,0.5830731627212267,0.7739133665934809,,SIKE1
ENSG00000092820,30.526234495562612,-0.03523271949516254,0.06430177598484643,-0.5479276265007922,0.5837415984485246,0.774562985736512,,EZR
ENSG00000008294,12.143889144967511,0.06246111040580831,0.11426763877075248,0.5466211700682803,0.5846390217885625,0.7755159556343072,,SPAG9
ENSG00000103342,13.612034208007374,0.04928076058065069,0.09020660689611341,0.5463098799116228,0.5848529460034697,0.7755619667045704,,GSPT1
ENSG00000132676,17.908952748542305,0.03457639863854829,0.06335202818511745,0.5457820314373284,0.5852157761498208,0.7758053503064567,,DAP3
ENSG00000119977,7.376649089338071,0.06051261810960745,0.11135829837863755,0.543404658572045,0.5868512189048625,0.7774475259780177,,TCTN3
ENSG00000147526,20.547266708919807,0.04535321575518056,0.08355486957189788,0.5427956023096261,0.5872705414448584,0.7774475259780177,,TACC1
ENSG00000101972,25.746430339013386,0.03991972258055508,0.0735927553942418,0.5424409286851972,0.5875147907268865,0.7774475259780177,,STAG2
ENSG00000141027,51.34400562983442,-0.0303805310099024,0.05601173171244623,-0.5423958531735883,0.5875458357624723,0.7774475259780177,,NCOR1
ENSG00000136238,73.03023590972505,0.023024920477692286,0.04246414713467047,0.5422202500540334,0.5876667868321748,0.7774475259780177,,RAC1
ENSG00000162889,9.4879743057199,0.06179240663502565,0.11397784034670651,0.5421440382363868,0.587719283224329,0.7774475259780177,,MAPKAPK2
ENSG00000106263,9.521310140265461,0.060414272798885345,0.1115110160071751,0.5417785162588603,0.587971093023621,0.7774475259780177,,EIF3B
ENSG00000146223,17.48093563726773,-0.04220536433963449,0.07791009211859644,-0.5417188350308785,0.588012212437423,0.7774475259780177,,RPL7L1
ENSG00000119487,12.814045787214075,0.04814947901582904,0.08897012870818882,0.5411870221493492,0.5883786817193336,0.7774475259780177,,MAPKAP1
ENSG00000177963,11.638830900777883,0.04292055117050662,0.07932223030816632,0.5410910788030111,0.5884448069769495,0.7774475259780177,,RIC8A
ENSG00000112473,9.758363308492223,-0.04679065894704965,0.08655686812346523,-0.5405770791095073,0.5887991199255664,0.7774475259780177,,SLC39A7
ENSG00000164040,13.341240665079777,0.057729500614003997,0.10680616187204137,0.5405072104656898,0.5888472897465533,0.7774475259780177,,PGRMC2
ENSG00000102054,32.76099227331963,-0.026859128744734735,0.04970423815618464,-0.540379044948558,0.5889356561451404,0.7774475259780177,,RBBP7
ENSG00000239900,8.754314380479578,0.052749248968178,0.09762426122546897,0.5403293024297569,0.5889699538146388,0.7774475259780177,,ADSL
ENSG00000099783,92.32624574017971,-0.022301591363883464,0.04136714477115165,-0.5391136247681276,0.5898084549380668,0.7783169211701784,,HNRNPM
ENSG00000161217,7.8279947562790895,0.056811667646400915,0.10546640314462224,0.5386707610431839,0.5901140522764736,0.778345773580708,,PCYT1A
ENSG00000176386,23.886296970734403,0.031293146443873265,0.058105153953209865,0.5385605977237852,0.5901900816081125,0.778345773580708,,CDC26
ENSG00000085871,8.954291586421748,0.05458966937817004,0.10160342671164807,0.5372817742958244,0.5910729929014753,0.7788217807105208,,MGST2
ENSG00000137818,2295.1112813358973,-0.016134760581430475,0.030031665606900387,-0.5372582657461126,0.5910892291009142,0.7788217807105208,,RPLP1
ENSG00000061794,10.982724509739805,0.04708262977587181,0.08763541973680657,0.5372557114152473,0.5910909932640052,0.7788217807105208,,MRPS35
ENSG00000068831,37.89301485837766,-0.02610044124889375,0.04870104151973543,-0.5359318904569403,0.5920056232908364,0.7797894465690864,,RASGRP2
ENSG00000135976,23.16010258205009,0.0408366976141257,0.07624870724248349,0.5355723275970864,0.5922541579968432,0.7798794101193977,,ANKRD36
ENSG00000196704,16.691852811519336,0.03886430488417984,0.07269437982033151,0.5346259914485175,0.5929085070360296,0.7805035320793733,,AMZ2
ENSG00000196636,10.49860695712933,0.04823503558664101,0.09040056261688711,0.5335700817599839,0.5936390121239763,0.7812274955779944,,SDHAF3
ENSG00000183291,66.41626176357009,-0.022855958046491955,0.04294423093765131,-0.5322241788349973,0.5945707386122208,0.7822157452037334,,SELENOF
ENSG00000134107,27.61307682787748,0.05698953870669955,0.10718550475625013,0.5316907247514401,0.5949402170095949,0.7824639267478776,,BHLHE40
ENSG00000196235,18.464974688366492,0.043187844383322176,0.08133121926438608,0.5310118890868957,0.5954105404365269,0.7826241503068626,,SUPT5H
ENSG00000138663,12.15157733216431,0.04259026886914889,0.08020875306789406,0.5309927812130135,0.5954237815600165,0.7826241503068626,,COPS4
ENSG00000174574,16.242379889380434,-0.03956001725101755,0.07457531899748085,-0.5304706407270464,0.5957856595991395,0.7828619948634913,,AKIRIN1
ENSG00000092330,18.826968876401857,0.035383791237669424,0.0668541301329017,0.5292685906963224,0.5966191410407709,0.7837191934679464,,TINF2
ENSG00000110852,133.09419277526447,0.028593478589749696,0.05409449715252236,0.5285838688754022,0.5970941529187254,0.7839785000652364,,CLEC2B
ENSG00000171314,44.58767574869819,-0.028014720251678872,0.05304602221152312,-0.5281210368605787,0.5974153306509964,0.7839785000652364,,PGAM1
ENSG00000136451,9.683502494143838,0.05504184757578368,0.10430683538656751,0.5276916644225207,0.5977133596460388,0.7839785000652364,,VEZF1
ENSG00000135845,13.415027283313718,-0.03886840995890218,0.07367960538517515,-0.5275328193698873,0.5978236316992039,0.7839785000652364,,PIGC
ENSG00000128534,47.02659851694718,0.02425812404806836,0.04599563127412869,0.5274006112339827,0.597915419146343,0.7839785000652364,,LSM8
ENSG00000108256,18.9724547178086,0.05231950703912273,0.09927420664909563,0.5270201475802915,0.598179597353141,0.7839785000652364,,NUFIP2
ENSG00000136243,8.931303391990104,-0.047536339378851745,0.09020552938238095,-0.5269781099265585,0.5982087898097488,0.7839785000652364,,NUP42
ENSG00000167470,32.25652057461114,0.04280814203459208,0.08124594747110984,0.526895720550421,0.5982660058274579,0.7839785000652364,,MIDN
ENSG00000143158,28.13821543254009,-0.02800513430948596,0.053293294307409984,-0.5254907709015856,0.5992420673950337,0.7850198079377265,,MPC2
ENSG00000179454,8.071821414842892,-0.05407245408061319,0.10328488423130427,-0.5235272758743583,0.6006073749735898,0.7863556316536706,,KLHL28
ENSG00000160307,24.539306645579437,-0.19571573409162263,0.37394199039129455,-0.5233852819974157,0.6007061642781363,0.7863556316536706,,S100B
ENSG00000126934,10.347228948898822,-0.05435802729142391,0.10388728738065323,-0.5232404143179786,0.6008069605377941,0.7863556316536706,,MAP2K2
ENSG00000115085,55.693262749402194,0.02412058144158739,0.04615082969276094,0.5226467563457664,0.6012200966008214,0.7866584088272617,,ZAP70
ENSG00000158019,13.09234849901541,-0.03767886080096301,0.07216652487852648,-0.5221099514544388,0.6015937780760182,0.7866762842688184,,BABAM2
ENSG00000165916,31.915123594546735,0.025635974206060612,0.04910120470298165,0.522104790730397,0.6015973710759234,0.7866762842688184,,PSMC3
ENSG00000213619,23.746513382997126,0.027906124795296222,0.05350171020585259,0.5215931357693973,0.6019536436027431,0.7869043552474528,,NDUFS3
ENSG00000156475,10.50273674302095,0.04745582862852055,0.09110012798686949,0.5209194506879341,0.602422884996795,0.7871815585517603,,PPP2R2B
ENSG00000116095,10.964754933615875,0.0458338441808527,0.08801229832592036,0.5207663593913244,0.6025295405415831,0.7871815585517603,,PLEKHA3
ENSG00000157349,12.301883801652565,-0.04208577957282738,0.08089049168756084,-0.520280921710595,0.6028677911712164,0.7873857326887573,,DDX19B
ENSG00000136167,145.50814188891422,-0.031149991084666383,0.05991524358632159,-0.5199009337212777,0.6031326245851312,0.7874939247374358,,LCP1
ENSG00000178605,8.296172925050252,-0.05076868846395344,0.09781148699210533,-0.5190462799942008,0.6037284684138362,0.788034112466567,,GTPBP6
ENSG00000166326,14.108138483052667,0.049441074292401736,0.09548658868399706,0.5177802974616867,0.6046115664624611,0.7889488082277047,,TRIM44
ENSG00000108799,7.486987493300347,-0.06161372658131114,0.1191963770433755,-0.5169093902819709,0.6052194122337555,0.7893828719433472,,EZH1
ENSG00000254772,9.142688797354188,-0.08123913806834339,0.15720226739706591,-0.5167809562386736,0.6053090753658483,0.7893828719433472,,EEF1G
ENSG00000166557,13.907658420113183,0.03890820752620938,0.07532959725941978,0.5165062464387994,0.6055008773691115,0.7893950877903422,,TMED3
ENSG00000167613,18.396471326976556,-0.05726891071742786,0.11113218821793609,-0.5153224429012456,0.6063277185792857,0.7902349512929425,,LAIR1
ENSG00000177889,30.932489406173183,0.030254234266587438,0.058765631589735356,0.5148287093688273,0.6066727216021514,0.7904465120061754,,UBE2N
ENSG00000179119,15.867395813907999,-0.04757568215210053,0.09279004486120489,-0.512723991277988,0.6081444050924352,0.7919916338824188,,SPTY2D1
ENSG00000009307,37.63588420379384,0.03360155196828181,0.06555003061196633,0.5126092490664338,0.6082246820871915,0.7919916338824188,,CSDE1
ENSG00000101266,10.577678822431483,0.04456273262217175,0.08709359225522297,0.5116648822060654,0.6088855679469835,0.7926136740392892,,CSNK2A1
ENSG00000001561,8.793001585334975,-0.05583335563579675,0.10926872528371097,-0.51097288351107,0.6093700445806332,0.7927988462429363,,ENPP4
ENSG00000267364,8.63371989122663,-0.04788525159809324,0.09372037611056688,-0.5109374672333845,0.6093948445542112,0.7927988462429363,,ENSG00000267364
ENSG00000095139,9.124857844636274,-0.05232747761533903,0.1024669442171703,-0.5106766676327853,0.609577481268835,0.7927988462429363,,ARCN1
ENSG00000126653,24.00212031345791,-0.03421668990988064,0.0670436497044615,-0.5103643680007421,0.6097962152144056,0.7928450190002203,,NSRP1
ENSG00000174243,7.518439956131337,0.057369873951561574,0.11254717461875238,0.5097406855916107,0.6102331452691094,0.7931747730788334,,DDX23
ENSG00000165119,145.38806078803103,0.015752042995486885,0.030942170246242864,0.5090800958733516,0.6106960827939294,0.7935381231979977,,HNRNPK
ENSG00000002330,14.552307890221403,-0.03524198159394408,0.06931508519843452,-0.5084316277337566,0.6111506770353918,0.793807037256019,,BAD
ENSG00000084072,22.232173229116004,0.03145924049312997,0.061895773233457144,0.5082615314372547,0.6112699441037799,0.793807037256019,,PPIE
ENSG00000173674,51.68315244888889,-0.023198125635533907,0.04568578995430647,-0.5077755174800734,0.611610781176817,0.7940113561812442,,EIF1AX
ENSG00000114861,39.35442197301572,-0.029030815230009693,0.05728018056750577,-0.5068212938993153,0.6122802139779304,0.7946420173612792,,FOXP1
ENSG00000106330,9.179478939535816,-0.04541864903487673,0.08981254455241212,-0.5057049576005684,0.6130637874824574,0.7951067932190738,,MOSPD3
ENSG00000100345,33.6547871760566,-0.02970106685750726,0.058748306653529266,-0.5055646460190013,0.6131623056430454,0.7951067932190738,,MYH9
ENSG00000090266,177.78865648762726,0.01777555098062705,0.035184752363486525,0.5052060846411947,0.6134140971299995,0.7951067932190738,,NDUFB2
ENSG00000068697,48.63945297746455,-0.027825471996680808,0.05509683587604885,-0.5050284930931365,0.6135388236060708,0.7951067932190738,,LAPTM4A
ENSG00000168556,9.079759007458918,0.05476390765484146,0.10853893917676966,0.5045553980000798,0.6138711433524516,0.7951067932190738,,ING2
ENSG00000016864,9.224490947794374,-0.043828144925334954,0.08687690593800668,-0.5044855643985491,0.6139202038156597,0.7951067932190738,,GLT8D1
ENSG00000101290,10.028095806283467,0.04312616067699327,0.08548648388030224,0.5044792898182398,0.6139246120048361,0.7951067932190738,,CDS2
ENSG00000052841,14.592590093472637,0.04054721571504794,0.0805526446492492,0.5033629360228071,0.6147091252677959,0.7957591885834085,,TTC17
ENSG00000170873,15.793615664337853,-0.054067032820160114,0.10743805382696632,-0.5032391307761162,0.6147961560976045,0.7957591885834085,,MTSS1
ENSG00000165355,9.410019171614852,0.05641438979012007,0.11265810543380002,0.5007574872033527,0.6165418085359091,0.7974367574595512,,FBXO33
ENSG00000110324,30.70671604316479,-0.03747714548872773,0.07486080777673818,-0.5006243801228815,0.6166355009158458,0.7974367574595512,,IL10RA
ENSG00000112245,19.691079095970203,0.045755914665201326,0.09140018777791135,0.5006107293387765,0.6166451098820565,0.7974367574595512,,PTP4A1
ENSG00000125944,53.117946252005616,0.024085493698578795,0.048169484479069796,0.5000156003131864,0.617064092836096,0.7977401642371639,,HNRNPR
ENSG00000181555,16.1114303399637,0.05066987782166037,0.10152528002866577,0.499086314338199,0.6177185784228236,0.7979109194197417,,SETD2
ENSG00000243772,10.03997450859248,0.08911505469576024,0.17858205294112522,0.4990146166879357,0.6177690868874662,0.7979109194197417,,KIR2DL3
ENSG00000105669,90.63889179321363,0.017875259908163698,0.03583209365622641,0.4988617209940112,0.6178768025443224,0.7979109194197417,,COPE
ENSG00000156411,191.78266516896363,0.017694333139481135,0.0354751659740695,0.4987808415727998,0.617933785758159,0.7979109194197417,,ATP5MJ
ENSG00000179950,31.79973885990317,0.026225737963511138,0.052626324888239394,0.49833876903252855,0.6182452864902315,0.7980436065673276,,PUF60
ENSG00000135185,21.958503862940198,0.032045935666073916,0.06433485595175739,0.4981115631952936,0.618405410866709,0.7980436065673276,,TMEM243
ENSG00000134324,13.091514353807275,0.04562597173590764,0.09181717855954184,0.4969219535135246,0.619244089564303,0.7986278480693842,,LPIN1
ENSG00000136527,113.45076059253806,0.02569922884594289,0.05172458376890622,0.4968474750954256,0.6192966135970255,0.7986278480693842,,TRA2B
ENSG00000014216,17.419024032458868,-0.03776572976222574,0.07603571523456107,-0.4966840864943927,0.6194118461106664,0.7986278480693842,,CAPN1
ENSG00000111775,135.45941184973444,0.01538494985005413,0.031013117280518848,0.49607879501098445,0.6198388194188872,0.7989402953903858,,COX6A1
ENSG00000104408,127.01332209952785,0.02407528316262502,0.04865547892749263,0.49481134896447093,0.6207332925412925,0.7998447898508452,,EIF3E
ENSG00000101654,52.233753048067115,-0.027689911348995094,0.055988903612386176,-0.49456069975389516,0.6209102493896439,0.7998447898508452,,RNMT
ENSG00000169062,28.195628609872212,-0.03194761694869694,0.06472215029563073,-0.493611797549527,0.6215803673455614,0.8004330429219003,,UPF3A
ENSG00000127920,10.059882675739427,-0.05067057558380617,0.10269877901412892,-0.49339024348902044,0.6217368748002096,0.8004330429219003,,GNG11
ENSG00000111802,8.95146725322664,-0.044438744106791474,0.09030321972954507,-0.49210586554813807,0.6226445059379657,0.8012259092157309,,TDP2
ENSG00000176101,42.74496620351258,-0.022151873046225446,0.04502743844790195,-0.49196387380232176,0.6227448824682766,0.8012259092157309,,SSNA1
ENSG00000141552,61.430098839199125,-0.018350277008992638,0.03731757705131144,-0.49173280954873144,0.6229082409525581,0.8012259092157309,,ANAPC11
ENSG00000135048,32.89101673154844,-0.06020288042944375,0.12259318299514745,-0.4910785327421243,0.6233709041622917,0.8013698678739986,,CEMIP2
ENSG00000178585,15.909240594656868,-0.03848992450625892,0.07838278584601475,-0.4910507337908796,0.6233905651176055,0.8013698678739986,,CTNNBIP1
ENSG00000118922,14.327475120474547,-0.0454449171473024,0.09286504607267944,-0.4893651494205432,0.6245832046621442,0.8024601314316548,,KLF12
ENSG00000162924,48.506871757916585,-0.04507954005796553,0.09212543008981743,-0.48932786543319645,0.6246095961779093,0.8024601314316548,,REL
ENSG00000124222,10.92781256874793,0.04607157622153981,0.09426885663660366,0.48872531040808953,0.6250361822356265,0.8027141297086372,,STX16
ENSG00000221823,7.891762331077516,0.06027873056523506,0.12346165363076904,0.48823848371177525,0.6253809288023855,0.8027141297086372,,PPP3R1
ENSG00000043143,9.123293954578271,-0.04425964872527923,0.09065659855676257,-0.4882121040264604,0.6253996119308756,0.8027141297086372,,JADE2
ENSG00000242485,44.338828127159324,-0.025424942122711396,0.052123039618237624,-0.487787019117268,0.6257007069192251,0.8027141297086372,,MRPL20
ENSG00000136628,14.52495386829744,-0.041889176680135184,0.08588444595004059,-0.4877388008592653,0.6257348646885217,0.8027141297086372,,EPRS1
ENSG00000141759,22.32168319611021,-0.028760207982870697,0.05926976820116562,-0.48524245759248796,0.6275043679266967,0.8047455246054585,,TXNL4A
ENSG00000167283,329.64810675935183,-0.012669480919203412,0.026146399356739507,-0.48455929806402664,0.6279889915737953,0.8051284049006852,,ATP5MG
ENSG00000087191,45.49401630505845,-0.021776825342575457,0.04503944190921731,-0.48350566568896225,0.6287367378878972,0.8057056337074903,,PSMC5
ENSG00000004059,34.76833328072921,0.03842232338240587,0.07948347166086163,0.48340016584008083,0.6288116304668812,0.8057056337074903,,ARF5
ENSG00000142892,10.675692971373328,0.040876521401323425,0.08466703022785102,0.4827914867371501,0.6292437961545956,0.8060206944822188,,PIGK
ENSG00000166902,13.481753372781572,0.03466258390456419,0.07188229437777707,0.4822130985746663,0.6296545727939118,0.8063081788929436,,MRPL16
ENSG00000165169,10.514136933040017,0.041705997065089234,0.08654527194843523,0.4818980416392729,0.6298783773665821,0.8063561357589352,,DYNLT3
ENSG00000136250,36.40875821345413,0.036719881319862556,0.07624172249805782,0.4816244979354704,0.6300727200651356,0.8063663589830942,,AOAH
ENSG00000164713,8.909075190506835,0.05115011849543397,0.10661226475563715,0.4797770557887844,0.6313859293519802,0.807626967543312,,BRI3
ENSG00000115561,15.603841596193085,-0.03626834780387378,0.07567204205821028,-0.47928332337026874,0.631737084360497,0.807626967543312,,CHMP3
ENSG00000171604,27.51100400788005,0.03385582358790337,0.07068845862667117,0.4789441479649037,0.6319783626634627,0.807626967543312,,CXXC5
ENSG00000070495,12.588827815926363,-0.05465211604770735,0.11412563496680182,-0.4788767752626759,0.6320262940699095,0.807626967543312,,JMJD6
ENSG00000131165,10.490785730337523,0.042253237370392625,0.08823547015969228,0.4788690681187614,0.6320317773127746,0.807626967543312,,CHMP1A
ENSG00000138964,16.502714175518392,0.03282630552648595,0.06857900156754118,0.4786640921588282,0.6321776147606188,0.807626967543312,,PARVG
ENSG00000147443,78.49409955192192,-0.02454912730675213,0.05146552595040991,-0.4770013878884027,0.6333611333419549,0.8086848330030462,,DOK2
ENSG00000134480,24.614706789944346,-0.04298528298348908,0.09012049595881537,-0.4769756593786739,0.6333794543673038,0.8086848330030462,,CCNH
ENSG00000159199,47.77753273508403,0.020787865623067482,0.04368268579809431,0.4758834133768938,0.6341574395391341,0.8093986037135803,,ATP5MC1
ENSG00000069667,55.826654316237196,-0.03184172143392406,0.06696081816048953,-0.4755276639184254,0.6344109201864756,0.8093986037135803,,RORA
ENSG00000176463,12.166319167963524,0.047446315669107376,0.09984885952341817,0.4751813480451372,0.6346577203556443,0.8093986037135803,,SLCO3A1
ENSG00000198522,9.72177160162742,0.03925949724128975,0.08264718371554443,0.4750252274344075,0.634768992164199,0.8093986037135803,,GPN1
ENSG00000060762,23.13517771423474,-0.02682313206507068,0.05648423428046298,-0.47487820994235175,0.634873783453638,0.8093986037135803,,MPC1
ENSG00000116824,104.57109206884054,-0.04405892346989202,0.09316535644972702,-0.47291101702237,0.6362766645989524,0.8109335532388329,,CD2
ENSG00000134758,9.6794401826053,-0.051907507706830044,0.10981893571684904,-0.47266445780047833,0.6364525876586726,0.8109335532388329,,RNF138
ENSG00000114120,15.524245251887118,-0.04650989457665275,0.09846603374534113,-0.4723445517968103,0.6366808751141804,0.8109856186691371,,SLC25A36
ENSG00000104472,12.577133738096752,-0.035844639864308546,0.07607016066452704,-0.4712049974810107,0.6374943502812782,0.8117683681632917,,CHRAC1
ENSG00000157216,14.011088626404188,0.043160018358637704,0.09164299544246754,0.4709581801670057,0.6376705993499026,0.8117683681632917,,SSBP3
ENSG00000151247,21.89071134715756,-0.03168884343914295,0.06750699338235745,-0.46941571311965197,0.6387725190064937,0.8129319675709112,,EIF4E
ENSG00000164292,10.888630285569699,-0.04826227700298586,0.10329138659652808,-0.4672439647993659,0.640325342054495,0.8145919133220731,,RHOBTB3
ENSG00000170638,29.959544103391277,-0.027790073789394295,0.05952436385880921,-0.46686889179213886,0.64059368303366,0.8145919133220731,,TRABD
ENSG00000005486,13.887174601471454,-0.034411071191420645,0.07379044673471312,-0.4663350435474827,0.6409756986745412,0.8145919133220731,,RHBDD2
ENSG00000104915,18.128908424143418,-0.02894513795675468,0.062075153411455815,-0.4662918473176568,0.6410066135585633,0.8145919133220731,,STX10
ENSG00000090554,8.179307855459863,0.05256455303347188,0.11281023849383749,0.46595551729414464,0.6412473411313683,0.8145919133220731,,FLT3LG
ENSG00000205155,31.728379064970106,-0.02571225476359235,0.055191720979959995,-0.46587158919955435,0.6413074183879132,0.8145919133220731,,PSENEN
ENSG00000025800,9.267629358260011,0.049983426286269755,0.1073557019294454,0.46558706606118666,0.6415111027032854,0.8145919133220731,,KPNA6
ENSG00000198265,31.19040601181761,0.03400001707248827,0.07306099792905406,0.46536480524813,0.6416702334623481,0.8145919133220731,,HELZ
ENSG00000164733,9.498363252649401,0.042165067580061596,0.09063393492462378,0.46522384375265635,0.6417711653605147,0.8145919133220731,,CTSB
ENSG00000070081,45.54198615590871,-0.0315951120034816,0.06804637190008467,-0.4643173636042496,0.6424203855240976,0.815176835238349,,NUCB2
ENSG00000068400,9.77235457234473,0.045896054332273714,0.09898157078977711,0.4636828246517774,0.6428750043245521,0.8153446665938985,,GRIPAP1
ENSG00000087460,39.561095890090755,-0.024669166260210013,0.05321140369083905,-0.46360675624231074,0.6429295129231296,0.8153446665938985,,GNAS
ENSG00000100938,9.671048961567399,0.04096476644591263,0.08880369534873395,0.4612957409603637,0.6445864401812198,0.8172064244547724,,GMPR2
ENSG00000125375,10.709841992829302,-0.03837094931402401,0.08352425615496088,-0.45939887501464427,0.6459477559773961,0.8185850916070329,,DMAC2L
ENSG00000135317,11.655462210044012,0.04183669812446327,0.09109721034604779,0.4592533400917511,0.6460522504825554,0.8185850916070329,,SNX14
ENSG00000168497,7.619748513398445,0.050443753986361466,0.10994809492303965,0.45879607119769167,0.6463806163406454,0.8187613954642777,,CAVIN2
ENSG00000103994,17.553190988720395,0.03788615622550968,0.08270084785344071,0.4581108562834818,0.6468727997228589,0.8191450407962572,,ZNF106
ENSG00000225470,19.572059224672802,0.029612734911070058,0.06469067833324896,0.45775891788492884,0.6471256538169176,0.8192254839279702,,JPX
ENSG00000075292,16.845924978343863,0.03591538484803171,0.07852418698909426,0.4573799007052409,0.6473980085258023,0.8193305594884898,,ZNF638
ENSG00000132376,11.97709433440035,-0.038537303313138906,0.08443755603405127,-0.45640003244051625,0.6481023424260212,0.8199821156951442,,INPP5K
ENSG00000011243,11.609901680756492,-0.03905337923818655,0.08569755168563241,-0.45571172653155306,0.64859728835556,0.8203684497850067,,AKAP8L
ENSG00000138814,35.63240932814593,0.035702446010922366,0.07841946750640738,0.45527529255417665,0.648911199065339,0.8205256453406551,,PPP3CA
ENSG00000181038,19.799352507725843,0.029428617431087795,0.06477589983334026,0.45431429755207875,0.6496026268219899,0.8211282851109579,,METTL23
ENSG00000106803,113.70596250532502,-0.015150755304035873,0.03336542856961117,-0.4540854397367159,0.6497673326138017,0.8211282851109579,,SEC61B
ENSG00000149761,17.41900094226846,0.031630159043407644,0.06975244412357372,0.45346309281107805,0.6502153135989658,0.8214544998372919,,NUDT22
ENSG00000023445,8.05548754602881,-0.05631015718835536,0.12427901793418453,-0.4530946423971261,0.6504805930805333,0.8215497741562953,,BIRC3
ENSG00000184922,40.84779143231495,0.02876536665791048,0.06360861463965023,0.45222438534260545,0.6511073425794166,0.821944284439717,,FMNL1
ENSG00000105755,19.660193704366705,0.027846849302325113,0.06158989387334415,0.4521334191546174,0.6511728696693667,0.821944284439717,,ETHE1
ENSG00000143799,27.398062565720092,0.027397390819657287,0.06065713316105867,0.4516763221715557,0.6515021782411985,0.8221201298482549,,PARP1
ENSG00000213445,22.518943989140418,-0.03872477884117599,0.08598518312648473,-0.45036571922178265,0.6524467589995468,0.823072048452198,,SIPA1
ENSG00000068120,10.691554621875127,-0.03641417693468559,0.08092954154562475,-0.44994913154372407,0.6527471198956847,0.8232109553449803,,COASY
ENSG00000073578,20.51521715028605,0.02841623020438232,0.06325430617288423,0.4492378768129426,0.6532600666811833,0.8236178055155828,,SDHA
ENSG00000169019,20.704165500527115,0.03281492214654542,0.07324210440978429,0.44803357864962884,0.6541289630199092,0.824253315749569,,COMMD8
ENSG00000068796,29.71426760727663,-0.03495661211665811,0.07802620026872766,-0.4480112064443112,0.6541451089170371,0.824253315749569,,KIF2A
ENSG00000269858,10.274014627277898,0.040923580669666865,0.09148256458660424,0.44733748834648757,0.6546314033368246,0.824625933693869,,EGLN2
ENSG00000117676,20.556299086800912,0.03433785335071631,0.07741045767097285,0.44358158295183703,0.6573451235082161,0.8278033612980358,,RPS6KA1
ENSG00000088833,11.85630025994734,-0.03699115761114812,0.08353529453324862,-0.44282070013441976,0.6578954294399211,0.8280122988337005,,NSFL1C
ENSG00000122692,12.012678961324758,-0.03413238290861847,0.07708018276931611,-0.4428165798564479,0.6578984099221326,0.8280122988337005,,SMU1
ENSG00000167797,39.511218554903564,0.02878570754876132,0.06504384903243064,0.44255848903420314,0.6580851157127563,0.8280122988337005,,CDK2AP2
ENSG00000100258,9.471912772931075,0.040116002183188365,0.09073148770942913,0.44213980389764257,0.6583880425851564,0.8281526337982477,,LMF2
ENSG00000160211,29.887496387082145,-0.024407482343969406,0.055339772799460424,-0.4410477511791914,0.6591784278529095,0.8289058579830105,,G6PD
ENSG00000179335,12.174086232994958,0.03374638049763305,0.07678053216146678,0.43951740822355323,0.6602866710519881,0.8297874050420494,,CLK3
ENSG00000198301,12.676268620123475,0.0369575131402775,0.0841572866168334,0.43914810738307647,0.6605542229622199,0.8297874050420494,,SDAD1
ENSG00000170348,49.61277867638762,0.02056349811590284,0.0468524611601463,0.438898994988007,0.6607347249853996,0.8297874050420494,,TMED10
ENSG00000160888,249.80924540634874,0.04096584558840871,0.09335677588580849,0.4388095582747742,0.6607995339132584,0.8297874050420494,,IER2
ENSG00000142507,57.58890010302046,-0.017081526301042097,0.03893171781550039,-0.4387560390217667,0.6608383170267859,0.8297874050420494,,PSMB6
ENSG00000165632,15.330279084124,0.035452625285590615,0.08086114388128826,0.4384383349515608,0.6610685623240411,0.8298357032712869,,TAF3
ENSG00000055917,11.67334617826904,0.04348369185192031,0.09944295510551458,0.4372727239026803,0.6619135741337488,0.8303600189778746,,PUM2
ENSG00000164163,10.550195816456332,-0.03897279937237414,0.08916643363014694,-0.43707926610622605,0.6620538634175086,0.8303600189778746,,ABCE1
ENSG00000111530,18.220258877285033,-0.03140687103489429,0.07185806998176643,-0.43706811277931074,0.6620619518081043,0.8303600189778746,,CAND1
ENSG00000024048,15.9081833350868,-0.03621189584338577,0.08293309265447474,-0.4366398826371505,0.6623725340389363,0.8305085611304631,,UBR2
ENSG00000023734,30.40189050430754,-0.02453544150983995,0.056225515648855584,-0.4363755712454608,0.6625642600005451,0.8305085611304631,,STRAP
ENSG00000087338,15.689188803040857,-0.034867268030331515,0.08027537953204344,-0.43434572634332524,0.6640374033462146,0.832114058580675,,GMCL1
ENSG00000027075,50.02976487180541,0.0260307074715436,0.06003982874087035,0.4335573238206784,0.6646099306567317,0.832590379256421,,PRKCH
ENSG00000114302,11.386675146682633,0.03993569327482511,0.09254222616595925,0.43154022687121246,0.666075609650404,0.8341849965144134,,PRKAR2A
ENSG00000070761,8.667017387326316,0.044232240158802595,0.10272169817731193,0.4306026958632596,0.6667572806577832,0.8344420108720438,,CFAP20
ENSG00000183207,7.932526644534446,0.041350011195001216,0.0960637623670329,0.4304433865187825,0.6668731405316282,0.8344420108720438,,RUVBL2
ENSG00000100906,232.8391564221498,0.055646154856184536,0.12936673210829955,0.43014269549299794,0.6670918437927249,0.8344420108720438,,NFKBIA
ENSG00000106211,21.48401783351629,0.03368928474359157,0.07834904889614591,0.42998970910607687,0.6672031270836377,0.8344420108720438,,HSPB1
ENSG00000084754,28.12081054844449,-0.025961312420232016,0.06040649913219185,-0.4297768086744942,0.6673580044217704,0.8344420108720438,,HADHA
ENSG00000153283,42.63523287336267,-0.025494760437646993,0.05933963967759217,-0.42964130851091636,0.6674565832541437,0.8344420108720438,,CD96
ENSG00000173660,123.30450668444,-0.01358026314276172,0.03165736929559566,-0.4289763630059772,0.6679404263557542,0.8344420108720438,,UQCRH
ENSG00000161920,8.550371980291212,-0.0463900252647395,0.10814247476011303,-0.42897136733410385,0.6679440619452539,0.8344420108720438,,MED11
ENSG00000145247,39.11740182381777,-0.02241804119951467,0.052272112630638995,-0.428871917956009,0.668016437638262,0.8344420108720438,,OCIAD2
ENSG00000166012,32.86928511407879,0.031154741122822762,0.07273506583962248,0.4283317924193202,0.6684095755419105,0.8346492628255096,,TAF1D
ENSG00000055950,21.260158016772465,-0.02518097423696214,0.058841634542306974,-0.42794484607420424,0.6686912757665611,0.8346492628255096,,MRPL43
ENSG00000119421,15.62841534983126,0.03167861435340456,0.07409829663036177,0.4275214923149023,0.6689995343382295,0.8346492628255096,,NDUFA8
ENSG00000197324,22.771806419553403,-0.02784998005686534,0.06514386883177808,-0.4275149842386968,0.6690042735300734,0.8346492628255096,,LRP10
ENSG00000163736,25.556391079036306,-0.036708405701433015,0.08590393837160717,-0.427319240506042,0.6691468206012694,0.8346492628255096,,PPBP
ENSG00000118007,14.314620271443227,-0.03614665883112384,0.08477163718465452,-0.4264003861620259,0.6698161200619184,0.8348734762844334,,STAG1
ENSG00000163159,7.631807599271528,0.03958166474839883,0.09293566465558845,0.4259039292943679,0.6701778516310768,0.8348734762844334,,VPS72
ENSG00000180957,11.885771887590034,0.036050707995659736,0.084704278210984,0.4256066961088262,0.6703944601834531,0.8348734762844334,,PITPNB
ENSG00000241258,10.570972109647617,0.04581817829988938,0.10766361500137688,0.4255678977461738,0.6704227364953788,0.8348734762844334,,CRCP
ENSG00000123636,14.692114148701048,-0.04184502137990895,0.09833373828127488,-0.42554083787819597,0.6704424580490216,0.8348734762844334,,BAZ2B
ENSG00000172340,18.289715164370843,-0.032686221087331435,0.07682135944196196,-0.42548350256709094,0.670484245456068,0.8348734762844334,,SUCLG2
ENSG00000169288,18.11342473759538,-0.030672278789002517,0.07222813554061701,-0.4246583212957804,0.6710857710405784,0.8353820861025842,,MRPL1
ENSG00000244187,19.641428279378058,0.029399501623033907,0.06940649706009863,0.42358428775878243,0.6718690161362455,0.8361165466843642,,TMEM141
ENSG00000083535,7.3126870382673275,-0.05299905337496262,0.12544068947005194,-0.4225028864148245,0.6726579943348652,0.8368577175063144,,PIBF1
ENSG00000198668,483.06003045688715,0.014775663966264414,0.03499726138871828,0.4221948626822411,0.6728827909795296,0.8368967624514012,,CALM1
ENSG00000111670,48.31147177489347,0.024744723328211777,0.05877969645019471,0.4209739897037153,0.6737740751581635,0.8377644894279808,,GNPTAB
ENSG00000136152,8.042154898750029,-0.04874818077553473,0.11591752435643529,-0.4205419417485034,0.6740895965862725,0.8379160254032754,,COG3
ENSG00000011009,13.60429818844229,0.03363074214822932,0.08017274594820223,0.419478486741085,0.6748664740597294,0.8383593525471388,,LYPLA2
ENSG00000167578,15.995228053893204,0.032389715922030146,0.07730973685857732,0.41896036952344884,0.6752450958073015,0.8383593525471388,,RAB4B
ENSG00000162496,13.07175550893192,-0.03935828212168341,0.09400865186960156,-0.4186665943925766,0.6754598128093967,0.8383593525471388,,DHRS3
ENSG00000091140,11.053799701072732,-0.03610673890059751,0.08630626696259817,-0.41835593371504287,0.6756869000020818,0.8383593525471388,,DLD
ENSG00000136718,14.019659319381157,0.029333325165417007,0.07013693560700843,0.4182293525023337,0.6757794369849164,0.8383593525471388,,IMP4
ENSG00000168234,13.003364308053504,-0.035036061183294345,0.08379673506579961,-0.41810771214156517,0.6758683665821887,0.8383593525471388,,TTC39C
ENSG00000175581,13.512506743996772,-0.03153183790027609,0.07544966400829949,-0.4179188643809942,0.6760064395478904,0.8383593525471388,,MRPL48
ENSG00000180817,19.840565325215263,-0.033606117974613776,0.08041734580374738,-0.41789638340746826,0.6760228768716279,0.8383593525471388,,PPA1
ENSG00000148291,11.124073466722228,-0.03279979603555543,0.07869243697341155,-0.4168100175451138,0.6768173745734476,0.8383593525471388,,SURF2
ENSG00000007392,12.869845337674578,0.04073781842120614,0.09774444010378591,0.416778881519505,0.6768401507560948,0.8383593525471388,,LUC7L
ENSG00000088179,52.408364656839694,0.01876002845207225,0.04501329257545502,0.4167664122908834,0.6768492721517685,0.8383593525471388,,PTPN4
ENSG00000103254,26.970433786546465,0.024225030284877228,0.058141155829503854,0.41665890433819314,0.6769279175210715,0.8383593525471388,,ANTKMT
ENSG00000114126,35.62162185282176,-0.029741482044068096,0.0713895730598636,-0.4166082071835397,0.6769650052691709,0.8383593525471388,,TFDP2
ENSG00000067955,12.163526112676278,0.039449282261608196,0.09497392511618574,0.41536961027301095,0.6778713499739897,0.8392415826430482,,CBFB
ENSG00000129355,63.048259031199414,-0.023068392526377313,0.05570588911127201,-0.4141104808559542,0.6787931974312904,0.8401424957909592,,CDKN2D
ENSG00000221914,11.983683834133066,0.035898814416765144,0.08679033529102685,0.413626866360046,0.6791473943737505,0.8403405134272857,,PPP2R2A
ENSG00000172428,87.87487130307689,-0.014857568935211783,0.03600005144976433,-0.41270965837214235,0.6798193476923418,0.8406092452384285,,COPS9
ENSG00000197976,17.46318528999197,0.03246953356835131,0.07871923591707086,0.4124726718963242,0.6799930071056248,0.8406092452384285,,AKAP17A
ENSG00000234608,16.872795597354205,-0.029095555841463058,0.07059639965934329,-0.4121393722889708,0.6802372717688612,0.8406092452384285,,MAPKAPK5-AS1
ENSG00000137575,33.86974815824016,0.02778066582149855,0.06741957267375363,0.4120563913380236,0.6802980910820592,0.8406092452384285,,SDCBP
ENSG00000115419,12.401736071147797,-0.042073614103140616,0.10211924189116402,-0.4120047634899362,0.6803359317829851,0.8406092452384285,,GLS
ENSG00000110046,25.346481232511053,-0.045408162448587606,0.11038944593831189,-0.4113451432119943,0.6808194721650422,0.840781385330089,,ATG2A
ENSG00000148572,9.340419792503866,-0.041726753746995304,0.10145469911613526,-0.411284584257952,0.6808638720121635,0.840781385330089,,NRBF2
ENSG00000265681,221.07219450883747,-0.03476676443652029,0.08460413099966511,-0.4109345965229276,0.6811204932478108,0.8408583093532888,,RPL17
ENSG00000108946,42.24858751294863,-0.028445373320599324,0.06931140346545862,-0.41039961533566544,0.6815128284114558,0.8411026835528719,,PRKAR1A
ENSG00000174579,11.286870145802252,-0.046897333202746735,0.11434980167820138,-0.410121683767527,0.6817166870224127,0.8411143726107727,,MSL2
ENSG00000179526,17.777388174020412,-0.02529295467914925,0.06181477575310387,-0.4091732821319703,0.6824125001745752,0.8417328643829495,,SHARPIN
ENSG00000197912,11.958694695422743,-0.03274925192235631,0.0803958172541564,-0.4073501960783065,0.6837508005162828,0.8431432641305089,,SPG7
ENSG00000162664,16.611760919728095,-0.04014018336521898,0.09887680812389335,-0.40596156092461083,0.6847708441856444,0.8439561653223678,,ZNF326
ENSG00000073584,34.14961874195486,0.020194891275181658,0.04977284554569257,0.4057411436652201,0.6849328080691723,0.8439561653223678,,SMARCE1
ENSG00000135968,44.141060922863005,0.029661423123215604,0.07311959276323064,0.4056562954236162,0.6849951589119843,0.8439561653223678,,GCC2
ENSG00000136986,21.63085420220981,0.025457546783423504,0.06282150045320244,0.4052362105293485,0.6853038904620379,0.8440372310570889,,DERL1
ENSG00000170445,12.447194954808339,-0.030091520472103686,0.07429345481371032,-0.4050359556916246,0.6854510815656599,0.8440372310570889,,HARS1
ENSG00000244734,22.53080817418586,0.06625536701435604,0.1637696303891569,0.4045644290514487,0.6857977097335433,0.8441392393640278,,HBB
ENSG00000111605,13.202540117282018,0.031116565340961487,0.07697973009108122,0.4042176466992655,0.6860526782170495,0.8441392393640278,,CPSF6
ENSG00000130816,31.232750374418714,-0.029534731398341698,0.07308276028088864,-0.40412720161125487,0.6861191830005282,0.8441392393640278,,DNMT1
ENSG00000100347,10.570536098805542,0.03246077034926681,0.08038183952069394,0.40383214097644443,0.6863361596483142,0.8441661633877929,,SAMM50
ENSG00000083312,8.607223289950086,0.04274444409336194,0.10592301051615814,0.4035425719592954,0.6865491231022772,0.8441881374434651,,TNPO1
ENSG00000176390,9.963501898421487,-0.04112139200634722,0.1021838083467699,-0.4024257137373281,0.6873707491465995,0.8449583044196977,,CRLF3
ENSG00000105443,9.197846188630837,0.03687350285657647,0.09186956234166126,0.40136800390367133,0.6881492027415428,0.8450472129218872,,CYTH2
ENSG00000065548,48.75710527160617,0.0177737797822842,0.04428474582149038,0.4013521914279338,0.6881608429216516,0.8450472129218872,,ZC3H15
ENSG00000145439,10.49939780455654,-0.03539520135985297,0.08826114503224965,-0.4010281233822647,0.688399418317071,0.8450472129218872,,CBR4
ENSG00000137880,40.141453603936945,0.034999066049644104,0.08729639487199817,0.40092223855249565,0.6884773763069969,0.8450472129218872,,GCHFR
ENSG00000100567,32.00368561112248,0.022380091497321238,0.05583684302943187,0.4008122645029301,0.6885583484996521,0.8450472129218872,,PSMA3
ENSG00000173875,11.356169519512957,0.04208035731886799,0.10504172205083612,0.4006061258068745,0.6887101348497158,0.8450472129218872,,ZNF791
ENSG00000110651,11.828307179005884,0.03768189118290535,0.09410056502658523,0.40044277281713975,0.6888304256527357,0.8450472129218872,,CD81
ENSG00000140365,14.996763199166057,-0.03147014675110781,0.0786350435498849,-0.40020511632505956,0.6890054465422737,0.8450472129218872,,COMMD4
ENSG00000182158,10.674830196518338,0.03316789583818381,0.0830995493545802,0.39913448503383125,0.6897941136993709,0.8456057517029351,,CREB3L2
ENSG00000126870,11.64104984364805,-0.04130781773256465,0.10351375160021736,-0.3990563291735425,0.6898516994479688,0.8456057517029351,,DYNC2I1
ENSG00000151702,17.598262650753938,0.0331915866074504,0.08328415612955832,0.3985342248748607,0.6902364353673092,0.8457934937510344,,FLI1
ENSG00000153048,29.65230859157507,-0.024319540084342332,0.06108590783947225,-0.398120302120281,0.6905415097761305,0.8457934937510344,,CARHSP1
ENSG00000005448,13.364786618857643,-0.03007023694317119,0.07554333770351059,-0.3980527980003959,0.6905912672573156,0.8457934937510344,,WDR54
ENSG00000189043,184.2891093497449,0.010992670895430117,0.027709330426603833,0.39671369629617653,0.6915785990641161,0.8467630441851812,,NDUFA4
ENSG00000177885,29.49399645852235,0.02577280803663127,0.06510908267543705,0.3958404415725899,0.6922227403923226,0.8473119653967693,,GRB2
ENSG00000165071,16.80989406111298,-0.03565348505973204,0.0902336857895328,-0.395123891346882,0.6927514577009588,0.8475043712068145,,TMEM71
ENSG00000100599,32.27337325985356,-0.02228730474739306,0.05645994618792449,-0.39474541249491685,0.6930307844250365,0.8475043712068145,,RIN3
ENSG00000143185,99.34781379369893,0.044999561223427485,0.11403561310599418,0.3946097188217961,0.6931309398669262,0.8475043712068145,,XCL2
ENSG00000229833,73.35153260970903,-0.022872810165058734,0.0579695766265992,-0.3945657618372807,0.693163385648467,0.8475043712068145,,PET100
ENSG00000167615,15.253087423394685,0.03271832141167657,0.08311792588919083,0.3936373659671825,0.6938487899063406,0.8480012541620643,,LENG8
ENSG00000115128,67.58287408708266,-0.015173963790071245,0.038592533341025706,-0.3931839264343032,0.6941836405518708,0.8480012541620643,,SF3B6
ENSG00000104325,27.569010493826504,0.021706886010785485,0.055216642147912144,0.39312216691188756,0.6942292526121312,0.8480012541620643,,DECR1
ENSG00000198492,22.204755663500958,-0.023880546554789737,0.060771912896818395,-0.3929536757438478,0.6943536962089656,0.8480012541620643,,YTHDF2
ENSG00000079616,8.495314721662357,-0.036140908217601964,0.09209976714471502,-0.39241041902759954,0.6947549888839677,0.8480255079367062,,KIF22
ENSG00000143771,13.441480275890582,0.030275543919929565,0.07715555655591404,0.3923961574690879,0.6947655247597928,0.8480255079367062,,CNIH4
ENSG00000084676,14.720590838929535,0.03346700080210557,0.08543763309969223,0.3917126398276374,0.6952705496781924,0.8484026137782117,,NCOA1
ENSG00000159592,12.370196990127505,0.034698164611885046,0.08878927766701146,0.39079228397390947,0.6959507788547767,0.8485044916868101,,GPBP1L1
ENSG00000166136,98.35734676545033,0.01217889894421385,0.031175229577490284,0.3906594789924974,0.6960489543884585,0.8485044916868101,,NDUFB8
ENSG00000169249,24.03480758512009,0.024590482270789783,0.0629642794165365,0.39054655272258243,0.6961324386739162,0.8485044916868101,,ZRSR2
ENSG00000130332,78.87911474336052,0.0150294298538153,0.03850725150257625,0.3903012878706699,0.6963137710866483,0.8485044916868101,,LSM7
ENSG00000164674,49.10147363355116,-0.03802271142901961,0.09744703518158157,-0.39018848914354937,0.6963971727426255,0.8485044916868101,,SYTL3
ENSG00000172500,28.328583190763375,0.022031183665362542,0.05648905183208411,0.3900080272342168,0.6965306111558931,0.8485044916868101,,FIBP
ENSG00000065135,18.494747254929248,0.025341947127841827,0.06514347908262547,0.3890174041165208,0.6972632718480423,0.8491579446345283,,GNAI3
ENSG00000178927,26.52998844893548,0.024394532529870616,0.06281249686884749,0.38837068650218454,0.6977417338741532,0.849313602635444,,CYBC1
ENSG00000033800,10.81982308912417,-0.03372541672839988,0.08689540231295066,-0.38811508814861123,0.6979308667200188,0.849313602635444,,PIAS1
ENSG00000137714,15.919049014890446,0.02604842180137817,0.06712666798444326,0.38804878274927845,0.6979799332035218,0.849313602635444,,FDX1
ENSG00000108622,34.70267195022826,0.03191449340551501,0.08231278889309923,0.38772217336679976,0.6982216449725888,0.8493688664032588,,ICAM2
ENSG00000100941,72.87970056419377,0.023218452157091177,0.06019488640380595,0.38572133854252344,0.6997030576626717,0.8509317398837495,,PNN
ENSG00000115211,8.312738026044162,0.036318481363045836,0.094353007982242,0.38492128804077197,0.7002957332744443,0.8513272174380122,,EIF2B4
ENSG00000105438,12.602348043699953,0.029131903050162028,0.07571683564470541,0.3847480260118228,0.70042410945399,0.8513272174380122,,KDELR1
ENSG00000169895,38.956216549956395,-0.03344227490380327,0.0869792426540812,-0.38448569892478945,0.7006184934820341,0.8513272174380122,,SYAP1
ENSG00000069329,13.132216327823807,-0.030914807104219698,0.08053910439402476,-0.3838484092519073,0.7010908059466724,0.851661964438869,,VPS35
ENSG00000105221,10.222930062370848,-0.0338795552981224,0.08835778007466318,-0.3834360173998696,0.7013965021966779,0.8517941804673099,,AKT2
ENSG00000099917,12.06162399297767,0.029931166920757653,0.07818884050051296,0.38280612334392256,0.7018635209416778,0.8521221815697643,,MED15
ENSG00000156471,8.328326921348003,0.03647058282886008,0.09581629416010383,0.3806302795213486,0.7034776098271687,0.8538422490104233,,PTDSS1
ENSG00000172890,10.83976653550743,-0.03419791944195596,0.09000273610089049,-0.37996533131638427,0.7039711501540192,0.8540784611854263,,NADSYN1
ENSG00000074603,12.302110108588844,-0.033773855537901465,0.0889168894797355,-0.37983622386609306,0.7040669912291231,0.8540784611854263,,DPP8
ENSG00000133639,436.80507967993526,-0.021930509573903426,0.057800616177108924,-0.37941653609202663,0.7043785729302126,0.854216952093338,,BTG1
ENSG00000214022,7.195021014532093,-0.04181127428820891,0.11043708781444539,-0.3785981241959181,0.7049863153227204,0.8546154002700566,,REPIN1
ENSG00000120699,16.404892747365594,-0.02482492670185338,0.06559767516101683,-0.37844217254525897,0.7051021444335803,0.8546154002700566,,EXOSC8
ENSG00000160404,11.524089259766718,-0.03083816452674983,0.08160106863921253,-0.37791373374160536,0.7054946796911332,0.8548517163325493,,TOR2A
ENSG00000204642,95.54148329401184,0.021849987143702065,0.05796660456963044,0.3769409525696041,0.7062174865662438,0.8554879799474068,,HLA-F
ENSG00000119397,13.244370828680157,0.034624964794956886,0.09212982256373314,0.3758279765599699,0.7070447877084414,0.855530889083748,,CNTRL
ENSG00000177721,19.76159970931152,-0.027992372834885922,0.07449611519332194,-0.3757561419443687,0.7070981959613345,0.855530889083748,,ANXA2R
ENSG00000073921,12.012563543188369,0.033563330837239676,0.08933642959998132,0.3756959057746661,0.7071429820075382,0.855530889083748,,PICALM
ENSG00000169032,13.149519560688175,0.029819093733160933,0.07944912670369736,0.3753231151850185,0.707420177161838,0.855530889083748,,MAP2K1
ENSG00000136240,36.58043563373107,-0.0235445868542403,0.06280543046281764,-0.37488138654155506,0.7077486826537054,0.855530889083748,,KDELR2
ENSG00000155926,22.5300535203024,-0.03961454485033278,0.10568026889424187,-0.3748528014248006,0.707769942755637,0.855530889083748,,SLA
ENSG00000172115,93.74887495905087,0.016370134649820598,0.04367855061476521,0.37478658104297985,0.7078191948575319,0.855530889083748,,CYCS
ENSG00000008018,98.25109737084428,0.012239676542880057,0.03266135943375088,0.37474485921832407,0.7078502265288922,0.855530889083748,,PSMB1
ENSG00000127054,11.821593957890732,0.028515011374358155,0.07614155914884092,0.3744999668133566,0.70803238128239,0.855530889083748,,INTS11
ENSG00000117450,25.940825441944714,0.026556545439220293,0.07099885285056035,0.3740418946643685,0.7083731472662269,0.8556478408871636,,PRDX1
ENSG00000139192,17.959575616499944,0.03113693213488088,0.08331241554041809,0.37373699865628246,0.7085999958461786,0.8556478408871636,,TAPBPL
ENSG00000111711,8.253078253185548,-0.04235725340590718,0.11340960418383832,-0.3734891212321451,0.7087844405393147,0.8556478408871636,,GOLT1B
ENSG00000235162,117.71868936087313,0.02032625876117494,0.05447554409826517,0.37312631012018194,0.7090544377595334,0.8556478408871636,,C12orf75
ENSG00000168259,34.62669931240514,0.019714436851471534,0.052847903692865295,0.3730410380333226,0.7091179009524772,0.8556478408871636,,DNAJC7
ENSG00000095794,36.31358052630722,-0.04981261710812226,0.13389655872488965,-0.37202313175553436,0.7098756268146823,0.8563233446409618,,CREM
ENSG00000039650,19.1764074053596,-0.028965370001132716,0.07805342150681432,-0.3710967365934617,0.7105654815926377,0.8569166217534401,,PNKP
ENSG00000071626,17.85904093968589,-0.027602570782021555,0.07463044601848048,-0.3698567039943246,0.711489262601189,0.8577915963430885,,DAZAP1
ENSG00000152518,215.47758899144011,0.028022420694373266,0.07588046490470968,0.3692969030904554,0.711906433647598,0.8580554703045004,,ZFP36L2
ENSG00000116560,43.08677785541252,0.02421726146818739,0.06581995768670468,0.3679318905590722,0.712924020407677,0.8590426723208071,,SFPQ
ENSG00000163349,14.48565591738003,0.03530041093323685,0.09668601293917818,0.36510359523712205,0.7150340772810426,0.8611983513108252,,HIPK1
ENSG00000112739,53.38152552171386,0.027460014718325765,0.07523540764717736,0.36498791695396626,0.7151204258612216,0.8611983513108252,,PRP4K
ENSG00000185825,51.891867986216184,-0.015635942540780996,0.04292871070575158,-0.36423042490037083,0.7156859493041325,0.8611983513108252,,BCAP31
ENSG00000138468,11.071253349489629,0.036264721983170926,0.09960429752897391,0.3640879247466393,0.7157923535810662,0.8611983513108252,,SENP7
ENSG00000145779,27.0922150042301,-0.02679132473529301,0.07361700925348501,-0.3639284590201512,0.715911432526807,0.8611983513108252,,TNFAIP8
ENSG00000175348,34.12091976548712,0.017626079653915067,0.048465709822381006,0.36368145062791407,0.7160958964553826,0.8611983513108252,,TMEM9B
ENSG00000082074,93.22774068141958,-0.017311456344862777,0.047618689189371344,-0.36354331964112013,0.7161990588174619,0.8611983513108252,,FYB1
ENSG00000111653,14.300563769398488,0.027485745289837084,0.07563472811377428,0.36340112505582595,0.7163052614669887,0.8611983513108252,,ING4
ENSG00000132383,12.189273507319323,-0.030145822798163732,0.08309509666308618,-0.3627870236482388,0.7167639860778865,0.8615104910441708,,RPA1
ENSG00000116898,22.315752388955573,-0.02010775224741946,0.05547851352490914,-0.3624421594928159,0.717021639294502,0.8615808478831742,,MRPS15
ENSG00000123064,10.309527012290372,-0.03272505422182426,0.09055452755465244,-0.36138506936689263,0.7178116078351855,0.8622608982991486,,DDX54
ENSG00000027869,29.450297455982476,0.032610568072197206,0.09053146472689987,0.36021253130689196,0.7186882042259929,0.8622608982991486,,SH2D2A
ENSG00000160752,32.12169287459677,0.019868414092229673,0.05517708076596944,0.3600845462720375,0.7187839090307503,0.8622608982991486,,FDPS
ENSG00000083520,7.968417280520685,-0.042024680654842855,0.11678193279471766,-0.3598560123911884,0.718954813342395,0.8622608982991486,,DIS3
ENSG00000159346,9.785476174863476,0.03235003133233274,0.0899162509763415,0.35977958356876544,0.7190119721850359,0.8622608982991486,,ADIPOR1
ENSG00000104904,290.95408666382514,-0.011401307707510454,0.0317007020604768,-0.35965473842691825,0.7191053435331578,0.8622608982991486,,OAZ1
ENSG00000163659,11.406795766077998,0.04303513988806276,0.11982099436842644,0.3591619324718505,0.719473952716501,0.8622608982991486,,TIPARP
ENSG00000006831,7.37336405553417,-0.038447185900604294,0.10706636834763979,-0.35909675927148266,0.7195227058782045,0.8622608982991486,,ADIPOR2
ENSG00000005022,74.58034639289865,-0.014963491350810916,0.04168044177696725,-0.35900510438159006,0.7195912707402261,0.8622608982991486,,SLC25A5
ENSG00000160818,9.214862453417284,0.03585907937253329,0.09994971863481308,0.35877118877694736,0.7197662677139686,0.8622608982991486,,GPATCH4
ENSG00000213625,11.07827255464326,0.029394942455008722,0.08194426830838716,0.358718712874273,0.7198055280106215,0.8622608982991486,,LEPROT
ENSG00000197579,14.115766839235532,0.02796014353253251,0.07799485691767039,0.3584870161637274,0.7199788827258664,0.8622608982991486,,TOPORS
ENSG00000153815,13.835318217659708,0.035732145805694934,0.09994963465416569,0.3575015149313074,0.7207163922794465,0.8629053208060777,,CMIP
ENSG00000004142,10.327387029708527,-0.02872873477033157,0.08050659866166399,-0.3568494415105846,0.7212045207520978,0.86308677167766,,POLDIP2
ENSG00000185753,10.33015128436433,-0.03604237670221446,0.10106282412231085,-0.35663338141623996,0.7213662838670767,0.86308677167766,,CXorf38
ENSG00000241837,83.58874404060118,0.012124671792881313,0.03401032350036921,0.3564997490467766,0.7214663399949379,0.86308677167766,,ATP5PO
ENSG00000160446,16.823922585137527,-0.024927998060547008,0.06999307639978548,-0.3561494842456076,0.7217286204760849,0.8631618962963017,,ZDHHC12
ENSG00000125691,490.4695979578107,0.012955196119227037,0.036432722431756444,0.3555923152186587,0.722145899550362,0.8634223010097862,,RPL23
ENSG00000174501,19.772327944269016,0.036891358879857346,0.10385107146203487,0.3552333005379133,0.7224148192422213,0.8635052273096938,,ANKRD36C
ENSG00000072736,25.52185013939251,0.023418226639884288,0.06605400275579044,0.35453152970099744,0.722940579209562,0.863895025197397,,NFATC3
ENSG00000114331,25.057100961091965,0.022450684684111863,0.06337364216287877,0.35425902501249007,0.723144772379615,0.8639004500515169,,ACAP2
ENSG00000156265,11.496926630544257,-0.03720403470304239,0.1051873444174475,-0.35369306934296296,0.723568917163105,0.8641685632251602,,MAP3K7CL
ENSG00000020426,21.122558122134524,-0.02769083046767285,0.07871585480013409,-0.35178212239430173,0.7250016669306414,0.8654391847042262,,MNAT1
ENSG00000104960,8.069928522835346,0.038297418189526485,0.10896472740998014,0.35146619552795577,0.7252386288902604,0.8654391847042262,,PTOV1
ENSG00000204256,35.00646899637212,-0.023446947510896345,0.06671980548000407,-0.3514240987696434,0.7252702056860241,0.8654391847042262,,BRD2
ENSG00000089006,13.246776426020686,-0.02646268549926635,0.07534776945624705,-0.3512072844390265,0.7254328456025487,0.8654391847042262,,SNX5
ENSG00000142599,9.597292623741353,0.0401842972607309,0.11463777968312722,0.35053275954755225,0.7259389091873856,0.8658042061890345,,RERE
ENSG00000182359,10.532844413083374,-0.027733324308029883,0.07918351794625178,-0.3502411237507119,0.7261577465664193,0.8658265553576456,,KBTBD3
ENSG00000244045,7.761447843075895,0.03243333915782037,0.09273904827250469,0.34972689241448923,0.7265436694127083,0.8660480599307958,,TMEM199
ENSG00000104231,11.810258526107539,-0.030570923560577924,0.08749797898021476,-0.34939005354044456,0.7267964995268681,0.8661108381858326,,ZFAND1
ENSG00000123545,10.877755829658302,-0.028473367101243614,0.08201768789101302,-0.34716129939043977,0.7284701434584677,0.867866274984799,,NDUFAF4
ENSG00000197061,51.7036012602607,-0.03359509389898454,0.0969040221201597,-0.3466842052987963,0.7288285775039325,0.8680542953095282,,H4C3
ENSG00000183648,82.4051368313315,0.02044618939535249,0.0592080028822501,0.3453281380899613,0.7298476951467001,0.8690288874242629,,NDUFB1
ENSG00000145725,10.166282959885942,0.03388255865117398,0.09866317783492673,0.3434164537844388,0.7312851830274325,0.8705009592736452,,PPIP5K2
ENSG00000125347,114.54981910229115,-0.028752195237830562,0.08392838333111156,-0.34258011529184734,0.7319143635007894,0.8706222803417334,,IRF1
ENSG00000171700,29.186380986754827,0.02182906335491621,0.06372495860850802,0.34255123630636264,0.7319360924885578,0.8706222803417334,,RGS19
ENSG00000110321,62.35453194321285,0.019625431265361915,0.057304104435841295,0.34247863147979046,0.7319907224135027,0.8706222803417334,,EIF4G2
ENSG00000099331,12.957756188228693,0.03294925979575626,0.09640050022275344,0.3417955271976819,0.732504775874628,0.8708030221318853,,MYO9B
ENSG00000128284,10.310984080661225,0.03188540769753016,0.09334987667544624,0.34156882508144715,0.7326754015600652,0.8708030221318853,,APOL3
ENSG00000053501,11.065681659205303,-0.029895922661377923,0.08754951349949486,-0.3414744578969067,0.7327464302246809,0.8708030221318853,,USE1
ENSG00000105698,11.512776886501332,-0.027907327061179005,0.08181172185889121,-0.3411164858418888,0.7330158908475373,0.8708840636181476,,USF2
ENSG00000137574,8.626149609433927,0.035259647446387245,0.10351771446981681,0.34061462453045255,0.7333937183633878,0.8709991208774531,,TGS1
ENSG00000125482,10.795181406777935,0.03135198595107221,0.09211144607736818,0.3403701416731466,0.7335778012831298,0.8709991208774531,,TTF1
ENSG00000178952,43.63908609381473,-0.017458261272271212,0.05137611332553146,-0.33981280681260284,0.733997502796288,0.8709991208774531,,TUFM
ENSG00000050130,11.555267347003538,0.0273402499247137,0.08052926406612787,0.33950701327982863,0.7342278146696092,0.8709991208774531,,JKAMP
ENSG00000197872,8.260322954179978,0.03289735152256095,0.09692583855034172,0.33940744815402957,0.7343028084364986,0.8709991208774531,,CYRIA
ENSG00000102974,10.853396981521605,-0.03195468249300251,0.09415495693827758,-0.3393839637561526,0.7343204975643516,0.8709991208774531,,CTCF
ENSG00000166197,9.159720454024411,0.03186115187852521,0.0939637370459975,0.33907923290586467,0.7345500424370706,0.8710326208893406,,NOLC1
ENSG00000180628,19.137363627372217,-0.024157207910389018,0.07130334972304346,-0.3387948533164356,0.7347642786945574,0.8710479544962602,,PCGF5
ENSG00000176209,22.51655022314256,0.020471182445027554,0.06064408110309705,0.33756274433816275,0.7356927214609132,0.8718490336007166,,SMIM19
ENSG00000163221,11.54537662883776,-0.030746986045844055,0.09113907954543021,-0.3373633593755746,0.7358430022440067,0.8718490336007166,,S100A12
ENSG00000185651,77.37733664506418,-0.012353811516074741,0.03680264238673245,-0.3356772969249718,0.7371142278462742,0.8731161412238787,,UBE2L3
ENSG00000213047,10.10603906539271,0.03466436047970313,0.10352030340684128,0.33485566926393195,0.7377339641929981,0.8734049069946789,,DENND1B
ENSG00000182512,14.44791425094347,-0.028145926081084734,0.08406313780581547,-0.33481888513490166,0.7377617136735732,0.8734049069946789,,GLRX5
ENSG00000138085,40.874627076232365,-0.015720483146942833,0.04718944034954264,-0.33313561319010637,0.7390319178120377,0.874582938991795,,ATRAID
ENSG00000119929,12.008418559673265,-0.025745133520197323,0.07732094287353192,-0.33296455738139036,0.7391610371834976,0.874582938991795,,CUTC
ENSG00000256060,7.941311667628702,0.03367237737766964,0.10129163381836477,0.33242999553201635,0.7395645920020493,0.8747980736127771,,TRAPPC2B
ENSG00000124333,8.365717398389558,0.03356916708856569,0.10105468482100592,0.3321881330689953,0.7397472039170675,0.8747980736127771,,VAMP7
ENSG00000108587,9.00610412665234,-0.03177180119568672,0.09582717798566451,-0.3315531341269352,0.7402267130335055,0.8751259528131089,,GOSR1
ENSG00000022840,13.605878926980445,-0.02762772296286259,0.08353489689821633,-0.33073271158191264,0.7408463912335148,0.8756193211874949,,RNF10
ENSG00000064961,12.321346922028729,0.024882513263647862,0.07532051817151914,0.3303550462436497,0.7411317044177764,0.8756774783615486,,HMG20B
ENSG00000062650,15.750455103016412,0.027751782084816684,0.08410254717368347,0.32997552413609293,0.7414184561892652,0.8756774783615486,,WAPL
ENSG00000178127,27.007747127790672,-0.01988764687735234,0.0602904426973995,-0.32986400476721245,0.7415027226061277,0.8756774783615486,,NDUFV2
ENSG00000126261,14.719459381403675,0.026295307115508728,0.07982660590128648,0.3294053006340453,0.7418493618338673,0.8758464634774185,,UBA2
ENSG00000164754,31.872667829986277,-0.019020678004591306,0.05778919927518255,-0.32913897827201244,0.7420506436580115,0.8758464634774185,,RAD21
ENSG00000198000,9.418968750627768,0.0347834984706748,0.10576889600588932,0.3288632082227465,0.7422590844747701,0.8758535747265693,,NOL8
ENSG00000163956,37.19246297735581,-0.015900468484841924,0.04853756746267676,-0.32759096337221016,0.7432209554258582,0.876749474953023,,LRPAP1
ENSG00000163162,15.318695863730557,-0.025172321679205484,0.07703475152557386,-0.3267657931089558,0.7438450335260933,0.8770300045256829,,RNF149
ENSG00000109534,8.197250198233474,-0.03062310116283546,0.09377289730840263,-0.32656665243179434,0.7439956692850893,0.8770300045256829,,GAR1
ENSG00000167895,19.993010266868122,-0.024665818862081204,0.07555249529428675,-0.32647259056110123,0.7440668238072063,0.8770300045256829,,TMC8
ENSG00000015479,49.51787771144164,0.01819740541851716,0.055790258074867344,0.32617532247471026,0.7442917111012199,0.8770561639256479,,MATR3
ENSG00000072506,31.685410449852114,0.01575852333597394,0.04843769726668747,0.3253359310045422,0.744926839668124,0.8775655963092764,,HSD17B10
ENSG00000160271,9.069359381190838,-0.031522822526508835,0.09712643364856753,-0.3245545145883543,0.7455182571202166,0.8776560850837682,,RALGDS
ENSG00000123143,21.179342531881577,-0.021329956046690763,0.06574494493805548,-0.3244349214496678,0.7456087848044302,0.8776560850837682,,PKN1
ENSG00000113575,26.26676622676995,0.020386446689463877,0.06283764357024563,0.32443047719754253,0.7456121490103842,0.8776560850837682,,PPP2CA
ENSG00000149541,18.722068465313928,-0.020324426701068585,0.06289120138994504,-0.32316804659288995,0.7465679787494103,0.878046324493581,,B3GAT3
ENSG00000124226,15.406168984030144,-0.02663717933376438,0.08242793634576859,-0.3231571784355583,0.7465762091013627,0.878046324493581,,RNF114
ENSG00000182307,15.739881374621906,-0.023834273110810638,0.0737867990537206,-0.3230154094834505,0.7466835720249567,0.878046324493581,,C8orf33
ENSG00000196227,9.277210030490474,-0.0314987550293985,0.09754334053318911,-0.3229206100305848,0.7467553672605449,0.878046324493581,,FAM217B
ENSG00000181788,12.404691584940412,0.03742617644738733,0.11612672874478301,0.322287356682892,0.7472350104838467,0.878371608357404,,SIAH2
ENSG00000035115,8.762308358526608,-0.033901594346455274,0.10567669607891456,-0.3208048283524979,0.7483583001499364,0.8787019387087652,,SH3YL1
ENSG00000172331,15.881040357023545,0.030807234684441895,0.09606275606549235,0.3206990507688387,0.7484384667015633,0.8787019387087652,,BPGM
ENSG00000085662,24.547129267168998,-0.02032022063877971,0.06337216170136024,-0.32064900570282345,0.7484763957265912,0.8787019387087652,,AKR1B1
ENSG00000113649,10.58940844602918,-0.03125375801603155,0.09750874732944795,-0.3205226081967399,0.7485721947765607,0.8787019387087652,,TCERG1
ENSG00000155463,15.532245088960165,-0.02319012301739262,0.0723916981728355,-0.32034229894740274,0.7487088612689854,0.8787019387087652,,OXA1L
ENSG00000089486,9.496776231852545,-0.028233811313274897,0.08814567837212245,-0.3203085146622947,0.7487344691516564,0.8787019387087652,,CDIP1
ENSG00000119414,14.115645564204474,0.024893751017527662,0.07799706523641323,0.31916266262164333,0.7496031683813048,0.8789472100211719,,PPP6C
ENSG00000174917,47.83945558657242,0.013694682585956755,0.04292236746584403,0.31905701839150546,0.7496832759412826,0.8789472100211719,,MICOS13
ENSG00000168002,67.49189120429173,0.013135438166425147,0.0411921445157882,0.318882115044789,0.749815907012185,0.8789472100211719,,POLR2G
ENSG00000204070,8.2869133229771,-0.03381882506581977,0.1060729815929948,-0.31882600600012934,0.7498584566658157,0.8789472100211719,,SYS1
ENSG00000185477,10.910776684410193,0.03788079302458387,0.11889544900462078,0.31860591251992887,0.7500253693923652,0.8789472100211719,,GPRIN3
ENSG00000119688,9.072808689579267,-0.029920715007218702,0.09396458888386987,-0.31842543411962876,0.7501622478872632,0.8789472100211719,,ABCD4
ENSG00000161671,22.220033338177224,-0.019674861654531327,0.06202126976955259,-0.3172276499277686,0.7510708709723386,0.8796910116910643,,EMC10
ENSG00000109854,13.620917217220997,-0.02320646076821715,0.07319435000871863,-0.3170526244915473,0.7512036718739271,0.8796910116910643,,HTATIP2
ENSG00000130770,129.94147340497187,-0.008916147654697011,0.028203953281871502,-0.3161311311782662,0.7519029782326887,0.8798969209848431,,ATP5IF1
ENSG00000163938,14.687733570383454,0.026555753370801245,0.08407295843821312,0.3158655751399256,0.752104542253227,0.8798969209848431,,GNL3
ENSG00000135926,10.999693064964045,0.02758889868030666,0.08738553391736911,0.3157147120757361,0.752219058820492,0.8798969209848431,,TMBIM1
ENSG00000139436,15.659728582316681,0.02260048578825649,0.07165199322838871,0.3154201965633821,0.7524426342636155,0.8798969209848431,,GIT2
ENSG00000147274,48.58813475006177,0.01699054595619716,0.0539013720852291,0.31521546296319936,0.7525980658384622,0.8798969209848431,,RBMX
ENSG00000111615,18.200065630993876,0.02298535868410132,0.0729199849655895,0.3152134314748964,0.752599608173077,0.8798969209848431,,KRR1
ENSG00000204138,10.246867176991188,0.030941428568015333,0.09860738389955796,0.31378409348667485,0.7536850262386049,0.8808337686621998,,PHACTR4
ENSG00000154813,10.762244742969298,-0.025633450070317323,0.0817335512340164,-0.31362212559349834,0.7538080530058067,0.8808337686621998,,DPH3
ENSG00000033178,12.681418503239309,-0.029203295482065295,0.09349789387132734,-0.31234174667351483,0.7547808165972074,0.8813572642386633,,UBA6
ENSG00000170759,28.266880554880217,0.02141887451596503,0.06859879357365664,0.3122339825549107,0.7548627077977215,0.8813572642386633,,KIF5B
ENSG00000105402,22.672906347111002,-0.01903128849700034,0.06095314197447728,-0.31222817857312846,0.7548671183888344,0.8813572642386633,,NAPA
ENSG00000144034,19.961681283505445,-0.019454260995964253,0.06250815800984408,-0.31122755197650365,0.7556276389578799,0.8820072278852836,,TPRKB
ENSG00000147679,8.700087497996744,0.03421170090770819,0.11010252456121487,0.31072585341753123,0.7560090413031546,0.8822144341204826,,UTP23
ENSG00000214401,10.677077331873118,-0.049667056293059786,0.1603401445159881,-0.3097605808139165,0.7567430300796536,0.8826321865400212,,KANSL1-AS1
ENSG00000164609,22.717319422310492,0.024034731866731884,0.07760184871424133,0.3097185474953908,0.7567749970102793,0.8826321865400212,,SLU7
ENSG00000076944,29.127166544622458,-0.01670556007972666,0.05402551902376239,-0.30921609605229244,0.7571571506136444,0.8828399328227537,,STXBP2
ENSG00000115944,59.196737421644116,-0.013213702337801243,0.04284060089228384,-0.30843877215973425,0.7577484831616873,0.8831948252675278,,COX7A2L
ENSG00000064666,23.721147601900952,-0.02434348323822298,0.0789656518842491,-0.30827939309494456,0.757869744908327,0.8831948252675278,,CNN2
ENSG00000116906,10.812565457954513,-0.02494785862083223,0.08107739978949294,-0.3077042268943767,0.7583074030910083,0.8834669179253616,,GNPAT
ENSG00000118705,32.734013271047836,-0.015069207706841274,0.04904242091500765,-0.30726883839924574,0.7586387524821745,0.8836150422585112,,RPN2
ENSG00000168092,12.738979621159892,-0.02794326905592208,0.09107143996797362,-0.30682801398274445,0.758974284008322,0.8837679566480112,,PAFAH1B2
ENSG00000143546,152.76203677344043,-0.028456678877208548,0.09293639451027812,-0.3061952104679662,0.7594560188871466,0.8838010605895927,,S100A8
ENSG00000145337,59.42129629408252,-0.012498132198887082,0.04085155687237653,-0.30594016864356555,0.7596502012007429,0.8838010605895927,,PYURF
ENSG00000229809,9.95239809419981,-0.028386360690062278,0.09282359185743437,-0.3058097636822785,0.7597494940537484,0.8838010605895927,,ZNF688
ENSG00000125821,14.867675740229517,-0.021588191287795457,0.0706148292907514,-0.30571753135460616,0.7598197239180229,0.8838010605895927,,DTD1
ENSG00000102910,15.853405775030419,0.025031785756060587,0.08227623642080227,0.3042407728525085,0.7609444639292566,0.8848714580547954,,LONP2
ENSG00000114956,57.57234011632537,0.012441621491267336,0.0410558917780681,0.30304107285068405,0.761858560747537,0.8855028488958085,,DGUOK
ENSG00000244687,11.569807417565206,-0.038249599462137344,0.12628403451728648,-0.3028854724854512,0.76197714292882,0.8855028488958085,,UBE2V1
ENSG00000242259,18.762135737369917,-0.018546010725808047,0.06127798980350682,-0.3026537062537044,0.7621537810585661,0.8855028488958085,,C22orf39
ENSG00000272325,9.52742654061478,-0.030141213929391,0.09970612025369717,-0.3023005393520299,0.7624229672205407,0.8855028488958085,,NUDT3
ENSG00000127616,7.75389774833017,0.0336100626791556,0.11123494962601818,0.30215379961204303,0.762534821679974,0.8855028488958085,,SMARCA4
ENSG00000011260,8.533044847305971,0.02763034111081367,0.09172927369825903,0.3012161766559161,0.7632496551456829,0.8855028488958085,,UTP18
ENSG00000176393,8.865846704837711,-0.027296519003309015,0.0907219764087973,-0.30088100021443176,0.763505239012328,0.8855028488958085,,RNPEP
ENSG00000108582,9.362800840028166,-0.028716825440875622,0.09547476821203685,-0.30077921087066006,0.7635828620834536,0.8855028488958085,,CPD
ENSG00000100219,75.44691145372961,0.01644193612151562,0.054674879155655276,0.3007219471799227,0.7636265315846448,0.8855028488958085,,XBP1
ENSG00000153071,12.065301535624378,0.034700145588121796,0.11541392071435902,0.30065823406174813,0.763675120326747,0.8855028488958085,,DAB2
ENSG00000164548,51.02382089283079,-0.017205216690393692,0.057240994250080425,-0.30057508461900134,0.7637385329510418,0.8855028488958085,,TRA2A
ENSG00000134215,13.741579680555718,-0.03288855389503105,0.10967486071752604,-0.29987322235801533,0.7642738603566753,0.8857272866253509,,VAV3
ENSG00000179912,18.013088241756172,-0.02478452609433528,0.0826744621665527,-0.29978454585414,0.7643415041042432,0.8857272866253509,,R3HDM2
ENSG00000113282,20.406251598499086,-0.025329156766776387,0.0845766544993822,-0.2994816585818183,0.764572564549402,0.8857491412685156,,CLINT1
ENSG00000054118,53.292368869516466,0.015343130008446748,0.05131003250011597,0.299027875462992,0.7649187765492735,0.8857491412685156,,THRAP3
ENSG00000076513,8.693011057260494,-0.029695048464306928,0.09934873864886962,-0.29889708584281854,0.7650185706872308,0.8857491412685156,,ANKRD13A
ENSG00000140264,737.1543867390621,-0.007124528128068946,0.023852854130217566,-0.29868660954260245,0.7651791749622628,0.8857491412685156,,SERF2
ENSG00000115652,9.806021694045034,0.027207319316710075,0.09131444458657013,0.29795197725718336,0.7657398163752078,0.8858074822907926,,UXS1
ENSG00000138032,18.35318971925092,-0.022652955915650586,0.07618425854654033,-0.29734431164427594,0.7662036547569255,0.8858074822907926,,PPM1B
ENSG00000107771,23.63618927666998,-0.02373671592611779,0.07985760223610144,-0.2972380244518169,0.7662847936504329,0.8858074822907926,,CCSER2
ENSG00000100099,9.370876997865203,0.02922858245980882,0.09837022584820028,0.297128345571889,0.7663685244216715,0.8858074822907926,,HPS4
ENSG00000125910,20.59833511069382,0.026942817458641015,0.09073357053957959,0.29694430956939005,0.7665090268483481,0.8858074822907926,,S1PR4
ENSG00000198740,11.63598917955903,0.026903132450015747,0.09068899116134332,0.29665268193526173,0.7667316859107669,0.8858074822907926,,ZNF652
ENSG00000115825,13.551050643736927,-0.023874520113565226,0.08050826812994698,-0.2965474313151264,0.7668120499830937,0.8858074822907926,,PRKD3
ENSG00000123179,12.737499748947295,-0.025728339150391754,0.08678078527083824,-0.2964750672639683,0.7668673049829695,0.8858074822907926,,EBPL
ENSG00000139112,18.353449223568916,-0.02981458386661052,0.10083220025399442,-0.29568514612899593,0.7674705419020383,0.8861804674089863,,GABARAPL1
ENSG00000102144,60.75785812709407,0.011389616823727305,0.03854146964339653,0.2955158931174472,0.7675998132306172,0.8861804674089863,,PGK1
ENSG00000169508,14.085974218728436,-0.04355927173038722,0.14778148172371142,-0.2947546013364824,0.7681813492547709,0.8866152836023989,,GPR183
ENSG00000121274,15.674206625566182,-0.03596867008449078,0.12256311427323857,-0.2934705951115381,0.7691624722280281,0.8875109379548474,,TENT4B
ENSG00000196199,62.317152936138726,0.014038358200832955,0.04790862851732756,0.2930235875100364,0.7695041223955403,0.8876684451094382,,MPHOSPH8
ENSG00000067167,47.98537641779588,-0.018101473458467406,0.06185539033641986,-0.292641811166608,0.7697959514192796,0.887768411991264,,TRAM1
ENSG00000185721,11.325817602829801,0.022411172401066687,0.07700809117723349,0.29102360620116596,0.7710332653826071,0.8889584170824782,,DRG1
ENSG00000135108,8.33269143287093,0.028892080928987394,0.09943492182424808,0.29056271578363935,0.7713857787759173,0.8891279341404885,,FBXO21
ENSG00000245164,63.91565911889333,0.018165190303334695,0.06266594414588014,0.2898734001525282,0.7719130919525322,0.8894987879836503,,LINC00861
ENSG00000140941,63.56434279431402,0.012942718737898014,0.04469669240557498,0.2895677071684991,0.7721469749366257,0.8895314058974385,,MAP1LC3B
ENSG00000183431,11.512332529460805,0.022615578262820048,0.0783474815202127,0.28865737384277634,0.7728435854217095,0.8899775243782547,,SF3A3
ENSG00000118816,91.7507149632804,-0.014804702017920453,0.051311837877725405,-0.2885241034086446,0.7729455827625332,0.8899775243782547,,CCNI
ENSG00000053371,19.49985610756518,-0.018850920947726293,0.06562462965505243,-0.2872537498011612,0.7739180332294588,0.8905163726046038,,AKR7A2
ENSG00000148672,18.710210462371386,-0.01993056120521576,0.0694348481987773,-0.28703974621156764,0.7740818870687876,0.8905163726046038,,GLUD1
ENSG00000104518,26.27463685175442,0.017680021074145635,0.06163375917414867,0.2868561209156499,0.7742224895088411,0.8905163726046038,,GSDMD
ENSG00000087206,8.20802612905594,0.03213531203342327,0.11203318356804669,0.2868374441390834,0.7742367907877327,0.8905163726046038,,UIMC1
ENSG00000111832,70.23354663459163,0.012029712994986544,0.04207028395315271,0.2859432327193753,0.7749216005897249,0.8910671713398192,,RWDD1
ENSG00000008513,10.407598149769145,0.02900867558264057,0.10178327876080553,0.2850043340695678,0.7756408214678024,0.8916572355183797,,ST3GAL1
ENSG00000163636,19.301636909569066,0.017506890764123862,0.06179154333379227,0.28332179161723214,0.7769301740649219,0.8924425308160908,,PSMD6
ENSG00000124570,27.866038247780885,0.018854789147058106,0.06657511267386557,0.28321077336245587,0.7770152703515061,0.8924425308160908,,SERPINB6
ENSG00000165060,9.732059653874941,-0.02665547514816925,0.09417565529263337,-0.2830399753029836,0.7771461935103421,0.8924425308160908,,FXN
ENSG00000196268,10.050044363171605,0.02708743495603831,0.09570301018774517,0.2830363946013777,0.7771489383210146,0.8924425308160908,,ZNF493
ENSG00000101558,56.51982734580563,-0.011231385554162846,0.03976138876231787,-0.2824696496719678,0.7775834154656712,0.8925590839812511,,VAPA
ENSG00000124942,53.737871150258535,0.01876178558913153,0.06644494967921552,0.2823658634660741,0.7776629874299321,0.8925590839812511,,AHNAK
ENSG00000204619,16.124450399604196,0.021494642856191078,0.07625280695177933,0.28188657854633253,0.7780304811678536,0.8927440710722097,,PPP1R11
ENSG00000066379,16.542903587160286,-0.020582413943686265,0.07329810885478054,-0.2808041607794342,0.7788606121390493,0.8932394891774391,,POLR1H
ENSG00000099849,9.564381286208839,0.025636414739230992,0.09130256528339788,0.2807852622722817,0.7788751080809979,0.8932394891774391,,RASSF7
ENSG00000165025,9.494550998464936,-0.031339144189608543,0.11209070534955332,-0.27958735821920166,0.7797941071361723,0.8940564657069998,,SYK
ENSG00000196154,932.8831814867189,0.013380642901033808,0.04800195161235034,0.278752060105638,0.7804351071257477,0.8943901409727549,,S100A4
ENSG00000007237,7.686354385969213,-0.03699057703950763,0.13273999682960788,-0.27866941331172923,0.7804985376272527,0.8943901409727549,,GAS7
ENSG00000108591,10.94571042284244,0.023392966172055923,0.08413515639068488,0.27804032434942855,0.7809814043102158,0.8947065227562361,,DRG2
ENSG00000035928,26.01608025084079,0.022027097253043842,0.07951205602322511,0.27702839487146236,0.7817583031194244,0.8953594964525541,,RFC1
ENSG00000118564,20.69469273824622,-0.022304124590984693,0.08070511081999589,-0.2763657018045816,0.7822671972191171,0.8957052559849483,,FBXL5
ENSG00000112773,15.227571563622721,0.027298747101757493,0.09913585681959684,0.27536703648443345,0.7830342665501795,0.8961672907221753,,TENT5A
ENSG00000105197,7.817221542395373,0.025987360454274633,0.09441824999710662,0.27523662485876405,0.7831344505904412,0.8961672907221753,,TIMM50
ENSG00000175115,10.547253476420915,0.02809625536157239,0.10220536896742646,0.27489999444673846,0.7833930714131002,0.8961672907221753,,PACS1
ENSG00000116030,88.27432763330492,-0.010259702771376052,0.03734033784919736,-0.2747619159958026,0.7834991589558561,0.8961672907221753,,SUMO1
ENSG00000131089,8.468274501038083,-0.026987802803104758,0.09859853812491395,-0.2737140257486785,0.7843043982604903,0.8968512503364537,,ARHGEF9
ENSG00000167286,35.2142394671102,-0.04121479110489352,0.1507262260199651,-0.2734414056080342,0.7845139279952407,0.8968538352537402,,CD3D
ENSG00000071575,8.766651066831297,0.025777410756282527,0.09447809534677253,0.2728400764396137,0.7849761513319239,0.8971452210283241,,TRIB2
ENSG00000091527,22.989644938628835,0.0289110196549318,0.10611657757562785,0.27244583565962915,0.7852792333301096,0.8972546191231541,,CDV3
ENSG00000214941,13.537756576943499,-0.020035381187299774,0.07382038290584828,-0.2714071696546634,0.7860778883403148,0.8979191686356726,,ZSWIM7
ENSG00000105122,28.874602026755827,-0.019901429679506595,0.07339645931564515,-0.2711497239113334,0.7862758793530307,0.8979191686356726,,RASAL3
ENSG00000178057,30.907777048989626,0.017241497556182653,0.06382875909928283,0.2701211460082478,0.7870670544365261,0.8985855262656592,,NDUFAF3
ENSG00000137501,13.560324303811674,-0.030680682273853323,0.11376695074980954,-0.26968009665060555,0.7874063739762318,0.8987357900804945,,SYTL2
ENSG00000227500,11.058883223432336,-0.02618908491209359,0.09732636119843582,-0.2690852158614812,0.7878641070276372,0.8988167026595074,,SCAMP4
ENSG00000102409,24.189384109125815,0.018244311918340413,0.0678106090502924,0.2690480468153492,0.7878927093107261,0.8988167026595074,,BEX4
ENSG00000065615,11.919717762921266,0.020364877193006798,0.07578051233572165,0.2687350159733235,0.7881336038010757,0.8988545344352279,,CYB5R4
ENSG00000105568,22.6257085050605,-0.016355758643117033,0.06101285796177235,-0.26807068525399586,0.7886449100286724,0.8989924539566133,,PPP2R1A
ENSG00000104980,11.081182879401732,-0.02182197463689618,0.0814137318003117,-0.26803800973551045,0.7886700612940385,0.8989924539566133,,TIMM44
ENSG00000197971,69.12978433628281,-0.017743683956916032,0.06657273909474413,-0.26653077818630544,0.7898304588218297,0.8996543605796704,,MBP
ENSG00000086062,29.575168859688834,-0.026865417345866907,0.10082156782537662,-0.2664649828933222,0.7898811243817156,0.8996543605796704,,B4GALT1
ENSG00000166435,8.045637289802066,0.035168918763011925,0.1320981772757837,0.26623318722702094,0.7900596253387242,0.8996543605796704,,XRRA1
ENSG00000130511,24.42109523683357,0.017672245772054066,0.06638619974203895,0.2662036061820714,0.7900824058707528,0.8996543605796704,,SSBP4
ENSG00000166619,10.449924380710923,0.022022010760659714,0.08282460644743156,0.2658872973291699,0.7903260083397257,0.8996949850265701,,BLCAP
ENSG00000140577,10.021983944295055,0.02348934373978441,0.08927000883248573,0.2631269341964772,0.7924527447135895,0.9018787549646771,,CRTC3
ENSG00000138767,32.174939116148984,-0.025961039838020582,0.09888109186017002,-0.26254807010760634,0.7928989301194571,0.9021492691630006,,CNOT6L
ENSG00000164091,13.480078412952262,-0.02279270658988781,0.08702242872133241,-0.26191761049183954,0.7933849622349105,0.9024649662435483,,WDR82
ENSG00000142168,89.64221290729962,0.009223743463097567,0.03528800470301298,0.26138466996718634,0.7937958778217825,0.9026950757778851,,SOD1
ENSG00000124562,43.48827565320806,-0.011915650009628619,0.04564402464177965,-0.261056076959563,0.7940492629374026,0.9027459697136472,,SNRPC
ENSG00000068745,17.20210139933039,0.02036983786383019,0.07813289922075876,0.2607075645084756,0.7943180321156081,0.9028143222916303,,IP6K2
ENSG00000107223,169.16906519328583,0.007222406313638262,0.027755765964495246,0.26021282651241023,0.7946996108470048,0.9030108235648608,,EDF1
ENSG00000172613,12.533959867087335,-0.023374015009579193,0.08992950238863899,-0.2599148709682184,0.7949294400266996,0.9030348351261562,,RAD9A
ENSG00000106609,20.781012713524014,-0.015574133417080405,0.060096653331133676,-0.25915142614126346,0.7955184073806196,0.9033607640043851,,TMEM248
ENSG00000067596,9.490284544133013,0.026724131611940285,0.10318128156633996,0.2590017414617798,0.7956338968386206,0.9033607640043851,,DHX8
ENSG00000125037,23.85399795475871,0.01644102508669464,0.06357578839656412,0.25860513099957366,0.7959399239286123,0.9034711570931546,,EMC3
ENSG00000069424,16.140776534915723,0.021004732299662997,0.08155874392468201,0.2575411450556482,0.7967610570077396,0.9041660355815602,,KCNAB2
ENSG00000105254,63.985898110279074,0.010792225615770902,0.042013937541996386,0.2568725105801661,0.7972771920753516,0.9045145280833893,,TBCB
ENSG00000161011,37.715912374186615,0.015700666654324506,0.06125886757928532,0.25630030842479506,0.7977189591175399,0.9047784891485177,,SQSTM1
ENSG00000090905,10.031413008591477,-0.02522954139929597,0.09868227177602734,-0.25566437562927,0.7982100052316968,0.9050981898945366,,TNRC6A
ENSG00000126088,10.471836726203795,0.02159905139497468,0.08479149911718663,0.25473133061515485,0.798930615961031,0.9056779605091384,,UROD
ENSG00000154146,9.07552347994789,0.030365003360291423,0.11936256157325952,0.2543930270937987,0.7991919373894567,0.9057369075652643,,NRGN
ENSG00000117868,11.083174340477772,0.022779482862924277,0.08972935611236706,0.25386878776214317,0.7995969287348327,0.9058795232450685,,ESYT2
ENSG00000102710,9.694091565009728,0.02382948230208817,0.09402584504743286,0.2534354494773964,0.7999317368651591,0.9058795232450685,,SUPT20H
ENSG00000124193,27.144622336652212,-0.020430189258210378,0.08065957478223172,-0.25328907712901666,0.8000448361584745,0.9058795232450685,,SRSF6
ENSG00000102241,17.274291608130714,0.019453692686107592,0.07690085877417104,0.25297107205572034,0.8002905674338902,0.9058795232450685,,HTATSF1
ENSG00000157020,12.396220619641273,0.020291275135331355,0.0803153376693527,0.25264508279685965,0.8005424888287638,0.9058795232450685,,SEC13
ENSG00000123144,107.36401922370122,0.00937416519875241,0.03715821088904718,0.25227708693357886,0.8008268974580113,0.9058795232450685,,TRIR
ENSG00000127184,299.8423927801645,0.007346485997067125,0.02916918184736829,0.25185780100067984,0.8011509782189676,0.9058795232450685,,COX7C
ENSG00000089351,7.822294532209157,-0.027619083381598814,0.1097035609811812,-0.2517610470852141,0.8012257675659633,0.9058795232450685,,GRAMD1A
ENSG00000182472,13.879924451630105,0.028892080687550274,0.11484273998797873,0.25157951378184273,0.8013660950422634,0.9058795232450685,,CAPN12
ENSG00000158850,8.00346128440118,-0.025594245593089586,0.10175788708417884,-0.2515210007448056,0.8014113277055979,0.9058795232450685,,B4GALT3
ENSG00000067829,27.14093814686238,0.013991481711436184,0.055725873174613215,0.25107693992689595,0.8017546242325434,0.9060308851016494,,IDH3G
ENSG00000183354,17.651404882694923,-0.0214795979469383,0.08577779726983928,-0.2504097637220493,0.8022704797399915,0.9062669304605632,,BRD10
ENSG00000096080,8.720727673966199,0.02378350300055433,0.09503326237609415,0.2502650377973042,0.8023823920948504,0.9062669304605632,,MRPS18A
ENSG00000136247,9.326381992741544,-0.02206774203633852,0.08827524728837338,-0.24998788124884735,0.8025967205177217,0.9062724451148699,,ZDHHC4
ENSG00000132842,11.963861182940516,-0.023499759682398796,0.09427100564610436,-0.24927876308668503,0.8031451575114076,0.9065212154544252,,AP3B1
ENSG00000198846,12.363810476926986,0.0250366747360364,0.10048381513087398,0.24916126744817235,0.8032360388380555,0.9065212154544252,,TOX
ENSG00000198563,23.673646570613627,0.028842243083864356,0.11604865987855026,0.24853577037467697,0.8037198973293517,0.906830768121018,,DDX39B
ENSG00000147065,103.56967274046278,0.010928301641894341,0.04405615182504224,0.24805393093099237,0.8040926795633223,0.9069299195215732,,MSN
ENSG00000175073,10.370310066026057,0.022082909883480616,0.0891131027160532,0.24780766475884933,0.8042832242525729,0.9069299195215732,,VCPIP1
ENSG00000205670,13.422611321824055,0.019338194564334332,0.07814125485539478,0.24747739974384664,0.8045387800162918,0.9069299195215732,,SMIM11
ENSG00000206560,13.86570078046074,-0.023366518373427656,0.09447177147585815,-0.24733862833723688,0.8046461661759463,0.9069299195215732,,ANKRD28
ENSG00000085719,22.266113222744114,0.016694564147021123,0.06786543868948794,0.24599508187673494,0.805686039641673,0.9078654931066454,,CPNE3
ENSG00000196924,69.22992881869808,-0.013328724150015958,0.0543851325982209,-0.24508029149223737,0.8063942627634846,0.9080368173331725,,FLNA
ENSG00000146007,39.80122594586383,-0.012716931559081268,0.05191768921754547,-0.24494409806636017,0.8064997161776211,0.9080368173331725,,ZMAT2
ENSG00000159216,9.21300859195504,-0.023387857714843096,0.09559153799090166,-0.24466451954219148,0.8067162024780062,0.9080368173331725,,RUNX1
ENSG00000198589,11.048828780477123,0.022988322854259204,0.09401064033221603,0.24452894664925978,0.8068211860957613,0.9080368173331725,,LRBA
ENSG00000113658,8.67641739394933,0.02635788759514107,0.1080038193853007,0.24404588416554068,0.8071952836032755,0.9080368173331725,,SMAD5
ENSG00000074356,11.582388339802339,-0.02236266515227324,0.09165417506016134,-0.24398959608326082,0.807238877586823,0.9080368173331725,,NCBP3
ENSG00000133134,13.572548171516258,-0.02287346034729528,0.09381625420488246,-0.24381127280292633,0.8073769893202167,0.9080368173331725,,BEX2
ENSG00000167232,8.578428609860662,0.02735278411103821,0.11227153642183989,0.24363062075025943,0.8075169108153566,0.9080368173331725,,ZNF91
ENSG00000136877,7.677605589473642,-0.02508339262677737,0.1032434768097509,-0.2429537768570028,0.8080412054167253,0.9083903080899377,,FPGS
ENSG00000204370,22.41149766592408,0.014894029682315353,0.06161684888301918,0.2417200806648189,0.8089970687736169,0.9089939888954116,,SDHD
ENSG00000173889,10.805008187564765,-0.021925703543682718,0.09070762018825933,-0.241718430030211,0.8089983478706332,0.9089939888954116,,PHC3
ENSG00000112146,13.420244412608673,-0.01956266504499616,0.08119866460360521,-0.24092348243036965,0.8096144217688233,0.9094500526982602,,FBXO9
ENSG00000205937,56.926796208545305,-0.010045014935165793,0.04186730810945865,-0.23992502476882258,0.8103883804179483,0.9098842982587693,,RNPS1
ENSG00000139687,11.419197672953246,0.020839410471291744,0.0868735073664714,0.23988222765522485,0.810421558929812,0.9098842982587693,,RB1
ENSG00000092199,133.20446391515935,0.008012824030644567,0.033527235641740004,0.23899447351600128,0.8111098680839484,0.9103378570265255,,HNRNPC
ENSG00000015676,10.794802297548168,-0.01947031587400893,0.08152766308117221,-0.23881852046493102,0.8112463084571949,0.9103378570265255,,NUDCD3
ENSG00000169020,166.93919016695958,-0.010839018621345245,0.04545171367929003,-0.2384732663288781,0.8115140476869594,0.9104021997255571,,ATP5ME
ENSG00000070961,18.93725601007201,0.020596734134646983,0.08667390342184286,0.23763478188356701,0.8121643710956628,0.9108956023149126,,ATP2B1
ENSG00000116871,17.370793972009494,0.017760528451077104,0.07492804053519903,0.2370344709966587,0.8126300481775538,0.9111817098896801,,MAP7D1
ENSG00000241553,94.33749741160219,-0.010517698228488737,0.044516625766076595,-0.2362644977576812,0.8132274338333726,0.9116153124862701,,ARPC4
ENSG00000028839,17.596885696174542,-0.01704048360979845,0.07223108545563009,-0.2359162056378902,0.8134976928629333,0.911682081589721,,TBPL1
ENSG00000164151,10.830777273993501,-0.025539444780277212,0.10881805980630546,-0.23469858611463068,0.8144426852060294,0.912504789975787,,ICE1
ENSG00000256053,15.28741012986889,-0.01613941753907064,0.06903436371508202,-0.23378816969590813,0.8151494343126477,0.9126491203653082,,COA8
ENSG00000185811,40.16217465630196,-0.015656841037451817,0.0670767645106665,-0.2334167599118779,0.8154378000449617,0.9126491203653082,,IKZF1
ENSG00000267100,34.74208849042387,0.021665086279476574,0.09291629372999798,0.23316778370898375,0.8156311212971157,0.9126491203653082,,ILF3-DT
ENSG00000087087,8.741295399089164,0.022030682121326306,0.09459564973676002,0.23289318465101835,0.8158443508085049,0.9126491203653082,,SRRT
ENSG00000175416,33.68296007667247,-0.011916896270016884,0.051200646655742955,-0.23274894065581525,0.815956363490809,0.9126491203653082,,CLTB
ENSG00000113269,11.778705567138033,0.023987659826250077,0.10307834699191376,0.23271288807271862,0.8159843607136885,0.9126491203653082,,RNF130
ENSG00000083799,25.328350536846383,-0.017760297100910285,0.07634535400090385,-0.23263101380995654,0.8160479423834938,0.9126491203653082,,CYLD
ENSG00000077044,12.191160359892095,-0.023871265182487576,0.10279623898147935,-0.23221924672544123,0.8163677295854584,0.9127708439060152,,DGKD
ENSG00000165494,12.441621827682829,0.020685082765594717,0.08920538450458022,0.23188154930863672,0.8166300155109123,0.9128282296863129,,PCF11
ENSG00000134717,16.979471341563325,0.017550767563994273,0.0760446569019205,0.2307955388191255,0.8174736471891517,0.9135352457095711,,BTF3L4
ENSG00000135049,13.254244685381831,-0.02174064416960095,0.09486447651939395,-0.22917581973012133,0.8187322655368263,0.9145884527036611,,AGTPBP1
ENSG00000099875,8.012859184052788,-0.02643055944220568,0.11539779096805629,-0.22903869493933404,0.8188388411772551,0.9145884527036611,,MKNK2
ENSG00000129353,18.713950050396303,0.016669770285968406,0.07315159453743432,0.22787979389072482,0.8197396916116866,0.9149527612445676,,SLC44A2
ENSG00000102893,9.072213589735192,-0.023605121273215336,0.10362305483226461,-0.2277979674641432,0.8198033068872992,0.9149527612445676,,PHKB
ENSG00000177606,253.7934045765406,0.03430037787119518,0.15073514074135785,0.22755395790587557,0.8199930171302041,0.9149527612445676,,JUN
ENSG00000160948,60.414755106364304,-0.010488612375078685,0.0460974964498719,-0.22753106313451069,0.8200108176811725,0.9149527612445676,,VPS28
ENSG00000116266,13.869397305464513,0.01951219115432153,0.08613171946099477,0.22653897166371714,0.8207822519510835,0.9152758810773545,,STXBP3
ENSG00000111371,40.074527165693,-0.01791134986412016,0.0790802289277645,-0.22649592833729917,0.8208157256749623,0.9152758810773545,,SLC38A1
ENSG00000110075,8.201430978794438,0.02323905761362936,0.10268707290452958,0.22630947553870995,0.8209607291445951,0.9152758810773545,,PPP6R3
ENSG00000124214,17.98636054500726,0.016788770394077206,0.0742633974732286,0.2260705941999143,0.8211465149855073,0.9152758810773545,,STAU1
ENSG00000095787,25.219637407965656,0.01673553028345639,0.0747990789164354,0.22373979099599758,0.8229597819852413,0.9170607717358071,,WAC
ENSG00000173207,10.02233760680696,0.01981980897741179,0.08881981237694803,0.22314626035571036,0.823421675362687,0.9171959388788606,,CKS1B
ENSG00000108829,7.7530361183422505,-0.02225968450281621,0.09980168238167099,-0.22303917100003012,0.8235050202321178,0.9171959388788606,,LRRC59
ENSG00000162601,10.249035288729484,0.025836239357431852,0.11609662069711568,0.22254083884866885,0.8238928853984124,0.9173917949353912,,MYSM1
ENSG00000140678,12.316012696652333,0.026860763634249347,0.12143413040175777,0.2211961624411693,0.8249396971887433,0.918321088174863,,ITGAX
ENSG00000160218,22.868779964077422,0.018923772219804583,0.08565871654091835,0.22092056691936166,0.8251542829620878,0.9183237094590931,,TRAPPC10
ENSG00000089280,123.6896509825905,-0.012013420009512294,0.054566915614330185,-0.2201594111424793,0.825747006284917,0.918747054819963,,FUS
ENSG00000261971,14.262841684083929,0.02207048484310928,0.100871387431261,0.2187982678254451,0.8268071962604389,0.9196901640665602,,MMP25-AS1
ENSG00000110711,26.03487150412892,0.011771354580182388,0.05388144683668649,0.21846767804623196,0.827064739267438,0.9197402022128511,,AIP
ENSG00000067900,39.54858752132238,0.013148226432462832,0.06044939597604356,0.21750798697266635,0.8278124832854895,0.9201681548959687,,ROCK1
ENSG00000168397,12.903960609736194,-0.016174300926941578,0.07438925926395464,-0.2174279067566794,0.8278748849110252,0.9201681548959687,,ATG4B
ENSG00000156928,8.141024051708174,-0.020576479319248688,0.09477041266338179,-0.21711923311271183,0.8281154256076212,0.9201991388300403,,MALSU1
ENSG00000117226,7.86732643027172,0.02192540598754464,0.10140643232974851,0.21621316797980494,0.8288215897364786,0.92074737324512,,GBP3
ENSG00000170004,19.69904704544516,0.02105083502970235,0.09765283017327213,0.21556809968897372,0.8293244239077615,0.9209080770733936,,CHD3
ENSG00000130255,912.1993689962376,-0.007949722398034483,0.03692022747047042,-0.21532159855712804,0.8295165913310919,0.9209080770733936,,RPL36
ENSG00000115738,344.7448318938014,0.009251462505684099,0.043035022708315974,0.21497519748947108,0.8297866560108138,0.9209080770733936,,ID2
ENSG00000166888,13.367684539298942,-0.018883769533799055,0.08794089275126471,-0.21473252025324113,0.8299758664573136,0.9209080770733936,,STAT6
ENSG00000100380,59.562287807373174,-0.009855001333163992,0.04591594633155294,-0.21463134532831663,0.8300547533769111,0.9209080770733936,,ST13
ENSG00000023909,7.603708415183922,0.024303707148828103,0.11336232018486894,0.21438964118936624,0.8302432190116267,0.9209080770733936,,GCLM
ENSG00000135046,195.015825815799,-0.009595052477554532,0.04488053760675046,-0.2137909434514293,0.8307100877603139,0.9209594867553788,,ANXA1
ENSG00000110848,157.71592145384318,0.02224721964369717,0.10406384772343999,0.21378432693380092,0.8307152477019283,0.9209594867553788,,CD69
ENSG00000163527,16.55602704935431,-0.01724662264622551,0.08092257564481638,-0.21312498408261268,0.8312294778088289,0.9210897307054929,,STT3B
ENSG00000185475,27.02016515316782,-0.011973607652262177,0.056313565217499334,-0.2126238608054139,0.8316203587481461,0.9210897307054929,,TMEM179B
ENSG00000159459,8.454790390631752,-0.024182240939878887,0.11387654164072403,-0.21235489409375374,0.8318301725333442,0.9210897307054929,,UBR1
ENSG00000043093,9.62292627484137,0.019946973521460465,0.09400274942616398,0.2121956394172082,0.8319544085245757,0.9210897307054929,,DCUN1D1
ENSG00000132356,19.72077731618659,0.016382965332019536,0.07728375473197031,0.21198459351305718,0.8321190537815784,0.9210897307054929,,PRKAA1
ENSG00000170296,20.85223104822046,0.028816692803968126,0.1361612810841907,0.21163646944648165,0.8323906552280184,0.9210897307054929,,GABARAP
ENSG00000083896,35.30652225501215,-0.014597074263036136,0.0690398187198541,-0.2114297883988851,0.8325519143114477,0.9210897307054929,,YTHDC1
ENSG00000063854,16.708310564341797,0.017011971122836915,0.08067720610055308,0.21086465366232224,0.8329928862467607,0.9210897307054929,,HAGH
ENSG00000135870,13.369143198406821,0.01987315942159348,0.09433744135374661,0.21066036068407973,0.8331523080212548,0.9210897307054929,,RC3H1
ENSG00000116473,44.85122663182542,-0.009860512671667388,0.046817163128426466,-0.21061747472008352,0.8331857753219432,0.9210897307054929,,RAP1A
ENSG00000153406,14.355588935312733,-0.01588051307201945,0.0754970701483875,-0.210346084169978,0.8333975697832856,0.9210897307054929,,NMRAL1
ENSG00000103145,10.079684926147783,-0.01834275205716487,0.08729010777000554,-0.21013551851138593,0.8335619045438156,0.9210897307054929,,HCFC1R1
ENSG00000087470,11.481701637143,-0.021310065448241412,0.10149017845440024,-0.20997170142740534,0.8336897596769433,0.9210897307054929,,DNM1L
ENSG00000142065,9.024688455285451,-0.019996235865009062,0.09565065157376822,-0.20905488395536392,0.8344053938517694,0.9210897307054929,,ZFP14
ENSG00000197102,17.64962387573847,-0.015934253273776903,0.07624877982657965,-0.20897715753639332,0.8344660705664152,0.9210897307054929,,DYNC1H1
ENSG00000100697,8.511788902580783,0.02273043694980881,0.1088293777890495,0.20886306079842318,0.8345551413618696,0.9210897307054929,,DICER1
ENSG00000165688,9.242096466338047,-0.018014429317019992,0.08646956951498268,-0.208332589349813,0.8349692872285139,0.9210897307054929,,PMPCA
ENSG00000131408,16.005725680055345,-0.0149112673434162,0.07158752890634397,-0.20829420390979284,0.8349992570112896,0.9210897307054929,,NR1H2
ENSG00000047365,27.944219257628053,0.01587622504449543,0.07627745195229334,0.20813785251275818,0.8351213322674518,0.9210897307054929,,ARAP2
ENSG00000005194,8.435434634182617,-0.018480360745868125,0.08890018055318341,-0.20787765143865466,0.8353244995570333,0.9210897307054929,,CIAPIN1
ENSG00000132792,18.901461152673516,-0.01323153227398144,0.06371496809927374,-0.20766756491764238,0.8354885449814999,0.9210897307054929,,CTNNBL1
ENSG00000163874,9.641936700379985,0.028659689787441874,0.13803080369105838,0.20763256476857309,0.8355158754377304,0.9210897307054929,,ZC3H12A
ENSG00000169738,38.36812961491798,-0.012880624506351067,0.06226932724887057,-0.20685343933251973,0.8361243200269399,0.921309640787617,,DCXR
ENSG00000009790,86.8514041422276,0.010886664542929927,0.05263534414163568,0.20683182983728882,0.8361411969893626,0.921309640787617,,TRAF3IP3
ENSG00000198625,42.17869522912939,-0.014750213622510772,0.07150515650485295,-0.20628181719327748,0.836570780879019,0.9215483118287973,,MDM4
ENSG00000011304,19.424412837333335,-0.01519609377682658,0.07415389399321626,-0.20492644362299772,0.837629594609006,0.9224798309679737,,PTBP1
ENSG00000078061,8.251211722212306,0.01864262403496132,0.0911881965538165,0.20444119677220515,0.8380087395784185,0.922662548640157,,ARAF
ENSG00000119335,109.05368332922903,-0.010522351086285662,0.05168021124741059,-0.20360503241582395,0.8386621602241776,0.9231470789341177,,SET
ENSG00000157191,20.81955774768573,0.013630000951956718,0.06721993796640223,0.20276723490535273,0.8393169686766295,0.9236328899958738,,NECAP2
ENSG00000130640,16.147662270007793,0.018260174851672587,0.0906202601112427,0.20150212357873334,0.840305969111805,0.9244861246750014,,TUBGCP2
ENSG00000010256,21.576589960654797,0.012098346489427519,0.06031599878323819,0.20058270995239905,0.8410248787631446,0.9248615182114773,,UQCRC1
ENSG00000171262,7.734817881817422,-0.023128593221933804,0.11534362345605709,-0.20051904499727455,0.8410746647012164,0.9248615182114773,,FAM98B
ENSG00000108561,37.620798694675436,-0.01001543277052379,0.05025992540127228,-0.19927273450092026,0.8420494061593231,0.9256981149520811,,C1QBP
ENSG00000231074,7.433627683089987,-0.02107568445391386,0.1060119075263589,-0.19880487905260627,0.8424153792442982,0.9258652136119071,,HCG18
ENSG00000169567,202.07889668678425,-0.006153452379290847,0.03108340824172342,-0.19796581930262835,0.8430718066864704,0.9260902501272035,,HINT1
ENSG00000168159,12.184345019272273,-0.026342979611072913,0.13308338157068908,-0.19794341938238527,0.8430893324680508,0.9260902501272035,,RNF187
ENSG00000099995,10.548020548742096,-0.01778181353196714,0.09000337120493453,-0.197568305430233,0.8433828345707253,0.9260902501272035,,SF3A1
ENSG00000215712,15.46299651295879,0.013779503901721831,0.06982361908025371,0.1973473171862372,0.8435557535846503,0.9260902501272035,,TMEM242
ENSG00000154027,10.580819083479124,-0.04335363188527002,0.22001623406823861,-0.19704742274528605,0.8437904272266865,0.9260902501272035,,AK5
ENSG00000143436,19.341578453108138,0.012086410386618425,0.06138289650539841,0.19690192341372273,0.8439042884796772,0.9260902501272035,,MRPL9
ENSG00000134684,13.484330712360224,-0.01528942964761549,0.07809601671336917,-0.19577733015156595,0.8447844546122634,0.9268210788811521,,YARS1
ENSG00000148690,8.29668308011827,-0.019127792834492414,0.09813398707947805,-0.19491506871111783,0.8454594373174542,0.9270304162802248,,FRA10AC1
ENSG00000272211,43.746271441424476,-0.02659968697730457,0.13653442597249585,-0.19482036700885194,0.8455335772218822,0.9270304162802248,,ENSG00000272211
ENSG00000102786,9.93046206595794,-0.02066870923695249,0.10614986059116917,-0.19471254245502007,0.8456179923868841,0.9270304162802248,,INTS6
ENSG00000039123,10.680910417425592,0.018446738427363316,0.09506276136705555,0.1940479969452699,0.8461382999727811,0.9273658622042106,,MTREX
ENSG00000127884,18.745010630036468,-0.01260442490007313,0.065117845203802,-0.19356329836505712,0.8465178382815226,0.9275468944654718,,ECHS1
ENSG00000169139,26.35249748892864,-0.011765430410032685,0.06113401796256782,-0.19245308589460983,0.847387312956668,0.9282087380287266,,UBE2V2
ENSG00000196405,180.349004356982,-0.0063232121084945995,0.03291862777437444,-0.19208613894340135,0.8476747322582001,0.9282087380287266,,EVL
ENSG00000087274,22.774309542567345,-0.013227015836605308,0.06890133860974725,-0.19197037537285416,0.8477654108364981,0.9282087380287266,,ADD1
ENSG00000145241,23.24325991773674,-0.016407305797545034,0.08578493487520557,-0.19126092269479872,0.8483211750597739,0.9284351100312002,,CENPC
ENSG00000169093,9.282059091383914,0.016905909913313533,0.0884610423267381,0.19111135782088315,0.8484383493884189,0.9284351100312002,,ASMTL
ENSG00000100612,80.36692064296449,-0.008132607726255497,0.04260480011184262,-0.19088477600895778,0.8486158678468678,0.9284351100312002,,DHRS7
ENSG00000162639,16.884599968815014,0.013290337223430574,0.06991908628542239,0.19008167768636175,0.8492451274166483,0.9285651796596441,,HENMT1
ENSG00000077312,15.19941217366129,-0.013420606757532465,0.07062192735925285,-0.19003455809499517,0.8492820504833754,0.9285651796596441,,SNRPA
ENSG00000103550,8.894867117147232,0.018078059194865954,0.09528790231029965,0.18972040265925655,0.849528232162485,0.9285651796596441,,KNOP1
ENSG00000066027,14.389772955564524,0.016017748392194962,0.08468299848153096,0.1891495185505078,0.8499756317196498,0.9285651796596441,,PPP2R5A
ENSG00000172794,17.285302646775758,-0.014861521122635196,0.07861727637680353,-0.18903632646093768,0.8500643456443417,0.9285651796596441,,RAB37
ENSG00000096063,10.782289137269998,0.01809866799082435,0.09578642976208386,0.18894814261036938,0.8501334607602398,0.9285651796596441,,SRPK1
ENSG00000154305,13.75426319986536,0.017243523747598574,0.0913555374670735,0.18875181763134513,0.8502873368752566,0.9285651796596441,,MIA3
ENSG00000151532,9.166462210114393,0.019708116555266164,0.10473052964029947,0.18817928853176197,0.8507361077987732,0.9285651796596441,,VTI1A
ENSG00000130414,24.399730688427095,0.010301962400714227,0.054772188359138135,0.18808747120280905,0.8508080823506993,0.9285651796596441,,NDUFA10
ENSG00000119953,12.752119099890978,-0.016681080157797408,0.08877263645272798,-0.187907905232489,0.8509488456489278,0.9285651796596441,,SMNDC1
ENSG00000148908,19.878388748916578,0.01671979520015718,0.08906723922582001,0.18772104474649778,0.8510953322232837,0.9285651796596441,,RGS10
ENSG00000168887,9.331166899276365,-0.017489888173630345,0.09332444276987899,-0.18740951089048782,0.8513395661045763,0.9285975050502902,,C2orf68
ENSG00000181610,12.52411535400927,0.013679248610476183,0.07327470498964585,0.18668445833264213,0.8519080423256328,0.9288569148805127,,MRPS23
ENSG00000177105,51.09157474128938,0.008256385559605343,0.04425625659959635,0.18655860648821002,0.8520067240953905,0.9288569148805127,,RHOG
ENSG00000105583,88.14938693421192,-0.006964357974982754,0.03747919832584974,-0.1858192887274052,0.8525864777496915,0.9292058415217861,,WDR83OS
ENSG00000163866,15.501824525776597,0.013356523736247933,0.07205899318873127,0.18535540319395766,0.8529502853414616,0.9292058415217861,,SMIM12
ENSG00000139842,7.653995153188835,-0.019613707915484616,0.10583185301590738,-0.18532896624739736,0.8529710197653187,0.9292058415217861,,CUL4A
ENSG00000157778,12.088827475756801,-0.014375959880366504,0.07835036239005613,-0.18348300431334105,0.8544190529938694,0.9302187930157977,,PSMG3
ENSG00000012061,12.621992192041374,0.01463889466339849,0.07981498964530079,0.18341034345119878,0.8544760606284125,0.9302187930157977,,ERCC1
ENSG00000118680,211.80503040042836,0.005803865629704894,0.03167496137817112,0.18323197179033163,0.8546160091537088,0.9302187930157977,,MYL12B
ENSG00000121579,10.907800023102109,0.01742677576509951,0.09520359636055276,0.18304745231578484,0.8547607860020364,0.9302187930157977,,NAA50
ENSG00000263753,9.487494314752484,-0.016645219911686344,0.09112788336412249,-0.18265781336296955,0.8550665188414844,0.9303175325690477,,LINC00667
ENSG00000197343,24.256567257985235,-0.010339764130164186,0.057079952018030795,-0.1811452841953685,0.8562535408580889,0.9313748293848543,,ZNF655
ENSG00000134697,7.986460037981166,-0.017347410174337222,0.09666582164116752,-0.17945753607446088,0.8575784573080887,0.9322450506139004,,GNL2
ENSG00000123200,33.37122008646527,0.012103829235891542,0.06745956971965601,0.17942345743075191,0.8576052138795497,0.9322450506139004,,ZC3H13
ENSG00000104343,8.247833802260162,-0.018315558870545687,0.10223732078087443,-0.17914748479962106,0.8578218975829998,0.9322450506139004,,UBE2W
ENSG00000133943,9.168513812973506,-0.018109602802074097,0.1011548908148187,-0.17902844495405384,0.8579153666615558,0.9322450506139004,,DGLUCY
ENSG00000143337,9.00716393238603,0.016914293987475865,0.09467148241581802,0.17866303089228663,0.8582022991250989,0.9323227085900836,,TOR1AIP1
ENSG00000128016,230.4980260648603,-0.02015975708943771,0.11338210225201784,-0.1778036981941648,0.858877142891626,0.9328216358664824,,ZFP36
ENSG00000168653,93.92159531944678,0.007250759642803793,0.041173236750392625,0.176103707531195,0.860212468258829,0.9340374780817952,,NDUFS5
ENSG00000156232,21.28260787128283,-0.0175359666365836,0.09975979716518961,-0.17578189947144995,0.860465290335784,0.9340427215169421,,WHAMM
ENSG00000176624,10.78095255244554,-0.015827406323058055,0.09015997078041255,-0.1755480418422739,0.8606490248874621,0.9340427215169421,,MEX3C
ENSG00000126581,14.828455699316736,0.011968433860417344,0.06862867829449944,0.1743940602944208,0.8615557819948323,0.9347923442055264,,BECN1
ENSG00000084207,209.3251060059284,0.005968583048456528,0.03428289821628341,0.17409797184596315,0.8617884670928506,0.9348104028856266,,GSTP1
ENSG00000081019,19.372388513959464,-0.013445813425965097,0.07743295494320913,-0.17364458628534224,0.8621447894856816,0.9349625323570286,,RSBN1
ENSG00000189180,11.610592840445062,-0.016165572607843844,0.09365993310938199,-0.1725985922813405,0.8629669584881985,0.935224515426069,,ZNF33A
ENSG00000135365,8.497887225791764,0.01894463503678616,0.10987818862034181,0.1724148830141793,0.8631113724336479,0.935224515426069,,PHF21A
ENSG00000159256,14.374307606135206,0.015459348845967613,0.08981065107662962,0.17213268872505055,0.8633332144116773,0.935224515426069,,MORC3
ENSG00000023041,9.734071506735546,0.014318781288209848,0.08321559731306866,0.17206847935418404,0.8633836929622729,0.935224515426069,,ZDHHC6
ENSG00000079459,19.844052403047858,0.011857771860292196,0.06895558979315423,0.17196244562423293,0.8634670531839949,0.935224515426069,,FDFT1
ENSG00000074201,23.012928280141253,0.010494292771624182,0.06123814348519715,0.1713685649885994,0.8639339706264522,0.9354960687939586,,CLNS1A
ENSG00000054983,11.619363973384955,-0.015339747239783064,0.0896583463262138,-0.1710911238979445,0.8641521150723324,0.9354981741100782,,GALC
ENSG00000005020,22.15095131407334,0.013095231263525998,0.07684900159420645,0.17040210011672072,0.8646939206430001,0.9358505739425366,,SKAP2
ENSG00000173113,83.7807919570652,-0.007882650751489135,0.04655890691680374,-0.1693048929515177,0.8655568275233354,0.936410896736026,,TRMT112
ENSG00000188021,8.028745821150597,0.019096847161416235,0.11286987963008524,0.16919347503517676,0.8656444619699801,0.936410896736026,,UBQLN2
ENSG00000134982,7.246830457582646,0.019950478793399572,0.11819931353405996,0.16878675685075534,0.8659643753702639,0.936479925009395,,APC
ENSG00000116459,56.096213584954555,0.00632570536629385,0.03752745718523519,0.16856205671144267,0.8661411277761958,0.936479925009395,,ATP5PB
ENSG00000164088,7.757221716530794,-0.016878319815485845,0.10059856158213192,-0.16777893788974146,0.8667571927289605,0.936844589148596,,PPM1M
ENSG00000253738,26.97349397121456,0.010799355958137623,0.0644418729984137,0.16758289999428572,0.8669114247633415,0.936844589148596,,OTUD6B-AS1
ENSG00000180739,64.22030907736047,-0.010114452837451928,0.060591751659479436,-0.16692788309363138,0.867426793421062,0.9371674744401836,,S1PR5
ENSG00000132323,18.11404403137281,-0.012243913672423787,0.07355309670659657,-0.16646360548577283,0.8677921221476881,0.9371754730378783,,ILKAP
ENSG00000117751,8.44537643524963,-0.014883207971925267,0.08945957107356843,-0.16636797821985794,0.8678673724203325,0.9371754730378783,,PPP1R8
ENSG00000132661,23.00579156128057,-0.0165403868087516,0.10005115775154637,-0.16531929445360125,0.8686926729907676,0.9378326337402823,,NXT1
ENSG00000132155,9.297430918665064,0.016443506173565173,0.10036870557276542,0.1638310076804163,0.8698641808752,0.9385471700414436,,RAF1
ENSG00000159140,162.24768580826068,-0.008181312121630908,0.04997504953190042,-0.16370793422442848,0.8699610712136185,0.9385471700414436,,SON
ENSG00000047315,36.058402500895674,-0.009643616541672933,0.059051101593393836,-0.16330968062332954,0.8702746121928956,0.9385471700414436,,POLR2B
ENSG00000141524,27.237538785232015,0.008892213970780126,0.054474144718737336,0.16323733060321907,0.870331574812675,0.9385471700414436,,TMC6
ENSG00000122644,17.846116897950868,0.018812492125032637,0.11534272069659944,0.1631008182520466,0.8704390555526492,0.9385471700414436,,ARL4A
ENSG00000090487,18.56757865040297,-0.010087117255201972,0.0621151183550694,-0.16239391507782153,0.8709956623035956,0.9387644370734748,,SPG21
ENSG00000107872,22.31575938439812,-0.009390602735604532,0.05786173271800056,-0.16229383902779584,0.8710744661081583,0.9387644370734748,,FBXL15
ENSG00000138398,45.625395499219316,0.007948255759367914,0.049123197874844086,0.16180249053855272,0.8714613917225973,0.938885987739314,,PPIG
ENSG00000169976,87.23626883559592,0.005262015663984558,0.03256207054961578,0.1615995412812177,0.871621218569176,0.938885987739314,,SF3B5
ENSG00000167792,27.17544194434027,0.008729844187705312,0.05427552492804449,0.1608431092887422,0.8722169709413928,0.9392938858296185,,NDUFV1
ENSG00000198730,13.423404855546492,-0.013350955532364686,0.08332516160162923,-0.1602271783905384,0.8727021207101127,0.9394212203854406,,CTR9
ENSG00000215305,10.494818556023386,-0.01493845515560702,0.09328271103766397,-0.160141734619778,0.8727694259185282,0.9394212203854406,,VPS16
ENSG00000154723,97.0454333398863,0.005439961832266403,0.03432804695469665,0.15846989021675542,0.8740865449676605,0.9402171203816874,,ATP5PF
ENSG00000013441,59.54288184066206,0.010563718563223067,0.06673481647123786,0.1582939629087905,0.8742251650701106,0.9402171203816874,,CLK1
ENSG00000100348,28.871525243334943,-0.008675274081657526,0.05495324936265265,-0.15786644433720093,0.8745620399867765,0.9402171203816874,,TXN2
ENSG00000152465,16.606225688973833,-0.012964742636683907,0.08213983118566684,-0.15783746386547504,0.874584876763303,0.9402171203816874,,NMT2
ENSG00000121073,12.686451095793913,-0.012894536655867896,0.08170188591211634,-0.15782422292844092,0.8745953107317522,0.9402171203816874,,SLC35B1
ENSG00000106344,8.587132300527326,-0.01716830240695464,0.1108410592488715,-0.1548911795258708,0.8769071074451251,0.9424682200484491,,RBM28
ENSG00000100319,9.579497258893436,0.013137856404257535,0.08558557172757798,0.15350550494744386,0.8779996494396568,0.9432077967166783,,ZMAT5
ENSG00000103275,64.00004285626122,0.0063682905681489545,0.041496563494629386,0.15346549284673072,0.8780312006412712,0.9432077967166783,,UBE2I
ENSG00000174891,19.97934438753527,0.011301187706864209,0.07409772072881401,0.1525173459548746,0.8787789103876269,0.9437767051991218,,RSRC1
ENSG00000171222,74.77927228733364,0.005899921180049013,0.038860231766766284,0.1518241377318468,0.8793256436688643,0.9441295434628229,,SCAND1
ENSG00000146433,12.593160436641085,-0.01349457929284278,0.08979978594419415,-0.15027406970912996,0.8805483900358517,0.9452078600062342,,TMEM181
ENSG00000169919,11.72163305159062,-0.011591659580855248,0.07742593590306288,-0.14971287651424692,0.8809911486956933,0.945448586410284,,GUSB
ENSG00000176485,33.60546811567442,0.009272775315618025,0.062100663054924746,0.14931845908660824,0.8813023503110533,0.9455480460689133,,PLAAT3
ENSG00000140694,8.357868166266597,0.014718049845554821,0.0999958740614129,0.14718657128308782,0.8829847597199647,0.9470726040957439,,PARN
ENSG00000198146,7.768273342759941,0.01629083364313029,0.11115319575228393,0.14656199070907552,0.8834777566501028,0.9470726040957439,,ZNF770
ENSG00000074695,16.785640470348874,0.010767754114379151,0.07354016043818865,0.1464200519854668,0.8835897987034854,0.9470726040957439,,LMAN1
ENSG00000100359,9.573374413768613,-0.014362668717610046,0.09809988379647488,-0.14640862110915318,0.8835988219862534,0.9470726040957439,,SGSM3
ENSG00000134049,31.245247731107526,0.008041125056383177,0.05532526853291735,0.14534272077864166,0.8844402865038734,0.94743824094267,,IER3IP1
ENSG00000171865,8.041992081679435,-0.015211815364494766,0.10480652498986451,-0.14514187323705133,0.8845988582430455,0.94743824094267,,RNASEH1
ENSG00000110906,9.948061860881035,-0.018414779644270768,0.1268792203891046,-0.14513629251344368,0.884603264362754,0.94743824094267,,KCTD10
ENSG00000123154,8.800492828793004,-0.012752520136369632,0.08804171289162951,-0.14484634291550755,0.8848321916683795,0.94743824094267,,WDR83
ENSG00000228300,28.451776758676683,0.007777739808529623,0.05379176016194165,0.14458979935057922,0.8850347515346134,0.94743824094267,,FAM174C
ENSG00000138750,7.566319803617172,0.0156718364975993,0.10892580629024355,0.14387624963583143,0.8855981905797238,0.9476724019152255,,NUP54
ENSG00000130244,9.039140765895151,0.013110861315812433,0.09121545523867937,0.14373508613760502,0.8857096641351805,0.9476724019152255,,FAM98C
ENSG00000180304,13.808133668980547,-0.010410964610705231,0.07256002079982693,-0.1434807280365342,0.885910530563228,0.9476724019152255,,OAZ2
ENSG00000081087,9.8530395807964,-0.015904027544400227,0.11146159138584176,-0.14268616970796644,0.8865380399209762,0.9481092681013505,,OSTM1
ENSG00000100764,27.987156362772225,0.007752778219320441,0.05479147170920045,0.14149607552918886,0.8874780601269724,0.948880050943763,,PSMC1
ENSG00000136770,30.50915051612703,-0.008703081773756697,0.06294547655025093,-0.1382638157772753,0.8900319216262007,0.9512103254965026,,DNAJC1
ENSG00000124126,19.62496265367355,-0.01130075788088461,0.08184910100083605,-0.1380681979728669,0.8901865193636387,0.9512103254965026,,PREX1
ENSG00000123091,13.248058580178146,0.012769350741556322,0.0927482600964473,0.13767752331178718,0.8904952840095726,0.9512103254965026,,RNF11
ENSG00000163220,186.43015034992263,-0.009866144505186464,0.07168865406548769,-0.13762490918261247,0.890536868173407,0.9512103254965026,,S100A9
ENSG00000064601,16.273899407972145,0.009975537386862032,0.07270565565137423,0.1372044209971096,0.8908692165107506,0.9513304787369244,,CTSA
ENSG00000136146,41.29709651344181,0.006758996274461421,0.049443289687324914,0.13670199368215039,0.8912663535980566,0.9515197414307404,,MED4
ENSG00000103035,37.27024792284893,0.006800881025284967,0.05006022357285937,0.1358539882545017,0.8919367101975444,0.9518849478933818,,PSMD7
ENSG00000198160,28.991871992465036,0.008758058806232039,0.06461863421732315,0.13553457005570926,0.892189233463458,0.9518849478933818,,MIER1
ENSG00000108061,30.0458859604811,0.009386096464698363,0.06947609226891388,0.1350982209587807,0.8925342167531298,0.9518849478933818,,SHOC2
ENSG00000113384,12.033652359363415,0.010576019090430301,0.07845954373959542,0.1347958270765855,0.8927733052366223,0.9518849478933818,,GOLPH3
ENSG00000145833,69.4761748639667,0.006733573359177016,0.049996854591999464,0.1346799396507341,0.8928649345056306,0.9518849478933818,,DDX46
ENSG00000249915,38.83639546429952,0.006983673497916117,0.05188475240515211,0.13459972678259605,0.8929283576379101,0.9518849478933818,,PDCD6
ENSG00000165283,18.518063435388783,0.008779114402877368,0.06597133180493162,0.1330746880908215,0.8941343130604223,0.9529024110951977,,STOML2
ENSG00000169375,8.845780399086218,0.01340922422804814,0.1011277005218041,0.13259694583045506,0.8945121479664578,0.9529024110951977,,SIN3A
ENSG00000130935,8.762036665851841,0.013680340411461153,0.10320318799994392,0.13255734320405477,0.8945434698101903,0.9529024110951977,,NOL11
ENSG00000035403,14.70157661627883,0.011468385930256236,0.08698663316016758,0.1318407841942752,0.8951102269756465,0.9532714624965843,,VCL
ENSG00000145216,17.81914123015071,0.009902429134668402,0.07564238379816322,0.13091111936782798,0.8958456184025961,0.9538198796328822,,FIP1L1
ENSG00000104671,12.252101139876952,-0.012152679512601313,0.09305328577250317,-0.1305991444763402,0.8960924195397659,0.9538479457192047,,DCTN6
ENSG00000156976,123.94380463215212,0.004958213428697558,0.03873630727241188,0.1279991247959976,0.8981496656559742,0.9554555587932646,,EIF4A2
ENSG00000291237,14.56951169579126,-0.010563014638359394,0.08263921826929511,-0.1278208441413115,0.898290754132164,0.9554555587932646,,SOD2
ENSG00000075624,2233.440923304269,-0.0063301583614876825,0.04958322292234845,-0.12766734367794624,0.8984122345348874,0.9554555587932646,,ACTB
ENSG00000112081,113.7288501743714,0.0052933996142368964,0.04149270921088411,0.12757421038316688,0.8984859414674817,0.9554555587932646,,SRSF3
ENSG00000167775,27.727428827124584,0.011453206831817293,0.09212878679292032,0.12431735216008964,0.9010640088402935,0.9575479240263342,,CD320
ENSG00000072364,16.26850574102493,-0.010902361340480102,0.08770000636992102,-0.12431425939119826,0.9010664575181012,0.9575479240263342,,AFF4
ENSG00000147123,90.24582946153384,0.004257573476001295,0.034266220306425885,0.12424987167910317,0.9011174362457205,0.9575479240263342,,NDUFB11
ENSG00000126822,7.914727287250138,-0.013244310218394619,0.10970683351834466,-0.12072456923278137,0.9039091978910508,0.9599676623260096,,PLEKHG3
ENSG00000197601,8.161094992538516,-0.013852689925646247,0.11491725154205955,-0.12054491157557995,0.9040515047082629,0.9599676623260096,,FAR1
ENSG00000272282,13.540636585997342,0.009364339977168531,0.0779255732504845,0.12017030592855224,0.9043482397215281,0.9599676623260096,,LINC02084
ENSG00000164466,12.795553822988035,-0.009421212771633228,0.07848290158249,-0.12004159608868431,0.9044501972658473,0.9599676623260096,,SFXN1
ENSG00000105258,35.62482697919657,0.005948904217875443,0.04958500048224593,0.11997386629058253,0.9045038500816134,0.9599676623260096,,POLR2I
ENSG00000176087,8.347724089056424,-0.01100780113003961,0.09230833189284345,-0.11925035264225192,0.9050770155827429,0.9603404233512821,,SLC35A4
ENSG00000117748,34.28827990217358,0.007011168591371156,0.05922607898779196,0.11837975282504082,0.9057667678685128,0.9606089773638985,,RPA2
ENSG00000162520,9.797333044350458,-0.012247667588967979,0.1034689440704574,-0.11837047047303298,0.9057741224046004,0.9606089773638985,,SYNC
ENSG00000178950,9.67236166705245,0.011714086602162695,0.09934831591284453,0.11790926191883447,0.9061395544941954,0.9607610517756391,,GAK
ENSG00000150977,10.118719888906979,0.010484009751760462,0.08961218166555868,0.11699313147946558,0.9068654963888115,0.9609557934290176,,RILPL2
ENSG00000170315,635.7477080245,-0.0027133240220417786,0.02321584502030835,-0.11687379975479092,0.9069600606055896,0.9609557934290176,,UBB
ENSG00000144674,29.3933426813304,0.010297966803550367,0.08813984362414204,0.11683668112079214,0.9069894754712521,0.9609557934290176,,GOLGA4
ENSG00000196072,24.404746038513444,-0.006796904440109096,0.058614019154090556,-0.1159603886271763,0.9076839352443141,0.9614325045135994,,BLOC1S2
ENSG00000167986,13.015837421009216,0.009324590237936295,0.08058711271746602,0.1157082059836018,0.9078838025057933,0.9614325045135994,,DDB1
ENSG00000114388,16.21793680726098,0.008208550006878701,0.07125802877424464,0.11519473872740052,0.9082907688040303,0.9614620592942591,,NPRL2
ENSG00000204472,29.962538032016553,-0.008400587489643245,0.07297732427160539,-0.11511229787458534,0.9083561124092747,0.9614620592942591,,AIF1
ENSG00000156966,17.67414805611535,-0.018963867719505638,0.16605400554530775,-0.11420301279231326,0.9090768636740092,0.9619896280551328,,B3GNT7
ENSG00000168421,20.774745113507812,-0.009617460111824742,0.08452130898338517,-0.11378740139620057,0.9094063259525063,0.9621029761360623,,RHOH
ENSG00000137161,29.590742841076928,-0.0059633852309613974,0.052750008983228944,-0.11304993773285166,0.909990964357294,0.9623770397053585,,CNPY3
ENSG00000136522,24.34034989177252,-0.007263704102708071,0.0645173963223866,-0.11258520208118926,0.9103594174788541,0.9623770397053585,,MRPL47
ENSG00000114062,13.35059378694175,-0.009897539200339268,0.08801256443781899,-0.11245598016101319,0.9104618710204102,0.9623770397053585,,UBE3A
ENSG00000172932,9.889490611535699,0.010772139965330106,0.09589002177335917,0.1123384870095305,0.9105550267052779,0.9623770397053585,,ANKRD13D
ENSG00000109046,34.37917791674054,0.007105184376670028,0.06356054682032386,0.11178608007818623,0.9109930248288348,0.9625149786359448,,WSB1
ENSG00000125458,36.632110786149674,0.005929251842505162,0.05312340577281079,0.11161279583358011,0.9111304258129952,0.9625149786359448,,NT5C
ENSG00000096996,18.013672325303954,0.008119061832803745,0.07296180222722118,0.11127825224929298,0.9113957004772842,0.9625602138064947,,IL12RB1
ENSG00000135829,16.31396033735862,0.00995712192653144,0.09047422852501598,0.11005478674823196,0.9123659252140407,0.9630759646228726,,DHX9
ENSG00000143851,40.48291922512246,-0.00837988004083441,0.07620298016678931,-0.10996787819181013,0.912434849864852,0.9630759646228726,,PTPN7
ENSG00000175040,27.57174638228018,0.009469064280676094,0.08622312755580377,0.10982046869672753,0.9125517575580719,0.9630759646228726,,CHST2
ENSG00000010072,9.552700016789668,0.011784577206082269,0.10791197625871254,0.10920546184632414,0.9130395282947708,0.9630864245804988,,SPRTN
ENSG00000134371,12.708741758669005,-0.009133893528000168,0.08380694345648412,-0.1089873124026155,0.9132125536220222,0.9630864245804988,,CDC73
ENSG00000107625,11.930791528751776,0.0092993081853851,0.08538676230657473,0.10890807818660035,0.9132753992941836,0.9630864245804988,,DDX50
ENSG00000128340,189.55515156542884,0.004122564312076165,0.03793876491933794,0.10866364049650003,0.913469281714314,0.9630864245804988,,RAC2
ENSG00000118260,9.61716395442124,0.009876750893671873,0.09110985620366156,0.10840485656781161,0.9136745488567015,0.9630864245804988,,CREB1
ENSG00000130312,24.791077282903128,0.006131307514948473,0.05686435679821079,0.10782338639133947,0.9141357913798318,0.9633379369947717,,MRPL34
ENSG00000197969,12.753094046622254,-0.00920762884361905,0.08574410371900286,-0.10738497977416527,0.9144835700036053,0.9634697850999755,,VPS13A
ENSG00000113719,12.272300374473891,0.010576090468107854,0.09914510104605297,0.1066728497578035,0.9150485224343106,0.9638303204900832,,ERGIC1
ENSG00000135821,14.4265779387592,0.008765280580839804,0.08288884099541409,0.1057474139531611,0.9157827603285771,0.9643689471749217,,GLUL
ENSG00000161179,12.320151849626846,-0.008106203634854571,0.0774980182772461,-0.10459885059066862,0.9166941267994062,0.9650937923749467,,YDJC
ENSG00000198887,18.449264575271204,-0.009152984570591256,0.088517984199245,-0.10340254190593423,0.9176434948133818,0.9658582831567752,,SMC5
ENSG00000188042,104.58745800973053,-0.0056222322297357465,0.05566328817746202,-0.10100431386322915,0.9195470357241515,0.9673965174912037,,ARL4C
ENSG00000156256,34.22014330542365,-0.006152612616639234,0.06091819196045583,-0.10099795182091278,0.9195520860737972,0.9673965174912037,,USP16
ENSG00000121022,16.894810373497243,-0.007009484724564147,0.06969208301073804,-0.1005779196395111,0.9198855253828058,0.967512073002285,,COPS5
ENSG00000205352,105.30725614955006,-0.004305386763164689,0.04303167603915597,-0.1000515703652136,0.920303383575838,0.967716340396756,,PRR13
ENSG00000153774,24.438315733104414,0.005939752644275861,0.05976202943588782,0.0993900759452618,0.9208285619977369,0.9677284133879448,,CFDP1
ENSG00000117448,16.752140224103613,-0.0064704307768220694,0.06515211373175615,-0.09931267623122841,0.9208900139979092,0.9677284133879448,,AKR1A1
ENSG00000108021,8.172135925665094,0.011785406954824324,0.11881406456974182,0.09919201903833946,0.920985811493311,0.9677284133879448,,TASOR2
ENSG00000115524,61.97281737056262,0.006503346047263927,0.06577357274246705,0.09887475738511933,0.9212377113652833,0.9677580910603498,,SF3B1
ENSG00000163125,7.636980527672826,0.010015367425847207,0.10251082342512324,0.09770058508175684,0.9221700509531575,0.9678304015172124,,RPRD2
ENSG00000103187,51.50353085755438,0.008801271184434571,0.09018277332360362,0.09759370731317935,0.9222549214897127,0.9678304015172124,,COTL1
ENSG00000139746,16.03982181910762,0.00795836400597156,0.08176451913064878,0.09733273173483915,0.9224621632297867,0.9678304015172124,,RBM26
ENSG00000126777,54.933130488790304,0.0053879084035097615,0.05550295584100698,0.09707426067440249,0.922667421311094,0.9678304015172124,,KTN1
ENSG00000173933,23.899893428687186,-0.006148410673646133,0.06357386735246312,-0.09671286221362647,0.9229544251466365,0.9678304015172124,,RBM4
ENSG00000175334,57.253794059855664,-0.0052362970644462175,0.05417261095828153,-0.09665949216438366,0.9229968097111652,0.9678304015172124,,BANF1
ENSG00000128487,7.734402416625346,0.012808127714309605,0.13299463176324533,0.09630559928998042,0.9232778641699404,0.9678304015172124,,SPECC1
ENSG00000102977,7.990145211803064,-0.008908179005109183,0.0926324758234307,-0.09616691042663382,0.9233880106337341,0.9678304015172124,,ACD
ENSG00000139990,11.673286695482586,-0.00835909498451529,0.08715918598286726,-0.09590606991394371,0.9235951737116008,0.9678304015172124,,DCAF5
ENSG00000115286,42.38676750554568,-0.004329673667558911,0.045311494872568366,-0.0955535384505732,0.9238751672205504,0.9678304015172124,,NDUFS7
ENSG00000100811,35.1489207611032,-0.006218909222590421,0.06547947399926403,-0.09497494165362903,0.9243347305948755,0.9678304015172124,,YY1
ENSG00000166266,10.727957785959658,0.008734991458287976,0.09209769578746063,0.0948448425728939,0.9244380681663776,0.9678304015172124,,CUL5
ENSG00000116977,8.335259682256652,0.00975148792305825,0.10295741095508555,0.09471380284914378,0.9245421541786704,0.9678304015172124,,LGALS8
ENSG00000111596,21.191451974786613,0.007981966836469482,0.08447731948542785,0.09448650697121556,0.9247227003688525,0.9678304015172124,,CNOT2
ENSG00000137076,84.71942518936491,0.006757006353925348,0.0715909654971209,0.09438350645232026,0.924804517257723,0.9678304015172124,,TLN1
ENSG00000100592,8.459874302011418,-0.010637392787861383,0.11306620999570258,-0.09408109450441196,0.9250447381619197,0.9678304015172124,,DAAM1
ENSG00000143811,14.397630296050567,-0.007779347901573017,0.08302690423684753,-0.09369671160303872,0.9253500825475904,0.9678304015172124,,PYCR2
ENSG00000196642,10.278289650448013,-0.009400040325621875,0.10033011052292552,-0.09369111901330913,0.9253545252455097,0.9678304015172124,,RABL6
ENSG00000167565,20.260165979666898,-0.009434253670133853,0.10096903778910235,-0.09343709593271075,0.9255563211181476,0.9678304015172124,,SERTAD3
ENSG00000170473,13.94416749788089,0.006856116338835856,0.07453856810291516,0.09198078945344962,0.9267133026747074,0.9688061030861221,,PYM1
ENSG00000114416,18.835411504041723,0.006281441406661887,0.06887698486489907,0.09119797300916727,0.9273352855476908,0.9691705584798506,,FXR1
ENSG00000238142,9.811619014374639,0.011076775852515026,0.1226229023775987,0.0903320312742702,0.9280233669162133,0.9691705584798506,,ENSG00000238142
ENSG00000196459,15.802543647840274,0.0073246268953988634,0.08121370682115053,0.09018954043717294,0.9281365959752791,0.9691705584798506,,TRAPPC2
ENSG00000114423,23.055347594102837,-0.007574818140873785,0.0840737798961437,-0.09009727111390678,0.9282099177375109,0.9691705584798506,,CBLB
ENSG00000117592,44.89391921049391,0.003997158298557579,0.044398154018603926,0.09002983089978629,0.9282635094487053,0.9691705584798506,,PRDX6
ENSG00000110011,13.505893737853857,0.0070041678048292245,0.07818437768738909,0.08958526002259114,0.9286167981020258,0.9691705584798506,,DNAJC4
ENSG00000120656,21.549194436171547,-0.006046143566755705,0.06750270966092252,-0.08956890170967215,0.928629797887095,0.9691705584798506,,TAF12
ENSG00000257103,37.40246403786911,0.005666069403032842,0.06469261342691544,0.08758448767004776,0.9302069318393448,0.9704357857469543,,LSM14A
ENSG00000226752,17.335760092375292,-0.011977343200691895,0.13708602668934916,-0.08737099972875986,0.9303766200702765,0.9704357857469543,,CUTALP
ENSG00000084090,19.192620642923018,0.005979754849916946,0.06857752943846296,0.08719700022560292,0.9305149237495062,0.9704357857469543,,STARD7
ENSG00000176973,9.199665440351607,-0.008141910349076645,0.09619196234288448,-0.08464231470872907,0.9325457574819342,0.9720106138361927,,FAM89B
ENSG00000074319,9.318567060485183,0.007321759625972399,0.08667480187006159,0.08447391246361087,0.9326796435289387,0.9720106138361927,,TSG101
ENSG00000198176,8.7486024438005,0.010602414854868318,0.1258077854140182,0.08427471177540448,0.9328380179421281,0.9720106138361927,,TFDP1
ENSG00000076043,14.727961442660382,0.005925330772771841,0.0703995504832759,0.08416716771763282,0.9329235219000943,0.9720106138361927,,REXO2
ENSG00000100325,14.657703387150214,-0.006710713217295638,0.0803690042628003,-0.08349877267798585,0.9334549532470077,0.972088618920121,,ASCC2
ENSG00000078808,37.56355618486598,-0.003996078037392909,0.04811027250361748,-0.0830608065479662,0.9338031899593449,0.972088618920121,,SDF4
ENSG00000248333,15.881982212236512,0.007672673654076651,0.09274700294064173,0.08272691742920445,0.9340686812149773,0.972088618920121,,CDK11B
ENSG00000168172,12.638202249243395,0.00799613223733015,0.09709753898264868,0.08235154383015884,0.9343671675262439,0.972088618920121,,HOOK3
ENSG00000158195,44.77763582904827,0.004666132590549671,0.056756503489666404,0.08221317917160328,0.9344771934607646,0.972088618920121,,WASF2
ENSG00000044574,89.97760921943285,-0.004503696831446107,0.0552202649022656,-0.081558769039178,0.9349975895553432,0.972088618920121,,HSPA5
ENSG00000240344,11.959971668467565,0.007160037089572061,0.0881348899677966,0.08123953058985209,0.9352514625309633,0.972088618920121,,PPIL3
ENSG00000167978,66.21957753312924,-0.005330727705716357,0.06576132241153755,-0.08106174739547366,0.9353928466919801,0.972088618920121,,SRRM2
ENSG00000112763,8.401708322657068,0.008494683924054603,0.10511983341070248,0.08080952612306691,0.9355934320984375,0.972088618920121,,BTN2A1
ENSG00000076108,22.584883690624544,-0.006310813374538928,0.07811959044256774,-0.08078400486723668,0.9356137287567142,0.972088618920121,,BAZ2A
ENSG00000110063,9.107518810566894,-0.007288644471242556,0.09032693873336435,-0.08069181324474939,0.9356870476703466,0.972088618920121,,DCPS
ENSG00000063978,9.426104333467036,0.007718442370789966,0.0956641149188666,0.08068273434961512,0.935694268038434,0.972088618920121,,RNF4
ENSG00000160310,99.14458969388085,0.0063077073939881365,0.07879815347262908,0.08004892394057367,0.9361983451058027,0.9722188754624826,,PRMT2
ENSG00000168288,23.628878510571568,-0.0049423278122824425,0.06180995561689695,-0.0799600608503165,0.936269021042793,0.9722188754624826,,MMADHC
ENSG00000137106,14.17729813170913,0.006677061216424819,0.08421602063270053,0.07928492899879622,0.9368059934795636,0.9724149262300562,,GRHPR
ENSG00000105329,47.346259800312204,-0.004757437989075498,0.06014131386042879,-0.07910432419411696,0.9369496440844391,0.9724149262300562,,TGFB1
ENSG00000144426,46.08615121814838,0.00889176714829738,0.11273233417317786,0.07887503805818452,0.937132018114013,0.9724149262300562,,NBEAL1
ENSG00000242086,18.396793163796957,0.0073358191439327125,0.09370050504534623,0.07829007047915647,0.9375973158296973,0.9726644894737713,,MUC20-OT1
ENSG00000126391,8.395318595250336,0.008329141536395853,0.107564419588266,0.07743398391659674,0.9382783066762533,0.9731376397382905,,FRMD8
ENSG00000141562,21.877010512950804,-0.005182054690962369,0.0672669654625107,-0.07703714082138041,0.9385939986435682,0.9732317834006037,,NARF
ENSG00000197448,76.34624929300729,-0.002709231607466805,0.035305473387046184,-0.07673687243238722,0.9388328710493656,0.9732462465334464,,GSTK1
ENSG00000147010,51.631096740940755,0.0036487357620144044,0.04800888507714171,0.07600126010324,0.9394180956820698,0.9736196646745666,,SH3KBP1
ENSG00000092203,25.6452054492423,0.004251297033846021,0.05685765833947943,0.07477087797852745,0.940397012943443,0.9744008321375187,,TOX4
ENSG00000121895,10.503579827964346,-0.00810145265480218,0.10998486820660763,-0.07365970234726764,0.941281164509391,0.9750834567469798,,TMEM156
ENSG00000125445,20.745341512894072,0.0047922061378448885,0.06624161426174174,0.07234434412949772,0.9423278756123784,0.9759226253098222,,MRPS7
ENSG00000123992,15.415558322602148,-0.005057855803911882,0.07043510875209669,-0.07180873137732356,0.9427541241272792,0.9759226253098222,,DNPEP
ENSG00000015285,43.189895235600325,0.0034708207014570816,0.04835518419633822,0.07177763375617367,0.9427788725768311,0.9759226253098222,,WAS
ENSG00000151292,19.17520117829506,-0.006355843549933415,0.08918739925875165,-0.07126391847679915,0.9431877110743663,0.9759226253098222,,CSNK1G3
ENSG00000163964,9.979918579666057,0.006484885463079318,0.0913849843311546,0.07096226486815205,0.9434277880192211,0.9759226253098222,,PIGX
ENSG00000196419,44.630868193076,-0.0029857019609600506,0.04233191081697512,-0.07053076280607637,0.9437712163323203,0.9759226253098222,,XRCC6
ENSG00000170634,16.189590830030795,-0.006586473746665939,0.09342613500682025,-0.07049926389639384,0.9437962864196535,0.9759226253098222,,ACYP2
ENSG00000109689,16.74029384404054,0.005686637180758104,0.08080535934234417,0.0703745051942137,0.9438955828337431,0.9759226253098222,,STIM2
ENSG00000126749,10.374098347802489,-0.006213990083948522,0.08923155119285875,-0.06963893377262988,0.9444810474782154,0.9760545484845337,,EMG1
ENSG00000086504,21.81588887009527,0.00426789477002735,0.061705647366530225,0.06916538359408413,0.9448579769863729,0.9760545484845337,,MRPL28
ENSG00000116717,12.442973076960824,-0.006311619960910435,0.09197997008823801,-0.06861950438617871,0.9452924932049097,0.9760545484845337,,GADD45A
ENSG00000187109,97.52606126700718,-0.003107618678750572,0.04541831567489853,-0.06842214715743122,0.9454495922590459,0.9760545484845337,,NAP1L1
ENSG00000135250,38.94234572156693,-0.003632781623749537,0.0533485908368765,-0.06809517490082279,0.9457098713144951,0.9760545484845337,,SRPK2
ENSG00000134333,82.98024616361329,0.002916813530012812,0.04285548605629048,0.06806161353954991,0.9457365874245574,0.9760545484845337,,LDHA
ENSG00000107798,14.645252936316533,-0.006148868122564254,0.09037427987323621,-0.06803781043886584,0.9457555356279397,0.9760545484845337,,LIPA
ENSG00000011485,7.4701673754493685,-0.007372896535953406,0.10913785836237577,-0.06755581103188608,0.9461392326812927,0.9760545484845337,,PPP5C
ENSG00000102030,27.92588027941148,-0.00381154761687433,0.05661960139865846,-0.06731851731059062,0.9463281356449901,0.9760545484845337,,NAA10
ENSG00000198399,25.63227707091373,0.004848406435237432,0.07218056311095407,0.06717052661094634,0.9464459484733913,0.9760545484845337,,ITSN2
ENSG00000048649,33.84290204993957,-0.004475391426612724,0.06692722200213254,-0.06686952323331337,0.9466855756507343,0.9760545484845337,,RSF1
ENSG00000131558,11.4518632717371,0.005867106169785996,0.08781298123140653,0.06681365428563325,0.9467300531522042,0.9760545484845337,,EXOC4
ENSG00000140990,61.72371403244729,-0.0024309752248958282,0.036964016688477395,-0.06576599197493663,0.9475641320685818,0.9766817530873637,,NDUFB10
ENSG00000183155,15.114307171321387,-0.004951295551467993,0.0764098637811065,-0.06479916736472807,0.9483339044055077,0.9772423920844563,,RABIF
ENSG00000120690,76.20925312350715,0.003696673174942893,0.05799520354057576,0.06374101562306876,0.9491764453870442,0.9778777331404143,,ELF1
ENSG00000157500,15.8004266352138,0.004733744632576482,0.07522115829473155,0.06293102552381237,0.9498214290055633,0.9783092890519097,,APPL1
ENSG00000142684,9.379651050775482,0.00600216458954086,0.0967608325843862,0.062030931620046824,0.9505381995536638,0.9788145619868405,,ZNF593
ENSG00000151923,19.05853636972313,0.004130935250843444,0.06715478356720057,0.06151364104553613,0.9509501509963577,0.9790057823843064,,TIAL1
ENSG00000163961,16.46907025611875,-0.0052241688328296156,0.08615960517469642,-0.06063362085094446,0.9516509972065275,0.9793800059880415,,RNF168
ENSG00000168090,44.063422563655436,0.002631968390875249,0.04401409996429997,0.059798300840186454,0.9523162788900839,0.9793800059880415,,COPS6
ENSG00000076641,8.631494671552769,-0.006503676616723359,0.10881623093033185,-0.05976752329243283,0.9523407919762489,0.9793800059880415,,PAG1
ENSG00000130844,18.04729198925505,0.01023565800991101,0.17184590521336474,0.059563002081442475,0.9525036860874476,0.9793800059880415,,ZNF331
ENSG00000120709,9.218550165919352,-0.007361715798136508,0.12376032373942887,-0.059483650136825994,0.9525668877171604,0.9793800059880415,,FAM53C
ENSG00000182362,13.723789674622198,0.0058427654734852985,0.09844251258323844,0.059352055531342984,0.9526716998390725,0.9793800059880415,,YBEY
ENSG00000115204,7.9795851648010725,-0.005360301123569635,0.09290553220740141,-0.05769625334693042,0.9539905781226455,0.9805029053531323,,MPV17
ENSG00000035141,15.003958276173316,-0.004104195210368518,0.07202318118301404,-0.05698436451924527,0.9545576502073266,0.9808527552712187,,FAM136A
ENSG00000120675,26.171199662284263,0.004451125190931837,0.07922506127113256,0.05618329755149972,0.9551957867674268,0.9810439114906491,,DNAJC15
ENSG00000127527,10.584557944750973,0.005226286642833421,0.09302487037249461,0.056181606294167095,0.9551971340675073,0.9810439114906491,,EPS15L1
ENSG00000127824,29.539025083836965,0.004261991689304828,0.07880514088150027,0.054082660618722946,0.9568693068491408,0.982218617112973,,TUBA4A
ENSG00000125877,23.817257917944765,-0.003337341197162823,0.062117572878328156,-0.05372620085623418,0.9571533076799497,0.982218617112973,,ITPA
ENSG00000102898,28.347742553588827,-0.002874201798441158,0.05371932730971614,-0.05350405417160362,0.9573303005163807,0.982218617112973,,NUTF2
ENSG00000225921,26.329338093399677,0.00316996288334286,0.05925620042425755,0.053495884998478245,0.9573368092520197,0.982218617112973,,NOL7
ENSG00000110090,7.508278708462115,0.007137912380475358,0.13386596383298305,0.05332133856953307,0.9574758786647838,0.982218617112973,,CPT1A
ENSG00000068878,12.879430478590063,-0.00560542120009545,0.10642549699731287,-0.05266990860504961,0.9579949151883116,0.982518131789482,,PSME4
ENSG00000090989,7.930936911317691,-0.005950536485402417,0.11377873078042894,-0.052299199020648314,0.9582902915342317,0.9825306425648053,,EXOC1
ENSG00000163714,51.124908948183155,-0.0026763299443929075,0.05138424737198113,-0.05208463841103685,0.9584612531236523,0.9825306425648053,,U2SURP
ENSG00000113088,62.31704534454815,-0.007391586503355075,0.14452491819988664,-0.051144028278445844,0.9592107523855989,0.9828073401165994,,GZMK
ENSG00000251301,18.85139389381269,-0.008276220494355137,0.16182811844719067,-0.05114204239515961,0.9592123348203426,0.9828073401165994,,LINC02384
ENSG00000141543,10.632946411265959,0.004305286480117862,0.08465316202281728,0.050857952346274105,0.95943871128938,0.9828073401165994,,EIF4A3
ENSG00000154310,16.945259224253657,0.003935526126488441,0.07776840918388307,0.050605717254456194,0.959639706954618,0.9828073401165994,,TNIK
ENSG00000101343,10.25258881051332,0.005363821637159876,0.1077915416170214,0.04976106247944108,0.9603127958606599,0.9831869262057145,,CRNKL1
ENSG00000176915,8.995566204453304,-0.005098443357919257,0.10308638012206445,-0.04945797254576402,0.9605543292359996,0.9831869262057145,,ANKLE2
ENSG00000118217,8.196448346368523,0.005261388127735414,0.1067539039619065,0.049285205809549225,0.9606920092437626,0.9831869262057145,,ATF6
ENSG00000162642,12.250874228134915,0.0038462146647509185,0.0784956886816421,0.04899905624562586,0.9609200480447719,0.9831877625655541,,C1orf52
ENSG00000104164,12.242724850849797,-0.004526547652784572,0.09366966420457747,-0.04832458503212363,0.9614575614171373,0.9834551529542616,,BLOC1S6
ENSG00000165389,10.68781813041833,-0.003956569466960763,0.08261849432364755,-0.04788963414730605,0.961804200665384,0.9834551529542616,,SPTSSA
ENSG00000122484,10.784380991079848,-0.004888668569749534,0.10255115961978571,-0.047670534276497235,0.9619788176357025,0.9834551529542616,,RPAP2
ENSG00000100796,18.449821745410762,-0.004219735303585007,0.08877974632324993,-0.04753038252915044,0.9620905159360734,0.9834551529542616,,PPP4R3A
ENSG00000204469,8.693818811169432,-0.004854706872777052,0.10311807380995461,-0.047079107409669224,0.9624501787425982,0.9835904401084605,,PRRC2A
ENSG00000112511,11.250011916983054,0.00404863207707295,0.08736461389463905,0.04634178412275209,0.9630378361516451,0.9839586108685167,,PHF1
ENSG00000165792,8.471511593158477,-0.004377552115432628,0.0965839975799073,-0.0453237826671124,0.9638492310872975,0.984462872714471,,METTL17
ENSG00000108826,11.905960600758872,0.0036046498195069954,0.08043843759456944,0.04481252902592868,0.9642567384076612,0.984462872714471,,MRPL27
ENSG00000108370,7.686051556174002,0.005375289993921909,0.12031706867784106,0.04467603851216401,0.9643655331204006,0.984462872714471,,RGS9
ENSG00000077254,15.836438726458313,0.0034383654388523187,0.07730093956379606,0.044480254163206556,0.9645215912921038,0.984462872714471,,USP33
ENSG00000105287,9.649171693767446,-0.0041577481620620835,0.0947468180540382,-0.04388272078636709,0.9649978888467132,0.984462872714471,,PRKD2
ENSG00000104979,81.49230447835525,-0.0014772569448449294,0.03372404836864435,-0.04380425886882669,0.9650604322583303,0.984462872714471,,C19orf53
ENSG00000206573,31.040569673484317,-0.0029197148884122317,0.06677522356225427,-0.04372452434682145,0.9651239903061674,0.984462872714471,,THUMPD3-AS1
ENSG00000131238,10.107887888939917,-0.0039685704516058224,0.0943446990561601,-0.0420645832919926,0.9664472136061987,0.9855802718062743,,PPT1
ENSG00000163219,18.432502736633065,0.003202325935085049,0.0785669525301678,0.04075919749917033,0.967487867987334,0.9859165559595934,,ARHGAP25
ENSG00000164751,14.452342662483838,0.0029992360951950074,0.07377828980601506,0.04065201434027389,0.9675733169534454,0.9859165559595934,,PEX2
ENSG00000174606,8.228965559875009,-0.0042016497659439584,0.10402621101804292,-0.040390298991234044,0.9677819642231728,0.9859165559595934,,ANGEL2
ENSG00000136938,55.59187211024127,-0.0017641761168160105,0.04384324497688028,-0.040238265159121045,0.9679031711351463,0.9859165559595934,,ANP32B
ENSG00000100865,10.621245811861447,0.0032225868979387762,0.08012023683629467,0.04022188432272503,0.9679162305792356,0.9859165559595934,,CINP
ENSG00000219200,11.121065450488226,-0.0035304912069957506,0.09123488002455547,-0.0386967265813857,0.969132183265963,0.9869227952440154,,RNASEK
ENSG00000122986,7.524235053344735,-0.004848248980609508,0.12725371707883965,-0.03809907554689181,0.9696086883832458,0.9871757163845423,,HVCN1
ENSG00000123562,27.40236012860125,0.002264275626888113,0.060342476139084694,0.03752374399865751,0.97006740850267,0.9874104155707019,,MORF4L2
ENSG00000103769,28.335855338156335,-0.0021582471950454584,0.05839316153746802,-0.03696061556215992,0.9705164084969827,0.9875013375569643,,RAB11A
ENSG00000258315,9.592329561516902,-0.004080175569152361,0.11075617667253533,-0.03683925982038832,0.9706131704714049,0.9875013375569643,,C17orf49
ENSG00000175387,12.30962462228355,-0.002952373092666272,0.08209193214883201,-0.03596422955807208,0.9713108811688359,0.9879054623910143,,SMAD2
ENSG00000115604,10.269606460683057,-0.004947649966788213,0.1383245012407139,-0.03576842802547508,0.9714670077360217,0.9879054623910143,,IL18R1
ENSG00000170298,7.853149887433781,0.005455013311281961,0.15629338237785523,0.03490239463942183,0.9721575711320044,0.988375425349667,,LGALS9B
ENSG00000179918,15.021788658747662,0.002451933349385615,0.0718680929170959,0.034117133902719046,0.9727837455598867,0.9887797197645359,,SEPHS2
ENSG00000166946,35.140945793810296,-0.0017052344728648134,0.050407389753121624,-0.03382905723181613,0.9730134648811599,0.9887809447019209,,CCNDBP1
ENSG00000164610,8.382649759238157,0.003312423056710803,0.09942820537550934,0.03331472235871918,0.9734236135323439,0.988906470516102,,RP9
ENSG00000122566,241.13224629033547,0.0009241995405996258,0.027920624618758553,0.03310096221768261,0.9735940754330008,0.988906470516102,,HNRNPA2B1
ENSG00000078902,9.017098643972814,0.00275913817102136,0.08748346403890792,0.03153896797907139,0.9748397156380477,0.989742908013489,,TOLLIP
ENSG00000077454,16.471113972812788,0.0020695819735510215,0.06590163593822895,0.031404106196861126,0.9749472664963585,0.989742908013489,,LRCH4
ENSG00000185022,21.087836542509148,0.005139158765777553,0.164675137309968,0.03120786082056889,0.9751037709409529,0.989742908013489,,MAFF
ENSG00000156136,20.538333501997183,0.0036827836735683663,0.12102733611576057,0.030429354158847607,0.9757246344572165,0.9898906779838105,,DCK
ENSG00000164332,13.259479011107544,0.002796367819955814,0.09217716378332479,0.03033688285885064,0.9757983818325675,0.9898906779838105,,UBLCP1
ENSG00000134644,11.655294159596172,0.0030339351649254667,0.10093479989155617,0.03005836607577477,0.9760205047733299,0.9898906779838105,,PUM1
ENSG00000047579,18.246935399184213,0.0026210218739463687,0.0877244589593458,0.029877891582791413,0.9761644379378137,0.9898906779838105,,DTNBP1
ENSG00000124766,8.778995008377843,-0.0044515642262915375,0.1515175163572011,-0.029379865333833858,0.9765616310083329,0.9900614286253647,,SOX4
ENSG00000118579,21.01543369203108,0.0018173793667898216,0.06262448760194857,0.029020267252985458,0.9768484264703288,0.9901202017655453,,MED28
ENSG00000107263,8.009866342698878,-0.003060760876896222,0.10702363218400748,-0.028598925437643582,0.9771844691116917,0.9901350435053492,,RAPGEF1
ENSG00000184205,25.164739141477675,-0.0033295131913846335,0.11712055275434892,-0.02842808638692155,0.9773207235524257,0.9901350435053492,,TSPYL2
ENSG00000143933,198.71322926330112,-0.0009531823395731253,0.03402786483696152,-0.028011817495459366,0.9776527258477288,0.9902395469904313,,CALM2
ENSG00000167671,8.966604095628936,-0.0026662735570084375,0.09989034308154796,-0.02669200520046026,0.9787053897878515,0.9910737705621421,,UBXN6
ENSG00000170291,12.688077426102748,0.003452122163241182,0.13341820598319548,0.025874445978354633,0.9793574823762827,0.9911335854717088,,ELP5
ENSG00000102699,9.167839706028834,-0.002944381787555077,0.11425719865428374,-0.025769770502286737,0.9794409734827002,0.9911335854717088,,PARP4
ENSG00000126070,9.29666055726454,0.002466191801909482,0.09575061224473688,0.025756407652056983,0.9794516319567892,0.9911335854717088,,AGO3
ENSG00000115947,9.343318619384442,-0.002118706876139586,0.08734329816805507,-0.02425723461991365,0.9806474249134598,0.991886923923637,,ORC4
ENSG00000164483,99.16804244961514,0.0012277786831891189,0.050656738550952506,0.024237223285785987,0.9806633869550448,0.991886923923637,,SAMD3
ENSG00000173272,42.83107202403272,-0.0017063706440437758,0.0712147612190002,-0.023960912243970477,0.980883787258896,0.991886923923637,,MZT2A
ENSG00000188735,14.348078016987873,0.002361065544425081,0.10222343378032943,0.023097106574396974,0.9815728136909297,0.9922697303481216,,TMEM120B
ENSG00000163832,11.502527121506068,-0.0019384523775565089,0.08558200642631575,-0.022650232899429325,0.9819292740307775,0.9922697303481216,,ELP6
ENSG00000048544,14.447441769866355,0.0017115507545706898,0.07565245328349655,0.022623863209787827,0.9819503086088875,0.9922697303481216,,MRPS10
ENSG00000163605,14.297928129069506,0.001859679393881966,0.08354273430757193,0.022260216993082223,0.9822403832526494,0.9923311086467929,,PPP4R2
ENSG00000177971,30.60316491558476,-0.001176170039663785,0.05500121124797867,-0.021384438869189636,0.9829389867118938,0.9928050876522793,,IMP3
ENSG00000198624,34.42669914407544,0.001354105265299293,0.0656984005195439,0.020610931995162878,0.9835560198481642,0.993196475585299,,CCDC69
ENSG00000090686,12.935769609757028,0.0016702825930770679,0.08340372344997049,0.02002647512588551,0.9840222527019971,0.9934186846594564,,USP48
ENSG00000048405,19.92872128051762,0.0015593131237784561,0.0789146953823507,0.0197594771952601,0.9842352440802148,0.9934186846594564,,ZNF800
ENSG00000163931,24.71730451905812,0.0012187027441069957,0.06345393604657273,0.0192061016232707,0.9846766901100086,0.9935750078803388,,TKT
ENSG00000168216,13.528877114826702,-0.0013872103809675074,0.07305088770340952,-0.018989644405139266,0.9848493664892011,0.9935750078803388,,LMBRD1
ENSG00000100138,61.29853987506111,0.0007115279088577264,0.03899059303212692,0.018248707022010452,0.9854404465093727,0.9939395832275189,,SNU13
ENSG00000135446,8.221788214681858,-0.0017531854755234617,0.1013609510624135,-0.01729645842059956,0.9862001109527232,0.9944739874370621,,CDK4
ENSG00000260032,17.05630902904539,0.0012408952497663579,0.0769998483275847,0.01611555446820036,0.9871422044554826,0.9951920593380413,,NORAD
ENSG00000187742,14.41384788820608,0.0013604839161157772,0.08602914934024287,0.015814220256149477,0.9873826037318594,0.9952025451543806,,SECISBP2
ENSG00000105220,9.973636712746522,-0.0012433968986152759,0.08561192012466604,-0.014523642231183123,0.9884122174789837,0.996008305782851,,GPI
ENSG00000106268,16.30887292466797,0.0010709967528760825,0.07548427851756317,0.014188341915818803,0.9886797208556833,0.9960238606270628,,NUDT1
ENSG00000102753,9.826431434881643,0.0012639158994559158,0.0942447774081845,0.013410991401483788,0.9892998977605867,0.9960238606270628,,KPNA3
ENSG00000081059,23.29579160503274,-0.0014000487143923793,0.1053977187651475,-0.013283482136003704,0.9894016263729886,0.9960238606270628,,TCF7
ENSG00000175826,10.271485401726203,-0.0012437945157994764,0.0953883403464263,-0.013039272004128908,0.9895964609907821,0.9960238606270628,,CTDNEP1
ENSG00000080189,9.30933495293956,-0.0011150529557507297,0.08674011546095434,-0.012855101123916137,0.989743395776617,0.9960238606270628,,SLC35C2
ENSG00000169230,102.9846632895566,0.0005115946352116206,0.04005236376161378,0.012773144632775289,0.9898087822270325,0.9960238606270628,,PRELID1
ENSG00000203747,181.30961681156117,0.0008342226652060197,0.06988719177793773,0.011936703192434903,0.9904761149846808,0.9963896508989244,,FCGR3A
ENSG00000114933,9.519022545175659,0.001284117356299342,0.11032031114865865,0.01163989969688329,0.9907129134566957,0.9963896508989244,,INO80D
ENSG00000198001,15.547436001629784,0.0009229205743384342,0.08113989254160804,0.011374436734250863,0.9909247082325647,0.9963896508989244,,IRAK4
ENSG00000163444,17.266202820713705,0.0007771836040290939,0.06962124302198837,0.011163023960713215,0.9910933805105087,0.9963896508989244,,TMEM183A
ENSG00000082512,9.743328521031406,0.0010397582720352864,0.09968178223384137,0.010430775300507166,0.9916775963452036,0.9967203309915856,,TRAF5
ENSG00000186432,11.365662334117472,0.0010055590498334506,0.0988427126490717,0.010173325102919406,0.9918830009821511,0.9967203309915856,,KPNA4
ENSG00000188603,10.687757539442003,0.0008192712937630777,0.08486633041340093,0.00965366700518619,0.9922976077768234,0.9969054443580948,,CLN3
ENSG00000100239,10.911775614129203,0.0008906474799455609,0.09513116808991781,0.009362309932994016,0.9925300665779945,0.9969075204463748,,PPP6R2
ENSG00000167543,9.08224689051434,-0.0007511358185779652,0.08735511713502435,-0.008598647030796588,0.9931393568326926,0.9972880011638573,,TP53I13
ENSG00000181847,17.177475853950316,0.0009032183762527437,0.11732545009691156,0.0076984011184843505,0.9938576252764488,0.9977777133575857,,TIGIT
ENSG00000168060,11.823648269411532,0.00056391910139402,0.07752259414337105,0.007274254785012772,0.9941960356016563,0.997824563318107,,NAALADL1
ENSG00000123933,11.220463951615594,-0.0007485432981066206,0.1059980726747258,-0.007061857628333118,0.994365499659736,0.997824563318107,,MXD4
ENSG00000115073,10.799589925846849,-0.00042443305975481936,0.0829538990508632,-0.005116493192135287,0.9959176468881986,0.9988692489388571,,ACTR1B
ENSG00000148019,54.59241672754202,-0.0003800570862216604,0.07662530209255597,-0.00495994241905354,0.9960425547475767,0.9988692489388571,,CEP78
ENSG00000153914,26.352768765951417,-0.0002399383558078689,0.06827724409861881,-0.003514177512222153,0.9971960977901839,0.9988692489388571,,SREK1
ENSG00000116731,23.64223650140799,-0.00025387589394895813,0.07395252762471667,-0.003432957629755265,0.9972609014894653,0.9988692489388571,,PRDM2
ENSG00000135164,11.640037835384542,0.0002941297635269485,0.09791609086285187,0.003003896100579906,0.997603241283574,0.9988692489388571,,DMTF1
ENSG00000135241,11.55375687753828,0.0002691888467083346,0.10384211839862709,0.0025922896302536676,0.9979316544434266,0.9988692489388571,,PNPLA8
ENSG00000152904,11.344507876237104,-0.0002090229551724114,0.08594123330734894,-0.0024321614564790936,0.9980594178377187,0.9988692489388571,,GGPS1
ENSG00000111669,133.5174207611141,-6.525053487948763e-05,0.03147458194766503,-0.002073118397187426,0.9983458920230108,0.9988692489388571,,TPI1
ENSG00000123136,24.025858000625465,-0.00010368200145429315,0.05846583898626993,-0.0017733774671161691,0.9985850502401507,0.9988692489388571,,DDX39A
ENSG00000132432,139.80066869684816,-7.011275155494128e-05,0.0407501789573198,-0.0017205507644119731,0.9986271997863138,0.9988692489388571,,SEC61G
ENSG00000138279,23.528227953661723,0.00010434314030923247,0.06158090677707835,0.0016944073377638388,0.9986480591923945,0.9988692489388571,,ANXA7
ENSG00000140280,9.795341073203142,0.0001599713389272765,0.09502205404074843,0.0016835180058165841,0.9986567476098404,0.9988692489388571,,LYSMD2
ENSG00000129351,27.831989345650694,0.00011093669589906421,0.06698585235030523,0.0016561212854158556,0.9986786069995888,0.9988692489388571,,ILF3
ENSG00000100934,9.469515569245376,0.00013998134283823346,0.09106054995899991,0.0015372336637683407,0.9987734654764009,0.9988692489388571,,SEC23A
ENSG00000132670,40.83904735733487,9.9252327433474e-05,0.07003475468285274,0.0014171867650987129,0.9988692489388571,0.9988692489388571,,PTPRA
