variable,baseMean,log_fc,lfcSE,stat,p_value,adj_p_value,contrast,gene
ENSG00000165949,170.19581145832763,4.7497468810838095,0.39208490686312425,12.114077328515817,8.895957403841585e-34,3.7007182799980996e-30,,IFI27
ENSG00000187608,312.7740340297585,1.8925486223942132,0.1678109502055194,11.277861308075508,1.68799846776484e-29,3.5110368129508676e-26,,ISG15
ENSG00000126709,162.31213309103762,1.7544598471768615,0.1660037309893678,10.568797681355916,4.1579088155818454e-26,5.765633557606826e-23,,IFI6
ENSG00000125148,447.8370606037241,1.3215941163871936,0.12622454153717155,10.470183533984164,1.1841319839010398e-25,1.2314972632570813e-22,,MT2A
ENSG00000137959,41.273482178689925,2.4737494750863704,0.23728657527992658,10.425155625294405,1.903474681955137e-25,1.583690935386674e-22,,IFI44L
ENSG00000133106,60.74330831523846,1.4598554112777202,0.14882196233929523,9.809408425548337,1.0256808455400622e-22,7.111387195744431e-20,,EPSTI1
ENSG00000137965,22.21697177852368,1.8298607189914433,0.1898535015155015,9.63827743172825,5.510487390857543e-22,3.274803935138197e-19,,IFI44
ENSG00000108679,9.480300785540237,2.346536875698584,0.24896448820747438,9.425187072234571,4.293395460103716e-21,2.2325656392539323e-18,,LGALS3BP
ENSG00000185745,16.342509579640694,2.5635530898692367,0.2733885862485003,9.376957264554783,6.79040126373903e-21,3.1386743619060404e-18,,IFIT1
ENSG00000119917,32.17617295847056,1.8398059695046434,0.20138638601882713,9.135701801275903,6.498390183414993e-20,2.703330316300637e-17,,IFIT3
ENSG00000115415,42.42284417170534,0.9796170504092381,0.1078963619217094,9.079240791455575,1.0933481188540698e-19,4.1348437949390275e-17,,STAT1
ENSG00000121858,103.77378877117256,1.1870179156072045,0.13401230331773367,8.857529392602627,8.180724727720423e-19,2.8359845722764133e-16,,TNFSF10
ENSG00000133574,62.00327662035989,0.9827122460842478,0.1111789684702172,8.839012086602498,9.656867371756423e-19,3.0901975589620553e-16,,GIMAP4
ENSG00000134321,8.860958539065958,2.5876079055260446,0.2934609271769367,8.817555135596963,1.1698599432031433e-18,3.4761552598036264e-16,,RSAD2
ENSG00000157601,29.105827608682578,1.6967462019120358,0.19346113796514489,8.770475661203502,1.779130896719281e-18,4.729838300718291e-16,,MX1
ENSG00000132274,38.747492287655994,0.9176409216430934,0.10465831414387458,8.767969646268194,1.8191685771993425e-18,4.729838300718291e-16,,TRIM22
ENSG00000111335,19.859937155843348,1.2597754060192277,0.14442859486821383,8.72247914042735,2.721758317845478e-18,6.660302707198346e-16,,OAS2
ENSG00000102524,85.84389051030143,0.6540401632794118,0.07615968635589293,8.58774759422056,8.869084575078931e-18,2.0497439906849085e-15,,TNFSF13B
ENSG00000185885,59.247831937005564,1.6863616168538298,0.1969124275097145,8.564018219574459,1.0900060381153593e-17,2.3865395360841552e-15,,IFITM1
ENSG00000135899,77.69593327972686,0.567152958758406,0.06663441610497842,8.511411848569237,1.7182813808266867e-17,3.5740252721195086e-15,,SP110
ENSG00000117228,34.645996033186535,1.29198481292068,0.15311185044381087,8.438176464955035,3.223267450475892e-17,6.385139330466529e-15,,GBP1
ENSG00000138496,18.71801050743566,1.139494330322835,0.13597703715276568,8.380049706794619,5.290535565855499e-17,1.0003921797254034e-14,,PARP9
ENSG00000134326,7.741134131291493,1.8036053467905133,0.21600761001842633,8.349730579569203,6.841885380738712e-17,1.2112497533347026e-14,,CMPK2
ENSG00000196141,8.263483200665384,1.986315332912471,0.23796088336585736,8.34723465813738,6.987979346161745e-17,1.2112497533347026e-14,,SPATS2L
ENSG00000086065,42.40669927141948,0.6306378479096115,0.0756194265456934,8.339627483534878,7.45249324231888e-17,1.2400948755218617e-14,,CHMP5
ENSG00000188313,46.809076205566775,1.206706040384257,0.14541288104124922,8.298481068138326,1.0545090266891867e-16,1.6872144427026987e-14,,PLSCR1
ENSG00000128383,130.5976625501443,1.4847067424540996,0.17925796210868883,8.282514901925989,1.2060086139162787e-16,1.858146605145081e-14,,APOBEC3A
ENSG00000183486,33.75668506137467,0.9730140947777156,0.11853152120533701,8.208905824233229,2.2321321557502275e-16,3.3163106314003386e-14,,MX2
ENSG00000185088,165.55673464416122,0.59647743194334,0.07287954960755645,8.184428075574917,2.7359988817179623e-16,3.9247432234299046e-14,,RPS27L
ENSG00000110079,54.074271316383985,0.9541296336915025,0.11667630012045664,8.1775787602663,2.896041354339123e-16,4.0158440113502506e-14,,MS4A4A
ENSG00000156587,72.4071050546978,0.6508674330582681,0.08052231505247234,8.083069055256678,6.315683662189518e-16,8.475240011196256e-14,,UBE2L6
ENSG00000132530,32.63438653070041,1.1801435256709798,0.14941600470633676,7.898374260444468,2.825646290110667e-15,3.673340177143867e-13,,XAF1
ENSG00000119922,18.823677015105563,1.2842865371394403,0.16287210449224612,7.8852455498331295,3.139176211053096e-15,3.957264556963903e-13,,IFIT2
ENSG00000102317,141.90095686683148,-0.39236419796203836,0.04987481089428512,-7.866981165977658,3.633013123831971e-15,4.4450984103355886e-13,,RBM3
ENSG00000177409,23.98152613945126,0.9275245851292658,0.1190170269706156,7.793209162906283,6.532834493467895e-15,7.764740426521841e-13,,SAMD9L
ENSG00000172183,31.01599833333081,0.9792820742969143,0.1262651411270994,7.75575955133303,8.781627314188727e-15,1.0147658229729195e-12,,ISG20
ENSG00000185507,48.78901713986895,0.8593266729595334,0.11139036446152639,7.714551228139126,1.2140866341009454e-14,1.3650271345567388e-12,,IRF7
ENSG00000169100,494.518730453847,-0.33945480879189943,0.044142585019911765,-7.689962167797349,1.4717854043937237e-14,1.6112177058626028e-12,,SLC25A6
ENSG00000160932,385.7967814010709,0.7969660323554394,0.10369641265652872,7.6855699434387565,1.5231736250168504e-14,1.6235622175250272e-12,,LY6E
ENSG00000099622,186.95795457639613,-0.3527982587702779,0.04592280633572707,-7.682419410327012,1.5611175168509877e-14,1.6235622175250272e-12,,CIRBP
ENSG00000138646,11.73611026361854,1.4086082169657115,0.1838723801953339,7.66079285790122,1.8478869741878728e-14,1.8749292225906223e-12,,HERC5
ENSG00000152558,59.935457595776825,0.6816507577171934,0.08952647663694054,7.613957159081695,2.658289413500017e-14,2.5788882599441625e-12,,TMEM123
ENSG00000002549,45.07247697598543,0.8284193245120598,0.10880785381568765,7.613598609484018,2.6656777686922835e-14,2.5788882599441625e-12,,LAP3
ENSG00000123609,43.65887255392132,0.6178273226376692,0.08354425867831632,7.39520982544818,1.4118515207604134e-13,1.3348414378098453e-11,,NMI
ENSG00000122643,30.35601649316072,0.8995670103933077,0.12172593487011653,7.390101471417408,1.4671680446006676e-13,1.356315347897506e-11,,NT5C3A
ENSG00000111331,17.460465892505272,1.2059744296465638,0.16390437625554233,7.3577927398737435,1.8697604749843636e-13,1.6909138208554246e-11,,OAS3
ENSG00000135114,9.431301298280214,1.5944550481081592,0.21825815254798892,7.305363073471368,2.765190465807054e-13,2.4474877314377328e-11,,OASL
ENSG00000068079,41.53800418136374,0.7739025782895007,0.10601234681862562,7.300117406263584,2.8751673049840463e-13,2.491811664319507e-11,,IFI35
ENSG00000173812,1095.545907881786,-0.3325158447316866,0.04588285112005517,-7.24706151894614,4.2591054994333365e-13,3.615893648498506e-11,,EIF1
ENSG00000240065,208.6874561838253,0.43838828816177206,0.06060787484475687,7.233190229564642,4.717778212445311e-13,3.9251914727544995e-11,,PSMB9
ENSG00000186395,38.51820858254387,-0.5410482738229927,0.07492064641520141,-7.221617801114086,5.137269075213416e-13,4.126557441010424e-11,,KRT10
ENSG00000174444,407.9895342301893,-0.3431983416763235,0.04752738538034737,-7.22106505396437,5.158196801263029e-13,4.126557441010424e-11,,RPL4
ENSG00000173221,95.89502261668655,0.4575925394703253,0.06371118811555934,7.182294868529905,6.855087119089294e-13,5.380596682153106e-11,,GLRX
ENSG00000142937,1171.0556166925267,-0.31461159344612016,0.043900094260184576,-7.166535715880201,7.691933906571221e-13,5.925637972469682e-11,,RPS8
ENSG00000089009,848.8405054047109,-0.28322828637384595,0.03989934329848825,-7.098570125703728,1.2605422303697181e-12,9.534283051523687e-11,,RPL6
ENSG00000100387,175.83384132580176,0.338104679118876,0.04799905401506943,7.043986304661902,1.868165147441387e-12,1.387779823813602e-10,,RBX1
ENSG00000140988,1818.4804191593846,-0.2522761178114317,0.03586033463425977,-7.034962734854558,1.9931426512333728e-12,1.4546444612510228e-10,,RPS2
ENSG00000130303,113.72626975330972,0.44287905720733917,0.06333734132769492,6.992384712139561,2.702525741912416e-12,1.938363290750974e-10,,BST2
ENSG00000100911,257.6707231807668,0.407208736005709,0.05900568616411861,6.901177877553992,5.157310541003727e-12,3.636340991622967e-10,,PSME2
ENSG00000137154,1496.9418454973918,-0.2583927899558623,0.03749044826818007,-6.892229938343324,5.492449736089722e-12,3.8080984836888736e-10,,RPS6
ENSG00000198755,744.7571917257208,-0.2966342268084449,0.04308312249547621,-6.885160815342295,5.772228991021677e-12,3.9364709184672424e-10,,RPL10A
ENSG00000090013,52.29357136277622,0.43690086373947645,0.06378352291714054,6.849744945995576,7.398177179878243e-12,4.963938236821531e-10,,BLVRB
ENSG00000142089,909.8909422241402,0.7957805606676204,0.11625899311475174,6.84489465586681,7.653216833245805e-12,5.053552702587707e-10,,IFITM3
ENSG00000173369,83.66697650060281,1.4569833544952326,0.21406140041834495,6.806380560193559,1.0008474850295534e-11,6.505508652692097e-10,,C1QB
ENSG00000163565,70.76138227291368,0.5863599781012859,0.08633744686954317,6.79149082306409,1.1098064488333968e-11,7.102761272533739e-10,,IFI16
ENSG00000105371,24.404717335513478,-0.6254449089412422,0.09239282187127361,-6.769410180074854,1.2930846031943547e-11,8.150351438315933e-10,,ICAM4
ENSG00000100316,857.1017103354701,-0.2779014940089217,0.04138101961426969,-6.71567536516406,1.8719714127136533e-11,1.162298668192358e-09,,RPL3
ENSG00000034510,3516.497118439004,0.20717531926148652,0.03094540788026126,6.694864713469642,2.1587124814807e-11,1.3206241063176047e-09,,TMSB10
ENSG00000158517,37.47847543148317,0.7949820738393023,0.11903134241615987,6.6787625654079354,2.409681933854488e-11,1.452793745628213e-09,,NCF1
ENSG00000067066,43.72497844262258,0.4225053954476848,0.0635526408627975,6.648117052441977,2.9686618660373285e-11,1.7642333375307552e-09,,SP100
ENSG00000186407,39.7208263617346,0.6455535772510071,0.09715883080634055,6.644311915792204,3.0463683836098367e-11,1.7849144332136507e-09,,CD300E
ENSG00000147403,3165.1190083085116,-0.24510732593276166,0.036928233802069936,-6.6373963955736945,3.1927221560113136e-11,1.8446839123620923e-09,,RPL10
ENSG00000174748,1231.5396267887813,-0.2107217961981167,0.0320696253310738,-6.570759527830787,5.005924920419857e-11,2.852691461499535e-09,,RPL15
ENSG00000159189,16.638140782035876,1.9442818517721159,0.29689130137413167,6.548800327841207,5.800111817512829e-11,3.26060340011532e-09,,C1QC
ENSG00000173193,27.26355664790367,0.7524880843232901,0.11635714817041752,6.467055064130573,9.993124298445099e-11,5.542852944204215e-09,,PARP14
ENSG00000171863,730.3531783448798,-0.22530185291264426,0.03488158093213763,-6.45904935762432,1.0536274668353417e-10,5.767224028993449e-09,,RPS7
ENSG00000163319,32.878907759560015,0.5653530345062361,0.08759157807232464,6.454422296621056,1.0863249791252883e-10,5.86897651059896e-09,,MRPS18C
ENSG00000110077,39.938338478442745,0.7814258580689176,0.12118661034792563,6.448120430346647,1.1324576553384323e-10,6.039774161804972e-09,,MS4A6A
ENSG00000221963,21.512991437951165,0.764377694435004,0.11863353114630087,6.4431842081170165,1.1699255393529133e-10,6.160620561655848e-09,,APOL6
ENSG00000122406,504.09992948189404,-0.36717655848083,0.05720154318441847,-6.418997426294048,1.371747279444882e-10,7.133085853113387e-09,,RPL5
ENSG00000143669,136.77573627831532,-0.30037263799937763,0.0469395227346709,-6.399141288616335,1.5625320595607695e-10,8.02485600959605e-09,,LYST
ENSG00000198034,1317.6022266498537,-0.2379524456024413,0.03745713346136542,-6.352660324311087,2.116226751948264e-10,1.0735979619639974e-08,,RPS4X
ENSG00000177733,60.497067411382126,-0.3077806768242981,0.04860806081503886,-6.331885528111291,2.4218314502048335e-10,1.2138335943195309e-08,,HNRNPA0
ENSG00000205413,23.230864722511647,0.8546798820017043,0.13524854064178432,6.319327942069163,2.627032569006802e-10,1.2858171472605704e-08,,SAMD9
ENSG00000107201,7.850396495625674,1.0634713156744828,0.16828904624930976,6.319313938585261,2.6272706133929926e-10,1.2858171472605704e-08,,RIGI
ENSG00000055332,21.266338504456776,0.7984415535233996,0.12651742756990766,6.310921498006413,2.7737887396530276e-10,1.3417396694135575e-08,,EIF2AK2
ENSG00000186468,1426.9993652814785,-0.20898335115347727,0.03315855450539531,-6.302547088398352,2.9279354382275847e-10,1.4000243014973279e-08,,RPS23
ENSG00000115267,8.831105734737601,1.0097545061851874,0.16033339006884956,6.297842924368926,3.0181611802180825e-10,1.4267671033758209e-08,,IFIH1
ENSG00000164587,2064.4317487141934,-0.1755196484267029,0.027956028768254503,-6.278418507925361,3.420342205078277e-10,1.598721749789397e-08,,RPS14
ENSG00000168394,18.01710482192522,0.7064638697314115,0.11311563234195834,6.245501661483092,4.22442043253829e-10,1.945582851508697e-08,,TAP1
ENSG00000179144,27.481228441247513,0.9506892580496618,0.15224818338694068,6.244338926747473,4.2559624876752746e-10,1.945582851508697e-08,,GIMAP7
ENSG00000145287,202.18884215481557,0.6528644340573525,0.10459789481164282,6.241659406558936,4.3295289601420363e-10,1.957700051542486e-08,,PLAC8
ENSG00000168209,34.29796895915479,1.0001189600723404,0.16058384503943168,6.2280172692761155,4.723750102705003e-10,2.112989293252991e-08,,DDIT4
ENSG00000114942,235.73969068371343,-0.34569771681329137,0.05552244568105803,-6.226269620742394,4.776717566367285e-10,2.113951603839139e-08,,EEF1B2
ENSG00000100129,84.54715282777484,-0.448661327825673,0.07210552719371367,-6.222287601064629,4.899578309801639e-10,2.1317823413777195e-08,,EIF3L
ENSG00000187193,13.357252074201188,1.0587711106483164,0.1701752602160688,6.221651192447196,4.91949771087166e-10,2.1317823413777195e-08,,MT1X
ENSG00000184489,19.052939535553538,-0.5408131747834892,0.08734334053134281,-6.1918077725619,5.947806263309126e-10,2.5508117582851507e-08,,PTP4A3
ENSG00000142541,2075.797547502967,-0.17277760337895234,0.02792110982169233,-6.188063600706832,6.090775564524684e-10,2.5854720763696614e-08,,RPL13A
ENSG00000093072,35.18035413071274,0.4925657845821075,0.0809146321029967,6.087474808698601,1.1470541702984534e-09,4.819944796405623e-08,,ADA2
ENSG00000143947,1562.6309558901246,-0.20785786893825314,0.03420043683277594,-6.0776378370422695,1.219658300716865e-09,5.073778530982159e-08,,RPS27A
ENSG00000187109,605.3621778098861,-0.3086149108787698,0.05109464067564374,-6.040064218043971,1.5405290315542445e-09,6.306698922378501e-08,,NAP1L1
ENSG00000182196,166.58746143861669,-0.20055732343098592,0.03320784999417705,-6.03945523321002,1.546354062698575e-09,6.306698922378501e-08,,ARL6IP4
ENSG00000089127,81.2725107264149,0.598579291192068,0.09921997540019781,6.032850630911108,1.6109230680458014e-09,6.506252391330616e-08,,OAS1
ENSG00000166441,1690.9874049656432,-0.16551618133570253,0.02747229048482111,-6.0248409730216315,1.6927597981695961e-09,6.771039192678384e-08,,RPL27A
ENSG00000213203,20.060622562796404,0.6051317265595343,0.10054372027807672,6.0185929552427915,1.7593966995046939e-09,6.970562161847168e-08,,GIMAP1
ENSG00000198171,15.877698818654109,0.4239585330946653,0.07070310699633883,5.996321110989067,2.0183772294224808e-09,7.921178560752378e-08,,DDRGK1
ENSG00000204628,549.1892661925591,-0.20356238535736484,0.033957275056290606,-5.994661969192808,2.039091431740925e-09,7.927682575740419e-08,,RACK1
ENSG00000043462,44.08792474525823,0.41939572823941956,0.07010566996982039,5.982336784171154,2.1995887887679005e-09,8.472490149328209e-08,,LCP2
ENSG00000147604,1234.939514602967,-0.2629774384913186,0.04400088896885442,-5.976639214663697,2.2778790178029795e-09,8.693556618404032e-08,,RPL7
ENSG00000116663,13.406429467647829,0.5753932269422053,0.09641921812117508,5.967619714765561,2.4073964786281725e-09,9.104335773721089e-08,,FBXO6
ENSG00000161016,1295.3111814905078,-0.2120116650199856,0.03571260450308167,-5.93660607984195,2.909826697681156e-09,1.090529645257082e-07,,RPL8
ENSG00000267519,30.85459064598529,-0.9680879972879278,0.16349004242533954,-5.92138813426525,3.1923542366449764e-09,1.1857315736109913e-07,,MIR23AHG
ENSG00000166710,6971.985990781274,0.19946558540066897,0.03383151109561067,5.895852089992747,3.727527644520749e-09,1.3722579647085237e-07,,B2M
ENSG00000122026,2897.6618108607836,-0.2232995734767979,0.038120554359182886,-5.857721043949277,4.6926200633108745e-09,1.7123946897695824e-07,,RPL21
ENSG00000026751,8.587944572220412,0.9513584341764798,0.16272744616013382,5.846330515383892,5.025350787029339e-09,1.8178660238297432e-07,,SLAMF7
ENSG00000028116,10.343560714885163,0.6240961626840037,0.10697162256941384,5.834221709398005,5.404222313448081e-09,1.9380659330986222e-07,,VRK2
ENSG00000138760,17.040831703754346,0.5045762922813585,0.08663597124783644,5.824096908176109,5.742225120574832e-09,2.0416800428710515e-07,,SCARB2
ENSG00000124357,50.698720703369744,0.4789867999233284,0.08229839559607534,5.820123180459309,5.880427353707991e-09,2.0730998128326476e-07,,NAGK
ENSG00000167526,1942.1322281783619,-0.19716877422987455,0.033977419326224355,-5.802935541890797,6.516384726706295e-09,2.277996677571276e-07,,RPL13
ENSG00000041357,173.6465260935909,0.3353664477248994,0.05781082097442415,5.801101628936691,6.5880653983911165e-09,2.2838626714422537e-07,,PSMA4
ENSG00000156508,2481.1829860075536,-0.28904763947837386,0.04990092720008465,-5.792430235201793,6.9375147110176196e-09,2.385129024614322e-07,,EEF1A1
ENSG00000177556,64.81367620720405,0.3298879316317089,0.057064019994843486,5.7810145808430375,7.425145413397966e-09,2.531852862273405e-07,,ATOX1
ENSG00000005893,27.53000127752549,0.36244422273495297,0.06283272535958416,5.768398882281933,8.002820757285233e-09,2.7066450691306155e-07,,LAMP2
ENSG00000230989,143.0500670063523,0.24527442607829972,0.042833612073299145,5.726213928878404,1.0269670536945385e-08,3.445308825297806e-07,,HSBP1
ENSG00000198242,1191.4779871282979,-0.15758997385566953,0.02760381326891065,-5.708992896034347,1.1364663409813533e-08,3.7821599827859437e-07,,RPL23A
ENSG00000158195,80.0251876276468,-0.3606213959610112,0.06331787295128362,-5.6954123559784,1.2307409650035934e-08,4.063398741599166e-07,,WASF2
ENSG00000163563,176.21331322604945,0.531292846594995,0.09366192890653757,5.67245254072395,1.4076752541463971e-08,4.580934491428278e-07,,MNDA
ENSG00000161970,1807.58632568929,-0.17644449118828356,0.031106732119191238,-5.6722284588494745,1.4095183050548548e-08,4.580934491428278e-07,,RPL26
ENSG00000096060,17.78585065387781,1.2152396875494338,0.21498312611142528,5.652721260177312,1.57927303899862e-08,5.092849490104077e-07,,FKBP5
ENSG00000025708,391.050898076728,0.29300367899235896,0.05221572859951359,5.611406502428627,2.006887110713493e-08,6.422038754283177e-07,,TYMP
ENSG00000170345,810.5282527544298,-0.5007136838553197,0.08930116260527113,-5.607023125427533,2.0583616754625022e-08,6.536476770934358e-07,,FOS
ENSG00000232119,26.113038276486204,0.3592583114941487,0.06432623138947417,5.584942623468144,2.3377738234621603e-08,7.367529625456505e-07,,MCTS1
ENSG00000162654,27.05261154912251,0.6582914535987077,0.11849470290555883,5.555450475481346,2.7689671658810847e-08,8.660829631628054e-07,,GBP4
ENSG00000175390,113.98483748492019,-0.26109821430027796,0.04712834663806878,-5.5401522210280785,3.022088406754951e-08,9.382005800075071e-07,,EIF3F
ENSG00000140464,7.944461921334735,0.6485119123202707,0.11708516705420628,5.538805030871525,3.045424493981343e-08,9.38441918145362e-07,,PML
ENSG00000173821,65.59029213758905,0.42525513037806667,0.07687019349238843,5.532119942174659,3.163834306425774e-08,9.67761081965531e-07,,RNF213
ENSG00000126860,38.83811640529613,0.3978453737046251,0.07203931638476678,5.522614506496793,3.3399199059659754e-08,1.0141654604976975e-06,,EVI2A
ENSG00000106560,35.163900186040145,0.3965167469920228,0.07237858415258398,5.478371145753709,4.2925901134895345e-08,1.293998179138874e-06,,GIMAP2
ENSG00000063046,50.43118246985177,-0.4354449006438694,0.0799780352483587,-5.444556112083356,5.193473117772625e-08,1.5543056237362676e-06,,EIF4B
ENSG00000110700,1175.391893677921,-0.1950500332370896,0.035871449688867275,-5.437472835050308,5.404158638167495e-08,1.6058071381983414e-06,,RPS13
ENSG00000082074,158.12553326482856,0.25872673661152895,0.047615813921920436,5.433630453861073,5.5218879930196314e-08,1.6291527695717494e-06,,FYB1
ENSG00000135900,11.829803412727626,0.45993473779105687,0.08487515300493004,5.418956214009314,5.994799593483968e-08,1.7562229794995284e-06,,MRPL44
ENSG00000143162,15.525109856936709,0.4932396893369886,0.09121202741321215,5.4076167729777085,6.386890101563942e-08,1.8580043931822374e-06,,CREG1
ENSG00000138385,51.98559396875256,0.3399683114925798,0.06322922070411803,5.376759474602193,7.58383764123504e-08,2.190886429690123e-06,,SSB
ENSG00000251562,18630.697543194885,-0.2435361285246902,0.04531285777461712,-5.374547986710997,7.677503532582757e-08,2.202649289347881e-06,,MALAT1
ENSG00000063177,801.3456132694963,-0.1615686101412711,0.030132619391043742,-5.361917198253725,8.234328571409339e-08,2.3462196477440307e-06,,RPL18
ENSG00000116251,525.0845586002498,-0.16962377782347599,0.03173675211826937,-5.344711304778774,9.056127504727822e-08,2.5628224775284176e-06,,RPL22
ENSG00000147677,125.01031139613075,-0.21121942366410093,0.03953025266720328,-5.3432348495799395,9.130234642103396e-08,2.56633622372636e-06,,EIF3H
ENSG00000182718,230.5105178319527,0.23032095146044546,0.04315825169933486,5.336660832903829,9.467389544709522e-08,2.643244329261182e-06,,ANXA2
ENSG00000134419,1557.5046661588055,-0.1782069004300576,0.03344595127595411,-5.328205466775857,9.918788139185598e-08,2.7508105772674724e-06,,RPS15A
ENSG00000135404,113.05779460198899,0.37700993702089536,0.07084645247130499,5.321507624867965,1.029107968614068e-07,2.835158377108955e-06,,CD63
ENSG00000135821,62.11054726691494,0.4710745674857084,0.08901023636403961,5.2923639654104315,1.207452810584674e-07,3.3046076921264765e-06,,GLUL
ENSG00000160710,39.098469134757416,0.3802282115969499,0.07186310561283499,5.291007233189209,1.2164455467460936e-07,3.3074597872312087e-06,,ADAR
ENSG00000026508,122.44280116317348,-0.25524388498038836,0.04834814958526145,-5.279289635072144,1.296856725987402e-07,3.5031973896802546e-06,,CD44
ENSG00000100353,56.296605113629774,-0.24679314891150503,0.04702007393195354,-5.248676326384746,1.5319596605496272e-07,4.111582056700935e-06,,EIF3D
ENSG00000204397,234.1241380180681,0.22757555302146923,0.04337121886646582,5.247156039634116,1.5446506682946294e-07,4.119068448785679e-06,,CARD16
ENSG00000114978,81.82549607083524,0.2798067656611167,0.053557993678763974,5.2243698174986255,1.747492186533334e-07,4.63029776813928e-06,,MOB1A
ENSG00000137752,134.17853201193245,0.2476333595139541,0.04743046645665568,5.220976684685438,1.7798195031376484e-07,4.664731662839832e-06,,CASP1
ENSG00000129515,40.01792081043679,0.26845324774064167,0.05142258529545884,5.220531916047966,1.78409955760068e-07,4.664731662839832e-06,,SNX6
ENSG00000136147,24.789417773738894,0.4020051501807734,0.07703286709521981,5.21861856295518,1.8026256976416533e-07,4.664731662839832e-06,,PHF11
ENSG00000135930,42.85885599642326,0.2393113879412939,0.0458737043593419,5.216744348062652,1.8209531139691144e-07,4.664731662839832e-06,,EIF4E2
ENSG00000127951,144.70487941381174,0.3233619827457495,0.06198903004754672,5.216438819864176,1.8239578127432267e-07,4.664731662839832e-06,,FGL2
ENSG00000148303,544.6073621019649,-0.22795563106636577,0.04370271325940205,-5.216052141049256,1.8277674544300305e-07,4.664731662839832e-06,,RPL7A
ENSG00000178695,18.089916801062724,0.5413311639752891,0.10411543261595492,5.199336451610096,2.0000121640486942e-07,5.073201586855224e-06,,KCTD12
ENSG00000089157,277.7668938887449,-0.23120049451870817,0.04448354069716942,-5.19743911782229,2.0205268302049577e-07,5.094176735547045e-06,,RPLP0
ENSG00000125691,657.9062423003832,-0.21114705062524472,0.040707010628054464,-5.186994755142407,2.1371474735987668e-07,5.355743066367994e-06,,RPL23
ENSG00000105612,18.973672324951508,0.4746489059265136,0.09152878031773437,5.185788604183409,2.1510269440793212e-07,5.358246758904177e-06,,DNASE2
ENSG00000182628,16.097238290294467,0.40524546173822434,0.07833078526028009,5.173514607209177,2.2973115385624182e-07,5.68858095263075e-06,,SKA2
ENSG00000112419,8.0515654558204,0.6803284665047329,0.1316486357973038,5.167759334416637,2.3691710452255118e-07,5.831805649785876e-06,,PHACTR2
ENSG00000170581,21.96897833391419,0.5264137619843828,0.10194289207271863,5.163810357752825,2.4197285260236754e-07,5.921218040152052e-06,,STAT2
ENSG00000196531,921.3097169272166,-0.14818869976919047,0.0287221976416132,-5.159378875469201,2.477704571494045e-07,6.027632173927033e-06,,NACA
ENSG00000178982,230.95690152457163,-0.1530017653136569,0.02966984123319997,-5.1568110564222,2.51191041229476e-07,6.0544155741411e-06,,EIF3K
ENSG00000162194,22.14060433100971,0.3791547371961956,0.07353131850905403,5.156370712290568,2.5178218613615635e-07,6.0544155741411e-06,,LBHD1
ENSG00000163840,10.416808804368417,0.7498842570940741,0.14604670389871133,5.134551051656366,2.8281831888650026e-07,6.761633371079546e-06,,DTX3L
ENSG00000185432,21.337072352167702,0.4348523870884957,0.0850530039966362,5.11272226323357,3.1754901322070047e-07,7.548593685703508e-06,,TMT1A
ENSG00000154589,82.59315049386171,0.37557276346378204,0.0735558944872575,5.1059505982738695,3.291356771959918e-07,7.779570551905261e-06,,LY96
ENSG00000167658,195.6363743274708,-0.3196716010226278,0.06277507105550954,-5.092333559287487,3.5368315865716257e-07,8.31255333341128e-06,,EEF2
ENSG00000186818,15.983951828659071,0.5346284285060754,0.10514591062928182,5.084633584952643,3.683364527519079e-07,8.608312603640095e-06,,LILRB4
ENSG00000188404,21.170307906447484,0.5364240363736141,0.10553818912568393,5.0827481579657805,3.720128040320163e-07,8.609058760265298e-06,,SELL
ENSG00000065911,24.420031930260595,0.4282535683903787,0.08426048474096147,5.0824959019277065,3.7250735020378693e-07,8.609058760265298e-06,,MTHFD2
ENSG00000163947,8.552083235160712,0.6182610592731058,0.12185260512339167,5.0738435887114255,3.8985954937319396e-07,8.960307875096613e-06,,ARHGEF3
ENSG00000024862,10.45045210784707,0.4782840265965682,0.09435022738505927,5.069240847132355,3.994055560096652e-07,9.129269851649491e-06,,CCDC28A
ENSG00000154518,99.0259125158317,-0.2232785472313477,0.04407114679069555,-5.0663203363359495,4.0557918261374155e-07,9.219723495481776e-06,,ATP5MC3
ENSG00000030582,84.4664775651954,0.3371746795835879,0.06672547738791075,5.05316249179323,4.3455388729481575e-07,9.824696582317574e-06,,GRN
ENSG00000163682,837.5351420688569,-0.2130126038218669,0.04243899706462665,-5.019265735650834,5.186935674149873e-07,1.1663595894304581e-05,,RPL9
ENSG00000213689,30.95480970950886,0.35032116631416704,0.06988331094193392,5.012944601397737,5.360333348957375e-07,1.1988702543904666e-05,,TREX1
ENSG00000079263,8.83327196900591,0.5792255908116487,0.11629697379280998,4.980573199123596,6.339621714162297e-07,1.4103115684981368e-05,,SP140
ENSG00000168961,90.04755325270818,0.30075988555230715,0.060482598403539915,4.97266806471569,6.603767771476178e-07,1.4612592515606864e-05,,LGALS9
ENSG00000168899,161.06199247687547,0.3698348056412079,0.0744026841593604,4.970718594628551,6.670520712550847e-07,1.4682204319688638e-05,,VAMP5
ENSG00000108826,20.826069422222137,0.4477692621467396,0.09011009222821847,4.969135543804473,6.725204819779686e-07,1.4724658973833417e-05,,MRPL27
ENSG00000173372,142.64586408276583,0.7815841073540476,0.15748443260240277,4.962929315860029,6.943785790199457e-07,1.5123638160853269e-05,,C1QA
ENSG00000086061,57.59673718811122,0.3954590509050208,0.07986344150249454,4.951690579132739,7.357151979108114e-07,1.587786220253852e-05,,DNAJA1
ENSG00000124762,33.21954604571267,0.6123168309327536,0.12366424882001753,4.9514458444972815,7.366412031466189e-07,1.587786220253852e-05,,CDKN1A
ENSG00000079616,17.048011473621305,-0.3879245106723333,0.07837573036013927,-4.9495489086966895,7.438568398807064e-07,1.5880012958493715e-05,,KIF22
ENSG00000143546,358.66225155040047,0.43607179874003127,0.0881057571901646,4.949413212564851,7.443756074293929e-07,1.5880012958493715e-05,,S100A8
ENSG00000124766,29.01276646646857,-0.5303025536542387,0.10768992924604925,-4.9243467552347155,8.464262943803483e-07,1.790616868639937e-05,,SOX4
ENSG00000163512,13.239070427583219,0.4095264153193941,0.08318284816974138,4.923207419920536,8.513712851231409e-07,1.790616868639937e-05,,AZI2
ENSG00000071082,927.266134800235,-0.1498529064656997,0.030439333380189715,-4.923002241672802,8.52264759593047e-07,1.790616868639937e-05,,RPL31
ENSG00000131469,747.1493348084308,-0.16352382995461154,0.03337347858198767,-4.899813771371996,9.592753763990577e-07,2.0053193798090856e-05,,RPL27
ENSG00000085265,489.27000957388674,0.340086524471922,0.06954126027904946,4.890427971929912,1.0061697246970612e-06,2.0928330273698873e-05,,FCN1
ENSG00000083845,547.4614355601459,-0.17180326175999164,0.03514296500846566,-4.888695695386135,1.0150626057205767e-06,2.100826089451542e-05,,RPS5
ENSG00000232388,43.73435781067709,0.27140010188485714,0.05559908713032462,4.881376941471963,1.0534765451425121e-06,2.1695358553429953e-05,,SMIM26
ENSG00000168028,327.84855979108585,-0.2071905248362351,0.042550830114107444,-4.869247539486721,1.120240041854262e-06,2.295664322223512e-05,,RPSA
ENSG00000196684,16.798085932548137,0.42101689440416173,0.08657381956421865,4.863097140953336,1.1556309590506767e-06,2.3565807792405952e-05,,HSH2D
ENSG00000181381,14.635613552197299,0.5569162218523729,0.11459365568680167,4.859921943449403,1.1743204434738106e-06,2.3830112413907573e-05,,DDX60L
ENSG00000070756,380.93249775488846,-0.2764979833669281,0.05693111283706464,-4.856711376049474,1.1935136465818598e-06,2.410202315427445e-05,,PABPC1
ENSG00000182899,1135.338065506646,-0.13682823793236737,0.0281805070790619,-4.855421428311724,1.2013098121883622e-06,2.414226482465501e-05,,RPL35A
ENSG00000092841,921.6455149327467,-0.12962131116467554,0.02675691270559015,-4.844404606425113,1.2699191280552092e-06,2.5398382561104184e-05,,MYL6
ENSG00000163191,1077.8246750479486,0.1680625737088369,0.03481472962574864,4.827341056945604,1.3836804200586868e-06,2.754119879159874e-05,,S100A11
ENSG00000143110,208.41542702522287,0.22805775401935308,0.047334851474929135,4.817967035137813,1.4502832387822124e-06,2.872942034920954e-05,,C1orf162
ENSG00000020577,13.474171458637674,0.6198796125846314,0.1290445684813855,4.803608705732144,1.5583122339454167e-06,3.0723122716648973e-05,,SAMD4A
ENSG00000145425,1144.2816287537973,-0.2786976315578523,0.058053916697964066,-4.8006688852334785,1.581365493424267e-06,3.103056817285354e-05,,RPS3A
ENSG00000089220,19.257813585473862,-0.35208213419702017,0.07358437828236244,-4.784740218174967,1.7120862526309046e-06,3.3437928689880584e-05,,PEBP1
ENSG00000171051,35.12432263686717,0.6295203804300941,0.1320981619547133,4.765549884379998,1.8833929140684714e-06,3.661175010525626e-05,,FPR1
ENSG00000188243,211.27350385608705,-0.16424702254955428,0.03453409508373278,-4.756083000041386,1.9738534201896874e-06,3.819176850227488e-05,,COMMD6
ENSG00000121022,17.406094465052075,0.3810835435249415,0.08021252107649525,4.7509234021147195,2.0248983118278568e-06,3.899804156112909e-05,,COPS5
ENSG00000106605,70.20939341307859,0.3100808422988427,0.06533237683123683,4.746204827352713,2.0726882642561244e-06,3.973448469726026e-05,,BLVRA
ENSG00000105402,28.335493154561203,0.30725454805601093,0.06480919163326615,4.740910051689321,2.127603802720074e-06,4.060014596016288e-05,,NAPA
ENSG00000042493,20.79893114123024,0.5284708074253657,0.11160168182718437,4.735330138157817,2.186988067899028e-06,4.1358454751249575e-05,,CAPG
ENSG00000116741,180.48268807201308,-0.36885589419485326,0.07790577936172281,-4.734640962671404,2.1944321264536962e-06,4.1358454751249575e-05,,RGS2
ENSG00000140105,107.47246465086236,0.3504423348574056,0.07402958260887191,4.733814814395667,2.2033877525865923e-06,4.1358454751249575e-05,,WARS1
ENSG00000034152,37.51119802558675,-0.28240323035815884,0.05966090140873012,-4.73347240303069,2.207109844898415e-06,4.1358454751249575e-05,,MAP2K3
ENSG00000206503,641.9834759343303,0.2967843880753088,0.06278791961471372,4.7267753079966734,2.281134421905527e-06,4.254297349553867e-05,,HLA-A
ENSG00000115875,71.35875204394485,-0.25481399894365964,0.05391840769177355,-4.7259184729696155,2.2907754959136206e-06,4.254297349553867e-05,,SRSF7
ENSG00000101608,354.29549987002986,0.1726729287035646,0.03665946074837372,4.710187361695566,2.474891700410669e-06,4.575799766092614e-05,,MYL12A
ENSG00000168303,22.665294207099503,0.2990469123338518,0.06353640092558904,4.706702110559929,2.517563749019428e-06,4.634099644212752e-05,,MPLKIP
ENSG00000143771,73.39292348121569,0.38628020173255295,0.08227188501299237,4.695166540447586,2.663896000867648e-06,4.881853464145117e-05,,CNIH4
ENSG00000128016,240.0021531134767,-0.35403567652886986,0.07547854707045318,-4.6905470530375455,2.7247555775693424e-06,4.9714838608282736e-05,,ZFP36
ENSG00000135441,188.79446063850096,0.16287683543369735,0.034823323911187844,4.677234024215855,2.9077035313844635e-06,5.2821164587595493e-05,,BLOC1S1
ENSG00000168329,36.031108344465665,0.6676420937995836,0.14283864668018562,4.674099827439754,2.9524570501337363e-06,5.340096229807105e-05,,CX3CR1
ENSG00000186480,54.61792570815344,-0.2966354857019358,0.06398184247999487,-4.636244818905996,3.5479571987398237e-06,6.389394782146176e-05,,INSIG1
ENSG00000087502,10.355017317767174,0.4781581477710013,0.1033225476411164,4.627819954961332,3.695350570502552e-06,6.626145850556299e-05,,ERGIC2
ENSG00000168894,73.6024079189892,0.2161996473595046,0.04682753776771863,4.616933916789141,3.894512172291521e-06,6.95329211876941e-05,,RNF181
ENSG00000197353,142.70984481704514,-0.7964256055896947,0.1732196037762585,-4.597779859942462,4.270168304851239e-06,7.591410319735536e-05,,LYPD2
ENSG00000120129,699.7212962714793,-0.30111734232580023,0.06586998885691414,-4.571388997497803,4.8450191964430185e-06,8.576714832852322e-05,,DUSP1
ENSG00000005022,153.8150440093879,-0.2334332444535848,0.05114302314535727,-4.56432236690677,5.01110284364364e-06,8.833130436253195e-05,,SLC25A5
ENSG00000197858,14.03692445895139,-0.37837290770531085,0.08300188854683566,-4.558606006799538,5.149427107497849e-06,9.038656863793692e-05,,GPAA1
ENSG00000188290,111.8972874989705,0.33167611945508446,0.07287802668377866,4.551112791434974,5.336293021586574e-06,9.32730208815132e-05,,HES4
ENSG00000163171,32.04583094234507,-0.33887723678960596,0.0745708377798364,-4.544366764258571,5.510064613644059e-06,9.59074008065242e-05,,CDC42EP3
ENSG00000088992,81.27949167837099,-0.37923680818597255,0.08378845691376217,-4.526122358074878,6.007580500956484e-06,0.00010413139534991238,,TESC
ENSG00000152061,62.89786060820369,0.3051915628560549,0.06760561812801298,4.514292913913853,6.352836324568388e-06,0.00010965891746972819,,RABGAP1L
ENSG00000229117,3866.4420400042104,-0.10955689859273673,0.024309622702345084,-4.5067296985307825,6.583441166487876e-06,0.0001131698977379734,,RPL41
ENSG00000198727,871.2931870244663,-0.33307639411181317,0.07430674455707272,-4.482451708754209,7.379034437360062e-06,0.00012632421094410643,,MT-CYB
ENSG00000101439,1412.9423291529872,0.23101174508761993,0.05161253504541612,4.475884489772545,7.6095620115737525e-06,0.00012973679495142137,,CST3
ENSG00000131979,31.701993062096637,0.3492689683253532,0.07807137184568581,4.473713732297553,7.687264367046227e-06,0.0001305266112935196,,GCH1
ENSG00000198938,2056.2733104584368,-0.26525188993828175,0.05936210785598561,-4.468370472655576,7.881771520583551e-06,0.0001332852419740958,,MT-CO3
ENSG00000233429,63.23008281131814,-0.2542080530128111,0.057021915759093635,-4.4580763313317995,8.269845545028034e-06,0.0001392816091794195,,HOTAIRM1
ENSG00000213719,254.31528653415873,0.1288949578893083,0.028964987009343923,4.450026435286423,8.585972024367158e-06,0.0001440227565377717,,CLIC1
ENSG00000153234,29.691626463374437,-0.6577643008475441,0.1481871844372969,-4.438739445284938,9.048727886581465e-06,0.00015117553416939318,,NR4A2
ENSG00000146094,12.82280787626467,0.3701979509268769,0.08393453467276653,4.410555826277687,1.0310561925299599e-05,0.00017156775043698533,,DOK3
ENSG00000059378,9.563423623449918,0.48235787617065945,0.1096030632514717,4.4009525086351315,1.0777671415386527e-05,0.0001786259485578006,,PARP12
ENSG00000085449,12.784930828379457,0.4451107530251792,0.10131121598192452,4.393499265714013,1.115405662869413e-05,0.00018413045863241106,,WDFY1
ENSG00000097033,44.911453743562255,0.2564835057459066,0.058401550458917297,4.391724256127935,1.1245526385366449e-05,0.00018490667890563015,,SH3GLB1
ENSG00000163932,11.080060495201888,0.40644601918456125,0.09267260656151743,4.385826991007924,1.1554593556196897e-05,0.00018924058737708303,,PRKCD
ENSG00000135211,9.204533844872213,0.5733002073118592,0.13080742658989153,4.382780261469973,1.1717428299586672e-05,0.00019115490873051197,,TMEM60
ENSG00000196839,44.74359590394649,0.2819099423534234,0.06435373891741675,4.380630358015253,1.1833647136144298e-05,0.00019229676596234485,,ADA
ENSG00000149273,1000.5628807816507,-0.13677524315968181,0.031249789188521997,-4.376837307111152,1.2041378514437332e-05,0.00019433895980099135,,RPS3
ENSG00000108622,53.53072899826935,0.27343500557126105,0.06247613264092391,4.376631427281275,1.2052752795349944e-05,0.00019433895980099135,,ICAM2
ENSG00000121067,11.76161786064188,0.41261586836871633,0.09459720303313203,4.361818903083217,1.2898561621788447e-05,0.00020717380828818508,,SPOP
ENSG00000116017,17.73063070197453,-0.3579811648234122,0.08235898297085288,-4.346595257861585,1.3826701820912207e-05,0.0002212272291345953,,ARID3A
ENSG00000173846,14.976627476549945,-0.5441236656326163,0.12529664800392162,-4.342683338309145,1.4075293939629266e-05,0.0002243418497657385,,PLK3
ENSG00000161057,19.948713534433015,0.3378048798155464,0.07785988230460208,4.338625615872267,1.4337652636785313e-05,0.00022765127850773626,,PSMC2
ENSG00000204267,11.836704396784208,0.4528432433844507,0.10470259154125036,4.325043312858604,1.5250189547370532e-05,0.00024121972820175444,,TAP2
ENSG00000100567,31.629699341265006,0.26841736916870274,0.06224202035142737,4.312478413348085,1.6143464825043356e-05,0.00025438186997038016,,PSMA3
ENSG00000167461,58.05068720242552,0.2494869277260411,0.05789642261883927,4.309194185770971,1.6385045577231215e-05,0.0002572143003821957,,RAB8A
ENSG00000185880,10.859221820610085,0.4542468617363749,0.10552886426985243,4.304479773181304,1.6737858304260658e-05,0.00026176500205159523,,TRIM69
ENSG00000084733,57.06013227207156,0.2805605799676302,0.06534781489791315,4.2933429435387245,1.760028289072362e-05,0.00027422163605022573,,RAB10
ENSG00000105640,1722.0095948426426,-0.12439034316743092,0.029040716137914587,-4.2833083928337095,1.8413467253977346e-05,0.0002858209842408424,,RPL18A
ENSG00000146278,158.97955504455402,-0.24705641955518773,0.05774871343140966,-4.278128548242482,1.8847117496034835e-05,0.00029111333079970584,,PNRC1
ENSG00000110200,19.230847152013745,-0.2871958776626944,0.06713994488520818,-4.277570947574125,1.889437483555783e-05,0.00029111333079970584,,ANAPC15
ENSG00000184432,8.542113368066108,0.4284113612153791,0.10026603629526726,4.2727465555113495,1.930798732274522e-05,0.0002963882924819931,,COPB2
ENSG00000108298,1272.1452756594742,-0.1079544748691427,0.02537795839328734,-4.253867596287709,2.101095666874911e-05,0.000321344043169104,,RPL19
ENSG00000138433,37.722859101611114,0.2697308700271287,0.06357068379491829,4.243007215358763,2.2054434191808615e-05,0.00033606756863708366,,CIR1
ENSG00000183978,23.116106078360264,0.2782398407802035,0.06576772581224964,4.230644093951317,2.3302311585422446e-05,0.0003537869204210123,,COA3
ENSG00000135940,275.74493886853514,0.10780166415178977,0.025539646745007964,4.220953610991543,2.4327100012219155e-05,0.00036757919748968377,,COX5B
ENSG00000198899,1246.5931532240013,-0.28177117778934885,0.06676417250015068,-4.22039496990265,2.438746598729633e-05,0.00036757919748968377,,MT-ATP6
ENSG00000233901,9.682511896641847,-0.4215213844574805,0.1000366387079715,-4.213670010324839,2.5125430128784397e-05,0.0003773349795514191,,LINC01503
ENSG00000115919,29.769261268050368,0.28318909997030367,0.06760349839357853,4.188971084330793,2.8022209934297973e-05,0.00041932515585136536,,KYNU
ENSG00000161960,273.5645762272753,-0.12405988576689621,0.0296525766107324,-4.183780971060512,2.867003529343316e-05,0.00042748152982323277,,EIF4A1
ENSG00000089486,11.988708393069304,-0.4251554422658126,0.10164139005179695,-4.182896771179057,2.878181002894396e-05,0.0004276154632871674,,CDIP1
ENSG00000083457,9.425052023040779,-0.41407541451040336,0.09905132786997525,-4.1804125539231585,2.9098069569867284e-05,0.0004307756918528395,,ITGAE
ENSG00000163041,824.9037479049572,-0.12895130758289317,0.030855436101403063,-4.179208718979327,2.925251239581329e-05,0.0004315264239949762,,H3-3A
ENSG00000109787,104.79338651842373,-0.2800167305364004,0.0671952403701991,-4.167210787456117,3.08349347736329e-05,0.0004532626454357345,,KLF3
ENSG00000038945,14.432790646930325,0.7812495022681012,0.18761822919837629,4.164038353874744,3.126675571529904e-05,0.0004579919147029719,,MSR1
ENSG00000205302,65.77638644622472,0.19904262095588696,0.04781810294695148,4.162495136553225,3.1478884854646476e-05,0.00045835017644576235,,SNX2
ENSG00000109103,63.416202110033666,-0.20634225779680074,0.04957459336548359,-4.162258201001543,3.1511574630646164e-05,0.00045835017644576235,,UNC119
ENSG00000100902,10.670411431474873,0.39839525539908244,0.09590049967815167,4.154256304566951,3.263472129430377e-05,0.00047303289402196406,,PSMA6
ENSG00000152795,151.3333853171407,-0.14205605319994424,0.03420825930226687,-4.152682892886358,3.285999414438861e-05,0.000474644359863391,,HNRNPDL
ENSG00000079950,31.127687321504304,0.2776584113495316,0.06704256175165191,4.141524489742372,3.450050272955731e-05,0.0004966162330621399,,STX7
ENSG00000175110,9.287706254586093,0.4167127342606788,0.10074611006458031,4.136266243863484,3.530025966246845e-05,0.0005050300539151229,,MRPS22
ENSG00000130520,43.98363681139383,-0.20715429410136207,0.05008460703318878,-4.136087040956324,3.532782348300499e-05,0.0005050300539151229,,LSM4
ENSG00000150540,24.254430750792267,0.338839516153615,0.08206314103953694,4.129009831470704,3.643288265264052e-05,0.0005190438076540567,,HNMT
ENSG00000115271,40.167701307950544,0.305927540552318,0.07415194852240017,4.125684444555115,3.6963380249270376e-05,0.0005248043066108012,,GCA
ENSG00000109475,2606.8685329636073,-0.13346186884753364,0.03242661182225438,-4.115812949533592,3.858171099106473e-05,0.0005459180874926166,,RPL34
ENSG00000154451,11.975095135213893,0.7147865478302309,0.17513124497998125,4.081433600908484,4.475876513504231e-05,0.0006300218740347699,,GBP5
ENSG00000142676,1727.9288944482928,-0.10187174216143562,0.024962006082401022,-4.081071922871548,4.482847949862786e-05,0.0006300218740347699,,RPL11
ENSG00000111653,14.326171493950321,0.3284907397445339,0.0806234776157119,4.074380682389687,4.6136959894815916e-05,0.0006462281251260411,,ING4
ENSG00000234608,9.8300147350517,-0.3477898163849967,0.0858343001543425,-4.051874550845294,5.080890730223244e-05,0.0007092787059640502,,MAPKAPK5-AS1
ENSG00000108798,98.85259758189736,0.22594146712732946,0.055818997055246025,4.047752181998312,5.171185435779989e-05,0.0007194692780215637,,ABI3
ENSG00000100079,23.8624776193798,0.78244197841683,0.1936028417076252,4.0414798228966955,5.311495191874522e-05,0.000736527333273267,,LGALS2
ENSG00000096968,13.633083478284552,0.411411174184219,0.10185723786921602,4.039096119143424,5.365757496106254e-05,0.0007415797735482397,,JAK2
ENSG00000224877,21.193777014823656,-0.300774812420095,0.07456737722062946,-4.033597849769672,5.4929292122024455e-05,0.0007566419047272242,,NDUFAF8
ENSG00000272047,27.10483816711862,0.29835336788788397,0.07399141504029443,4.032270064377143,5.524065362046837e-05,0.0007584195348552753,,GTF2H5
ENSG00000185905,19.34511512514979,-0.4092311359586878,0.10164108325087864,-4.026237451135687,5.6676456794306676e-05,0.0007755725666589334,,C16orf54
ENSG00000177600,1672.618359348007,-0.1216118927172102,0.03023853339407186,-4.021752349307116,5.77667758676658e-05,0.0007879009429819334,,RPLP2
ENSG00000164733,62.609736206226366,0.23333154910531728,0.05811873311208203,4.014739080002607,5.951159277330149e-05,0.0008090464899899811,,CTSB
ENSG00000172757,681.4005303196453,-0.0906736325571485,0.02265875032630922,-4.001704915379502,6.288769797148017e-05,0.000852159034401816,,CFL1
ENSG00000145860,29.18992808904835,-0.3236522389127729,0.08109560422439943,-3.9909960842907792,6.579636682407504e-05,0.0008886782012602342,,RNF145
ENSG00000070961,56.7181123538654,-0.24250823146805595,0.06093071318819802,-3.9800655331083274,6.889627297905674e-05,0.0009275355844429646,,ATP2B1
ENSG00000140030,34.108642532970514,0.35582532675646156,0.08944420227909927,3.9781821257251964,6.944417186049074e-05,0.0009318959836762629,,GPR65
ENSG00000172366,21.277238210897824,-0.29688336237661517,0.07468454000642055,-3.9751649049601485,7.033050672656555e-05,0.0009407553311334812,,MCRIP2
ENSG00000171204,16.36328323014363,0.2949739466869576,0.07435861762944532,3.966910038012201,7.281045950524346e-05,0.0009708061267365794,,TMEM126B
ENSG00000184990,50.07664377150765,-0.18955808246049358,0.04782595087734801,-3.9634984560291238,7.385934148352738e-05,0.0009816449219535908,,SIVA1
ENSG00000180964,9.257583048728504,0.4102798968431661,0.10358484480517034,3.9608100742425147,7.469592793791302e-05,0.0009896021026169369,,TCEAL8
ENSG00000204264,108.74910754208693,0.1665723291855177,0.042170431796876955,3.949979217377937,7.81579792665951e-05,0.001032181567457256,,PSMB8
ENSG00000197771,10.068748504512929,0.3972466534100268,0.10069901665335595,3.94489108843535,7.983625628237034e-05,0.0010510089434641158,,MCMBP
ENSG00000113387,169.57794996173695,0.15670677637119435,0.039777743363033864,3.9395592389694136,8.16314441887226e-05,0.0010712517597005868,,SUB1
ENSG00000169689,18.357627050801813,-0.27628017637581864,0.0701963709714853,-3.935818512442008,8.291361603360314e-05,0.0010846561091188336,,CENPX
ENSG00000146425,48.28984547211724,0.25351062443559175,0.06456601894431659,3.926378435291572,8.623444400413907e-05,0.0011245620283925346,,DYNLT1
ENSG00000167863,91.42274634680359,0.15234560932186406,0.038961294765104584,3.910178299780514,9.222801740454819e-05,0.0011989642262591265,,ATP5PD
ENSG00000125740,89.88710033908397,-0.3969990624138845,0.10186451227742248,-3.897324529789914,9.726124550300324e-05,0.0012581115782162031,,FOSB
ENSG00000171223,686.7851435430875,-0.25076547333066634,0.06434797062801914,-3.8970222507914665,9.738267504461956e-05,0.0012581115782162031,,JUNB
ENSG00000152234,73.8661562020471,-0.18495453045052115,0.04752589426600801,-3.891658080441557,9.95614874720543e-05,0.0012822779810642288,,ATP5F1A
ENSG00000114391,574.5937410108254,-0.11638699819350005,0.029923562076012752,-3.8894767239892842,0.00010046060302535843,0.0012898645326712688,,RPL24
ENSG00000186470,15.802824992806205,0.4252390072503787,0.10938475572966097,3.887552743650458,0.00010125998915802938,0.0012949333972128716,,BTN3A2
ENSG00000166750,11.952160148238672,0.5339550011024824,0.13736835441593684,3.887030629235924,0.00010147795372389331,0.0012949333972128716,,SLFN5
ENSG00000100418,12.33460403096296,0.3266708027264696,0.08408341895271741,3.8850799217639596,0.0001022962305944744,0.0013013832393670135,,DESI1
ENSG00000138764,14.927246728301773,-0.34777052571740746,0.08953247469804032,-3.884294797952451,0.00010262732639906185,0.0013016148714027358,,CCNG2
ENSG00000161921,56.643647835590464,-0.28267128128890495,0.07284415683129279,-3.880493557548784,0.00010424470640356283,0.0013158998071980288,,CXCL16
ENSG00000174720,38.691000644392425,0.2306013670252019,0.059430838070059076,3.880163472595847,0.00010438628278253595,0.0013158998071980288,,LARP7
ENSG00000133398,30.623065142490105,-0.22023811189095707,0.05690744436524856,-3.8701107446928154,0.00010878592476999814,0.0013672188732422727,,MED10
ENSG00000148175,8.339008462609941,0.46655095514807327,0.12066589191777759,3.8664692046198414,0.00011042239998029874,0.0013836059756567552,,STOM
ENSG00000159714,20.970506022386278,-0.3433278568722013,0.08896261302241461,-3.859237551685875,0.00011374133443104288,0.0014185457310733974,,ZDHHC1
ENSG00000138326,1375.8124654564308,-0.1274500352486368,0.03302745163898507,-3.8589121752947126,0.00011389285436983527,0.0014185457310733974,,RPS24
ENSG00000122705,60.73099375929672,0.18645136853059294,0.048588947918409606,3.837320553712779,0.00012438406367125832,0.0015445901637983124,,CLTA
ENSG00000103187,1059.2457112764366,-0.14474148574775508,0.03773596622591723,-3.835637462711793,0.00012523903438787896,0.0015469474389010855,,COTL1
ENSG00000184076,159.2412072421837,0.1340161141779098,0.03494724622448062,3.8348118566215152,0.00012566044512981694,0.0015469474389010855,,UQCR10
ENSG00000159228,19.341998440667705,0.3439594635099548,0.08970145617135517,3.834491413973202,0.00012582436713209992,0.0015469474389010855,,CBR1
ENSG00000105202,29.972999204925998,-0.2266113301281344,0.05910527500886851,-3.834028859422992,0.00012606134177583364,0.0015469474389010855,,FBL
ENSG00000145741,308.8515429277303,-0.1254920805585926,0.03280728316886267,-3.8251287042779842,0.00013070378560610114,0.0015991992591805316,,BTF3
ENSG00000074842,46.17609172455356,-0.18929718206191415,0.04950344509518693,-3.8239193595097674,0.00013134688976464433,0.0016023550188296787,,MYDGF
ENSG00000144713,1770.7992168120727,-0.10058495383027553,0.02635251585930866,-3.816901367872445,0.00013513816045949794,0.0016397552320944957,,RPL32
ENSG00000142546,30.800049015312858,0.24786527287152374,0.06494082444236943,3.816786666936872,0.0001352009722616375,0.0016397552320944957,,NOSIP
ENSG00000156482,1084.5079796081234,-0.1133988582964957,0.02976522178498975,-3.8097770315852775,0.00013909217422980504,0.0016820448976627585,,RPL30
ENSG00000165168,124.57271193861541,0.18943151191932583,0.04976233229716452,3.806724949869758,0.00014081920782258847,0.001697993926208603,,CYBB
ENSG00000269893,68.4485840621281,-0.33077421550128044,0.08702346512583213,-3.8009772998925677,0.0001441265068349854,0.0017328504868021363,,SNHG8
ENSG00000100632,87.68520036168442,0.1311265422275891,0.03454089762214284,3.796269097058119,0.0001468900496899104,0.0017609873392219805,,ERH
ENSG00000100596,17.35763709449375,0.35976525811943816,0.09479636646857328,3.7951376357732753,0.00014756157242147347,0.0017639544289463494,,SPTLC2
ENSG00000108518,1150.3749156672209,-0.15099986604877896,0.03983878435336849,-3.7902729337676555,0.0001504818418928919,0.001793709060958253,,PFN1
ENSG00000167283,437.18102897150976,-0.08903709106454502,0.023516046207112017,-3.7862270842798953,0.0001529519094577186,0.001817942695268884,,ATP5MG
ENSG00000197223,30.926999336635607,0.22947092492695856,0.06062443700683623,3.7851225719602577,0.00015363283763135776,0.0018208336311864623,,C1D
ENSG00000172428,72.7499960774942,-0.16964296756660416,0.04495667195987198,-3.7734769984314305,0.0001609880682210146,0.0019025862607938088,,COPS9
ENSG00000118181,1073.6264222761745,-0.0981930432713472,0.026084380961877218,-3.76443832095759,0.00016692386234656563,0.00196714806618049,,RPS25
ENSG00000141574,20.12046107003975,0.3591815897619653,0.0955597771858536,3.758711042862682,0.0001707909444533926,0.002007034827474896,,SECTM1
ENSG00000259225,13.929753221502782,-0.7082702003867841,0.1885261836932413,-3.7568797421754403,0.00017204512088357118,0.0020160780362694537,,LINC02345
ENSG00000105058,48.606142500541885,-0.17324429402343314,0.04613814881300325,-3.754903447157966,0.0001734083130251551,0.0020211375392737868,,FAM32A
ENSG00000121691,40.00907011407186,-0.2384562428724427,0.06350627642376094,-3.754845289326773,0.0001734485820963322,0.0020211375392737868,,CAT
ENSG00000197958,1332.822569040007,-0.13350566971163508,0.03561416899337805,-3.7486672716260365,0.00017777675108580202,0.0020657857109411632,,RPL12
ENSG00000139679,32.45156302996792,0.39465856031607305,0.10554988638566587,3.7390713891821807,0.0001847012741569483,0.0021402710320136626,,LPAR6
ENSG00000005302,22.7478572561717,0.28377224027585374,0.07595562929308004,3.7360264527715117,0.00018695101040441413,0.002160322786895452,,MSL3
ENSG00000130813,13.745883323055969,0.334140641666934,0.0894853090078819,3.734027913313713,0.00018844159545641233,0.002171515338223477,,SHFL
ENSG00000131042,111.88961388758817,0.19558885419099875,0.052402354615914574,3.7324440022700522,0.00018963086233981553,0.0021791833904243997,,LILRB2
ENSG00000103994,50.41308480560172,-0.24865777438418907,0.06664141707499696,-3.7312798151389006,0.0001905094769712141,0.0021832491024800296,,ZNF106
ENSG00000065978,643.3007703283826,-0.11826403703978981,0.031702598116688394,-3.7304209769966796,0.00019116009482967548,0.002184686798053434,,YBX1
ENSG00000184009,378.3831278382345,-0.18355712781892616,0.049224856720520405,-3.7289519979934562,0.00019227777140414876,0.0021914398055924897,,ACTG1
ENSG00000177989,34.77049247439176,0.2800085893834781,0.07522018269447163,3.7225194004222697,0.00019724474796834485,0.00224190751789157,,CIMAP1B
ENSG00000129355,84.18371627650606,-0.2491208441995126,0.0669658451203372,-3.7201179758404312,0.00019912973843097258,0.0022571654274464465,,CDKN2D
ENSG00000168476,8.339681110167112,0.3814290900889036,0.10256379928983887,3.7189446250036906,0.00020005689923039923,0.002261512773908861,,REEP4
ENSG00000129353,20.423563956738185,-0.27914575085078086,0.07512807862668021,-3.7155981618788254,0.00020272354283769792,0.0022854469870049413,,SLC44A2
ENSG00000174547,24.602228391717784,-0.20890512541155076,0.0563742248848425,-3.7056851041107564,0.00021082009569795964,0.002370301616495979,,MRPL11
ENSG00000170458,22.34610875493892,0.44947515136421473,0.12145450819377024,3.7007695971821457,0.00021494657761625085,0.00241018264928195,,CD14
ENSG00000102898,28.205149892655065,-0.2038901219471307,0.055250361458604624,-3.690294806485417,0.00022399430986787215,0.0025048826049740543,,NUTF2
ENSG00000178035,11.348599918842647,-0.34723693732785116,0.09411429586122089,-3.689523830044694,0.00022467418331017548,0.002505749604746193,,IMPDH2
ENSG00000150681,38.66011515523511,0.32375580625749467,0.08784479021340914,3.6855436215507598,0.00022821498779137123,0.002538434088802418,,RGS18
ENSG00000172936,36.76203664031981,0.2061684111931428,0.05600986542797139,3.680930307862908,0.0002323845214778079,0.0025779189582604825,,MYD88
ENSG00000107738,246.28961989220088,-0.17217932853793302,0.04687961305221341,-3.672797562261526,0.000239909536510904,0.0026543182762908527,,VSIR
ENSG00000137757,10.800440278121934,0.4054747232138528,0.11049399026800233,3.669654089153419,0.00024287890056348435,0.002680043040700517,,CASP5
ENSG00000204389,10.027201008490879,0.6583237168589702,0.1795793632876372,3.6659207650965713,0.00024645022978562076,0.0027122564971115933,,HSPA1A
ENSG00000125868,60.10686481981636,-0.21670847698707485,0.0591653600701831,-3.6627593701789536,0.00024951290380126925,0.0027387168332804225,,DSTN
ENSG00000168275,12.582770016966137,0.33814287995214287,0.09235453845845448,3.6613563945669636,0.0002508834733678516,0.0027465138137112177,,COA6
ENSG00000100883,12.532691256887228,0.3319128269720338,0.09077044923240352,3.656617652317914,0.0002555651404033842,0.002789004774711186,,SRP54
ENSG00000051523,982.2694993766962,0.0971430936389762,0.02657075369738765,3.6560157361485386,0.00025616563666189186,0.002789004774711186,,CYBA
ENSG00000220205,62.885902348109006,-0.17198757648373136,0.047050209396487234,-3.6554051233738387,0.0002567761607486501,0.002789004774711186,,VAMP2
ENSG00000161055,17.16024211405991,-0.548006185980029,0.15038166805281497,-3.644102323612781,0.0002683266621709955,0.002906872173519118,,SCGB3A1
ENSG00000132475,645.6979443126093,-0.13220952454538462,0.03631106142881073,-3.6410261596066698,0.000271553539842603,0.002934188898039554,,H3-3B
ENSG00000149823,13.314473436945732,-0.3060291725478744,0.08408903049050673,-3.639347139130397,0.0002733301311238428,0.0029457340556351967,,VPS51
ENSG00000179820,36.483554314420836,-0.3917845232546775,0.10769339395162211,-3.63796244949504,0.00027480347796063456,0.0029539598664502322,,MYADM
ENSG00000247596,30.65464574874731,-0.209736676652999,0.05770688798325942,-3.6345171951369637,0.0002785016833946434,0.0029859974302106095,,TWF2
ENSG00000054148,55.57754631682288,0.19653643733641038,0.054132482001294877,3.6306563096757527,0.0002827014325368792,0.00301680306406197,,PHPT1
ENSG00000158411,14.654238085715464,0.3056574816902065,0.08419472546395627,3.6303637787982135,0.0002830220448367023,0.00301680306406197,,MITD1
ENSG00000149600,33.231413303551946,-0.18723711409519855,0.05158214465355008,-3.629882304289033,0.00028355048030005535,0.00301680306406197,,COMMD7
ENSG00000077549,177.45166339780093,-0.1093449326428267,0.030151584041094436,-3.626507068212318,0.00028728095924936196,0.0030486958940748616,,CAPZB
ENSG00000087074,87.25394470881386,-0.3008104751303019,0.08313078759639905,-3.6185206928477602,0.0002962918123059231,0.0031363204559609168,,PPP1R15A
ENSG00000197903,26.602467272100455,0.2783621455709018,0.07697924828071932,3.616067340068089,0.00029911259536481553,0.00315814313887724,,H2BC12
ENSG00000198015,15.273657846691663,0.3627899629895931,0.10047074905220363,3.6109013460334705,0.00030513472119491627,0.003213570734609751,,MRPL42
ENSG00000159199,38.18882031592716,-0.18688185686277034,0.05190772742840604,-3.6002704437509414,0.00031788637127628253,0.0033353964428928227,,ATP5MC1
ENSG00000152904,11.599258508503441,0.3268771686680942,0.09080104101329382,3.59992754510642,0.0003183058624587622,0.0033353964428928227,,GGPS1
ENSG00000124659,10.644065800271134,0.3400547065699495,0.09453892012448384,3.5969810753304934,0.0003219318957913064,0.003362378880576488,,TBCC
ENSG00000125870,72.55425247384228,0.15988506493699378,0.044455437809716475,3.596524358197823,0.0003224973974399084,0.003362378880576488,,SNRPB2
ENSG00000100220,14.469907125963728,0.32579946400267534,0.09073148033016895,3.5908095273779455,0.00032965248596649,0.0034283858540514966,,RTCB
ENSG00000160087,14.698877660234675,-0.2512370105157996,0.06999000596460225,-3.589612646166423,0.00033116970032616525,0.0034355759435332855,,UBE2J2
ENSG00000170909,15.277510389183663,0.37660959777234787,0.1050148253052586,3.586251719008375,0.0003354651563141719,0.003471480224544665,,OSCAR
ENSG00000123353,22.456544689793937,0.2746168103527412,0.07679498342932757,3.5759733004625742,0.0003489272650914242,0.003601829833201798,,ORMDL2
ENSG00000147669,38.92457040977167,0.20458345013880844,0.0573109266100175,3.569711087223092,0.00035737515043148075,0.0036799025390964355,,POLR2K
ENSG00000196683,273.25670615980533,-0.19001422688939026,0.053239951213133185,-3.569015796590695,0.0003583248221893676,0.003680571013105603,,TOMM7
ENSG00000112697,20.075230724387815,0.30602750016199215,0.08578087941399358,3.5675491117903992,0.0003603358576772755,0.0036921112510775026,,TMEM30A
ENSG00000067560,259.05354584917654,0.10503618959702724,0.02945135175240384,3.5664301754317305,0.0003618771720380181,0.0036987936994549264,,RHOA
ENSG00000140280,25.73294312328005,0.2761468757246969,0.07744632537554708,3.565654979569729,0.00036294860270896686,0.003700652419777701,,LYSMD2
ENSG00000168010,25.787770778091495,-0.2335606433631945,0.06555204516926465,-3.562980266444897,0.0003666682523746397,0.0037278884931607713,,ATG16L2
ENSG00000136193,8.205326294190446,-0.41956426522156953,0.11777412994439752,-3.56244843769723,0.000367412087066326,0.0037278884931607713,,SCRN1
ENSG00000173575,22.541055134432536,-0.28361535235297314,0.07967640353325485,-3.5595902899231584,0.0003714338173589535,0.0037595247693752954,,CHD2
ENSG00000127922,83.9224951170833,0.1651540340560749,0.04643591719634824,3.556601097330381,0.00037568394535829385,0.0037933136230352002,,SEM1
ENSG00000110934,87.6548132425953,-0.18047194427810873,0.05080578230388419,-3.552193000368608,0.0003820345321919029,0.003846806527598056,,BIN2
ENSG00000141959,26.19402730321703,-0.21046154156447264,0.05925748523517977,-3.5516448382714456,0.0003828312265446142,0.003846806527598056,,PFKL
ENSG00000162076,10.195809158547931,-0.3149831644623582,0.08883432541650399,-3.5457371121528145,0.00039151657892576243,0.00392459992368957,,FLYWCH2
ENSG00000134575,9.729473287787004,0.4221155213386481,0.11949310376924874,3.5325513190601256,0.0004115703355558401,0.004115310600811775,,ACP2
ENSG00000100519,18.771641309105178,0.2811022315959496,0.07958858236991168,3.5319416834118633,0.0004125203174371419,0.004115310600811775,,PSMC6
ENSG00000116209,109.46340210062068,0.13701183855916804,0.03880568806213344,3.530715351311193,0.00041443749057795855,0.004124545360775856,,TMEM59
ENSG00000126247,58.992888402118865,0.16085784672259534,0.045751575430709145,3.515897435405582,0.00043827025657254103,0.004351322833751243,,CAPNS1
ENSG00000145912,35.22433991406059,-0.17786087771398457,0.05065395975591757,-3.5112926723010287,0.00044593315329071007,0.004416861708784176,,NHP2
ENSG00000114127,17.785699898143328,0.3201265764002747,0.09129628647917735,3.5064578061812886,0.00045411342740846384,0.004482467363196046,,XRN1
ENSG00000198804,3489.7461073728523,-0.20060785090116717,0.057216688609837384,-3.506107322447812,0.0004547118334780604,0.004482467363196046,,MT-CO1
ENSG00000096746,37.79445286976809,-0.19557613809758273,0.0558497077070598,-3.501829214996241,0.00046207570959291177,0.004544290666445657,,HNRNPH3
ENSG00000106615,30.42955021837763,0.2140748426805755,0.061162774763886305,3.5000838910103944,0.00046511175909891674,0.004563360655310126,,RHEB
ENSG00000130150,8.350641571065978,0.4303618669788533,0.12313232437872866,3.4951168927433898,0.00047385417797098296,0.004638196189080681,,MOSPD2
ENSG00000160783,23.533226954986965,-0.21783993302853824,0.062357746292081566,-3.493390091556282,0.0004769292620927025,0.004657337395083667,,PMF1
ENSG00000147684,62.833927910930925,0.1382946716116544,0.03963966475560189,3.488795186949974,0.0004852027639104552,0.004727033952851273,,NDUFB9
ENSG00000107672,10.261600226491415,-0.2897881697770902,0.08314535728055755,-3.4853199174940985,0.0004915489649549333,0.004769371611941212,,NSMCE4A
ENSG00000118363,64.55285560778462,0.1427641216517907,0.04096342506487543,3.4851607605001145,0.0004918414474814375,0.004769371611941212,,SPCS2
ENSG00000111669,198.12159336657268,-0.09704519954810706,0.02785596582485524,-3.483821029874895,0.0004943099086012515,0.004782160976235363,,TPI1
ENSG00000112149,39.3561184401142,-0.49429686682826,0.14199486265552547,-3.481089791448348,0.000499378052642573,0.0048199830603088255,,CD83
ENSG00000161547,53.15045184070525,-0.15810163447637185,0.04546060679180768,-3.477772199575279,0.0005055994104117358,0.004864887604977622,,SRSF2
ENSG00000132963,165.08935294710048,0.1502246461757567,0.04320072143956515,3.477364293230859,0.000506369310806565,0.004864887604977622,,POMP
ENSG00000221914,10.2342218905776,0.33307266888460774,0.09606448140345142,3.467178128883763,0.0005259532227056363,0.005041394945749877,,PPP2R2A
ENSG00000130511,27.39927300935036,-0.21452945356101785,0.06189229145511879,-3.466174034234682,0.0005279214418588554,0.005048628041684686,,SSBP4
ENSG00000137500,17.449326949056374,0.2556226293409402,0.0739555471911409,3.456436184296952,0.0005473687979843454,0.005219664915487528,,CCDC90B
ENSG00000119655,436.4736697156105,0.09896980797852506,0.02863988112551577,3.455664063156712,0.0005489390076343574,0.005219664915487528,,NPC2
ENSG00000130402,18.02543041007173,0.23437578993620353,0.06782974523458284,3.4553541241476995,0.0005495704886979658,0.005219664915487528,,ACTN4
ENSG00000142168,137.11919222293275,-0.21100916970225314,0.06120534683720785,-3.4475610482771875,0.0005656725522735164,0.005360359493070224,,SOD1
ENSG00000198712,2595.6040197608263,-0.1860721146291658,0.054205569979398814,-3.432712075528101,0.0005975763281035965,0.005644307058692566,,MT-CO2
ENSG00000125877,18.564577822403287,-0.23458757664070234,0.06834583720543315,-3.4323608610657828,0.0005983508204046687,0.005644307058692566,,ITPA
ENSG00000163466,493.7903172217635,-0.08529354816873704,0.024857296235671268,-3.4313284663010606,0.0006006328532054004,0.0056505502961507045,,ARPC2
ENSG00000239713,24.66207789918917,0.29380984700635593,0.08563803119928806,3.430833741642562,0.0006017292743256639,0.0056505502961507045,,APOBEC3G
ENSG00000135047,50.08180758244037,0.3104557144828627,0.09054987089187805,3.4285605426601364,0.000606791180279204,0.00568525069811146,,CTSL
ENSG00000231500,2108.1794137391075,-0.11905338520554115,0.034756831697210534,-3.425323293063446,0.0006140682425237941,0.005718446451661327,,RPS18
ENSG00000167552,157.24459784557484,-0.19245777350105553,0.056188124352704295,-3.4252393315882714,0.0006142580567733354,0.005718446451661327,,TUBA1A
ENSG00000123349,826.99271699308,-0.08039791443922206,0.023472809555972328,-3.4251508856452992,0.0006144580682434166,0.005718446451661327,,PFDN5
ENSG00000130429,411.46267409171844,-0.11448908404252424,0.033453614632200986,-3.4223232766100575,0.0006208844469252865,0.005765355578591947,,ARPC1B
ENSG00000157827,8.650185961844219,0.45495545834063605,0.13299930800330115,3.420735529912259,0.000624520319616142,0.0057862016249513384,,FMNL2
ENSG00000140044,8.863951762741257,0.41544442145770283,0.12160000622671385,3.4164835541466885,0.0006343549526344282,0.005864259117687158,,JDP2
ENSG00000204525,863.881529350568,0.20253895170050257,0.059386528626770664,3.410520136198038,0.000648390961432291,0.005980723724076121,,HLA-C
ENSG00000120949,9.689631379140987,-0.35157618865244955,0.10311706707392009,-3.409485923415763,0.0006508543666037263,0.005990164082016596,,TNFRSF8
ENSG00000144744,16.287262315445737,0.2732474312728159,0.08016746437687967,3.4084579498265954,0.0006533115335461976,0.0059995054736251266,,UBA3
ENSG00000118640,149.33844694351734,0.18541231335937478,0.054474800871513546,3.4036345318029837,0.0006649565872601544,0.006092994279740622,,VAMP8
ENSG00000092010,255.26560777402764,0.12207611221594519,0.035902945770049495,3.4001698077315425,0.0006734401714531381,0.006150784763199668,,PSME1
ENSG00000102265,361.1120806251948,0.25587229834912806,0.0752598099123336,3.399853104162513,0.000674220637504579,0.006150784763199668,,TIMP1
ENSG00000142765,34.52052798550791,-0.2292108091237391,0.06745814130606499,-3.397822778481021,0.0006792440640392967,0.0061830531868785,,SYTL1
ENSG00000169567,126.53786005528725,-0.14011821331584207,0.04132312998029075,-3.3907938092461065,0.0006969051071515056,0.006329967785480924,,HINT1
ENSG00000019169,11.311668568509102,0.702246000555724,0.20719581682143356,3.38928657599751,0.000700747342618784,0.00633761041874094,,MARCO
ENSG00000029363,57.761987957290884,-0.22116347031673367,0.06525404176127222,-3.3892685318381686,0.0007007934597646232,0.00633761041874094,,BCLAF1
ENSG00000197536,17.213571737160585,0.28780171111568803,0.08495020493353521,3.3878871903942227,0.0007043322675519096,0.006355796600902264,,CARINH
ENSG00000102879,385.92412180906797,0.11857357439910865,0.0350206522253604,3.385818563174644,0.0007096628728554456,0.006390037989347736,,CORO1A
ENSG00000168264,18.967704535864822,0.2997478691144526,0.08870107163209719,3.3793038077116817,0.0007266965429715937,0.006529282113956435,,IRF2BP2
ENSG00000090266,133.1016318116559,-0.13223386332601963,0.039156966634685285,-3.3770200986122028,0.0007327569563814301,0.006569542573219144,,NDUFB2
ENSG00000110047,15.80238143304737,-0.3463983447173963,0.10259313827650691,-3.376428000318994,0.0007343358885930054,0.006569542573219144,,EHD1
ENSG00000155876,10.215387609552144,0.32086463311508095,0.09545038155317316,3.3615856520839027,0.0007749631738795553,0.006918126187422639,,RRAGA
ENSG00000175550,258.1279982636505,0.11315958899054784,0.03366999720395471,3.3608434329556967,0.0007770485970704403,0.006921889001740967,,DRAP1
ENSG00000100242,21.243337648638576,-0.23557325378342242,0.07012116332610083,-3.359517192946173,0.0007807879279671614,0.006940337137485879,,SUN2
ENSG00000179933,7.651995762619726,0.38720436586818474,0.11538748060180637,3.355687842811979,0.0007916787234394651,0.007022139636477984,,C14orf119
ENSG00000136104,16.35300155326853,0.24430093982754092,0.07288299132207557,3.351960936234851,0.0008024134009845368,0.007102212229990794,,RNASEH2B
ENSG00000136238,176.45190000627494,0.14372109027638585,0.042961537979155855,3.3453432311039863,0.0008218080233001028,0.00725521701378694,,RAC1
ENSG00000117697,17.214782541779538,0.2719471143640935,0.08130255407311629,3.344877875786392,0.0008231880842565952,0.00725521701378694,,NSL1
ENSG00000133321,57.463524622514065,0.22425702808154382,0.06710580888341082,3.341842260945941,0.0008322434143797956,0.007319519246976638,,PLAAT4
ENSG00000114573,10.162281971458407,0.3554738193863512,0.10663530182461416,3.33354727096856,0.000857460998596959,0.007518859864198847,,ATP6V1A
ENSG00000137364,21.7891899098332,0.2768759455307817,0.08306603871164239,3.3332027122653107,0.000858523662378474,0.007518859864198847,,TPMT
ENSG00000165801,19.459769195995502,-0.3877570720747398,0.11645451896700548,-3.329686778274368,0.0008694372904291987,0.0075893616901741455,,ARHGEF40
ENSG00000198900,20.259593989107902,0.2712376392084439,0.08146655708672845,3.3294354015683654,0.0008702224822627567,0.0075893616901741455,,TOP1
ENSG00000115935,38.169204739714736,0.1948749778473041,0.05855316602929618,3.3281714903307082,0.0008741803660146815,0.007607929545232374,,WIPF1
ENSG00000064012,13.140474909797693,-0.2910111867315005,0.0876630451059591,-3.3196563772083514,0.0009012831096285715,0.007827427423914108,,CASP8
ENSG00000215301,44.06746328232256,-0.21310189330317547,0.0642384923746265,-3.3173551468239055,0.0009087402336428402,0.007875748691571281,,DDX3X
ENSG00000143222,52.55763035036225,-0.14693111216809132,0.044303433152055996,-3.3164723750369824,0.0009116159943660848,0.007884246437760733,,UFC1
ENSG00000162244,835.8911442476048,-0.09791026290377774,0.02953722352318971,-3.314809288926844,0.0009170566686016071,0.007908161789258948,,RPL29
ENSG00000141522,57.227345743679656,-0.1575346421801092,0.04752941758948955,-3.3144660753205977,0.0009181832077432866,0.007908161789258948,,ARHGDIA
ENSG00000106245,56.37491159398917,0.15785806347487083,0.04771386251194849,3.3084318720862322,0.0009382000836821509,0.008063868487846586,,BUD31
ENSG00000015153,16.439426107200514,0.2579907039919332,0.07806731905396187,3.3047209398033024,0.0009507100920846281,0.00814280507553974,,YAF2
ENSG00000196924,79.72974515046137,-0.15697117430709523,0.04750156528134972,-3.304547405487835,0.0009512988621904601,0.00814280507553974,,FLNA
ENSG00000126264,153.26362761586915,0.15730990231704822,0.04763010161434745,3.302741270441932,0.0009574468297337863,0.008171441101098721,,HCST
ENSG00000196428,9.373321585899914,-0.387635357236525,0.11737947951630724,-3.3024116211272836,0.0009585728983981191,0.008171441101098721,,TSC22D2
ENSG00000153147,22.212809967092003,0.2675828674882925,0.08112382850427222,3.2984496962467795,0.0009722029784417041,0.008270683824780141,,SMARCA5
ENSG00000153561,7.899281944545839,-0.34727207092909335,0.10530416130984195,-3.297800073705506,0.000974454905750109,0.008272923281470314,,RMND5A
ENSG00000106682,29.688466457376528,-0.19741365165331043,0.05994645988025561,-3.2931661360428723,0.0009906591836450931,0.00839336497752258,,EIF4H
ENSG00000116478,22.157435680357015,-0.21643512710255314,0.0657766757407056,-3.2904540198375094,0.0010002584758205195,0.00845747003945805,,HDAC1
ENSG00000119318,19.763755281078627,0.24260601788801647,0.07377492689777582,3.288461650720126,0.0010073650732461727,0.008500281348284136,,RAD23B
ENSG00000110344,7.922639086295076,0.34354652395698887,0.10472760299091498,3.280381810961444,0.0010366668905153298,0.008729826446444882,,UBE4A
ENSG00000168397,10.639236054421119,-0.27002889748138514,0.08242270580938954,-3.276146964961973,0.0010523378529707589,0.008843889835067389,,ATG4B
ENSG00000175040,16.052434785244973,-0.3827979616183299,0.11692385336723934,-3.2739081940450765,0.0010607106680001175,0.00889628302193647,,CHST2
ENSG00000143977,90.00099433967601,0.16809737661168278,0.0514457044828442,3.267471566411125,0.0010851276595220953,0.00908275867929963,,SNRPG
ENSG00000114850,49.85207436763024,0.16903326432704338,0.05177644800442121,3.264674786354784,0.0010958982450457726,0.00915449136423778,,SSR3
ENSG00000234545,51.74384224974883,-0.19089218633030894,0.05851229738376325,-3.2624284956426988,0.0011046203585424448,0.009208859101275692,,FAM133B
ENSG00000214113,13.77289256738089,-0.2526276541876889,0.07745962834475627,-3.2614106159055805,0.001108593775913003,0.009223500215596186,,LYRM4
ENSG00000143256,49.05578640519599,0.14801460080507037,0.045400825696061665,3.2601742046711286,0.001113438033428719,0.00924531381050593,,PFDN2
ENSG00000102738,8.019238393999768,0.38021064772388075,0.11671506909486533,3.2575969039169035,0.001123598879291883,0.009311098282578154,,MRPS31
ENSG00000147872,34.48589539385784,0.254152238409644,0.0780377254179649,3.256786855952316,0.0011268101056274207,0.009319145207574693,,PLIN2
ENSG00000090621,43.01840501904439,-0.2793958265155267,0.08581585510278665,-3.255759977930395,0.001130893094218044,0.009334355698307666,,PABPC4
ENSG00000145833,48.600282410367186,-0.1822187069408525,0.05600364935697878,-3.253693447356492,0.001139151353265412,0.009383900256602207,,DDX46
ENSG00000257621,31.695314586270968,-0.1742894684591195,0.05359638508646585,-3.2518885028895546,0.0011464098336099401,0.009425029462089627,,PSMA3-AS1
ENSG00000172243,117.3992738349136,-0.15555108441997792,0.04793468313494543,-3.2450633705467804,0.001174244889881214,0.00963482986569201,,CLEC7A
ENSG00000108561,31.632720127104772,-0.1914041041893978,0.05908842271739314,-3.2392826781794684,0.0011983074635153975,0.009812911512252075,,C1QBP
ENSG00000103018,9.95318320347516,0.28620096642143,0.0884084339179747,3.23725863854762,0.001206839793273395,0.009863366483334622,,CYB5B
ENSG00000177954,3532.00243357695,-0.11595677251320267,0.03586164650633212,-3.233448093152335,0.0012230555965976398,0.009976296631070943,,RPS27
ENSG00000180353,109.00510116361285,-0.104504256746768,0.032347621610025676,-3.2306627673169768,0.001235035621733624,0.010044489564080503,,HCLS1
ENSG00000115520,15.866493493429036,-0.27856215307500415,0.08623192741072849,-3.230383008235381,0.0012362448694252927,0.010044489564080503,,COQ10B
ENSG00000111269,8.455166214126333,0.3820548183400767,0.11829705312407977,3.2296224483237626,0.001239537889008207,0.010051613290982732,,CREBL2
ENSG00000100216,43.309583023036154,-0.1430112050357477,0.04437026674454165,-3.223131514153917,0.001267973227718722,0.010262195772976428,,TOMM22
ENSG00000104325,40.86195084803304,0.1572918736990649,0.04896603173191751,3.212265077150154,0.0013169280387611423,0.010637709983002624,,DECR1
ENSG00000110321,77.58650104777469,-0.18363091313118188,0.0571779971438673,-3.2115660272104765,0.0013201363036695287,0.010642959347413255,,EIF4G2
ENSG00000050426,10.925973097761682,-0.27699545220891864,0.08626509803819606,-3.210979393847926,0.0013228342007206093,0.010644081769821538,,LETMD1
ENSG00000128284,12.066120718586518,0.35457286670745397,0.11047855372884291,3.2094271217354358,0.0013299975820271646,0.010681061662611978,,APOL3
ENSG00000136732,19.629017007286894,-0.25552317101006516,0.07963215392248726,-3.2087939158193257,0.0013329299471688252,0.010683985703703878,,GYPC
ENSG00000164054,25.810243076270094,0.21778718075808387,0.0679163070299366,3.2066993963921826,0.0013426721811824775,0.01074137744945982,,SHISA5
ENSG00000115944,68.99398769031752,-0.14684458335595582,0.045861137279851534,-3.2019394211680394,0.0013650570157645316,0.010899495557735991,,COX7A2L
ENSG00000160201,61.52999846866645,0.1444710878894658,0.045140478518743386,3.200477545435811,0.0013720005939633776,0.010933951093654503,,U2AF1
ENSG00000135617,13.257627692004641,-0.25811993805865197,0.08077397544046051,-3.1955829417968333,0.0013954866695606717,0.011099855727289474,,PRADC1
ENSG00000162923,20.030863564189385,0.31392798604038313,0.09831582935066938,3.193056378751341,0.0014077545834543066,0.01117606692207999,,WDR26
ENSG00000133884,8.447730618658976,0.3199729760006698,0.10023968168657406,3.1920789313871745,0.001412527269888926,0.011192597033786538,,DPF2
ENSG00000141480,109.86710343574676,-0.12857792955905634,0.04031442393137348,-3.1893778211473944,0.0014257939524292876,0.011276241144687902,,ARRB2
ENSG00000160310,39.08850329369212,-0.17522794130810015,0.054983310956565716,-3.18692960208457,0.0014379176864133829,0.01135054568402215,,PRMT2
ENSG00000102580,20.385169675976886,-0.21269527626812273,0.0667538501790796,-3.18626230093887,0.001441238644677115,0.011355213564122724,,DNAJC3
ENSG00000118515,15.08138833104256,-0.5370463093950774,0.16868474870579864,-3.1837277140669924,0.0014539170531853154,0.011433449794425165,,SGK1
ENSG00000198546,19.23627776197418,-0.2030929139605006,0.06380594262413111,-3.1829780363387625,0.0014576867120694446,0.011441465513601678,,ZNF511
ENSG00000130811,76.82242281275354,0.13331746492861427,0.041910396131316606,3.181011806972537,0.0014676164812874365,0.01149771103984131,,EIF3G
ENSG00000136942,950.3907437290028,-0.08419874561438695,0.026507555841725646,-3.1764054791445306,0.0014911237253007407,0.01165991484445692,,RPL35
ENSG00000103642,27.027788709184,0.2262314677515572,0.07131495243195997,3.1722865968030995,0.001512436695312439,0.011804383963414157,,LACTB
ENSG00000091317,133.03358133686257,-0.16538152709036333,0.052151800013508574,-3.171156643635033,0.0015183324442839337,0.011828207805657612,,CMTM6
ENSG00000120616,37.183372931632384,-0.20489773958292729,0.06478978435002032,-3.162500718878578,0.0015642034940525707,0.012162778570576998,,EPC1
ENSG00000130332,82.4022428970161,-0.12224292974811912,0.03866408273181933,-3.1616663608966733,0.0015686918447078931,0.012174921779822455,,LSM7
ENSG00000090060,64.91214022222053,-0.12612366075463596,0.039967893335035774,-3.155624433276702,0.0016015493539886262,0.01240678829160649,,PAPOLA
ENSG00000213064,25.07711125452799,-0.24297668720727947,0.07702189895963994,-3.1546442049500896,0.0016069394233367517,0.01242540520647005,,SFT2D2
ENSG00000113732,165.19640851287508,0.12348291224223405,0.03917455246392801,3.1521205597929245,0.0016208933426379438,0.01251004880403311,,ATP6V0E1
ENSG00000104980,7.952312826405579,-0.3038373302540553,0.09673865229799118,-3.140805903705613,0.0016848365210226464,0.012979481347137422,,TIMM44
ENSG00000184924,24.16209279777335,-0.18217982867169824,0.058041670404610245,-3.13877645839131,0.0016965481658092402,0.013045545969993418,,PTRHD1
ENSG00000168310,32.97144251356353,0.2294832156443851,0.07312995540043422,3.1380193572909314,0.0017009364352444435,0.013055157879366947,,IRF2
ENSG00000168522,15.10862219875358,0.23590547740851428,0.07520674520214275,3.136759565574086,0.001708261519065436,0.013071546362039015,,FNTA
ENSG00000136450,12.08973163181605,0.2642604838644975,0.08425137538440869,3.136571749229874,0.0017093560627281788,0.013071546362039015,,SRSF1
ENSG00000125863,8.768788418262053,-0.3483507131725671,0.11109588473390944,-3.135586111104988,0.001715110681233959,0.013091487034739944,,MKKS
ENSG00000133112,998.3844692691317,-0.161699375612538,0.051611203453006245,-3.1330285828302915,0.0017301259309581956,0.013181911854919586,,TPT1
ENSG00000007080,19.037143501110812,-0.19008504702639742,0.060694980117150694,-3.1318083745888687,0.0017373322857304225,0.013207753844651086,,CCDC124
ENSG00000143543,72.8478514454436,-0.12446264684020548,0.039748477766462245,-3.1312556815753276,0.0017406054757683922,0.013207753844651086,,JTB
ENSG00000171858,541.7387927751196,-0.12363640611607549,0.03948979082004444,-3.1308447968106092,0.0017430425145945785,0.013207753844651086,,RPS21
ENSG00000204287,961.3473045004466,0.164551748950294,0.052604287769669064,3.1281052539061722,0.0017593716472551824,0.013307247368330107,,HLA-DRA
ENSG00000177868,22.07793842038387,-0.19873641934361805,0.06358096957600994,-3.1257217477004993,0.001773692899179653,0.013391220436637671,,SVBP
ENSG00000100181,10.739784101348873,-0.50737857896251,0.16236693344492537,-3.1248885976812026,0.00177872408854677,0.013401372207885799,,TPTEP1
ENSG00000161929,49.865978350734494,0.24568983087810178,0.07864278612215078,3.124124194894209,0.0017833516664900358,0.013401372207885799,,SCIMP
ENSG00000182287,183.83042797159328,0.15731864860947817,0.05035967015716631,3.123901489396298,0.0017847019719155607,0.013401372207885799,,AP1S2
ENSG00000084207,325.02628811388666,-0.18523155570650415,0.05934083557953304,-3.1214854643939574,0.0017994113081197774,0.013487479354555448,,GSTP1
ENSG00000165802,9.429988093515854,0.3978038120018065,0.12749175937758891,3.1202315658978526,0.0018070891849761535,0.013496400071541384,,NSMF
ENSG00000109133,15.192322750067888,0.26482136017456925,0.08487234595225485,3.1202314158200033,0.0018070901057328248,0.013496400071541384,,TMEM33
ENSG00000255112,54.15105683255148,-0.2044235484331569,0.06557367969472196,-3.1174634302184963,0.0018241457625074243,0.013572323684865195,,CHMP1B
ENSG00000125835,84.51862413799145,-0.11945222465013515,0.038321175338691636,-3.117133636804927,0.0018261877019273788,0.013572323684865195,,SNRPB
ENSG00000188846,790.5934181717021,-0.10491996697526673,0.03366352076779265,-3.116725897418555,0.0018287151530477156,0.013572323684865195,,RPL14
ENSG00000100650,210.41129588639225,-0.1258658625918989,0.040387323778720716,-3.1164694962585062,0.0018303061507714844,0.013572323684865195,,SRSF5
ENSG00000142347,94.79379205316897,-0.1535941151815259,0.04937337223823747,-3.11086944680222,0.0018653739015919194,0.013796086840947321,,MYO1F
ENSG00000135535,53.573923373225,0.19211384707136048,0.06176114516779964,3.1105939915687113,0.001867114637368592,0.013796086840947321,,CD164
ENSG00000167699,14.672910911704543,-0.2286018505709504,0.0735395899844585,-3.1085548698226626,0.0018800473253299623,0.013867015732930218,,GLOD4
ENSG00000115446,11.337959341966627,0.265548618408171,0.08544229158305744,3.107929498239573,0.0018840300654596874,0.013871796588163362,,UNC50
ENSG00000070423,20.63662775542273,-0.2116135400080676,0.06811305111501414,-3.1067987198333227,0.001891251219540286,0.013900362320296095,,RNF126
ENSG00000172922,32.24271027672411,0.17790987665469274,0.057308856861905386,3.104404561469343,0.0019066242848321362,0.01398863672822167,,RNASEH2C
ENSG00000184752,80.89186062792649,0.1521681258513206,0.04903108348577119,3.1035032276102927,0.001912441489109875,0.014002060627127031,,NDUFA12
ENSG00000076928,33.4239896084803,-0.19893055766571555,0.0641074763742396,-3.103078906185927,0.0019151856963546348,0.014002060627127031,,ARHGEF1
ENSG00000076662,88.58428032169932,-0.1851026595280182,0.05968400228296941,-3.1013781322911798,0.0019262214182097835,0.014058037017109998,,ICAM3
ENSG00000185947,10.249780830970623,-0.3115697015434673,0.10052080121762225,-3.0995544978689065,0.0019381191869238589,0.014120097754121283,,ZNF267
ENSG00000109065,8.997505522358177,-0.33642663922940885,0.10863121019937554,-3.0969611644015616,0.0019551548613874073,0.014219308082817508,,NAT9
ENSG00000106829,76.16555511340137,-0.18741016030946347,0.06061388389624579,-3.0918685334577445,0.001989009165584507,0.014440275966547206,,TLE4
ENSG00000140365,9.658556479296122,0.3020935352012,0.0977863227044378,3.0893229937103492,0.002006132084563707,0.01453921510763941,,COMMD4
ENSG00000204387,59.32184213970815,-0.17294791893004832,0.056056456120569434,-3.0852453205044226,0.002033843228393439,0.014695153407124949,,SNHG32
ENSG00000125458,23.230760349842438,-0.20609897974767452,0.06680424357516744,-3.0851180810957626,0.002034713548678839,0.014695153407124949,,NT5C
ENSG00000128272,47.95511564989245,-0.20148476867585882,0.06542099979081262,-3.0798179379727895,0.0020712716637050262,0.014933258441963446,,ATF4
ENSG00000228253,10.956119318320727,-0.42005956577818815,0.13652299201489118,-3.0768411941365184,0.002092067247110537,0.015057092989584487,,MT-ATP8
ENSG00000136710,33.88882515461651,-0.1811988694256206,0.058914706045848995,-3.0756135706525773,0.0021006990826661523,0.015093105671660093,,CCDC115
ENSG00000100804,9.540809226190813,0.29975615371588676,0.0975179036556855,3.0738576454048947,0.002113102368293128,0.015142984608248325,,PSMB5
ENSG00000182853,47.31720209939683,-0.6613607714731475,0.21517457728640496,-3.0736008863763353,0.002114921648411605,0.015142984608248325,,VMO1
ENSG00000134884,72.61805551633293,-0.14413744348088664,0.04690906480102949,-3.0726991487095967,0.002121322346501406,0.015162716428601114,,ARGLU1
ENSG00000156976,105.55805166407069,-0.11398731267030018,0.037121546591625955,-3.070650959785548,0.002135926814837595,0.015240918610161915,,EIF4A2
ENSG00000038274,22.32171440438694,0.2215294306812932,0.07217509085806202,3.069333589298117,0.002145368891557853,0.015282079775480597,,MAT2B
ENSG00000118816,166.64237422154358,-0.15103700755781313,0.04925442636010789,-3.0664656705887636,0.0021660567983745184,0.015403070566218797,,CCNI
ENSG00000166889,9.830855411931704,0.32834782023954195,0.10714262160630099,3.064586392575557,0.0021797121008296336,0.015473724128756442,,PATL1
ENSG00000166927,339.2538010802214,0.14658597917476554,0.04785278466895848,3.0632695712242235,0.002189327423702394,0.015515506103240135,,MS4A7
ENSG00000172086,9.112586669157073,0.3242399503781994,0.10594193892516456,3.060543857019991,0.0022093540087465818,0.01563080387140439,,KRCC1
ENSG00000136770,16.293856793147928,0.25399304363584013,0.08311666069115606,3.055861983912282,0.0022441453057772923,0.015828316067552826,,DNAJC1
ENSG00000164687,10.455768464779242,0.39238238076105114,0.12840853222260987,3.055734490297066,0.0022450997018784494,0.015828316067552826,,FABP5
ENSG00000144848,92.67080810131304,0.14617231168622136,0.047842904218779944,3.0552558226355297,0.002248686249020125,0.015828316067552826,,ATG3
ENSG00000104408,184.62589601772348,-0.153751380450095,0.05041714933899743,-3.049584961979773,0.002291578056619274,0.016102980938405707,,EIF3E
ENSG00000153037,20.808107341575347,0.19099563770110767,0.06279348360746215,3.0416474246765706,0.0023528731450915825,0.016505821726106214,,SRP19
ENSG00000141580,15.424723267329606,-0.2287042473935707,0.07525389376698778,-3.039101845038325,0.002372846229184374,0.01661791298553366,,WDR45B
ENSG00000164830,16.54500102951221,0.22379625280573065,0.07373196407836718,3.035267751281727,0.002403222335203527,0.01680236120075071,,OXR1
ENSG00000196072,39.4647747303361,0.17103827791651408,0.05637386517845353,3.0339994849578993,0.0024133484199927017,0.016820211762747235,,BLOC1S2
ENSG00000143155,13.015610240661251,0.24946256606297107,0.08222408965233337,3.033935275145874,0.0024138621207596394,0.016820211762747235,,TIPRL
ENSG00000141682,32.368925753882586,-0.3382960947193674,0.11156756803874371,-3.0322082005219326,0.0024277169225243632,0.01688846554799557,,PMAIP1
ENSG00000082515,18.647329679300785,0.19545589472571218,0.06456629910321612,3.027212298683173,0.0024682054344664387,0.01714146011248812,,MRPL22
ENSG00000151247,19.17088251167962,0.21789847527111736,0.07200606928325247,3.0261126241173293,0.0024772001370004146,0.017175254283202875,,EIF4E
ENSG00000008988,902.5564896924427,-0.09583382953576566,0.031709837492461646,-3.02221131087626,0.002509353096977382,0.01736923275112464,,RPS20
ENSG00000232112,266.17122479167284,-0.13203457920429063,0.04377882055089215,-3.0159464677857786,0.002561784833637687,0.01770269918261259,,TMA7
ENSG00000213281,8.039748505331598,0.3462182532767531,0.11481766162707029,3.0153745370749303,0.0025666210006814534,0.01770670541100306,,NRAS
ENSG00000106392,15.240873850463911,0.2635575880528523,0.08747922770426785,3.012801952754255,0.002588477823886017,0.017827926734049388,,C1GALT1
ENSG00000108946,55.89983518836802,-0.17719614705393008,0.058948913857303345,-3.0059272590308592,0.0026477232877903157,0.018205832854888783,,PRKAR1A
ENSG00000130598,15.976754640206746,-0.3184080762348061,0.10606730731176502,-3.00194361773421,0.002682618564159221,0.018414580706161053,,TNNI2
ENSG00000153815,14.481302006116332,0.28691020434001163,0.0955904013038071,3.0014541253796874,0.002686935213615327,0.018414580706161053,,CMIP
ENSG00000128524,96.13962187560007,0.10594835966292686,0.03534312975248618,2.99770734524364,0.0027201874874658765,0.018592944843932792,,ATP6V1F
ENSG00000142227,554.3997484730058,0.1276702154439376,0.042592011270385303,2.9975155348605975,0.0027218998581622768,0.018592944843932792,,EMP3
ENSG00000067182,12.844283207361084,0.32317230231077293,0.10788738477904831,2.995459598660444,0.0027403160041425817,0.018688056683988753,,TNFRSF1A
ENSG00000037241,17.942696214599927,0.2004932431041077,0.06703109937245577,2.99104811022231,0.0027802168773629933,0.01892913618630123,,RPL26L1
ENSG00000181163,136.86436191634903,-0.11835589100221248,0.03968424556803103,-2.9824402431769554,0.002859604665043606,0.019437835631668957,,NPM1
ENSG00000143119,114.69330842102538,0.17940080016734491,0.060167542679357394,2.9816873380287596,0.002866645986523859,0.01945391077314723,,CD53
ENSG00000154767,14.026336193567507,0.2971474841234641,0.09984376058419744,2.976124721112462,0.002919161161624083,0.019744542801655673,,XPC
ENSG00000172172,24.857250653165227,0.2080590567815169,0.06990985979324345,2.9761046209625657,0.002919352503533898,0.019744542801655673,,MRPL13
ENSG00000162704,251.67898829871746,0.10598685002405794,0.03561808481962283,2.97564707818505,0.0029237111456297824,0.019744542801655673,,ARPC5
ENSG00000134644,12.731845661506961,0.27429788063102944,0.09219915858221855,2.975058393688316,0.002929327805679633,0.019750411137159276,,PUM1
ENSG00000125743,112.19975451954588,-0.1064495900918655,0.035820036527373735,-2.971788987722459,0.0029607009265474543,0.01992709045401695,,SNRPD2
ENSG00000131507,51.510924690058054,0.14163423703784345,0.04766692111712162,2.971331768834749,0.002965112738229926,0.01992709045401695,,NDFIP1
ENSG00000103381,56.29964675835878,0.16247846949623204,0.0547038747192049,2.9701455396027128,0.0029765869248752643,0.01997193807658242,,CPPED1
ENSG00000163931,198.79098595929392,-0.1364258606793589,0.046002088127679266,-2.9656449572616688,0.0030204896419732154,0.020233875862493683,,TKT
ENSG00000090989,12.175240276431097,0.29789602727901277,0.10051185746074268,2.96378989310155,0.0030387568879855684,0.0203235187363665,,EXOC1
ENSG00000214194,16.173583596144827,0.2733403194277609,0.09237797514837477,2.958933869125511,0.003087053405457028,0.020560160599385827,,SMIM30
ENSG00000162191,109.01314616273051,-0.09410978100456278,0.03180549377098374,-2.9589158930278727,0.003087233483200705,0.020560160599385827,,UBXN1
ENSG00000132485,26.171214093226478,0.21112467927760037,0.07136570948332335,2.9583490559557277,0.003092916757929271,0.020560160599385827,,ZRANB2
ENSG00000070190,12.778362194601323,0.2865716100323411,0.09687199850937515,2.958250211020547,0.0030939087825037326,0.020560160599385827,,DAPP1
ENSG00000164548,33.010094101416705,-0.17398450227499318,0.05888031650521266,-2.9548839510669134,0.0031278668159251104,0.02075267297328303,,TRA2A
ENSG00000152229,19.498397152704737,0.2457763249567668,0.08323743200940581,2.952713929581515,0.003149937239682872,0.02083577145364227,,PSTPIP2
ENSG00000243147,36.94100307276359,-0.16054663466467456,0.05438231697346807,-2.952184526139291,0.00315534308755999,0.02083577145364227,,MRPL33
ENSG00000100060,18.01067091768129,-0.21292603012657643,0.07212508300005946,-2.952177263025138,0.003155417311489094,0.02083577145364227,,MFNG
ENSG00000104472,17.81713102320241,-0.21800207925768927,0.07390257630326033,-2.9498576391046836,0.0031792038241607464,0.020959568793199216,,CHRAC1
ENSG00000117091,189.78507440495937,0.13172431596357853,0.04466952453065745,2.9488631756797394,0.0031894514789518056,0.02099385783613847,,CD48
ENSG00000137509,21.49666372198913,0.1968911047068117,0.0668778705204832,2.9440396827005477,0.0032395845910944136,0.021258935056292127,,PRCP
ENSG00000155827,9.041985350756852,0.29829619600670604,0.1013232503022056,2.944005399718338,0.0032399434677137517,0.021258935056292127,,RNF20
ENSG00000106635,19.415526801812707,-0.24374927261391222,0.08283855502727831,-2.9424616657502876,0.0032561409693340265,0.021331569184928425,,BCL7B
ENSG00000114857,54.08309478054997,-0.17464936126961836,0.05936631879944614,-2.94189305992892,0.003262125586494923,0.021337173647513964,,NKTR
ENSG00000111678,44.657831228681594,-0.20231199073217165,0.06882470708076452,-2.9395256342284504,0.003287150782130733,0.021467107148608867,,C12orf57
ENSG00000180530,13.801507595758295,0.3708956227969881,0.12626112607674317,2.937528234712186,0.003308400444693823,0.021572015438755962,,NRIP1
ENSG00000088832,276.83002002682645,-0.09101551584097582,0.03099272957426623,-2.9366731195095346,0.0033175359169485266,0.021597729913154725,,FKBP1A
ENSG00000023734,23.576707865585036,-0.19134661299109593,0.06521010560708036,-2.9343092026877495,0.003342910079527313,0.021728915516927533,,STRAP
ENSG00000253729,13.84469868147556,-0.24854632740622706,0.0847723382625675,-2.931927235938665,0.003368656638631031,0.021862108606404196,,PRKDC
ENSG00000175130,63.25898060797743,-0.21902319680528085,0.07473544338547661,-2.930646917762768,0.003382570020527966,0.021918210724916416,,MARCKSL1
ENSG00000231925,42.54223705692404,0.16250910789303263,0.05554238536325487,2.9258575559944107,0.0034350818120309212,0.02222385744642089,,TAPBP
ENSG00000183726,83.21937455280577,0.12607125827374213,0.043126560510349375,2.923285714924749,0.0034635853550057036,0.02237347061618591,,TMEM50A
ENSG00000061794,30.243912665484988,-0.19153784842698576,0.0655577556580167,-2.9216657358764175,0.003481649802578568,0.022455291749964097,,MRPS35
ENSG00000117758,17.61268151732967,0.23747081588022734,0.08135331659650218,2.919005958393066,0.00351149511774997,0.0226127239780803,,STX12
ENSG00000106780,11.433291519006039,0.2853611364449193,0.0977765800953426,2.918501916989342,0.0035171771267506536,0.022614307337376693,,MEGF9
ENSG00000114354,9.011826221922112,0.2731578365521494,0.09361318274673577,2.917941987841176,0.0035234989605130683,0.022619993326750562,,TFG
ENSG00000101146,10.58492751001999,-0.2813380756580999,0.09644872191401316,-2.9169704903805873,0.003534492108232449,0.0226449054889723,,RAE1
ENSG00000135018,16.497306496728115,0.22117487589783844,0.07583214248447694,2.916637571503582,0.0035382664826519214,0.0226449054889723,,UBQLN1
ENSG00000125844,25.88249367426067,-0.26556209227382305,0.09111932646589085,-2.9144430997658026,0.003563237580209283,0.022769690220692192,,RRBP1
ENSG00000138744,97.11782860944983,-0.19237051613206013,0.06604709105512306,-2.9126266283477533,0.0035840285363616577,0.02283395103467969,,NAAA
ENSG00000092020,20.687449596622333,0.2137060984137885,0.07337282801080901,2.912605445469624,0.0035842716407802496,0.02283395103467969,,PPP2R3C
ENSG00000002586,13.866449224506864,0.2771475191446597,0.09518902666268418,2.9115490394367747,0.0035964144839091606,0.022876275616302916,,CD99
ENSG00000106591,10.261658496254183,0.28110899024975133,0.09670997225818043,2.9067218580033574,0.003652377966750377,0.023196782201040562,,MRPL32
ENSG00000244459,15.482859929183126,-0.26264292158971925,0.09049413645602983,-2.9023197731417074,0.003704102262456891,0.023489428981433944,,ENSG00000244459
ENSG00000139644,109.3184472790624,0.11154394315849224,0.03852408957803132,2.8954335944151968,0.003786351314140976,0.02396375407502781,,TMBIM6
ENSG00000038427,21.861428004951716,0.2786088862255103,0.09623475170879779,2.895096431157933,0.0037904207166750722,0.02396375407502781,,VCAN
ENSG00000240230,18.193678843719578,-0.20263464369251,0.07000389898278467,-2.8946193945903187,0.003796185114525536,0.023963778568173336,,COX19
ENSG00000150787,7.934822967591203,-0.32755727520816885,0.11323283011295956,-2.892776546178366,0.0038185285691993403,0.024061425511716077,,PTS
ENSG00000229807,102.39166175553858,-0.19673148489286693,0.06801691215439595,-2.8923907108028297,0.0038232216978952706,0.024061425511716077,,XIST
ENSG00000160908,14.6743250049756,-0.2666315292769093,0.09221119087497,-2.8915311335522977,0.003833696060194357,0.024090899713608043,,ZNF394
ENSG00000107372,135.2684642452335,0.23606915484643612,0.08170623404142478,2.8892428786614963,0.0038617067573626512,0.024230316908942125,,ZFAND5
ENSG00000054118,37.1687625934232,-0.16207684575804227,0.05611145505476314,-2.8884805357455083,0.0038710798614338114,0.024252548529464842,,THRAP3
ENSG00000104660,57.32601767111477,0.1682295433106982,0.05830779561255212,2.885198137630894,0.003911673884006175,0.024470020086414565,,LEPROTL1
ENSG00000165280,15.191219835608065,-0.23127867997055085,0.08019395338982067,-2.883991500535101,0.003926693513311249,0.024527094617679872,,VCP
ENSG00000165637,54.140111634943636,-0.13632594669373613,0.04728033686882094,-2.8833539632336334,0.003934650396359915,0.02453994849903635,,VDAC2
ENSG00000139278,81.89035772689373,0.1288726696120442,0.04471132090220849,2.8823274958463285,0.003947492152982873,0.024583184665282566,,GLIPR1
ENSG00000162434,69.94394067652497,-0.15425842102115658,0.053553311825086804,-2.8804646391429136,0.003970894925638,0.024691962467345414,,JAK1
ENSG00000064601,26.198830274891844,0.205071562187963,0.07124863478585247,2.8782525139510904,0.003998849090102319,0.02482867494750097,,CTSA
ENSG00000140968,17.48151521878847,0.2522817962713843,0.08770662038705024,2.8764282007226147,0.004022036855193527,0.0249205004677154,,IRF8
ENSG00000136527,92.31249150231544,-0.1485635335189751,0.05165366135379633,-2.876147200900335,0.004025619306323257,0.0249205004677154,,TRA2B
ENSG00000135390,310.1779281426821,-0.09430314970435219,0.03281190511060937,-2.8740528593647645,0.004052411333874286,0.025035408305748783,,ATP5MC2
ENSG00000128604,12.416356890023087,0.26934039570760326,0.09372415875550637,2.8737563429106725,0.004056217595691029,0.025035408305748783,,IRF5
ENSG00000187514,1640.7269950572686,-0.10784203639046919,0.03758084566066943,-2.8696011091451368,0.004109899097794338,0.0253291559212214,,PTMA
ENSG00000082996,55.01627508777125,0.14653754139173125,0.051098735179875704,2.8677332398912756,0.004134239500756324,0.02544147385080815,,RNF13
ENSG00000167851,53.519594589331824,0.1789583135066579,0.06246525153799915,2.864925844375943,0.004171069067422271,0.025612656860583363,,CD300A
ENSG00000112306,1707.7963209085467,-0.09251774109768697,0.03230262055840317,-2.864093980561571,0.00418203912012537,0.025612656860583363,,RPS12
ENSG00000124201,7.664099061819283,0.34724753739431397,0.12125296672958433,2.863827143864758,0.004185563521033309,0.025612656860583363,,ZNFX1
ENSG00000176731,43.435163377181425,0.17004623289853352,0.05937902688765148,2.8637423314509802,0.004186684294518434,0.025612656860583363,,RBIS
ENSG00000167613,17.764373209491875,0.24639610388641156,0.08606714452192661,2.8628358156304263,0.0041986806778688355,0.02564832836994766,,LAIR1
ENSG00000272211,75.6503256259837,-0.41315557173660333,0.14434318135760518,-2.862314435990051,0.004205594475047064,0.025652892985624322,,ENSG00000272211
ENSG00000179958,12.208021177073714,-0.23054518210177255,0.08056863057207496,-2.8614757439067033,0.004216737689461039,0.025683204667873973,,DCTPP1
ENSG00000023892,9.78905897695942,0.2737888569252521,0.09571967778599964,2.8603194584227656,0.004232144497352288,0.025739358346470054,,DEF6
ENSG00000198604,40.69842707510275,0.17230761086740273,0.06027656871899135,2.85861678143457,0.004254924601735887,0.02584012604849823,,BAZ1A
ENSG00000168118,19.6002477763222,-0.17626724411544756,0.061855362823269436,-2.849667936134672,0.0043764894652002515,0.026539644570310564,,RAB4A
ENSG00000111237,102.78418498555574,0.11533669449212529,0.04051000458146493,2.847116303336504,0.004411724133382349,0.02665660160760571,,VPS29
ENSG00000155959,14.344711984762796,0.21965494558269072,0.07715577556081968,2.8469021792094233,0.004414692564977643,0.02665660160760571,,VBP1
ENSG00000092199,117.94488879448772,-0.09880107235969625,0.03470503537456706,-2.8468800360912696,0.004414999641259696,0.02665660160760571,,HNRNPC
ENSG00000069424,14.776948566129546,0.2794285099795343,0.09824689914663007,2.844145844872895,0.004453065959919997,0.026847470135169835,,KCNAB2
ENSG00000143774,117.16672876938061,-0.08786444677825826,0.03091914857937411,-2.841748586727639,0.004486685815459224,0.027011017355007775,,GUK1
ENSG00000198740,8.152634223273905,-0.302771079971934,0.10658585999151576,-2.8406308303562455,0.004502440035222351,0.02706669154122107,,ZNF652
ENSG00000168653,117.87050180337587,0.12771914134799,0.044990313905562344,2.838814186006369,0.0045281516794331384,0.027181978335413932,,NDUFS5
ENSG00000168610,21.68376852327562,0.22525416906132423,0.07938765904978441,2.83739527978859,0.004548326424668456,0.027263743410116396,,STAT3
ENSG00000119878,9.555213724542634,0.3089049742336021,0.10905383980974481,2.8325914499894482,0.004617235678553266,0.027636979025585016,,CRIPT
ENSG00000224397,246.74065967182327,-0.20889211846185737,0.07387428786359333,-2.8276701475291435,0.004688809118459462,0.028025065995389887,,PELATON
ENSG00000162645,58.85041129517744,0.24575238731293897,0.08693339455498567,2.8269043049676355,0.0047000370987571195,0.02802635371203615,,GBP2
ENSG00000106244,24.275114010369503,-0.16674545978297933,0.058988679252330305,-2.826736619575902,0.004702498771875297,0.02802635371203615,,PDAP1
ENSG00000140931,16.240322523850494,-0.23339217817764066,0.08259184729720997,-2.8258500786133265,0.004715532873961167,0.028063829407265314,,CMTM3
ENSG00000170473,15.93751100930157,-0.20264120365217964,0.07178793490920445,-2.822775218544385,0.0047609938869173475,0.028293906527965953,,PYM1
ENSG00000121281,16.560767189685826,0.23067988666468675,0.08175316027019135,2.8216632348192747,0.004777531695080652,0.028351685950835252,,ADCY7
ENSG00000128563,7.724930182488578,0.32690067929422356,0.11596673301517428,2.818917725753717,0.004818586727611575,0.028554588015475998,,PRKRIP1
ENSG00000132676,21.089083061858407,-0.18352344997125655,0.06513819727809186,-2.817447483045122,0.004840703039942611,0.02863579064954516,,DAP3
ENSG00000176340,222.96847794427626,0.06921188854321314,0.024568553888291135,2.8170924856997015,0.004846056879153796,0.02863579064954516,,COX8A
ENSG00000116701,77.21015876854379,0.12424832381298317,0.04414565766764671,2.8145083883084108,0.004885190269630625,0.02882608726477078,,NCF2
ENSG00000171522,26.870029335338966,-0.29884620145351803,0.10624088271267755,-2.8129115065970476,0.004909516023625267,0.028928593000398174,,PTGER4
ENSG00000184743,8.453971414520884,-0.2883425626611588,0.10259501821664502,-2.8104928258044612,0.004946569172514429,0.029105696969816155,,ATL3
ENSG00000109971,102.15542408066453,0.15316744491244827,0.05451164214130754,2.8098116089660388,0.004957050671540704,0.029126173437301315,,HSPA8
ENSG00000155366,215.93932356993392,-0.1332206211218201,0.047509635127495,-2.8040758630184053,0.005046103039325621,0.029607600343574868,,RHOC
ENSG00000169756,39.19032222789071,0.17148268927321755,0.06118448437192158,2.8027152804104265,0.005067438362963685,0.029690906464688634,,LIMS1
ENSG00000135486,278.8627372122824,-0.10237008654982686,0.036545948366649435,-2.8011336721322095,0.005092342065333242,0.029783910656783864,,HNRNPA1
ENSG00000139163,13.397147909798017,0.26059996145308373,0.09304487420594128,2.800798686408922,0.005097630862411084,0.029783910656783864,,ETNK1
ENSG00000135363,24.12839536575586,0.21457160281728893,0.07664132187852399,2.7996855685420403,0.005115240586598881,0.029844881963886877,,LMO2
ENSG00000011600,1663.4711344116788,0.05540343448490783,0.019793428052529437,2.799082318528838,0.005124807065872154,0.029858819879591263,,TYROBP
ENSG00000185201,735.4335940968459,0.16841952005367436,0.06019256405248147,2.7980120585464774,0.0051418192986813676,0.02991603955596432,,IFITM2
ENSG00000157514,267.228847310632,-0.18589978749402436,0.0664762921203645,-2.796482498714386,0.005166220891881991,0.030016031997526654,,TSC22D3
ENSG00000120265,43.55269882024317,0.15898678374169425,0.05686678216862811,2.7957759816662007,0.005177527493369338,0.030039768999186117,,PCMT1
ENSG00000130731,34.181216337048234,-0.15100292607678364,0.05403811166971246,-2.7943782898953238,0.0051999610639647765,0.030127908114336306,,METTL26
ENSG00000081791,9.554710581738302,-0.26104567254505084,0.09344748357138066,-2.7935013610682073,0.005214080959382577,0.030167700682936748,,DELE1
ENSG00000163220,624.6862412006224,0.15925959952953936,0.057080108435508974,2.7901068146966854,0.005269065512383542,0.030443489627104907,,S100A9
ENSG00000204438,9.931841689561129,0.260707463544487,0.09346022939005316,2.7895016441317844,0.005278922841738062,0.030458140113218225,,GPANK1
ENSG00000149925,317.1120126801492,-0.08043237007460585,0.028849594561380667,-2.78798961640439,0.0053036243694538745,0.030558278915412906,,ALDOA
ENSG00000101596,46.01462345781623,0.18965609134587808,0.06807223908588923,2.7861003823685313,0.0053346348891943765,0.030653939120744735,,SMCHD1
ENSG00000028528,12.719107077080249,0.23851493997158524,0.08561930936586212,2.7857610828461694,0.0053402215788448185,0.030653939120744735,,SNX1
ENSG00000119185,18.154214861872344,-0.2414465267486475,0.0866756436910298,-2.785632923700285,0.005342333140033638,0.030653939120744735,,ITGB1BP1
ENSG00000135679,9.91606613247747,0.380547482173074,0.1367858129504664,2.782068359025507,0.005401366177171238,0.030949976993157508,,MDM2
ENSG00000129657,47.22197913004539,-0.18519947858115499,0.0666476591766765,-2.778784444480024,0.005456271902672438,0.03122158337705274,,SEC14L1
ENSG00000133313,21.37098752197911,0.21899470273218014,0.0789625219198381,2.773400562794856,0.0055473791039164526,0.03169566947650718,,CNDP2
ENSG00000119138,10.869811063426463,0.40230240594711764,0.14508409970148106,2.7728910802415854,0.005556071385479671,0.03169566947650718,,KLF9
ENSG00000144655,15.22615981008495,-0.3012136429505277,0.10864156493323184,-2.7725451408551183,0.005561980461021692,0.03169566947650718,,CSRNP1
ENSG00000130522,78.09635097129477,-0.1956729107796507,0.07058709694625359,-2.7720776068838746,0.0055699755345518,0.03169780878759985,,JUND
ENSG00000100599,49.737918005091466,-0.1604046430410095,0.05790452519437041,-2.770157297768575,0.005602922697513096,0.03184174647767005,,RIN3
ENSG00000140374,26.038012219461514,-0.17071779061274478,0.06163995450804965,-2.7695963109520223,0.005612580801791753,0.031853118875107354,,ETFA
ENSG00000130755,423.9483555459962,0.07637059732955258,0.027600647213572273,2.7669857427110727,0.005657722939535617,0.032065568703635104,,GMFG
ENSG00000064995,12.138404400611233,0.25745446855683135,0.09309838530380349,2.765402082073632,0.005685267064622363,0.032177838080039496,,TAF11
ENSG00000114209,35.833222307414566,0.19334552385646586,0.06993308221438428,2.764721898911204,0.005697134367822843,0.03219831817333876,,PDCD10
ENSG00000102144,162.69939836784096,-0.11211809396031647,0.0405591892172843,-2.764308067394438,0.005704365503305448,0.03219831817333876,,PGK1
ENSG00000115738,201.710313373081,0.14856936970688156,0.0537832839388549,2.7623707372682373,0.005738327883238983,0.032346130073542236,,ID2
ENSG00000137038,17.219628514908727,0.2067254034672496,0.07484914816636297,2.76189386962391,0.005746715532153509,0.03234957593201434,,DMAC1
ENSG00000134717,30.79254036046441,0.17438214221751858,0.06318745016430273,2.759759125650467,0.0057843993372625226,0.032517704382448775,,BTF3L4
ENSG00000010671,34.01336427296557,0.17215675416712417,0.062467235287224955,2.7559528347228066,0.005852143501234687,0.0328541389543,,BTK
ENSG00000101158,9.750284884048284,-0.24092295289227433,0.08744558119256768,-2.7551186647353574,0.00586708522284403,0.032889358401393176,,NELFCD
ENSG00000163162,59.95192847531335,0.16556441477519865,0.06010207362148099,2.75472050794641,0.005874229156787291,0.032889358401393176,,RNF149
ENSG00000109536,39.54364529156625,0.14822266115455351,0.05384543199723316,2.752743466932718,0.00590981850403746,0.03304414647418795,,FRG1
ENSG00000172053,22.113627046396882,-0.21487353241312462,0.07807243104474151,-2.7522331447574055,0.005919036475738963,0.033051264079294075,,QARS1
ENSG00000166913,154.03228708875955,-0.09507877258886088,0.03456835146177762,-2.75045724103997,0.005951215796517186,0.03316483195817504,,YWHAB
ENSG00000120899,14.339750634565052,0.22981049582483176,0.08356042225994853,2.750231384780622,0.005955319584797296,0.03316483195817504,,PTK2B
ENSG00000090382,526.7803497905063,0.2907692824417686,0.10582435406800372,2.7476594116975903,0.006002232296315176,0.033381398867207396,,LYZ
ENSG00000188186,231.96425723988526,-0.0921828003600397,0.033560865358684126,-2.7467349061125064,0.006019176433031997,0.03343093986837531,,LAMTOR4
ENSG00000214548,12.765259745014278,-0.8606591333397522,0.31371676036550805,-2.7434273270481544,0.006080150476605344,0.03372456797690431,,MEG3
ENSG00000205220,53.28761324075661,0.1986458908371202,0.07245248885330383,2.7417400558774867,0.006111468525696038,0.03382763276471321,,PSMB10
ENSG00000108100,12.308322453754398,-0.25603527974384466,0.09339068365882265,-2.7415505456539924,0.006114995153621234,0.03382763276471321,,CCNY
ENSG00000122034,55.272891967028336,-0.11802346417359837,0.0430761287636299,-2.739880940119394,0.006146144419656727,0.0339547952002284,,GTF3A
ENSG00000204392,15.171442654572374,0.20523161457388905,0.07492127047686208,2.7392970416494835,0.006157071694414276,0.0339700507278029,,LSM2
ENSG00000189050,8.149957111829275,0.3093966961043175,0.11311231101063504,2.735305231940911,0.0062322455999240306,0.03426990082378373,,RNFT1
ENSG00000139641,8.988267079140858,-0.2721432715959221,0.09950010801372157,-2.7351052881107645,0.006236032588865363,0.03426990082378373,,ESYT1
ENSG00000188921,40.50929110938519,0.1546536959696767,0.05654407437380598,2.7350999672800365,0.006236133395097183,0.03426990082378373,,HACD4
ENSG00000151465,16.723519148074935,-0.19865244796746215,0.07266336820417825,-2.7338733790768504,0.006259411009562075,0.03431408202386043,,CDC123
ENSG00000198585,40.38696520948151,0.19152772648424346,0.07005901003061989,2.7338057788789003,0.006260696165595922,0.03431408202386043,,NUDT16
ENSG00000100354,35.705507420304386,-0.15123072480957694,0.05534080149677604,-2.732716562090036,0.006281436178579235,0.03431408202386043,,TNRC6B
ENSG00000198886,1401.7365692204082,-0.15053885054854105,0.055090855082408914,-2.732556071662966,0.006284497333685707,0.03431408202386043,,MT-ND4
ENSG00000154217,8.777233208208708,-0.269845628784969,0.0987538321811045,-2.7325079222252304,0.006285415986101358,0.03431408202386043,,PITPNC1
ENSG00000002822,21.104763649653997,-0.3035879469399841,0.11126456952854936,-2.7285230889433,0.006361863637366735,0.03468581210740083,,MAD1L1
ENSG00000105443,9.954839828704964,-0.23664645070445436,0.0867443054816192,-2.7280920561938085,0.006370182800493805,0.03468581210740083,,CYTH2
ENSG00000110876,54.82240803314452,0.13719732757752676,0.05030250027771559,2.7274454911798145,0.0063826802086383375,0.03470843093847776,,SELPLG
ENSG00000120727,93.75332057702506,-0.10197593402101679,0.03741554192430898,-2.7254966459476226,0.00642048287765905,0.03485520288595679,,PAIP2
ENSG00000124614,426.9399009976041,-0.20034559321104806,0.07351616317807481,-2.7251910947223963,0.006426428032098284,0.03485520288595679,,RPS10
ENSG00000116489,98.61967117666583,0.17503582202261964,0.06425516030564313,2.724074162915867,0.006448202503498239,0.034927763560615464,,CAPZA1
ENSG00000198786,407.16212102532705,-0.1817909992655359,0.06691170282457981,-2.7168789851624506,0.006590069841869525,0.035649792642623176,,MT-ND5
ENSG00000171700,83.38161205695737,-0.12347542540666387,0.045510961345555205,-2.7130920058827326,0.006665859609393242,0.036012955811786866,,RGS19
ENSG00000171222,71.53765186995237,0.10927952777384364,0.04031504582909699,2.7106388080792456,0.006715373385018416,0.03623340244056629,,SCAND1
ENSG00000141504,31.92542518733091,0.1747986704900181,0.06451362576252867,2.7094845224393835,0.006738784919390476,0.036295622390779984,,SAT2
ENSG00000113532,11.422038059495106,0.2555866664496745,0.09433990925736625,2.7092104334382503,0.006744354833671377,0.036295622390779984,,ST8SIA4
ENSG00000115128,68.89430518860023,0.1135923301957785,0.04196877952016139,2.7065912207718563,0.0067977903730159555,0.036535927586235625,,SF3B6
ENSG00000175203,16.26915384458262,-0.1948326553086183,0.07201963395008693,-2.7052713909049677,0.0068248606167874756,0.036634090536562455,,DCTN2
ENSG00000186577,10.318944129949793,0.23592245179611462,0.08723945437942739,2.704309116492473,0.006844658269778082,0.03667238852808835,,SMIM29
ENSG00000143158,19.862166375552686,-0.1683096240248418,0.06224311746546354,-2.7040680299830853,0.006849626414981887,0.03667238852808835,,MPC2
ENSG00000188906,30.84389033098949,0.20539973937556044,0.07621233052764106,2.6950985221619095,0.007036782112348163,0.03762598147476653,,LRRK2
ENSG00000185591,8.692618262737236,0.2905126607537594,0.10786591195230018,2.6932758968582053,0.007075369302844485,0.03778374364548531,,SP1
ENSG00000213145,155.83965979495784,-0.31994328861230004,0.11884964755614555,-2.692000314608894,0.007102487828730423,0.03783531314583576,,CRIP1
ENSG00000134759,9.074246992631979,-0.29866109099926985,0.11094706811233498,-2.6919241407701966,0.007104110212305908,0.03783531314583576,,ELP2
ENSG00000120694,12.976011516228372,0.3302243291495169,0.12269345243882891,2.691458448560296,0.0071140359645149856,0.03783531314583576,,HSPH1
ENSG00000005059,35.81676463147022,0.16300597679812576,0.06057195484530284,2.691113027711146,0.00712140629643976,0.03783531314583576,,MCUB
ENSG00000136819,70.7515786919545,-0.13896739741076808,0.051769978084453695,-2.684324053297202,0.007267662556459319,0.0385631074424372,,C9orf78
ENSG00000107551,14.29415580112355,0.25395658345807,0.09476962534948918,2.679725518820349,0.0073682551434980925,0.03903144147523887,,RASSF4
ENSG00000049860,13.534539066829636,0.2033096974577126,0.07587787373713036,2.6794332450861007,0.0073746906248888825,0.03903144147523887,,HEXB
ENSG00000139168,20.72466886097958,0.17243965182663593,0.06446133404746633,2.6750866139329257,0.00747099459207735,0.039490898987346604,,ZCRB1
ENSG00000071553,19.081268712972083,0.17828807609258288,0.06669716809073362,2.6730981418887683,0.007515425992832535,0.03963560302119352,,ATP6AP1
ENSG00000103769,48.53699586872106,0.1264509161627822,0.047314017645663085,2.6725888532607627,0.007526843837319481,0.03963560302119352,,RAB11A
ENSG00000143183,38.982363272411554,0.13538430211912056,0.05065670668912979,2.672583967014423,0.007526953458351655,0.03963560302119352,,TMCO1
ENSG00000271614,82.49280588985744,-0.2178110754558104,0.08164033328499969,-2.6679346677266724,0.0076319097038845705,0.040088166061646724,,ATP2B1-AS1
ENSG00000111670,8.858495237575678,0.2871473063794867,0.10763221861914533,2.6678564287107402,0.007633687089925966,0.040088166061646724,,GNPTAB
ENSG00000164327,18.399260290026593,0.2132179200274585,0.07993843117402254,2.667276764079748,0.007646867118192909,0.040088166061646724,,RICTOR
ENSG00000111711,10.49093496714664,0.2489922194308237,0.09335776189956455,2.667075713519061,0.00765144323388161,0.040088166061646724,,GOLT1B
ENSG00000101457,13.238532597003354,0.253309207827652,0.09499565410533857,2.6665346979637934,0.007663769491471902,0.04010224035789071,,DNTTIP1
ENSG00000146066,206.14551494930325,-0.09991043368979387,0.037477783680535656,-2.665857579558074,0.007679221731742501,0.04013261608548845,,HIGD2A
ENSG00000142534,782.0517705686232,-0.1017627608376788,0.03824642336752593,-2.6607131302134515,0.007797536019675546,0.04069981159579708,,RPS11
ENSG00000114302,10.816477930340577,-0.2611553332009801,0.09835024256104989,-2.6553603366953635,0.007922373172001985,0.04125147925915155,,PRKAR2A
ENSG00000140749,92.6193430128935,0.19373689078287323,0.07296148220064919,2.6553310724977215,0.00792306055963031,0.04125147925915155,,IGSF6
ENSG00000174695,52.18292648761303,0.1425762884094832,0.0538352227288183,2.648382995045385,0.00808778404012306,0.04205647700863992,,TMEM167A
ENSG00000012061,25.36709408958431,-0.14804582083527137,0.0559508981537468,-2.6459954302870714,0.008145091677726021,0.04230159972451966,,ERCC1
ENSG00000078124,11.678405012108398,0.2589802602919095,0.09790724140781991,2.64515940361511,0.008165244198970458,0.04235338636872457,,ACER3
ENSG00000153250,22.79280412801793,0.18272048532551732,0.06909192388297732,2.644599760096353,0.008178759395642039,0.04237065888651418,,RBMS1
ENSG00000176101,50.12377059571491,-0.11736417083079002,0.04439069086112841,-2.6438915131542204,0.008195892013101358,0.04240660544092245,,SSNA1
ENSG00000074800,154.36508807964972,-0.09842870631364171,0.037239732735445646,-2.6431099012683026,0.008214836616559616,0.0424518264905441,,ENO1
ENSG00000173744,8.773212483569576,0.3018240556361364,0.11424279561053939,2.641952641504615,0.008242958089270605,0.042502068933085835,,AGFG1
ENSG00000140995,10.576597246138634,-0.24028509950432322,0.0909526910521446,-2.6418690499939586,0.00824499269927891,0.042502068933085835,,DEF8
ENSG00000163399,35.199517274104515,-0.1609079926519728,0.06094027873541142,-2.6404210153123526,0.008280309124227558,0.04263129450097357,,ATP1A1
ENSG00000137462,13.174755621702214,0.27473508549159015,0.10410369826965811,2.6390521187820664,0.008313819823984511,0.04275091528773246,,TLR2
ENSG00000215021,26.215792216592245,-0.18051344070010075,0.06854991609673843,-2.6333138095363693,0.00845561823230263,0.04342638499552955,,PHB2
ENSG00000085871,13.675793201022168,0.2478674068003467,0.09423534326022788,2.630301946434989,0.008530906075050011,0.04371448554856606,,MGST2
ENSG00000088986,94.08054445048434,0.21871483963323018,0.08315428847114847,2.630229223945754,0.008532731313806644,0.04371448554856606,,DYNLL1
ENSG00000103496,10.89543903360666,0.225425236023464,0.08573081264490298,2.6294540908783324,0.008552207839668174,0.043760374677760894,,STX4
ENSG00000165025,15.383003266076523,0.24400217206531166,0.09283119648725915,2.6284501471313075,0.008577492693240388,0.04383583489420149,,SYK
ENSG00000109689,12.014306961465419,-0.22892397722561572,0.08718826818255575,-2.6256282180796644,0.00864892277993742,0.04414664879084622,,STIM2
ENSG00000101882,11.029103981642383,0.22606117756157929,0.08626210658921958,2.6206313119395905,0.008776712245758015,0.04474402321366831,,NKAP
ENSG00000267100,19.41815545444951,-0.19901037724666998,0.07597082932269385,-2.619563048355746,0.008804249618750223,0.044829471742963194,,ILF3-DT
ENSG00000067064,21.301145708171898,-0.184750499805022,0.0706278288378783,-2.615831505016317,0.008901046978401649,0.04526693817866854,,IDI1
ENSG00000147416,28.560003823478553,-0.23117481557944647,0.08842458225479843,-2.6143727194922834,0.00893914602171749,0.04540518614205709,,ATP6V1B2
ENSG00000103024,26.200412911028735,-0.15305548604729546,0.058559724102498614,-2.6136647395981316,0.00895768874627859,0.045443884371364554,,NME3
ENSG00000163605,12.674953316015237,0.23517600105776024,0.09004372774460541,2.6117977003884074,0.009006753278924558,0.04563714207104283,,PPP4R2
ENSG00000105127,7.951282545336213,-0.2960325359376058,0.11345625641591023,-2.6092217854642037,0.009074840514314522,0.04583682791235587,,AKAP8
ENSG00000131051,122.52974794537909,-0.12204196714484908,0.04677353522670111,-2.609209813911613,0.009075158019325139,0.04583682791235587,,RBM39
ENSG00000129235,40.37456041192255,0.1474220724141563,0.056503972640952034,2.6090567711217907,0.009079217836485872,0.04583682791235587,,TXNDC17
ENSG00000109062,23.59686293162224,-0.19756294885556805,0.07574158344166618,-2.608381550508842,0.009097149003972925,0.045871684674578625,,NHERF1
ENSG00000246705,37.851657152418795,0.1524288595361667,0.0584629869055051,2.607271157434028,0.009126705369975315,0.04595564819410088,,H2AJ
ENSG00000149357,72.13138624637745,-0.10820062566264786,0.04150505277979515,-2.6069265888349964,0.009135894484740729,0.04595564819410088,,LAMTOR1
ENSG00000122986,18.71243199054417,0.19356502525999847,0.07435904893387482,2.6031132462725526,0.00923814329550818,0.04641386003540342,,HVCN1
ENSG00000143337,10.802998727663256,0.24731463606525522,0.09511370297037848,2.600199848619889,0.009316948382409831,0.046753323607750176,,TOR1AIP1
ENSG00000131981,118.11016777756039,0.14337306507348296,0.05515771554730842,2.5993292806064967,0.009340612664370397,0.046815600823832355,,LGALS3
ENSG00000169738,26.92145513645039,-0.15362687907212144,0.05918662246623222,-2.595635173467962,0.009441625654013283,0.04726493708868262,,DCXR
ENSG00000072401,33.55868281230393,0.16360840234915672,0.06305768358970973,2.5945831346055925,0.00947057068317913,0.04735285341589565,,UBE2D1
ENSG00000119705,80.64210541792362,0.1236528253701029,0.047764333852321754,2.5888108426763354,0.009630798144523459,0.048096182810585336,,SLIRP
ENSG00000155463,28.24835299901017,-0.1658831164189428,0.06415500103878356,-2.5856615031252455,0.009719232765831339,0.048479626266017234,,OXA1L
ENSG00000177889,39.46625026792772,0.1426352537923529,0.05518845498615009,2.584512536691744,0.009751675923830694,0.04856103136481554,,UBE2N
ENSG00000141971,9.747092428605384,-0.22180989359251777,0.08583119961400128,-2.5842571767613376,0.009758899572352354,0.04856103136481554,,MVB12A
ENSG00000175463,37.881767026354446,-0.15921154714167357,0.06161958215832398,-2.583781674023673,0.009772363352728852,0.04856993016410039,,TBC1D10C
ENSG00000106348,23.41730046424639,-0.17886124776229184,0.06925336100585404,-2.5827085525448004,0.009802809462022121,0.04866311141051554,,IMPDH1
ENSG00000101843,8.966707359390146,0.25387073781654346,0.09832867793782858,2.5818585497209807,0.009826985314908136,0.04867617214870051,,PSMD10
ENSG00000163961,12.152319947505356,-0.25182804729665587,0.09753997124219126,-2.5817933313858386,0.009828842453102987,0.04867617214870051,,RNF168
ENSG00000170035,24.005905357367233,-0.14787149555277823,0.057303638588423224,-2.580490509771084,0.009866006800744436,0.048802126386559876,,UBE2E3
ENSG00000140740,47.453715044028684,-0.11656408389423172,0.045178495458323926,-2.580078922764466,0.009877773747919963,0.04880230260254993,,UQCRC2
ENSG00000188994,13.587277460724843,-0.22483359671116807,0.08717736253246522,-2.5790364629055977,0.009907632810754092,0.04889175859162162,,ZNF292
ENSG00000114861,41.657006866775,-0.14180276122042682,0.05508098813517494,-2.5744411278974675,0.01004021717298011,0.04948732635023372,,FOXP1
ENSG00000125821,11.746562176758252,-0.2074247928784291,0.08061325341809655,-2.5730854925632505,0.0100796305703881,0.04962279665421834,,DTD1
ENSG00000137767,22.62477626420198,0.20967707973093208,0.08156002087619689,2.570831609388735,0.01014546443099414,0.04988786292309175,,SQOR
ENSG00000149806,1098.7698818882616,-0.05619666837831716,0.02190741555344084,-2.56518931871408,0.010311952326452488,0.050646660776909505,,FAU
ENSG00000130775,66.77360285316529,-0.16198352588126,0.06319785599104416,-2.5631174244932433,0.010373695717258982,0.05088982804693085,,THEMIS2
ENSG00000165898,12.228113017195941,0.21492893391301218,0.0838943756852476,2.5618991995288947,0.010410152761521357,0.05093808562455769,,ISCA2
ENSG00000204482,2247.1453207288005,-0.06457048096444397,0.02520538577654772,-2.5617731677220905,0.010413930934845397,0.05093808562455769,,LST1
ENSG00000127445,36.84657623510896,-0.1319466272175668,0.05151022397946361,-2.561561900219499,0.01042026703521601,0.05093808562455769,,PIN1
ENSG00000067208,17.693278954810005,-0.19616086230920474,0.07662742351182004,-2.5599302876071026,0.01046931619826031,0.05107715108488776,,EVI5
ENSG00000198818,51.84295532144868,0.1439795551993313,0.05625401052560374,2.55945405232574,0.010483671347616874,0.05107715108488776,,SFT2D1
ENSG00000135838,16.802194416826797,0.20534822202814493,0.08023321156560494,2.5593917783066202,0.010485549765984169,0.05107715108488776,,NPL
ENSG00000100664,57.80563317189753,-0.17932121355887304,0.07009734016753909,-2.5581742920669863,0.010522333922835596,0.05119638493449834,,EIF5
ENSG00000057757,12.458721354096896,-0.20730288928995397,0.08115113503930185,-2.5545285249498515,0.01063317168505205,0.051675226880626784,,PITHD1
ENSG00000119321,16.40224149634928,0.2187317401651043,0.08566094317264752,2.553459395424305,0.010665871401445808,0.051773658144707774,,FKBP15
ENSG00000169692,20.188067628827202,-0.18075364995154353,0.07081652553134828,-2.5524218901636107,0.010697689340586378,0.05186758468163093,,AGPAT2
ENSG00000117862,25.65497796028892,0.15395333005740844,0.06033365039811235,2.5516992431511345,0.010719901127191256,0.05191477146579235,,TXNDC12
ENSG00000198960,13.94478730639941,-0.18957363674924363,0.07430556774467374,-2.551270954562249,0.010733084650636713,0.05191817691470782,,ARMCX6
ENSG00000129128,39.28559867506296,0.1331251531989363,0.052215247985473286,2.549545551061499,0.010786341925783993,0.05211519443816656,,SPCS3
ENSG00000140299,38.11593761503319,-0.1417674249891927,0.05565485853813163,-2.547260539563882,0.01085723389352055,0.052396859625342795,,BNIP2
ENSG00000103657,11.868084675033879,-0.2558333713160201,0.10046499643172904,-2.546492613373769,0.010881151437711043,0.05245143682604628,,HERC1
ENSG00000126267,339.18123034893284,0.07140969799378828,0.02808090062068404,2.542998850300007,0.010990559074251196,0.05291750665380206,,COX6B1
ENSG00000091542,11.10848881545497,-0.23693227655834534,0.09327391993162967,-2.5401771120160714,0.011079634555341394,0.05323340607651091,,ALKBH5
ENSG00000197019,9.494303852311756,-0.32751769180064844,0.12895881120514047,-2.5397077465273123,0.011094513344972062,0.05323340607651091,,SERTAD1
ENSG00000120306,15.623974065842985,0.2101981626212539,0.08278318179071373,2.539140898844179,0.011112505960156257,0.05323340607651091,,CYSTM1
ENSG00000120280,8.34350391148473,0.2901802238971786,0.11428777423718467,2.539031194141198,0.011115991147890539,0.05323340607651091,,TASL
ENSG00000108590,8.181355233364972,0.2943659510452029,0.1159423051767273,2.5389002797254197,0.011120151413578841,0.05323340607651091,,MED31
ENSG00000051108,69.80080504405218,-0.20244424317051024,0.07976078881560951,-2.538142440372795,0.011144261610439141,0.05328750379244463,,HERPUD1
ENSG00000165233,28.283686092939433,-0.24389702382613515,0.09612598598655973,-2.5372642092871396,0.011172260070036024,0.05331762515684703,,CARD19
ENSG00000185862,204.2592348393145,0.09544267994036601,0.037623643806410076,2.536773961380771,0.011187916582724527,0.05331762515684703,,EVI2B
ENSG00000100603,29.185404410332712,0.16766998097439842,0.06609664384619328,2.5367397074587634,0.011189011240847946,0.05331762515684703,,SNW1
ENSG00000003056,58.38017946659023,-0.12411122314117132,0.0489441836467284,-2.5357706246974527,0.011220019814740904,0.05340421330586059,,M6PR
ENSG00000053254,19.21863344428542,-0.20766762000176398,0.08193870144561266,-2.5344265449410948,0.011263153812631013,0.053520963432809855,,FOXN3
ENSG00000100865,12.78115945110733,0.21292298086864103,0.08401963783906932,2.5342049352375495,0.011270279799793614,0.053520963432809855,,CINP
ENSG00000160679,12.166174352513375,0.2194523145207785,0.08663223017533987,2.533148622361638,0.011304301194881218,0.05359898674553212,,CHTOP
ENSG00000121316,17.366980624109782,0.23925121463444454,0.09445760693048447,2.5328951516897957,0.011312478452542598,0.05359898674553212,,PLBD1
ENSG00000185482,12.59713658371974,0.211318080086099,0.08345857963309876,2.5320114602368884,0.011341028451985515,0.053673126689715286,,STAC3
ENSG00000159884,12.237527443684389,0.20238386791303592,0.07996624909752452,2.530866086593788,0.011378127970808847,0.053732937360995596,,CCDC107
ENSG00000185651,72.28780800636888,0.11334648219619785,0.04478639795078059,2.530823807727594,0.011379499474768538,0.053732937360995596,,UBE2L3
ENSG00000143878,58.12693527536134,0.26556194551169354,0.10501378799353411,2.5288293145662424,0.011444366769942387,0.053977965717642094,,RHOB
ENSG00000170634,8.425948991789932,-0.2510901654144345,0.09936779984653463,-2.5268765717085677,0.011508193974908456,0.05421753899843621,,ACYP2
ENSG00000153029,7.605215896417475,0.3055826167445064,0.1210159151910631,2.5251440379725634,0.011565087724924672,0.05442394223493963,,MR1
ENSG00000109332,140.5441143454464,0.09259163553187343,0.03668488810867935,2.523972139633349,0.01160371244191405,0.05454400424673723,,UBE2D3
ENSG00000089327,200.72993472318078,-0.09340193877621113,0.03704519077359687,-2.521297281124579,0.01169230244944054,0.05485027369106891,,FXYD5
ENSG00000176845,18.358652778287443,-0.27662442747891625,0.10971896206702897,-2.521208934786698,0.01169523864518705,0.05485027369106891,,METRNL
ENSG00000148803,10.668668115325735,0.2489276942469366,0.0987638616851117,2.5204329802391836,0.01172105565519837,0.05490944991624462,,FUOM
ENSG00000160999,9.81284078747348,0.31307052923197554,0.12423458576423514,2.5199949539502775,0.01173565166805018,0.0549159853083113,,SH2B2
ENSG00000196230,68.80994646553474,-0.1309296266687712,0.05199023703309942,-2.5183502545952092,0.011790600742020749,0.055111122569445295,,TUBB
ENSG00000150593,23.241877196640583,-0.16213728868319705,0.06442015588856169,-2.5168720324687355,0.011840182430275199,0.05528076196402337,,PDCD4
ENSG00000160326,42.79309928289514,-0.17022542636510463,0.06772404730436951,-2.5135152599499437,0.01195346064165644,0.0557470810193843,,SLC2A6
ENSG00000105701,61.670029419482965,-0.10936086414523433,0.04355166193511683,-2.5110606412255843,0.012036901769706086,0.056067500623590366,,FKBP8
ENSG00000124356,8.284063094059178,0.2477610651852399,0.09868197111720206,2.510702435108237,0.012049121528242737,0.056067500623590366,,STAMBP
ENSG00000153310,96.20968083893789,0.10438632888758102,0.04161247762430652,2.5085343350622145,0.012123318547220659,0.05634972643177424,,CYRIB
ENSG00000134001,12.446553825706529,0.21213048243416427,0.0846011936789254,2.5074171321888463,0.012161709475472465,0.056465079707550735,,EIF2S1
ENSG00000135677,27.798000098916173,0.15330977132692453,0.06123933044365235,2.5034527682824392,0.012298809484472123,0.05703795702943593,,GNS
ENSG00000075415,112.18440938358921,-0.10981667505782643,0.0438858887363757,-2.5023231434937916,0.012338125253208746,0.057156571328895754,,SLC25A3
ENSG00000145354,15.01154468904141,0.19249409708932289,0.07697884440756272,2.500610376406371,0.012397949248279293,0.057369820770680605,,CISD2
ENSG00000173207,28.578588416529463,-0.13794420993314238,0.05523072890400206,-2.4975989394039453,0.01250375673047748,0.05777502008992754,,CKS1B
ENSG00000213928,14.541065405070302,0.31085269031195345,0.12447408054868554,2.497328672296315,0.012513291610823249,0.05777502008992754,,IRF9
ENSG00000160570,34.08530267023433,-0.1520002487314502,0.060885650683344714,-2.496487218671212,0.01254301888836299,0.057790147603202356,,DEDD2
ENSG00000100453,8.3858687805288,0.30895443999548894,0.12375981350446003,2.496403567902556,0.012545977557242714,0.057790147603202356,,GZMB
ENSG00000132646,7.696365260883279,0.2872036697628609,0.11506294727743357,2.4960569545500246,0.01255824361377282,0.057790147603202356,,PCNA
ENSG00000125826,36.00437530423985,0.13144389029440773,0.05267685965716818,2.4952871365125326,0.012585524149449086,0.05785169111790961,,RBCK1
ENSG00000137841,17.369033737455695,-0.18865738819448025,0.0756429336916903,-2.4940517109426317,0.012629414390393182,0.05798936408833956,,PLCB2
ENSG00000143353,8.880858005053195,0.2353177332872274,0.0943674647979921,2.4936320350553105,0.012644354772543892,0.05799300776083364,,LYPLAL1
ENSG00000179010,23.419195997029885,0.1770433552257299,0.07100916278533698,2.493246621720323,0.012658089193951188,0.05799300776083364,,MRFAP1
ENSG00000111348,442.3816617900995,-0.08646455634740631,0.0347299977324944,-2.4896217101248914,0.012787912530455046,0.05852334007336963,,ARHGDIB
ENSG00000175197,11.079618810405586,-0.30377711189615353,0.12204731507615299,-2.4890110176254834,0.012809899595030155,0.05855954100585213,,DDIT3
ENSG00000105939,20.80697010056042,0.20094916020292272,0.08083890028906669,2.4857977964118927,0.012926138749256784,0.05902605619858202,,ZC3HAV1
ENSG00000167703,27.28578011302298,-0.18983443970586839,0.07645994532408887,-2.48279591230705,0.013035574821579438,0.0594225732298204,,SLC43A2
ENSG00000189306,20.28121665978079,0.24847746458898523,0.10008626886572637,2.4826329066411432,0.013041540711256254,0.0594225732298204,,RRP7A
ENSG00000145220,15.56905494486756,0.20643747787483802,0.08316711627593124,2.4822007437401257,0.01305736925131467,0.05942960184405801,,LYAR
ENSG00000007255,24.876827870673594,-0.17640877326356344,0.07108726678241221,-2.4815804749326635,0.01308011711361623,0.059468073434583074,,TRAPPC6A
ENSG00000121766,14.134438529370845,0.19845136832409868,0.08018958361376714,2.4747773885438664,0.013331924592298898,0.06053702825568133,,ZCCHC17
ENSG00000060339,12.938776675681991,0.1995007332297635,0.08063224461078504,2.474205377671938,0.013353290849530105,0.06053702825568133,,CCAR1
ENSG00000168288,24.996989842170528,0.15581434812096642,0.06297932479037811,2.474055551398536,0.013358892292960448,0.06053702825568133,,MMADHC
ENSG00000069345,20.41996095143167,0.17793164953312682,0.07193449875643766,2.473523171900925,0.013378812773619159,0.06053864722304665,,DNAJA2
ENSG00000164919,229.5120045714913,-0.08532707316984799,0.034499722232926376,-2.473268410503671,0.013388354674327627,0.06053864722304665,,COX6C
ENSG00000150347,12.241690995965838,0.28900468016955283,0.11691506632835698,2.471919909431353,0.013438962034953903,0.06070150061390688,,ARID5B
ENSG00000107798,32.22388234761954,-0.26782922882756455,0.10838016977860687,-2.471201414194788,0.01346599512791006,0.06070771099062247,,LIPA
ENSG00000003402,42.20004300337793,0.1455587088167329,0.05890423426741245,2.4711077332051876,0.01346952337604436,0.06070771099062247,,CFLAR
ENSG00000179271,38.58062961281741,0.12363277455648689,0.050066500441381494,2.469371205627558,0.013535073199930811,0.06092259937708851,,GADD45GIP1
ENSG00000165813,9.87471283969962,0.26007172087262254,0.10534493513958292,2.4687634059295336,0.013558082705800258,0.06092259937708851,,CCDC186
ENSG00000129518,37.41900197650484,-0.12679673230193006,0.0513701329226056,-2.468296753153479,0.013575772250633476,0.06092259937708851,,EAPP
ENSG00000214941,20.699674187747206,-0.18162460977457187,0.07358297855611831,-2.4682965182777323,0.013575781159269482,0.06092259937708851,,ZSWIM7
ENSG00000105193,1008.2686350553213,-0.12602308435684195,0.051095968408690684,-2.4663997626749596,0.01364789212439936,0.06118020607489368,,RPS16
ENSG00000111729,27.61834433501932,0.16210567203460138,0.06575960451468935,2.465125409907085,0.01369653036770629,0.061281079112971766,,CLEC4A
ENSG00000196126,523.8153792631769,0.18833542294050587,0.07640263230480679,2.4650384058646755,0.013699856628621093,0.061281079112971766,,HLA-DRB1
ENSG00000124942,66.41632597309301,-0.17499124036453123,0.07101801565412391,-2.464040127744258,0.013738072995435507,0.06136688590492019,,AHNAK
ENSG00000118680,244.64555273759524,0.0782360829130346,0.031758999864060874,2.4634303110271474,0.013761464468536455,0.06136688590492019,,MYL12B
ENSG00000166501,55.028858146777736,-0.145499062260544,0.059064742784445165,-2.4633826442203945,0.013763294362810227,0.06136688590492019,,PRKCB
ENSG00000057608,121.23860741520366,-0.11798964334891017,0.0479143075490999,-2.462513795654899,0.01379668650761337,0.06144990992684327,,GDI2
ENSG00000118855,30.146833361771343,0.15389662370380455,0.06254387470755654,2.460618636491525,0.013869770794621834,0.06170935455147254,,MFSD1
ENSG00000110330,21.65237820172553,-0.16053943707539944,0.06533995186503674,-2.456987378977604,0.014010760883176729,0.062270048369674355,,BIRC2
ENSG00000134516,41.363118902018854,-0.15876816961863066,0.06467385396843696,-2.454905033123817,0.014092181134062565,0.06256507312454672,,DOCK2
ENSG00000173198,26.87802338321868,0.2013099026625421,0.08202026527436783,2.4543922406143874,0.014112295414563387,0.06258757881085682,,CYSLTR1
ENSG00000173436,120.40243442876597,-0.09131024809992355,0.037233852554818536,-2.452344891399288,0.014192855397225694,0.06287782582796474,,MICOS10
ENSG00000084754,48.904723797874965,-0.12739812263565287,0.05200879658252058,-2.449549518676415,0.014303504051765469,0.06330061367589825,,HADHA
ENSG00000234745,1302.082934625796,0.16442449925982433,0.06715994385418225,2.4482524824145626,0.014355102318658216,0.06346145127058254,,HLA-B
ENSG00000121552,192.21921174212594,0.11270529132797774,0.04604517681234798,2.4477111204783872,0.014376687117867453,0.0634894038326206,,CSTA
ENSG00000101474,8.22597409020221,-0.23077868001619994,0.09434497484678654,-2.446115231796688,0.014440483925889902,0.0637035133952301,,APMAP
ENSG00000124193,25.192054109446,-0.20036765129632034,0.0820195049751561,-2.4429268544965272,0.014568689698642594,0.06420100545164532,,SRSF6
ENSG00000137210,40.02938389246224,-0.11854441404536742,0.04854953695656145,-2.4417207964605763,0.014617446690643816,0.06434770183394525,,TMEM14B
ENSG00000111790,16.226486547687003,0.17889927196919098,0.07335839298270701,2.438702167472009,0.01474011113346013,0.06481909335644201,,FGFR1OP2
ENSG00000205542,11871.200794428109,0.07285247759623124,0.029886177137191463,2.437664652183665,0.014782480418356548,0.06493676720207311,,TMSB4X
ENSG00000197956,2200.970640525474,0.08369260021247427,0.03440106892728165,2.432848827732273,0.014980553933880333,0.06569501480886275,,S100A6
ENSG00000176386,16.237259590408208,0.184495400661636,0.075839738922214,2.4327008938000967,0.014986675253271816,0.06569501480886275,,CDC26
ENSG00000080824,209.41941220717425,0.15435864209496794,0.06349572861672903,2.431008281308225,0.015056870411246362,0.06593324306398407,,HSP90AA1
ENSG00000167004,65.11059226770364,0.12173598300875267,0.0500880640250825,2.430438975397236,0.015080545371346048,0.06596747502081973,,PDIA3
ENSG00000125971,52.232143870062046,0.10517267008777231,0.043297752130819184,2.4290561267477626,0.015138188632435929,0.0661500679736696,,DYNLRB1
ENSG00000057252,8.08407762189906,0.2775525187838627,0.11429738024355054,2.428336661719105,0.015168255793613404,0.06621190356918338,,SOAT1
ENSG00000073614,17.863992944573575,0.201662075146549,0.08311527672728822,2.4262937342821815,0.015253918626172038,0.06645195633516962,,KDM5A
ENSG00000163154,12.07480352278522,0.28585688155469247,0.11781774795517949,2.4262633305759573,0.015255196706751678,0.06645195633516962,,TNFAIP8L2
ENSG00000155090,28.49883333581789,0.2353856572616067,0.09740428741408362,2.4165841515880997,0.015666904363295386,0.06811420729246297,,KLF10
ENSG00000167642,14.587721049588083,-0.20078994064373387,0.08309043717946833,-2.416522857017162,0.015669542398770928,0.06811420729246297,,SPINT2
ENSG00000068305,19.736871648229094,0.19089454124435914,0.07904907947691531,2.414886327678314,0.015740121061403215,0.06834958623740853,,MEF2A
ENSG00000205937,38.05943057090126,-0.12524716179592876,0.051893764649959685,-2.413530077086555,0.01579882387448992,0.06853295862135357,,RNPS1
ENSG00000150779,48.95589873673471,0.13045943321187187,0.0540638090032532,2.4130640370533585,0.015819039965799274,0.06854917318513018,,TIMM8B
ENSG00000119397,18.665580675860763,0.22805319934915055,0.09454937860133929,2.4120010382164496,0.01586523635022831,0.06861520836839183,,CNTRL
ENSG00000131876,17.0315657757805,-0.16221640577365426,0.0672551717328389,-2.4119543760595046,0.01586726693519061,0.06861520836839183,,SNRPA1
ENSG00000105373,149.1783314795433,-0.11358591059321387,0.04713672012461045,-2.4097117977860703,0.01596512646362677,0.06896669375772312,,NOP53
ENSG00000092148,14.333489616650839,-0.20810973333786414,0.08638763319603998,-2.409022282918661,0.01599532133942924,0.06902545308301415,,HECTD1
ENSG00000198763,1329.8058010657228,-0.13481048468593382,0.05603358056226153,-2.405887386335049,0.016133237047246965,0.06954846229694028,,MT-ND2
ENSG00000170871,8.884974251893121,-0.25985601490348986,0.1080692891309364,-2.404531546317929,0.01619320853262035,0.0697347282564189,,KIAA0232
ENSG00000143702,8.125756720360727,-0.2769541500203226,0.11529721417644423,-2.4020888275451986,0.016301749410483193,0.07012955278966918,,CEP170
ENSG00000100373,9.104153043719402,0.35423395728008983,0.14755950556262507,2.400617675760312,0.016367427229453755,0.07033935668856159,,UPK3A
ENSG00000102921,8.26870098477057,0.2790221546470289,0.11636680787241696,2.3977812896005974,0.01649471077052058,0.07081320619748774,,N4BP1
ENSG00000205744,8.144978722916628,-0.22608421082300062,0.0944625318430329,-2.393374456643632,0.016694193441213045,0.071595716201491,,DENND1C
ENSG00000117984,85.86660846572842,0.13590018144420352,0.05684299778088742,2.390798985796943,0.016811754536809644,0.07202564250579621,,CTSD
ENSG00000185187,28.252323330164423,-0.13887529530775797,0.05809794267133946,-2.390365113156874,0.016831630645689235,0.07203660852476051,,SIGIRR
ENSG00000159388,32.39400986278158,-0.2310800947861838,0.09671033897871928,-2.3894042480507904,0.016875722209447348,0.07215108364984683,,BTG2
ENSG00000152422,14.630179815870921,0.2077835101281843,0.08700608017510136,2.388149307611791,0.0169334607617081,0.07227856515921331,,XRCC4
ENSG00000187446,32.657881882871784,-0.19405649527905883,0.08126314979547325,-2.388001151413266,0.01694028870919062,0.07227856515921331,,CHP1
ENSG00000272449,21.24911084751718,-0.18055606857758483,0.07562707115654865,-2.3874528765477683,0.01696557760251144,0.07231229797791762,,ENSG00000272449
ENSG00000105993,49.561604757119134,-0.11537665461800621,0.04839694983549167,-2.383965415386473,0.0171272118821142,0.07292651118689364,,DNAJB6
ENSG00000134046,38.9713941160173,0.1498443418417079,0.06287009070898579,2.3833963042189663,0.017153716454961002,0.07296468348940467,,MBD2
ENSG00000164022,42.95736926058227,0.11992596901017497,0.05040063639451441,2.3794534670444687,0.01733833195209477,0.0736746281110462,,AIMP1
ENSG00000160404,15.321613071114086,-0.17234440650337912,0.07249109099341103,-2.3774563762468977,0.01743250483882329,0.0739992042137805,,TOR2A
ENSG00000213523,25.852484759775994,0.14327362242514,0.06030149166112747,2.37595486410661,0.01750360376647159,0.074155738285452,,SRA1
ENSG00000147168,26.274682607718052,0.19996610367459203,0.08416348367927673,2.375924747086354,0.017505032451036986,0.074155738285452,,IL2RG
ENSG00000114779,8.557123728278539,-0.22787893069712437,0.09599724916847033,-2.37380688166604,0.017605756005493706,0.07450655644237417,,ABHD14B
ENSG00000154144,19.827411601078047,0.15611392941912144,0.06580067673932043,2.3725277178772948,0.017666837521507644,0.07468906919661768,,TBRG1
ENSG00000188647,10.617506393126233,-0.2058454231162343,0.0867916857225502,-2.371718228567043,0.017705587439570895,0.07477689720671567,,PTAR1
ENSG00000168769,16.516550233585995,0.21102133198146034,0.08900081154458794,2.3710045820845367,0.0177398111607483,0.07478403743580027,,TET2
ENSG00000181991,13.895796022034542,0.1808319528541727,0.07628190210014317,2.370574774299359,0.017760451036717376,0.07478403743580027,,MRPS11
ENSG00000047410,38.05123431670593,-0.1605793549292834,0.06773902478866549,-2.370559000963836,0.017761208891002564,0.07478403743580027,,TPR
ENSG00000169019,27.32460177058704,0.15100835423410025,0.06379180705338722,2.3672060913358624,0.017922949252431538,0.07533251236353306,,COMMD8
ENSG00000090339,8.094755305358674,-0.38383802812822393,0.16215482803845976,-2.367108230888972,0.017927689240360027,0.07533251236353306,,ICAM1
ENSG00000122257,17.60356812021051,-0.17235754977531548,0.07285195844670099,-2.365860210901722,0.017988234956977815,0.07551065330073432,,RBBP6
ENSG00000167261,34.001885100599104,-0.14263015879386715,0.06038240707317752,-2.362114491742826,0.01817102937826131,0.07620068276519348,,DPEP2
ENSG00000174837,17.58025616141297,-0.28323938442912666,0.11994052280082117,-2.361498664629695,0.018201237470002903,0.07620068276519348,,ADGRE1
ENSG00000160256,11.849508226364575,0.22100934413702367,0.09360021345964774,2.3612055567833043,0.018215630691783447,0.07620068276519348,,SLX9
ENSG00000145649,8.264456863149606,0.3022836925671922,0.12803222928818536,2.3609968696771455,0.018225884459463344,0.07620068276519348,,GZMA
ENSG00000157778,11.010461130894914,-0.19612892633297807,0.08311231984775834,-2.3598057025990706,0.018284508839121996,0.07636903290235694,,PSMG3
ENSG00000198301,9.841741310167846,0.23022133495020988,0.09757577283955014,2.359410827611655,0.018303979374603506,0.07637367522402265,,SDAD1
ENSG00000177700,111.69032727313922,-0.1273290020855567,0.05399452563355687,-2.358183549008225,0.018364610072186323,0.07654987765560631,,POLR2L
ENSG00000204577,21.76612135421655,0.1691876107691216,0.07185256184738086,2.354649666194035,0.018540175871032006,0.0772043359594526,,LILRB3
ENSG00000167985,11.420303816430556,-0.1965777934480943,0.08352395298877008,-2.3535499268637885,0.01859511052715469,0.07735565979296351,,SDHAF2
ENSG00000160410,41.522015541458636,-0.10730418569255595,0.045690513077147867,-2.3485003442919137,0.0188491817729783,0.07833426191367604,,SHKBP1
ENSG00000188976,13.700139749170262,-0.2073939309057094,0.08835617928612287,-2.347248744585343,0.018912623974619507,0.07851947678085543,,NOC2L
ENSG00000137876,114.73674834107935,-0.116454647917725,0.04965671518204579,-2.3451943506692343,0.019017163770042964,0.07887477695252117,,RSL24D1
ENSG00000175701,16.22602747612882,0.19889448678385427,0.08483755376147602,2.3444156268703082,0.019056921725876395,0.07896095057733646,,MTLN
ENSG00000181631,23.198749488770233,0.21667010542773932,0.09250892845478308,2.3421534445039467,0.019172830525590708,0.07936216416562919,,P2RY13
ENSG00000011260,9.372254144871203,0.21694639701072496,0.09264708908360801,2.3416428854547697,0.019199075420453588,0.07936751065293239,,UTP18
ENSG00000132780,16.44153693767587,0.19791077214000663,0.08452717806220814,2.341386246141488,0.019212279621995895,0.07936751065293239,,NASP
ENSG00000005339,12.653689958719996,0.21598163980054064,0.09231626971863623,2.339583699155249,0.019305245287426127,0.07967244086874276,,CREBBP
ENSG00000125107,21.657652372238115,-0.1681645539452203,0.07191562106398557,-2.338359197309846,0.019368622513853795,0.07985477666762318,,CNOT1
ENSG00000025796,16.211220552119745,-0.18467269557592686,0.07902562868093138,-2.336870945013915,0.01944589552139186,0.08007833296854722,,SEC63
ENSG00000143870,37.73677704384478,0.12322177714049683,0.05273608980772003,2.3365740158167436,0.01946134486326953,0.08007833296854722,,PDIA6
ENSG00000135956,10.278294629048352,0.21546480783602512,0.09242863743388892,2.3311477245365624,0.019745571517028278,0.08116756671031387,,TMEM127
ENSG00000087266,44.85026445653922,-0.13193980095163904,0.056628140515883316,-2.3299334880090576,0.019809666747060594,0.08135065515081151,,SH3BP2
ENSG00000159496,10.298859739981046,-0.2783891320527688,0.11954397114227032,-2.328759279056034,0.019871821766796013,0.08152542263300928,,RGL4
ENSG00000019582,1025.8578702412,0.11260261848885256,0.04837975230018536,2.3274740596061534,0.019940048065323273,0.08172472901649735,,CD74
ENSG00000141556,11.283513045467043,-0.2004206822269761,0.08623410407915366,-2.3241463962217477,0.02011764911199779,0.08237147667904607,,TBCD
ENSG00000198888,833.5600508318163,-0.14343946138124847,0.06199408950250786,-2.313760271863431,0.020680875714302566,0.08459433920501344,,MT-ND1
ENSG00000124783,31.27696298176901,0.15326769325066825,0.06627830625942854,2.312486572163495,0.02075088445159428,0.08477667363487565,,SSR1
ENSG00000183520,8.180003471088163,0.2345835224316444,0.1014543224088445,2.312208261431295,0.020766209238927472,0.08477667363487565,,UTP11
ENSG00000152404,16.640034498257666,0.2047269222695871,0.08858192655208864,2.3111590618793096,0.02082407066763897,0.08492954311507657,,CWF19L2
ENSG00000118503,22.667631087907516,0.37690823770000986,0.16329124675860576,2.308196214933646,0.020988225605877542,0.0855151993344276,,TNFAIP3
ENSG00000071626,14.266436615793314,-0.181834714680354,0.07880550279762974,-2.30738601017876,0.021033310437199436,0.0855450281495055,,DAZAP1
ENSG00000139083,7.945553202127838,0.27666404179525045,0.11993218030597587,2.3068374233622193,0.021063885110974373,0.0855450281495055,,ETV6
ENSG00000120860,19.465084990424312,0.178740981468853,0.07749236842984386,2.3065623762767364,0.021079229022468428,0.0855450281495055,,WASHC3
ENSG00000086062,14.300484420548342,0.252840931238261,0.10964881895431458,2.3059156829004035,0.02111534414765964,0.0855450281495055,,B4GALT1
ENSG00000007237,9.374273814222889,-0.27565786769137873,0.11954963450250178,-2.3058026805227088,0.02112166038849553,0.0855450281495055,,GAS7
ENSG00000156265,13.607058393072865,0.2875334885922858,0.12471189446641487,2.3055819160033613,0.021134004717641007,0.0855450281495055,,MAP3K7CL
ENSG00000171860,25.05030824922097,0.30799284605864957,0.13359141578243738,2.3054838086321108,0.021139492533098957,0.0855450281495055,,C3AR1
ENSG00000163468,26.36111527348573,-0.14041636317323078,0.061001611893328034,-2.3018467678980894,0.021343815065359966,0.0862879209639431,,CCT3
ENSG00000166801,9.542245167392107,0.225531287318813,0.09803989415790396,2.3004032109170804,0.0214253870913448,0.08652404446863435,,FAM111A
ENSG00000125375,9.500485629662652,-0.20564987368813356,0.08940996892263842,-2.300077677759526,0.02144381967479856,0.08652404446863435,,DMAC2L
ENSG00000203879,8.725807195770289,-0.21220822004112583,0.09229438433994437,-2.2992538664054294,0.021490527840390936,0.08662848431785494,,GDI1
ENSG00000162783,42.05243354508963,0.18866267750821028,0.08209249736565054,2.298171983584352,0.021552002586346534,0.08678835342197844,,IER5
ENSG00000139132,15.500857605225274,0.1865609943963894,0.08119035382225112,2.297822162529612,0.02157191284575137,0.08678835342197844,,FGD4
ENSG00000146731,30.283485982079984,-0.1393001894956415,0.06065150493887125,-2.2967309654729555,0.021634121843247284,0.08695453803662677,,CCT6A
ENSG00000105404,45.09386571519969,0.11407089361558237,0.049679947220062526,2.2961154348714063,0.02166928200313571,0.08701178873845998,,RABAC1
ENSG00000100906,293.5824219244186,0.23453463356527948,0.10226607232889103,2.2933767595083583,0.021826323454755235,0.08755786458223892,,NFKBIA
ENSG00000004455,14.446858889712328,0.19579101912700886,0.08540709692705772,2.292444377242151,0.021880013749370292,0.08768868708803508,,AK2
ENSG00000127947,14.429368496806507,0.21235044185323265,0.09272673314094725,2.2900671107484616,0.022017426583217287,0.08815447024656778,,PTPN12
ENSG00000113810,9.658051816719738,0.2144476039002015,0.09370145234944553,2.2886262541636095,0.022101077130027607,0.08840430852011043,,SMC4
ENSG00000171862,19.381274149059173,0.20464579676300532,0.08945965223001931,2.2875764846125106,0.022162196622892465,0.08856362915584308,,PTEN
ENSG00000055163,19.86413539493926,-0.16226716595123766,0.0710270315358566,-2.2845832416538525,0.02233727650429093,0.08917761061214037,,CYFIP2
ENSG00000117500,21.184293014427755,0.14775396186943823,0.0647065330166018,2.283447358113421,0.022404030356445354,0.08935835693462385,,TMED5
ENSG00000168374,25.87187158499243,0.1429600017608367,0.06261876027356753,2.2830219112655064,0.02242907771823107,0.08937257021823874,,ARF4
ENSG00000168002,46.36999124355806,-0.11441123037973391,0.05013517168132406,-2.2820552227679602,0.022486080152137725,0.08951396500755304,,POLR2G
ENSG00000178381,12.372132500616216,-0.21245499066536447,0.09323148222034582,-2.2787902284256574,0.02267953805222695,0.09019778039891407,,ZFAND2A
ENSG00000106211,40.80266509537988,0.20913125299084412,0.09181032754736095,2.2778619636550412,0.022734803113370023,0.09020965169653858,,HSPB1
ENSG00000163584,49.18444302740512,-0.1346844861799167,0.05912923819374893,-2.2777984343142674,0.022738589663312003,0.09020965169653858,,RPL22L1
ENSG00000101182,156.76305317616888,0.07642527283964107,0.03355447549236423,2.277647667508099,0.022747578035978117,0.09020965169653858,,PSMA7
ENSG00000185404,10.831144013146838,0.1984372310988724,0.0872324474026371,2.2748098558206165,0.02291733874716258,0.09079631351256794,,SP140L
ENSG00000101017,7.654115186868343,0.30150957615726304,0.1325830186345098,2.2741191086351056,0.022958826085447536,0.09087413559986846,,CD40
ENSG00000160014,95.32814954122397,0.09985900019763741,0.04392058946972737,2.2736261376106084,0.022988474561759082,0.09089396718373767,,CALM3
ENSG00000116977,8.359438258859972,0.23965913999717445,0.10542301432380342,2.2733095001540087,0.0230075354433836,0.09089396718373767,,LGALS8
ENSG00000148634,7.979450258609872,0.24816737343719775,0.10920757961805397,2.2724372640172605,0.02306011315309546,0.09101524735946595,,HERC4
ENSG00000130414,26.119516994671,-0.1330815658758344,0.05869321499424078,-2.2674097148860035,0.02336520857635993,0.09213200727740029,,NDUFA10
ENSG00000109445,8.657193006126079,0.23454525722849917,0.10349194566842919,2.2663141147229253,0.023432157833088597,0.09222350900074279,,ZNF330
ENSG00000179029,20.012896979258148,-0.20805222645620927,0.09180241911848025,-2.266304400842607,0.023432752166775272,0.09222350900074279,,TMEM107
ENSG00000166275,26.025905505745623,-0.14815472875993413,0.06539333573658328,-2.2655936891907364,0.023476271835551815,0.09230745825699012,,BORCS7
ENSG00000008130,28.414601040149655,0.15268652728189064,0.06740769983600858,2.2651199737322423,0.02350531824108871,0.09233439460144385,,NADK
ENSG00000134333,87.69844643999178,0.08881938902716294,0.03925557760771802,2.262592845142602,0.023660799595347802,0.09285747765721401,,LDHA
ENSG00000128590,10.937311906826782,-0.2452788120991333,0.10849798538634574,-2.260676188831808,0.0237793159985981,0.09323464142711413,,DNAJB9
ENSG00000082397,17.942542080717327,0.2080857138648545,0.09206788902736181,2.26013343048425,0.023812970874119502,0.09327868063685228,,EPB41L3
ENSG00000124380,17.426536156301925,0.16579598353089423,0.07346438528719529,2.256821218645549,0.024019248319213603,0.09399818721347938,,SNRNP27
ENSG00000111913,73.90536015244685,0.15680136218773563,0.06956224474980265,2.254115903701922,0.02418887741995063,0.09457305457424306,,RIPOR2
ENSG00000128039,10.94515090550673,-0.1949237971870554,0.08649534990699305,-2.253575451127183,0.024222889148352304,0.09461710690811792,,SRD5A3
ENSG00000136156,415.04487726777637,0.09310757905832989,0.0413518887642571,2.2515919306401386,0.02434807146923036,0.09499390533336488,,ITM2B
ENSG00000139725,29.99006126461129,-0.13795123868129294,0.061275604138753624,-2.2513240076574945,0.024365023315072194,0.09499390533336488,,RHOF
ENSG00000141298,38.07745948594102,-0.1299492643688807,0.05791357856171183,-2.243847947168534,0.0248421862329642,0.09676357184375568,,SSH2
ENSG00000167468,167.1946636894509,-0.1085288628947311,0.04837745491940579,-2.243376859645351,0.024872522813938838,0.09679110842468247,,GPX4
ENSG00000172663,32.935146640211656,-0.12003330220687798,0.053548430015161914,-2.2415839675017786,0.02498827311592795,0.09708648923459895,,TMEM134
ENSG00000131143,422.67462852877827,-0.059567001025184765,0.026576661433807897,-2.241327458437281,0.02500487159061706,0.09708648923459895,,COX4I1
ENSG00000145416,42.52400525191779,0.16984890818793505,0.07578758397493021,2.2411178623152757,0.02501844145660819,0.09708648923459895,,MARCHF1
ENSG00000253719,10.364870963084769,-0.2457698796398344,0.10975477610110454,-2.239263641824887,0.025138767078799692,0.09746250796626907,,ATXN7L3B
ENSG00000183155,15.659345532165913,-0.1570994228711931,0.0701862397853946,-2.238322260197286,0.02520004750433328,0.09760912254937285,,RABIF
ENSG00000172775,27.509007686014204,0.1465947174348464,0.06555869883882051,2.2360833883426694,0.025346309371673818,0.09799582366160178,,PSME3IP1
ENSG00000127884,23.874964045373876,-0.13011142353860194,0.058187469606313214,-2.2360728936816514,0.025346996697087384,0.09799582366160178,,ECHS1
ENSG00000131174,217.40988748616215,0.07673487483028787,0.0343443577015998,2.234278931549606,0.02546472570465449,0.09835957189541568,,COX7B
ENSG00000120656,21.079115672971476,0.1349772215543054,0.06044152810672698,2.2331867803865597,0.025536629725372895,0.09854580673242232,,TAF12
ENSG00000164221,8.605238722481747,0.21702126773300906,0.09725301227195475,2.2315120391966756,0.02564723094185846,0.09888089037824949,,CCDC112
ENSG00000182154,47.63979703381808,0.09780376411719137,0.04384126571725337,2.230860868569803,0.025690346500837614,0.0989554087439671,,MRPL41
ENSG00000156671,10.263633351627378,-0.2167774479138292,0.09724603485225422,-2.229164903671177,0.02580293476754174,0.09929714027102095,,SAMD8
ENSG00000173020,47.76161639034347,-0.10610428890066519,0.04762177055027544,-2.228062662824524,0.02587633665651969,0.09948757901212744,,GRK2
ENSG00000013583,15.503193052881878,0.1767309113582821,0.07936910212378477,2.226696619077925,0.025967556548565786,0.09974610825672546,,HEBP1
ENSG00000175602,55.14862849042653,0.1290685888044261,0.05802394409946326,2.224402198223199,0.02612139609747207,0.10020893162642525,,CCDC85B
ENSG00000115514,12.995170912303163,0.17856629424469728,0.08028404181236216,2.224181670649292,0.02613622375352678,0.10020893162642525,,TXNDC9
ENSG00000134748,10.292080087752847,0.20569865635804185,0.0925136418585318,2.2234413457918794,0.02618605434149856,0.10030753780905526,,PRPF38A
ENSG00000172059,15.852453559217622,-0.20446428453686147,0.09202106462254872,-2.221929135198897,0.026288095067871046,0.10060577321282756,,KLF11
ENSG00000178127,54.929061641640196,0.09922653106962322,0.04468938038374012,2.220360412643493,0.026394312039634493,0.10091942838683778,,NDUFV2
ENSG00000102805,8.851008944590602,0.20682712658558192,0.0932001177000051,2.219172375418262,0.026474999670467916,0.1011349849670767,,CLN5
ENSG00000111481,28.51649324605548,0.12593408057312014,0.05677878637505643,2.2179776746416056,0.02655635467470484,0.10125857758461522,,COPZ1
ENSG00000129351,18.21725961748334,-0.16245231486998543,0.07324668303627227,-2.2178794743447687,0.02656305137094491,0.10125857758461522,,ILF3
ENSG00000167565,25.250539507496164,-0.16223861165224102,0.07315870531796952,-2.21762551629507,0.026580376615961496,0.10125857758461522,,SERTAD3
ENSG00000133316,31.062128948457392,-0.22049465627771087,0.09945601748626692,-2.2170066915072,0.026622634271493004,0.10132676904795142,,WDR74
ENSG00000136280,26.42441508322827,-0.12853506698633327,0.0580049403331533,-2.2159330954930363,0.026696084535316376,0.10145402369798605,,CCM2
ENSG00000136754,20.207099027425517,0.17011410493467205,0.07677304115449389,2.215805214650071,0.026704845180118925,0.10145402369798605,,ABI1
ENSG00000187116,97.70581518022557,0.1977806935356429,0.08927949334404159,2.215298117491418,0.02673960898362641,0.10149340636120972,,LILRA5
ENSG00000245848,16.099332372302484,-0.20561706357327042,0.0928348728446779,-2.214868801697919,0.026769071065442174,0.10151261224452092,,CEBPA
ENSG00000028277,102.62930924104373,-0.13939722231640791,0.06297125733639351,-2.213664268632046,0.02685188265420974,0.10158271233145265,,POU2F2
ENSG00000139218,53.230536366362294,0.12819493321955652,0.057920917462154435,2.213275252473671,0.026878674708517312,0.10158271233145265,,SCAF11
ENSG00000187837,14.593380984074264,0.2624562239991688,0.11858655892245776,2.2132038098077,0.026883597566686755,0.10158271233145265,,H1-2
ENSG00000163444,18.63897748903486,0.1531367013720411,0.06920795369682678,2.2127037889730654,0.026918074006805834,0.10158271233145265,,TMEM183A
ENSG00000169045,65.42050693928597,-0.1479458890273089,0.06686356861124072,-2.2126531996444636,0.02692156426685131,0.10158271233145265,,HNRNPH1
ENSG00000165629,83.91243327444928,0.08536454950265539,0.038583335852056325,2.2124719809084583,0.026934070120575065,0.10158271233145265,,ATP5F1C
ENSG00000152804,27.660295130588175,0.17656511445347775,0.0799860842177958,2.207447910222794,0.02728278235165497,0.10280468712217815,,HHEX
ENSG00000173141,38.738154456764015,0.10193472525363058,0.04624052335590692,2.204445751382463,0.027493011120114888,0.10350310068749134,,MRPL57
ENSG00000155368,107.36968621844069,0.07230786333498554,0.0328124759003084,2.2036698344456815,0.027547572092795642,0.10361473770888777,,DBI
ENSG00000152240,10.849264218091971,0.1842619048872766,0.08376183348017488,2.199831322112696,0.027818864806492448,0.10454063016712609,,HAUS1
ENSG00000178057,41.91487562345468,0.11050937430392804,0.05026106864735028,2.1987072157040974,0.027898747552636636,0.10471218869104691,,NDUFAF3
ENSG00000167815,14.792296902365317,-0.2330086131246167,0.10599095804983409,-2.1983819885377613,0.027921896131535655,0.10471218869104691,,PRDX2
ENSG00000042753,144.59574556458014,0.073339534957205,0.03336455212281126,2.1981273624549256,0.02794003111708223,0.10471218869104691,,AP2S1
ENSG00000063245,17.5350476966016,0.16423248942312718,0.0747303522177169,2.1976678089868726,0.0279727871474602,0.10474058913900489,,EPN1
ENSG00000179921,48.85807084194643,0.181066246406709,0.08240736111123624,2.197209617746401,0.028005479032524122,0.10476869853893915,,GPBAR1
ENSG00000111679,134.03406118206553,0.0932804920818795,0.04250246482530821,2.194707823776267,0.02818456315153819,0.10534391977574023,,PTPN6
ENSG00000173915,190.29628996694152,0.08985750547049613,0.04095767755274246,2.1939111502302313,0.028241797640884563,0.10546308634298006,,ATP5MK
ENSG00000183255,21.356951596681125,0.1710360599629061,0.07800357886697834,2.1926693934720434,0.02833120743055429,0.10557566729537451,,PTTG1IP
ENSG00000127314,185.2594217546736,0.07920829508452569,0.03612719447309911,2.192483978890347,0.028344578678023678,0.10557566729537451,,RAP1B
ENSG00000104903,38.09622753349347,0.14606523007387512,0.06662236392919149,2.192435414467103,0.02834808181945513,0.10557566729537451,,LYL1
ENSG00000244045,8.344254976053213,0.211427258325643,0.09648040638202135,2.1914009927412725,0.028422787336234864,0.10575920869296694,,TMEM199
ENSG00000137207,17.4756259393878,0.15293581699865133,0.06981917470966237,2.190455811524887,0.028491196160747894,0.1058773953033668,,YIPF3
ENSG00000023191,114.61480346203108,0.07918947966675445,0.036157925734183076,2.190100180218305,0.02851697217440538,0.1058773953033668,,RNH1
ENSG00000125995,56.745882230492086,0.11423768766656618,0.052169762608439925,2.1897298732980057,0.028543833215031386,0.1058773953033668,,ROMO1
ENSG00000083223,32.85733338516467,0.21074808497132616,0.0962621664103123,2.1893137546169883,0.028574043314812524,0.1058773953033668,,TUT7
ENSG00000113648,98.19379236117017,0.09119292536303858,0.0416556909234263,2.1892068848569637,0.028581806472519452,0.1058773953033668,,MACROH2A1
ENSG00000176261,26.59742928884186,0.13157220404168735,0.06015169460935723,2.187339939400808,0.02871771714675601,0.10616380368490796,,ZBTB8OS
ENSG00000175806,15.880147592207653,-0.15908953468460324,0.07273540801704106,-2.1872364371329356,0.02872526820232576,0.10616380368490796,,MSRA
ENSG00000114738,66.87182628565729,-0.10433523423096192,0.04770496734494778,-2.187093714508361,0.028735683401251533,0.10616380368490796,,MAPKAPK3
ENSG00000153551,39.07156578059786,-0.119503409019214,0.05465116727083386,-2.186657943223664,0.028767503981598323,0.10618705994982168,,CMTM7
ENSG00000126522,9.190752341650397,-0.19317505086175193,0.08844329181287298,-2.184168486972069,0.028949869634749326,0.10676547666716063,,ASL
ENSG00000106077,8.871069076818202,-0.22017659102024656,0.10096957499868522,-2.1806231334846524,0.02921130263308991,0.10763420633627459,,ABHD11
ENSG00000244509,38.94001460624462,0.13936498461210478,0.06393723748326609,2.1797154537460264,0.029278560319459065,0.10778655834420328,,APOBEC3C
ENSG00000170653,10.669714180821824,-0.17740794009567984,0.08140979583391998,-2.1791964748026245,0.02931707570747625,0.10783292214244138,,ATF7
ENSG00000204103,96.23700506804491,-0.13936647114869058,0.06397073116177923,-2.1785974400736294,0.029361586527336517,0.10790123670823314,,MAFB
ENSG00000198055,33.55194968657018,-0.13074153700137028,0.060035237102353436,-2.177746658657655,0.029424903109860928,0.10803847920301982,,GRK6
ENSG00000101266,11.518596743670928,-0.18329006452044655,0.08419904927193969,-2.1768662010478317,0.02949055188262233,0.10818403512496375,,CSNK2A1
ENSG00000104765,30.220073650664535,0.14792670797011848,0.06799320769962464,2.1756100789305033,0.02958442905410684,0.10843279723795987,,BNIP3L
ENSG00000141526,32.58112835964264,0.17099167366898962,0.07860865271289909,2.17522712535857,0.029613100433244853,0.10844233961469946,,SLC16A3
ENSG00000151502,9.865117994140851,-0.19588179849425308,0.09007541477609571,-2.1746422037707496,0.029656939094420864,0.1085073585160869,,VPS26B
ENSG00000242574,30.279352931695183,0.1957091415922472,0.09007821762556849,2.1726577939825447,0.029806082591880535,0.10895720877172498,,HLA-DMB
ENSG00000166557,14.24967923653421,-0.1671164380328496,0.07695613990373233,-2.171580308496535,0.029887333629567657,0.10915830368656844,,TMED3
ENSG00000175354,31.501672541797763,0.12237716001191096,0.05637889545551098,2.170620034734091,0.029959906359134824,0.10932737759122882,,PTPN2
ENSG00000114686,11.609595603433348,-0.17602307585362964,0.0812205004384424,-2.1672247142461134,0.03021772379690168,0.11012827067056412,,MRPL3
ENSG00000120805,8.766256104059622,0.19649653444109352,0.09067537170841952,2.167033128609145,0.0302323281504289,0.11012827067056412,,ARL1
ENSG00000117410,143.34015136795398,-0.07255322054122111,0.033494528344273716,-2.1661215764999704,0.03030189782930107,0.1102851224583486,,ATP6V0B
ENSG00000125991,41.493739803047696,-0.10670469971191124,0.0492764993387587,-2.1654277626004585,0.030354941870259198,0.11038160680094253,,ERGIC3
ENSG00000142178,24.301821746036094,0.27051118328123797,0.12494561280528131,2.165031466153278,0.03038527563879819,0.11039541192786068,,SIK1
ENSG00000150093,58.41657452198027,-0.124407183770485,0.057498156251998285,-2.1636725745647083,0.030489487268743273,0.11067046292147734,,ITGB1
ENSG00000172590,47.40903630638244,0.1134040168901352,0.05242564013655198,2.163140337337877,0.030530387439949704,0.11067046292147734,,MRPL52
ENSG00000172239,10.627663919543208,0.18893553873779315,0.087349548716557,2.1629824253686234,0.030542531365651823,0.11067046292147734,,PAIP1
ENSG00000115053,97.65409024298178,-0.12713420581995624,0.05878605410064106,-2.1626592865427554,0.03056739468672535,0.11067046292147734,,NCL
ENSG00000079805,10.500270112512109,-0.20308767951750284,0.09395041174215878,-2.161647572922455,0.030645351570609502,0.1108562282902048,,DNM2
ENSG00000158717,29.832766763889076,-0.13579689063118336,0.06283740330886364,-2.1610837412186363,0.030688871272548254,0.11091720633692506,,RNF166
ENSG00000166619,9.62037976139523,-0.19462768101908545,0.09007802816392191,-2.1606565439566077,0.03072188008821511,0.11094012254077679,,BLCAP
ENSG00000186834,10.038037958955302,-0.2488864971424373,0.11529632645433395,-2.1586680581797646,0.030875928564757384,0.11139970757102403,,HEXIM1
ENSG00000185658,10.887264789538486,-0.19013351192054825,0.08820698915675096,-2.155537942494167,0.031119762818064577,0.11218216059198322,,BRWD1
ENSG00000169429,44.56109619231698,-0.389969012720081,0.1811007983993908,-2.153325751000073,0.03129308635926283,0.11270929805587307,,CXCL8
ENSG00000245532,1006.5020671529459,-0.1510081561762243,0.0701629113806122,-2.152250429818277,0.03137763569434038,0.11291605924606918,,NEAT1
ENSG00000176973,24.408420800761625,0.15521411136324836,0.07217097739323942,2.1506444414287227,0.031504274713224326,0.11327379672170544,,FAM89B
ENSG00000174791,11.245580771529164,0.22890344528191864,0.10647325029141468,2.1498681091768637,0.031565648836529174,0.11334245407487648,,RIN1
ENSG00000064961,15.922872438158722,-0.15697649380831072,0.07302204373014302,-2.1497137821618084,0.03157786160403409,0.11334245407487648,,HMG20B
ENSG00000187164,8.85302608944086,0.315457231230854,0.14686197681522695,2.1479843732986352,0.03171499687942246,0.11373654053310124,,SHTN1
ENSG00000116221,8.028695504293452,0.20743048163958858,0.0965992937434433,2.147329173963738,0.0317670848182086,0.11382521347437362,,MRPL37
ENSG00000146109,13.279576042965962,-0.17327085485145832,0.08075755319774786,-2.1455684080370387,0.03190742819150468,0.11416269260400386,,ABT1
ENSG00000169499,14.364084355794358,0.2026740215713552,0.09447977840374311,2.1451576728436277,0.031940242547211006,0.11416269260400386,,PLEKHA2
ENSG00000109083,17.796584938701073,-0.14307608521126836,0.06669854076768657,-2.145115673663799,0.03194359956515877,0.11416269260400386,,IFT20
ENSG00000196591,17.3325220624443,0.16058633522462096,0.07495173173292871,2.14253001914391,0.03215085570207855,0.11480477229240066,,HDAC2
ENSG00000186660,8.603591717684154,-0.23458593488413218,0.10954605178761816,-2.141436693117288,0.032238838578270555,0.11497808423067164,,ZFP91
ENSG00000087088,94.75398503104425,0.09651643061842106,0.04507501245574381,2.1412402428770085,0.03225466930221005,0.11497808423067164,,BAX
ENSG00000117592,46.61872757469767,0.09989384550358324,0.0466923439504584,2.1394052440282887,0.03240286261067547,0.11539419992373957,,PRDX6
ENSG00000103335,10.640413296711888,-0.1852638314027099,0.08660796252201729,-2.139108530068613,0.03242687973818547,0.11539419992373957,,PIEZO1
ENSG00000143793,12.52396836888417,0.16722263620962408,0.0782298537891209,2.137580835321452,0.03255077854777103,0.11573610150318589,,C1orf35
ENSG00000131966,17.492860135459203,0.1496665436626286,0.07010969302724138,2.13474823808564,0.03278158043132707,0.1164571943589416,,ACTR10
ENSG00000175482,99.36638858469999,-0.10980892594599954,0.05151670279504326,-2.1315208464110973,0.033046256913820106,0.11720128054903316,,POLD4
ENSG00000087460,67.0004357307062,-0.11435632250931926,0.05365543119070508,-2.1313093562302714,0.03306366477781661,0.11720128054903316,,GNAS
ENSG00000114867,9.895320701638578,0.21703294526732464,0.10183770294817217,2.1311649711676854,0.03307555369340503,0.11720128054903316,,EIF4G1
ENSG00000011295,14.787567995697065,-0.1910352406274239,0.08967215432369906,-2.1303741620595376,0.033140735205732755,0.11727774890929177,,TTC19
ENSG00000180879,109.52709793819189,0.06980877143000792,0.032772794718903306,2.13008295535267,0.03316476525623967,0.11727774890929177,,SSR4
ENSG00000101558,75.05163103907259,0.09156598897905503,0.04299119509303358,2.1298777291700053,0.03318170924669145,0.11727774890929177,,VAPA
ENSG00000112237,10.327328071720416,-0.18925211925831817,0.08888726610129083,-2.129125211733448,0.0332439023828365,0.11739782165755504,,CCNC
ENSG00000140612,115.65807828899383,-0.0901668214132385,0.04236115579187381,-2.128525998115833,0.033293496768267844,0.11747323711280257,,SEC11A
ENSG00000187796,10.809580875071338,-0.18328350576364136,0.08612832662055493,-2.1280281755746997,0.033334747575218114,0.11751911009568419,,CARD9
ENSG00000158201,15.949439410182382,0.1683846390187541,0.07918780424338083,2.1263961114672414,0.033470291275969254,0.11789704632348189,,ABHD3
ENSG00000089693,19.24641164799547,-0.1479000380058429,0.06957434141105841,-2.1257842331847803,0.03352122943707628,0.11797657737583529,,MLF2
ENSG00000139233,28.82584800660863,0.12339467558640177,0.058056653669528405,2.125418324810661,0.03355172256140843,0.11798407933682085,,LLPH
ENSG00000130724,68.75843226506076,0.08950574824117614,0.0421267974078231,2.1246748803305566,0.03361375089575174,0.11810236801210072,,CHMP2A
ENSG00000114648,9.667736412600531,-0.235322631535916,0.11078242885360232,-2.1241873280002928,0.03365448242849636,0.11814569358864546,,KLHL18
ENSG00000109180,32.79232945477124,0.1077751252023748,0.050760485125542494,2.1232091248896032,0.03373633167000388,0.11833317010726488,,OCIAD1
ENSG00000105700,19.80014877236088,-0.13559661271828383,0.0640295709697919,-2.117718589466359,0.0341989075512346,0.11981516613681154,,KXD1
ENSG00000231389,594.7414828910398,0.12314081951135465,0.05815354958242542,2.1175116634422784,0.03421644648330099,0.11981516613681154,,HLA-DPA1
ENSG00000108848,35.96734908607347,0.13312580303263663,0.06290880285684178,2.1161712985634766,0.034330241318251006,0.12011253480565533,,LUC7L3
ENSG00000128789,35.82709886757304,0.11111473785963755,0.05254062096405363,2.1148348805328774,0.034444022875685106,0.12040935727970592,,PSMG2
ENSG00000104320,16.236656818213643,0.18382384347689265,0.08695283188721312,2.1140639066859985,0.03450980940305828,0.12053804123990128,,NBN
ENSG00000067955,10.10607984185022,0.22291992460388213,0.10548861275352053,2.1132131590804573,0.03458252750342294,0.12069070001194582,,CBFB
ENSG00000117151,21.61274200220735,0.1449211287615534,0.06861617612122685,2.1120548674341113,0.03468174348281367,0.12093550116387668,,CTBS
ENSG00000155506,12.65470593149312,0.191890525923827,0.0909325527244076,2.110251171606236,0.03483672698234728,0.12137419116127696,,LARP1
ENSG00000165672,31.872842965596476,0.13486766952225562,0.06395525665938138,2.108781616506457,0.0349634361231737,0.12166042760472434,,PRDX3
ENSG00000142634,66.26200753772443,0.11851948687101174,0.056207127138471244,2.1086202569832198,0.03497737293635825,0.12166042760472434,,EFHD2
ENSG00000167118,16.796364093086,-0.1495814587753021,0.07097459724094066,-2.1075351546907855,0.03507121775472698,0.12188493388443127,,URM1
ENSG00000106617,17.845163405516182,0.18622405365535635,0.08843847229900148,2.10569053053915,0.03523124292615635,0.12233887360000868,,PRKAG2
ENSG00000179021,12.011060405725223,0.18524007193357706,0.08801662754838561,2.10460315389549,0.03532586686791644,0.12242226033628502,,C3orf38
ENSG00000130449,8.379738688530438,0.23846571837021457,0.11331668516818807,2.1044184094890923,0.03534196493358353,0.12242226033628502,,ZSWIM6
ENSG00000124702,10.318897778898767,-0.18701028848384849,0.08886630892840716,-2.1044003147976866,0.03534354198650921,0.12242226033628502,,KLHDC3
ENSG00000131378,13.916018869978256,-0.1608227240335313,0.07647488259155422,-2.1029482960107524,0.035470289406939165,0.12275907149156982,,RFTN1
ENSG00000138398,42.866594387217916,0.10772276917731008,0.05123893421313651,2.1023616285463715,0.03552160978519849,0.12283449435280609,,PPIG
ENSG00000101336,116.40222781582631,-0.09594955887842249,0.04565204225445874,-2.1017583034645355,0.03557445339578355,0.12291505492230861,,HCK
ENSG00000121741,15.53938278741074,-0.17389973027078529,0.08278192650755926,-2.100696826074778,0.03566758812526119,0.12313457809218802,,ZMYM2
ENSG00000060688,14.291124148456179,0.17073305439774605,0.08133552014144647,2.099120459312646,0.03580628333737331,0.12351089443074044,,SNRNP40
ENSG00000169609,10.858873364687298,-0.1813682888044001,0.08643276762036885,-2.098374190688979,0.03587210336610246,0.12363541839518331,,C15orf40
ENSG00000100568,31.98426273720366,0.11186105339899803,0.053320017069451366,2.097918559427592,0.03591234022309851,0.12367163520537236,,VTI1B
ENSG00000145907,12.34778609908301,0.1898651698390224,0.09071642693194949,2.0929524702449855,0.03635339763728113,0.12508695961215013,,G3BP1
ENSG00000160194,28.411467747969215,0.12967265789359528,0.06197780566810504,2.0922434490178685,0.03641674359356673,0.1252013664043286,,NDUFV3
ENSG00000117419,9.2695494067832,-0.1922800663699796,0.09200405554536625,-2.0899085940311433,0.03662601144422247,0.12581685186454622,,ERI3
ENSG00000115758,10.64483621653621,-0.21857687824445476,0.10469519711478319,-2.0877450376717546,0.03682083984583822,0.12638176052696945,,ODC1
ENSG00000035403,19.762861888441552,0.16957058834940195,0.08124537354261127,2.087141469790476,0.03687534839436605,0.12640116611301125,,VCL
ENSG00000105327,13.36768033516397,0.2240426105859181,0.10735101868158595,2.0870096375186833,0.03688726338009511,0.12640116611301125,,BBC3
ENSG00000007168,17.970499344613273,-0.17184630708546575,0.08240135123151986,-2.0854792368954715,0.03702582094550054,0.1267715350891212,,PAFAH1B1
ENSG00000185721,11.07395880335183,0.17660497253839158,0.08476840330124354,2.083382081773868,0.037216410211891655,0.12716913871314886,,DRG1
ENSG00000103811,50.814152033581074,0.16619994399941568,0.07977960143807811,2.0832385848456987,0.03722948167292002,0.12716913871314886,,CTSH
ENSG00000067082,177.7537898678116,-0.14472531004381162,0.06947283640240991,-2.0831927633631393,0.037233656478994064,0.12716913871314886,,KLF6
ENSG00000166295,59.382336153784614,-0.10489336070626508,0.05038471378369671,-2.081848894817104,0.03735627402203424,0.12748326491522757,,ANAPC16
ENSG00000173486,39.425871854679336,-0.09733162629088571,0.04678446809296983,-2.0804260528829537,0.03748647169390425,0.12782272315298496,,FKBP2
ENSG00000108479,11.895133942480598,0.17640331144522056,0.08485311178456327,2.0789256602998547,0.03762418378369297,0.1281872273056206,,GALK1
ENSG00000173465,13.781396058305432,0.15928749087021676,0.0766902245477079,2.077024703078373,0.03779927928698262,0.1286783975727068,,ZNRD2
ENSG00000185122,13.621389196112085,-0.16550693814292503,0.07977129038305837,-2.07476821984661,0.038008021295041425,0.12928321225459716,,HSF1
ENSG00000006007,9.951355346073944,0.1973978015029542,0.09518692559284776,2.0737911249209042,0.03809871378083029,0.1293768121529694,,GDE1
ENSG00000135218,17.023137558514442,0.24095723828871343,0.11619706822784874,2.0736946462041943,0.03810767876465441,0.1293768121529694,,CD36
ENSG00000198840,1257.1647619306952,-0.14301975418836782,0.068979494236046,-2.073366234013807,0.03813820889012816,0.1293768121529694,,MT-ND3
ENSG00000164898,10.485091944663465,0.1728949267184688,0.08339790979611031,2.0731326137688484,0.03815993954608016,0.1293768121529694,,FMC1
ENSG00000023318,43.499466814167626,0.10278613103297932,0.04961179773827958,2.0718082335015118,0.03828332854601811,0.12968945175198318,,ERP44
ENSG00000181817,37.97469698974893,-0.10310970485865545,0.049779662575429054,-2.07132189179502,0.03832872478464646,0.12973758755421422,,LSM10
ENSG00000135932,9.839331006282672,0.218823116830234,0.10582468333901172,2.067789006551801,0.03865986789567875,0.13075207353335253,,CAB39
ENSG00000163320,18.87634759997602,0.1370692659371956,0.06629871381808211,2.067449849982033,0.03869178510914852,0.13075371734691946,,CGGBP1
ENSG00000108055,20.04288330953862,0.14419172246097112,0.06977361519507033,2.0665651630325526,0.03877514627729063,0.13092906535189044,,SMC3
ENSG00000197345,28.038277885914763,0.11822514899811436,0.057228767511118536,2.065834267270308,0.038844131267114716,0.13105562536187934,,MRPL21
ENSG00000152700,13.272171504087165,0.17569505882159767,0.08511571527398072,2.0641905934297706,0.03899964903813252,0.13147369529872877,,SAR1B
ENSG00000106399,25.844729257754775,0.13215844467719134,0.06406193365293172,2.0629793254943882,0.03911459250034262,0.1316559190211308,,RPA3
ENSG00000135124,11.41807151784641,0.1910494652822545,0.0926096585091017,2.06295399808086,0.03911699901685521,0.1316559190211308,,P2RX4
ENSG00000131100,30.827192690988937,0.12711111182859808,0.06164958799589991,2.061832300275093,0.0392237047386046,0.1319083360651537,,ATP6V1E1
ENSG00000164323,8.394231593724703,-0.21616672125435282,0.10486691767766447,-2.0613433296361108,0.039270297209766894,0.13195834926706806,,CFAP97
ENSG00000103550,10.229534277825438,-0.22942250547388607,0.111408003845715,-2.05930002831399,0.03946550577950994,0.13247789710010405,,KNOP1
ENSG00000166165,47.326330339278066,-0.2143543023101736,0.1041030494440447,-2.059058821570725,0.03948860394330024,0.13247789710010405,,CKB
ENSG00000125676,22.479118463912496,0.1392222034930546,0.06763064362398344,2.05856688673717,0.03953574761347529,0.1325291781402556,,THOC2
ENSG00000107099,41.61445581955994,0.12525070246835404,0.06087800240795576,2.0574049330499355,0.03964729103069774,0.13279607945869773,,DOCK8
ENSG00000223482,9.97303277560448,-0.2084058601336996,0.1015504292929941,-2.0522400701271817,0.040146337049698735,0.13430650963929666,,NUTM2A-AS1
ENSG00000144895,28.0265907651484,-0.13902992876247722,0.06775104909586498,-2.0520704936355383,0.04016281201713583,0.13430650963929666,,EIF2A
ENSG00000175768,15.742590689454497,-0.15746762337296008,0.07692703918846615,-2.046973665360691,0.040660670294442314,0.13586215937741367,,TOMM5
ENSG00000130640,20.774188517578754,-0.1861531381061259,0.09119425951507115,-2.04128131634603,0.041222873080017305,0.1376301380520642,,TUBGCP2
ENSG00000227507,101.3580935878591,-0.10738318597730528,0.05262652852807679,-2.0404763335285407,0.04130290587406177,0.13769519124670537,,LTB
ENSG00000266402,32.168039228948274,-0.1869531951118675,0.09162487981853033,-2.040419539781572,0.04130855737401161,0.13769519124670537,,SNHG25
ENSG00000066336,301.8956416914294,-0.06595973687420469,0.03234224637985176,-2.039429670392209,0.04140716371637278,0.13791337154532488,,SPI1
ENSG00000184602,24.395189752743647,-0.14939414451718386,0.07327853287595955,-2.0387163696367554,0.04147834304672323,0.1380399256594949,,SNN
ENSG00000070814,14.16486992186442,-0.22487679092226207,0.11034312827093984,-2.0379773026743706,0.04155220281971497,0.13806374141646646,,TCOF1
ENSG00000007312,79.05162451586999,-0.1154763593850841,0.05666560962755113,-2.0378561202126177,0.041564323992568486,0.13806374141646646,,CD79B
ENSG00000100100,13.539213570409332,-0.17901767907619973,0.08785501994625927,-2.037648835384756,0.04158506442183473,0.13806374141646646,,PIK3IP1
ENSG00000196704,9.289810281575855,-0.18208457525727076,0.08940924872814214,-2.036529529634203,0.04169721097760162,0.13832567597035308,,AMZ2
ENSG00000089818,8.637985603674414,-0.2143902947589827,0.105423478052177,-2.0336105269916724,0.041990879609336285,0.13918889177278004,,NECAP1
ENSG00000116747,14.924542019058963,-0.15603535610333788,0.076769165842819,-2.032526397679147,0.04210039417732661,0.1392583170545654,,RO60
ENSG00000119979,49.581349221045016,-0.10871106448607339,0.05348998755060312,-2.0323628675970333,0.04211693431511783,0.1392583170545654,,DENND10
ENSG00000168066,59.14525599788096,-0.11574127618854076,0.05695132924408956,-2.0322840173313854,0.0421249115356233,0.1392583170545654,,SF1
ENSG00000159479,9.547932859556031,0.20615174305267167,0.10147645779331584,2.0315228530400153,0.04220198369835226,0.1392583170545654,,MED8
ENSG00000119844,15.86639570022324,0.1761180768911831,0.08669476163462822,2.0314731082995077,0.04220702478349256,0.1392583170545654,,AFTPH
ENSG00000122862,570.0838716332817,0.10764908517868473,0.05299210718547774,2.0314173354515237,0.04221267735716514,0.1392583170545654,,SRGN
ENSG00000009307,56.58127510425906,-0.11938723694594544,0.058784435471589444,-2.0309327798792145,0.042261813985219436,0.13930994150436835,,CSDE1
ENSG00000235453,16.497232915408155,-0.15349037525687206,0.07561439287398977,-2.0299095109136354,0.04236573814701191,0.13954194037337256,,SMIM27
ENSG00000102007,36.89960763270868,0.15613378580273043,0.07702828233525745,2.0269669927621474,0.04266578838124199,0.14041905036864455,,PLP2
ENSG00000129084,57.96190444602003,0.08571634341551325,0.04231672800983788,2.025590054967996,0.04280681150671405,0.1407718070102217,,PSMA1
ENSG00000136810,52.625091343025495,0.11888910055916882,0.05871756456648256,2.0247621207885325,0.04289179638178377,0.1409398680475675,,TXN
ENSG00000090263,16.286985449499095,0.147165734722812,0.07269628151369854,2.0243915047440324,0.042929885157416706,0.14095368765181807,,MRPS33
ENSG00000168172,20.286511318386747,-0.16563498928266573,0.08185123109315166,-2.023610238606712,0.043010270738347525,0.14110625100278051,,HOOK3
ENSG00000167978,64.8522491875302,-0.12173148014725894,0.06022044245633344,-2.0214311815381945,0.043235149579254735,0.14173224763569717,,SRRM2
ENSG00000179344,119.2160791817163,0.2435434635873722,0.12053964858301706,2.0204427875002553,0.04333747898391731,0.14193027825512244,,HLA-DQB1
ENSG00000096401,15.515143661565938,0.17357304322085546,0.08591921313970882,2.0201889295542923,0.04336379414958188,0.14193027825512244,,CDC5L
ENSG00000111897,24.211903205164894,0.1351924145913568,0.06695596469413648,2.019124288761028,0.043474302945763474,0.14218011026287425,,SERINC1
ENSG00000165119,123.87039755819272,-0.06753815057113456,0.033472708352270605,-2.0177079745192814,0.04362168382274816,0.14255004297143156,,HNRNPK
ENSG00000153914,18.794823956715014,-0.15044979588085783,0.07457985821293149,-2.0172979606814425,0.0436644283199503,0.14257772512636832,,SREK1
ENSG00000128245,48.00203668686469,0.12332743811819892,0.06117020883320953,2.0161356397273567,0.04378579417770974,0.14286188531707647,,YWHAH
ENSG00000155957,133.89720098234474,0.07814621785857587,0.03879534054152913,2.0143196777696257,0.043975981295923415,0.143307187762803,,TMBIM4
ENSG00000145779,15.261815334147817,0.17827026797851686,0.08850783861280717,2.0141749112007012,0.043991172781995054,0.143307187762803,,TNFAIP8
ENSG00000172794,11.195167422610606,-0.20319806769781187,0.10090232657235604,-2.013809538396526,0.04402953390546826,0.14331992257179027,,RAB37
ENSG00000235568,9.47582210691195,0.193399501642655,0.09639485862215104,2.0063259016826107,0.04482148826799146,0.14571643028755316,,NFAM1
ENSG00000181904,11.544730605359822,-0.18097398365403425,0.0902077330539316,-2.0061914597259323,0.04483582470386251,0.14571643028755316,,C5orf24
ENSG00000261740,16.527741833666628,0.1674175563051778,0.08349498083723722,2.0051212016149433,0.04495009141152496,0.14597375509129104,,BOLA2-SMG1P6
ENSG00000165475,10.680647325441848,-0.19168863308297923,0.09580255296120474,-2.000871867794625,0.04540619997361292,0.14731266746552252,,CRYL1
ENSG00000182362,8.632900668381485,-0.26446332528493344,0.1321905935349265,-2.00062136202648,0.045433209701506105,0.14731266746552252,,YBEY
ENSG00000162702,11.749053099133237,0.2348863876814812,0.11748175452320612,1.9993435460234312,0.045571195613817464,0.14758003529615069,,ZNF281
ENSG00000102974,8.242585983698993,0.21433145595355071,0.10720856327722084,1.9992008977802505,0.04558662147970039,0.14758003529615069,,CTCF
ENSG00000150991,473.8542541293895,-0.08134022418510102,0.040714692057852095,-1.9978101288233623,0.04573724881751138,0.14795253116706636,,UBC
ENSG00000108774,63.624822020306446,-0.09629757606269504,0.04823098250994645,-1.9965916315894257,0.045869562668219586,0.1482652530689926,,RAB5C
ENSG00000126749,12.434673709077185,0.1886871012437047,0.09454243544737108,1.99579268664748,0.045956493189477254,0.1484309096802992,,EMG1
ENSG00000112343,28.306071442859324,0.15360592295527772,0.07702512935428378,1.994231288450733,0.046126784321500185,0.14886533962563286,,TRIM38
ENSG00000143799,20.40647251189653,-0.16905129314854833,0.08480107251671906,-1.993504187287476,0.046206265484831394,0.1489267876437489,,PARP1
ENSG00000136448,20.1958346283264,0.15524761056407846,0.07788072621834763,1.9934021946434324,0.04621742376155765,0.1489267876437489,,NMT1
ENSG00000101109,50.18570288101744,-0.1050181627577419,0.052705318252089094,-1.99255343180817,0.046310368792741224,0.14911078496734015,,STK4
ENSG00000188641,14.832823461849262,0.19314577453054937,0.09702458580399223,1.9906889880544285,0.04651509010202781,0.14965411819368576,,DPYD
ENSG00000162909,28.764534326870805,0.1324247754190469,0.06653739181467942,1.9902309334257895,0.046565502225896546,0.14970053265821456,,CAPN2
ENSG00000107872,20.91250976801268,-0.12147317439062362,0.06111967866848157,-1.9874642183494555,0.04687097732064855,0.1505662283041683,,FBXL15
ENSG00000163946,10.295947764195846,0.1849584631416709,0.09312422422502285,1.9861476933729105,0.047016926847840514,0.15091853062269794,,TASOR
ENSG00000172725,42.02991835380611,-0.11534762554605,0.058128707053084566,-1.9843487218924674,0.04721697822149388,0.15144381603809912,,CORO1B
ENSG00000155629,46.551424654607736,0.12756693443182898,0.0643462168325146,1.9825086961036145,0.04742233507315184,0.15190678105099675,,PIK3AP1
ENSG00000204642,61.2743431696967,0.12032587487745623,0.060697716229911866,1.9823789485206296,0.047436843908362315,0.15190678105099675,,HLA-F
ENSG00000170540,34.33114369967804,0.1166104222736992,0.058832503217870244,1.9820748038182918,0.04747086907843648,0.15190678105099675,,ARL6IP1
ENSG00000065000,8.62869048690588,0.20287745445347508,0.1023875144373198,1.981466740045475,0.04753895570143904,0.15200772922212635,,AP3D1
ENSG00000081087,12.865194584570348,0.18094724144913607,0.09142367679434799,1.9792164108228323,0.04779164601750889,0.15269834672260904,,OSTM1
ENSG00000108424,25.19031888560755,-0.1283836426663561,0.06488981136007844,-1.9784869145935038,0.047873803338643106,0.15284345501823124,,KPNB1
ENSG00000148572,11.316741966753046,0.1975205307722839,0.0998639062562156,1.9778971019370681,0.04794031596727102,0.15293843130663146,,NRBF2
ENSG00000127483,50.871231778193604,-0.12156460734017856,0.061497768803141284,-1.9767319970471688,0.048071931993892494,0.15310036114649292,,HP1BP3
ENSG00000117899,14.310134911559107,0.15088858427387655,0.07633389472514404,1.9766918066631092,0.04807647751074733,0.15310036114649292,,MESD
ENSG00000141279,8.281171715053727,-0.21240170662938573,0.10747124212525756,-1.9763585348890997,0.04811418433454777,0.15310036114649292,,NPEPPS
ENSG00000107874,13.365436553425202,0.14847195278032616,0.07513209105166736,1.9761456216921198,0.0481382866297146,0.15310036114649292,,CUEDC2
ENSG00000156603,8.171858037335022,0.20397235917408138,0.10328427803395951,1.974863580950975,0.048283631312989295,0.153445306540898,,MED19
ENSG00000103507,14.036856920462565,0.15369277682546592,0.07785246905098368,1.9741541751850706,0.04836421479764657,0.1535840714184807,,BCKDK
ENSG00000257949,10.060166995614537,-0.18397139960008355,0.09321890876927208,-1.9735416561830252,0.04843388347756211,0.15368799028730618,,TEN1
ENSG00000144579,17.6065962578106,-0.13662076419931585,0.06926717837161687,-1.9723737477272207,0.048566956437441695,0.15399278870408342,,CTDSP1
ENSG00000062716,70.93712903725884,0.09559701287751866,0.04850454097857977,1.9708878993357657,0.04873669952703444,0.1544133054321883,,VMP1
ENSG00000044115,16.876602143297642,0.15236805736717005,0.0773326288503893,1.9702945526647904,0.04880462238592822,0.15451082886260378,,CTNNA1
ENSG00000103490,245.55330304007333,0.05802067523219527,0.02945688320627644,1.969681409465367,0.04887489490989217,0.1546065957631499,,PYCARD
ENSG00000170873,73.91371121969233,-0.12148733705908528,0.061688040188424366,-1.969382341990533,0.04890920192891953,0.1546065957631499,,MTSS1
ENSG00000104529,408.33505848442576,-0.05594799933596304,0.028442679337338263,-1.96704391567348,0.04917814811555975,0.15533872145841196,,EEF1D
ENSG00000100092,27.44005913440475,-0.11815867437121862,0.060105045178895616,-1.965869487653377,0.049313688461093366,0.1556486676768956,,SH3BP1
ENSG00000138688,14.114312264266262,0.18526090295039596,0.09447251626050872,1.961003160321649,0.0498786542369255,0.1573125107093329,,BLTP1
ENSG00000108654,324.3293397171671,-0.07602144842021749,0.038780057767630015,-1.9603232381895295,0.04995802157240858,0.15732622793918483,,DDX5
ENSG00000114023,24.955576701173975,-0.12142685075507031,0.061951016072257725,-1.9600461534552047,0.04999039603741801,0.15732622793918483,,FAM162A
ENSG00000106400,57.99656245352304,0.0855228769786593,0.04363424845239721,1.9599942708297244,0.04999645993644287,0.15732622793918483,,ZNHIT1
ENSG00000166340,38.411701631355406,0.12424608822655893,0.06340194307851633,1.9596574204783253,0.05003584508317521,0.15732832067758684,,TPP1
ENSG00000004779,49.15047429846675,0.0947645804827035,0.04836551600070366,1.9593418683122246,0.05007276360027042,0.15732832067758684,,NDUFAB1
ENSG00000153574,19.184284367678202,-0.12356797338518584,0.06311876395635097,-1.9577058490980241,0.050264538516450505,0.15781168319127103,,RPIA
ENSG00000169189,16.008949892919155,-0.13492511183019537,0.0689591254898006,-1.9565954595835395,0.050395049266283874,0.1580646397927065,,NSMCE1
ENSG00000100823,17.90312439607531,-0.15083193259685534,0.07709769422977031,-1.9563741056553345,0.05042110024156767,0.1580646397927065,,APEX1
ENSG00000234769,28.756366197491495,-0.14920403178071198,0.07629511792066189,-1.9556170282857013,0.050510285417764964,0.15822499046528782,,WASH4P
ENSG00000111229,586.8604535093189,-0.04467791451489269,0.022860104258280462,-1.9544055447039053,0.05065327549572758,0.1584515124041744,,ARPC3
ENSG00000137106,16.35020705522335,-0.153285083857856,0.07843548319025465,-1.9542823939267984,0.05066782981648388,0.1584515124041744,,GRHPR
ENSG00000100938,11.996422834884457,-0.15399378223896684,0.07880802592109948,-1.954036793069038,0.05069686610816253,0.1584515124041744,,GMPR2
ENSG00000105698,11.850919707396745,0.17394104569372335,0.08903847807086332,1.953549178539287,0.050754555906650366,0.15848403795280103,,USF2
ENSG00000136938,94.45638884694291,-0.08508424501637109,0.043559119337591684,-1.9533049866539214,0.05078346696901052,0.15848403795280103,,ANP32B
ENSG00000264364,8.225131948623238,-0.22339885698530004,0.11471987021712593,-1.947342309248446,0.05149370951320539,0.16058008363938112,,DYNLL2
ENSG00000072518,7.963322934859078,0.2228033079112428,0.11445196132394782,1.9466971586499469,0.05157105247252015,0.16070080770463208,,MARK2
ENSG00000074071,29.148543623346434,-0.10664809136470797,0.05482944465207952,-1.9450879366268232,0.05176439554147771,0.1611825489914276,,MRPS34
ENSG00000123505,24.824318966456705,-0.13053875610107654,0.06715074030206955,-1.9439660011768092,0.0518995511513127,0.16148252265479493,,AMD1
ENSG00000081019,9.808106861311368,0.1898647792758357,0.09770689950130299,1.943207493482113,0.0519910930645073,0.16164644779398382,,RSBN1
ENSG00000164329,13.882230502057592,0.17105510449351063,0.08808112807342944,1.9420176402703355,0.0521349648098747,0.1618581689069462,,TENT2
ENSG00000060762,49.58302849259204,-0.10276217079189649,0.05291561777527118,-1.9420007761852092,0.052137006330602864,0.1618581689069462,,MPC1
ENSG00000153015,10.465453938670436,-0.17906272945632287,0.09225164700317108,-1.9410247434408159,0.05225527619437921,0.16210436164699293,,CWC27
ENSG00000123146,77.75133284663472,0.10351597538903748,0.053351232521151426,1.9402733638439922,0.05234647668867232,0.1622662764715923,,ADGRE5
ENSG00000015475,151.85943450784353,-0.08009133302215181,0.041301738523185576,-1.9391758285717418,0.05247993181842204,0.1625588357145463,,BID
ENSG00000148335,13.206304013978961,-0.14518491518006577,0.07495234164611393,-1.9370297443881554,0.05274170754228142,0.16324814239277582,,NTMT1
ENSG00000204472,2012.2443001847732,0.051052362584221446,0.026379988795513645,1.9352685469261364,0.05295734994187862,0.1636779716600833,,AIF1
ENSG00000232956,30.155176015170895,-0.2057470897153705,0.10631534914577775,-1.9352529184967797,0.052959266791940414,0.1636779716600833,,SNHG15
ENSG00000095015,41.09004096260075,-0.14212687099328206,0.07352183105879578,-1.933124746031182,0.05322083232021461,0.16436426314186545,,MAP3K1
ENSG00000100221,8.272816892766894,-0.21153711415307366,0.1096257909505838,-1.9296290801534888,0.05365281297502317,0.16557445987884067,,JOSD1
ENSG00000189403,184.1435879731826,-0.06216827754836772,0.032223050246913416,-1.9293107595958485,0.05369229480205675,0.16557445987884067,,HMGB1
ENSG00000148834,100.68923639485524,0.07163486209964343,0.03714948411290162,1.9282868607794583,0.05381945520816152,0.1658436545673718,,GSTO1
ENSG00000145012,22.560646858836066,-0.15317497901698698,0.07957765357855262,-1.9248491521025441,0.05424823277276218,0.16698505249988652,,LPP
ENSG00000113391,9.344917189844608,-0.1886960293268112,0.0980405092206464,-1.9246741048859586,0.05427014206246312,0.16698505249988652,,ARB2A
ENSG00000112245,18.533541630002304,0.16994461725932566,0.08836938443819854,1.923116454185296,0.05446542635380512,0.16746206476853606,,PTP4A1
ENSG00000006125,24.136008199288938,0.14988996581396252,0.07796974015986546,1.9224120217232383,0.05455393409382082,0.16758304920020922,,AP2B1
ENSG00000129534,60.29485479724268,0.12508523859725593,0.0650812109328283,1.9219869575930149,0.05460739888245258,0.16758304920020922,,MIS18BP1
ENSG00000197629,50.45393077225068,0.11635312156407111,0.0605424978877935,1.9218421046933727,0.05462562853737589,0.16758304920020922,,MPEG1
ENSG00000174004,9.431475068201665,-0.20390086532189974,0.10618206946052812,-1.9202947009588789,0.054820685339117166,0.16805751732551763,,NRROS
ENSG00000071537,11.199292729985189,-0.1682767593207535,0.08765734692203918,-1.9197108426110103,0.05489443392068591,0.1681596797570349,,SEL1L
ENSG00000153406,8.206109830172137,-0.19636490138904508,0.1023514333449215,-1.9185359205210228,0.05504309196188502,0.1684909952622823,,NMRAL1
ENSG00000162924,64.98151052890172,-0.16313666592540216,0.08506669314139703,-1.917750178136559,0.05514269586194026,0.1686717755776996,,REL
ENSG00000128989,16.665907110832237,0.14578505281910595,0.0760971591232292,1.9157752339088832,0.055393711410610634,0.16931509145344617,,ARPP19
ENSG00000154127,9.966194020661629,-0.21400470634570395,0.11176944071891683,-1.9146978366286482,0.05553104964800869,0.16961025443150965,,UBASH3B
ENSG00000130204,7.910328003021372,-0.19463877350034545,0.10180270096010137,-1.9119215076290412,0.05588626256699709,0.17041750711851922,,TOMM40
ENSG00000104915,41.46941543836083,-0.09389982348926897,0.04911803215544746,-1.9117179448903256,0.0559123813725672,0.17041750711851922,,STX10
ENSG00000175348,34.27687271681537,-0.1002288254101574,0.0524299209164718,-1.9116722600027558,0.055918244523264125,0.17041750711851922,,TMEM9B
ENSG00000170310,21.297861850674924,0.12030713433706909,0.06298624059301206,1.910054215085452,0.05612623319980751,0.17077230744055164,,STX8
ENSG00000214413,9.33506041542994,0.17979676003473186,0.09414356901110035,1.9098145728204996,0.05615709228515544,0.17077230744055164,,BBIP1
ENSG00000213889,33.90932565421248,-0.23765632378912324,0.12443984188143933,-1.90980895021991,0.05615781648525833,0.17077230744055164,,PPM1N
ENSG00000100461,16.961945226696287,-0.1653478668929531,0.08669125089505669,-1.907318964552876,0.05647929585522347,0.17162444905604796,,RBM23
ENSG00000204386,15.011059754111146,-0.23406805142085088,0.12278918358107374,-1.9062595303136232,0.05661654206460045,0.17187850624424844,,NEU1
ENSG00000187764,11.001347214164985,0.18652460286904202,0.09786621970025716,1.9059140471587246,0.05666135823961328,0.17187850624424844,,SEMA4D
ENSG00000072062,20.3057957262726,0.1517455630600784,0.07962646847311278,1.9057176083517735,0.05668685350170886,0.17187850624424844,,PRKACA
ENSG00000181924,12.490866087005006,0.1571212014198291,0.08247936446989877,1.9049758982705451,0.056783204140349465,0.17204525070928897,,COA4
ENSG00000116044,23.9750520740067,-0.18994065113492675,0.09983159410646672,-1.9026106197639399,0.057091372399069924,0.17285306344987691,,NFE2L2
ENSG00000121774,41.89178361580214,-0.09906761732861923,0.05208732103984469,-1.9019526316747317,0.05717734750878749,0.17298746591749523,,KHDRBS1
ENSG00000055917,10.778759116973955,0.19144230923809732,0.1006888698416531,1.9013254348684847,0.057259399538993186,0.17310981255974683,,PUM2
ENSG00000135655,44.183524973407465,0.11552684067627611,0.06079108373402444,1.9003912018040954,0.05738180065771292,0.1732814481507294,,USP15
ENSG00000213741,1670.9289878721377,-0.08422034438257794,0.044324765338899966,-1.900074230255769,0.057423378961502104,0.1732814481507294,,RPS29
ENSG00000102158,11.906882356593636,0.1646863069809522,0.08667978956491192,1.8999389339498056,0.057441133894196125,0.1732814481507294,,MAGT1
ENSG00000104979,86.12041580126314,0.06603338583711423,0.03476311729472003,1.8995242940178918,0.057495575521723456,0.17331999577563012,,C19orf53
ENSG00000101745,39.288674613021975,-0.12440200467886113,0.06551605005775286,-1.8988019663761762,0.05759051857188155,0.17348049041204,,ANKRD12
ENSG00000053501,9.070673141807434,-0.17560711307796528,0.09255070727747715,-1.8974151386166715,0.05777316917366414,0.17390476393809176,,USE1
ENSG00000153179,15.862741175074728,0.16414687874288927,0.08656908161491426,1.8961374624841782,0.05794186999231716,0.17428646360668068,,RASSF3
ENSG00000136908,10.818091827805207,0.16927172351399314,0.08937396562737422,1.8939712736898757,0.0582288229269232,0.1750230515722547,,DPM2
ENSG00000197728,456.2086993284017,-0.25146895909582245,0.13286220590227527,-1.8927049824898028,0.0583971134480832,0.1754021602483943,,RPS26
ENSG00000136603,18.24872768459821,-0.16137663336676275,0.08528663732995988,-1.8921678520683525,0.058468620195675614,0.1754902308903395,,SKIL
ENSG00000014641,29.851673903891463,0.10978239380705462,0.05803002509749124,1.8918205467362574,0.0585148947370557,0.17550249611114038,,MDH1
ENSG00000163694,11.070501027485582,0.17794369934942178,0.0941165658777029,1.8906735247931346,0.05866793872168258,0.17559672370276933,,RBM47
ENSG00000102978,12.460874304332505,-0.1576709138407851,0.08340197152341852,-1.890493845178618,0.05869194296600428,0.17559672370276933,,POLR2C
ENSG00000138670,19.10842769272894,-0.26636097926351476,0.1409048459790091,-1.8903606715073173,0.05870973952485073,0.17559672370276933,,RASGEF1B
ENSG00000149577,18.908658838529625,0.1886791877238967,0.0998133501290225,1.8903201573737667,0.0587151544881135,0.17559672370276933,,SIDT2
ENSG00000170684,8.815471952809503,-0.20453762707520598,0.10826410204999658,-1.8892469729324508,0.05885874325523447,0.1758996924869076,,ZNF296
ENSG00000125652,35.477190383254325,-0.10560844237892564,0.05593524695467488,-1.8880482008866724,0.05901947984937847,0.17625343587466938,,ALKBH7
ENSG00000014914,20.746967899109688,0.16266704757910005,0.08618627577135494,1.8873892174044309,0.05910799433346478,0.17639114521320912,,MTMR11
ENSG00000060971,46.85287661066766,-0.09498741667763873,0.05036678340011503,-1.8859138953356667,0.05930655872309585,0.1768568346151102,,ACAA1
ENSG00000132406,8.246939761582421,0.19578764136137136,0.10395886887108227,1.883318311246388,0.059657243338566104,0.17777516639572707,,TMEM128
ENSG00000118418,51.132983272660226,-0.09355960386640355,0.049724095979809285,-1.8815747581292155,0.059893776123312314,0.17833914808538548,,HMGN3
ENSG00000099940,26.462220093825493,0.1272694093772146,0.06767321907858072,1.8806466000890547,0.060020008196703445,0.17833914808538548,,SNAP29
ENSG00000068366,13.504987259311337,0.17995310265629982,0.09569273360245246,1.880530484204789,0.06003581579471228,0.17833914808538548,,ACSL4
ENSG00000083937,28.79724345028142,0.1158543759763112,0.061607825604697464,1.880513958075442,0.060038065883013414,0.17833914808538548,,CHMP2B
ENSG00000171840,9.115285320668452,-0.21851262822851314,0.11622181428371331,-1.8801343755922961,0.06008976657140279,0.17833914808538548,,NINJ2
ENSG00000173473,14.504787549745783,-0.15576387516663615,0.08286503324475052,-1.8797298337716382,0.060144907454731174,0.17833914808538548,,SMARCC1
ENSG00000137547,11.496331933875991,0.16998302315121316,0.09043009137939981,1.8797174763215565,0.06014659249129708,0.17833914808538548,,MRPL15
ENSG00000132359,9.488736437340178,-0.1870893780748568,0.0995833122246691,-1.878722186431859,0.060282436768030585,0.17855369243481237,,RAP1GAP2
ENSG00000121966,100.73039441702784,0.29508031990806766,0.15707805163179783,1.8785585690848587,0.06030479275743062,0.17855369243481237,,CXCR4
ENSG00000099917,8.893074249551931,0.17721525229924204,0.09437570909214048,1.8777633991202547,0.0604135393412804,0.1787484521050686,,MED15
ENSG00000136279,58.29559919157571,-0.0860360601253418,0.0458426472039202,-1.8767690212703183,0.06054975805791836,0.17892398788465733,,DBNL
ENSG00000147654,8.884464510721047,0.1775897820918186,0.09462863074279455,1.876702438763134,0.06055888820711478,0.17892398788465733,,EBAG9
ENSG00000101444,8.064747298093893,-0.2030279409928498,0.10827006084073684,-1.875199287931499,0.060765312103116836,0.1794064573094152,,AHCY
ENSG00000000938,115.95393187598539,0.07070727847110816,0.037730387427965986,1.874014111466545,0.06092848014691197,0.17976062227741402,,FGR
ENSG00000162368,28.590631600876968,-0.1520548395927006,0.08116222835182899,-1.8734680242336403,0.06100378424931369,0.17985523917586463,,CMPK1
ENSG00000124214,15.464216227488535,0.14475883716487395,0.07728320382665395,1.8730957051103587,0.061055170340399596,0.17987925539381183,,STAU1
ENSG00000122958,15.701784882492477,0.14906316535105105,0.07964462611750457,1.871603554659533,0.0612614712698872,0.18031003109139915,,VPS26A
ENSG00000103254,21.58797661870565,-0.11520941305370021,0.06156642529906666,-1.8713026214215944,0.061303147409175245,0.18031003109139915,,ANTKMT
ENSG00000203667,21.923864805056972,-0.12368573493136402,0.06610326976232397,-1.8710985912811773,0.061331416825560044,0.18031003109139915,,COX20
ENSG00000100348,36.00201552437694,0.09499081495271136,0.050791286235928754,1.8702187322343635,0.06145344946363249,0.18054120746377905,,TXN2
ENSG00000085224,32.40282062877818,0.1212849892719559,0.06488112150668912,1.8693417508119312,0.061575282976071566,0.1807517609438691,,ATRX
ENSG00000149781,30.685510454225582,0.10133863320433446,0.05421852631214899,1.869077603122294,0.06161201851404,0.1807517609438691,,FERMT3
ENSG00000108405,20.887369249391718,-0.20463745381930676,0.10951911071575256,-1.8685090892531595,0.061691144402142926,0.18080832239114975,,P2RX1
ENSG00000089048,12.866274141603393,0.14692517936164448,0.07866240166669444,1.8677942225078594,0.06179075908289176,0.18080832239114975,,ESF1
ENSG00000189227,10.183906974703447,-0.16162737382724335,0.0865381214325141,-1.8677014378372758,0.06180369812302639,0.18080832239114975,,C15orf61
ENSG00000112110,25.733081710262315,0.13532189830372662,0.07245411452451136,1.867691009569194,0.061805152509667054,0.18080832239114975,,MRPL18
ENSG00000197747,375.905781481884,0.08679293340250378,0.046481895414623095,1.8672416997693886,0.06186784276401311,0.1808645297950067,,S100A10
ENSG00000168101,11.914603747687439,-0.1633046855828979,0.0875254302879381,-1.865797003746955,0.062069771699592394,0.18132742294262946,,NUDT16L1
ENSG00000122674,21.503648157484843,-0.13884902995092338,0.07459162922789592,-1.861455921906534,0.06267981971069556,0.18292510128425954,,CCZ1
ENSG00000004700,12.642754860916524,0.19274659188932053,0.10355592304151386,1.8612802264536004,0.06270461404599859,0.18292510128425954,,RECQL
ENSG00000106609,13.49498147624229,0.1453637813406981,0.07813119708056533,1.8605088207058391,0.06281357166512877,0.1831145466902142,,TMEM248
ENSG00000135905,12.455570891819582,0.17976142068869216,0.09664499387576547,1.860017922084724,0.06288299037311791,0.1831885433838729,,DOCK10
ENSG00000159202,9.741645048851277,0.19771682302263033,0.10641179025478838,1.8580349277953563,0.06316405444977934,0.1838785629888608,,UBE2Z
ENSG00000102316,14.546146844825241,-0.1600144661084615,0.08615840281073109,-1.857212539791088,0.06328092162747793,0.18408995382539037,,MAGED2
ENSG00000180628,53.2803108832412,0.08749341261014916,0.04714452313788736,1.8558552889431117,0.06347418738913645,0.18452314433180125,,PCGF5
ENSG00000148110,11.812677813890128,0.18911181461585275,0.10191979826634892,1.8554963592220157,0.06352537865274241,0.18454299943813438,,MFSD14B
ENSG00000170632,9.372695799436595,0.17382256173109623,0.09374799309054109,1.8541470169203487,0.0637181297401535,0.1849737751005154,,ARMC10
ENSG00000267855,23.573931332672068,0.16486956534511732,0.08894442977940357,1.8536244006962574,0.06379291418912997,0.18506173153889866,,NDUFA7
ENSG00000160799,60.76553921246006,-0.09087849428875491,0.04909347759810433,-1.851131733480295,0.06415060380383762,0.18596969465084637,,CCDC12
ENSG00000167604,8.413736695917768,0.22913485775878212,0.12389250582616833,1.8494650360876363,0.06439069196874898,0.18653570932450958,,NFKBID
ENSG00000183431,12.069950663471118,0.14981589995325323,0.08119393790889937,1.8451611513331028,0.06501409984488618,0.1881590944691409,,SF3A3
ENSG00000260916,23.879561630938035,0.13023004016492185,0.07059759796025891,1.8446808946422155,0.06508397167836924,0.1881590944691409,,CCPG1
ENSG00000122566,200.63766453554257,-0.061207206880331044,0.033180721675074874,-1.8446617128978682,0.06508676368776292,0.1881590944691409,,HNRNPA2B1
ENSG00000212694,8.782540573799583,-0.1911804855784214,0.1037271063902641,-1.8431101785402328,0.06531292552254003,0.1886817848428934,,LINC01089
ENSG00000103266,29.526734151133446,-0.09332902000584975,0.05065018700570192,-1.8426194555874649,0.06538459127779277,0.18875773748481467,,STUB1
ENSG00000139343,44.47215361784468,-0.08833555135989828,0.047950330257787915,-1.8422303013346013,0.0654414699105577,0.18879092567816924,,SNRPF
ENSG00000101940,13.643265556739598,-0.13720635524669225,0.07455123349208338,-1.8404303835061595,0.06570507616966428,0.18935889496164116,,WDR13
ENSG00000134056,36.6153029029749,0.09698173834673778,0.05269988524203028,1.8402646969976877,0.06572938565495429,0.18935889496164116,,KGD4
ENSG00000161203,50.553241550411975,-0.08574468605482663,0.04662014926569385,-1.8392194663761658,0.06588291260513778,0.18954011903687357,,AP2M1
ENSG00000116954,8.274612247860935,0.18991342003634085,0.10325780980156948,1.8392160399421353,0.06588341637675942,0.18954011903687357,,RRAGC
ENSG00000163634,31.688553514545877,0.09387703527488117,0.05106602104341605,1.8383463868286787,0.06601137986294052,0.1897770146716189,,THOC7
ENSG00000120688,9.071988110911493,0.18163399088929527,0.09890786637481103,1.8363958049705964,0.06629913956033642,0.19029582196233757,,WBP4
ENSG00000182670,19.633084482495462,-0.13496449216318945,0.07350071490336828,-1.8362337337892274,0.0663230955483422,0.19029582196233757,,TTC3
ENSG00000149182,13.616887568764586,-0.15664637176560456,0.08531039263289607,-1.836193304603325,0.06632907255898786,0.19029582196233757,,ARFGAP2
ENSG00000110324,44.918394177283254,-0.12824339331484874,0.0698608370254773,-1.8356979213987965,0.06640234555506724,0.19037474673265317,,IL10RA
ENSG00000129636,8.937038053009925,0.18387116795398709,0.10025593273996335,1.8340178274626295,0.06665134787196947,0.1909570297158354,,ITFG1
ENSG00000172354,91.77158955302002,-0.06446155764799733,0.03515406895428863,-1.8336869547538768,0.06670047616480429,0.19096626348629445,,GNB2
ENSG00000163660,96.31393353782197,-0.12136128256875758,0.06619582770436223,-1.8333675516645895,0.06674792972112999,0.19097069301231137,,CCNL1
ENSG00000111196,8.557814911784495,0.181396265952742,0.09908577487557917,1.8306993731493661,0.06714542670931999,0.19191710310891646,,MAGOHB
ENSG00000157191,33.577996262250515,-0.10103522663549398,0.05519457375223127,-1.8305282524518016,0.06717098608812076,0.19191710310891646,,NECAP2
ENSG00000173418,18.85745414443945,-0.11696185899001571,0.0639140727114944,-1.8299860113433382,0.06725203062517973,0.19201677927299088,,NAA20
ENSG00000089053,21.499081573456518,-0.11246208300372505,0.061572076618607995,-1.8265111261447584,0.0677733068756294,0.19337239821853106,,ANAPC5
ENSG00000154813,14.142162891128,0.14319944205816362,0.07845863615547452,1.825158441123014,0.0679771232163769,0.1937732080997261,,DPH3
ENSG00000116473,71.64242586661362,0.075269837481,0.041244632206668415,1.8249608119630751,0.06800694322730771,0.1937732080997261,,RAP1A
ENSG00000113621,9.518007165085388,0.16525864729643622,0.09061516674629458,1.8237415791456781,0.0681911496978349,0.1941650805906866,,TXNDC15
ENSG00000172322,134.44098877173306,0.19381732748880406,0.10633144265304048,1.8227658973952798,0.06833885485424679,0.1944525555360237,,CLEC12A
ENSG00000137486,22.746637682966888,0.12165648399062108,0.0667570474628909,1.8223766420803411,0.06839785625058079,0.19448741080137802,,ARRB1
ENSG00000142327,13.32814848771269,-0.14896417286874125,0.0818630837195985,-1.8196745846880231,0.06880857594315883,0.19552163655979557,,RNPEPL1
ENSG00000084073,8.073403688476237,0.20741959897366655,0.11404619054072182,1.8187332517661292,0.06895213609980619,0.19574909009379318,,ZMPSTE24
ENSG00000163636,20.36674999627848,0.10926434748505816,0.06008382201525684,1.8185319079287785,0.06898287443260845,0.19574909009379318,,PSMD6
ENSG00000105372,4232.134697109882,-0.05590491877084298,0.03075121152395055,-1.8179745122334932,0.0690680284598121,0.19574909009379318,,RPS19
ENSG00000198612,9.81405276247801,0.15934673288853135,0.08765347700263774,1.8179168509622972,0.06907684236963663,0.19574909009379318,,COPS8
ENSG00000077232,8.737216246296997,-0.19789372622060222,0.10894359551754969,-1.8164787501319763,0.06929696473036123,0.196105934565381,,DNAJC10
ENSG00000058063,8.130746565596597,-0.20279712363901878,0.11164302637945261,-1.8164782003468034,0.0692970489930553,0.196105934565381,,ATP11B
ENSG00000253738,9.728101846492939,-0.19433578863359838,0.10701908789943404,-1.815898382690534,0.06938596146217928,0.19622406504599985,,OTUD6B-AS1
ENSG00000107223,156.23922764053654,-0.05278545314371686,0.029079631828915545,-1.815203626176218,0.06949262265769342,0.19630752874128526,,EDF1
ENSG00000108671,15.232514537668393,0.1295858663977372,0.07139357343730564,1.8150914733457515,0.06950985332594067,0.19630752874128526,,PSMD11
ENSG00000269858,12.32565569486641,0.1683567650157146,0.09278940348747446,1.81439645787184,0.0696167106979184,0.1964146244732759,,EGLN2
ENSG00000100219,19.202089170372524,0.142259180513486,0.07841294655312901,1.814230771408363,0.06964220459088509,0.1964146244732759,,XBP1
ENSG00000115762,20.72240330893993,-0.11841951877178734,0.06529523614766158,-1.8136012021457144,0.06973914524297235,0.1964320946794416,,PLEKHB2
ENSG00000233927,1469.1984673943948,-0.05925142521778841,0.032674404257076316,-1.8133896107671583,0.06977175080251972,0.1964320946794416,,RPS28
ENSG00000105887,133.34270454699143,0.08817257746039378,0.048634346054935974,1.8129693233830377,0.06983655286942093,0.1964320946794416,,MTPN
ENSG00000065548,52.635429664356245,0.07690971817076525,0.042422073034438575,1.812964635375771,0.06983727596896493,0.1964320946794416,,ZC3H15
ENSG00000131732,7.958645903696123,0.19649193292080813,0.10862994196340599,1.8088192755087733,0.07047908469550006,0.19810337319816235,,ZCCHC9
ENSG00000229809,9.66356608287869,0.16561546082183065,0.09162166695134467,1.8076014804421763,0.07066854766279523,0.19850179492047815,,ZNF688
ENSG00000162032,18.1062010016468,-0.11547079904760642,0.063906808627988,-1.8068622346607988,0.07078376216846088,0.19860213787231254,,SPSB3
ENSG00000112081,96.22894366256344,-0.0792450638013439,0.04386032252415921,-1.806759714493527,0.07079975251553834,0.19860213787231254,,SRSF3
ENSG00000081189,77.07525337835503,-0.12095176620677736,0.06700180768287996,-1.8052015369382708,0.0710431505364305,0.199122343257869,,MEF2C
ENSG00000140367,9.405635849203277,-0.18824664654225498,0.10429407884990523,-1.8049600573506197,0.07108093262931141,0.199122343257869,,UBE2Q2
ENSG00000183011,83.66478753334188,-0.07474914758666888,0.04143501100618894,-1.8040093575817797,0.07122984001122822,0.19934221364068724,,NAA38
ENSG00000101152,9.766627485869394,-0.1713110398729734,0.09496981558236815,-1.8038472415942917,0.0712552576162745,0.19934221364068724,,DNAJC5
ENSG00000213015,15.308394976072439,-0.1448823999538514,0.0803740353280998,-1.8026020388601622,0.07145073660039869,0.19961450942776593,,ZNF580
ENSG00000143368,14.947376267606248,-0.1416495299802456,0.07858616624675535,-1.802474108935095,0.07147084463664796,0.19961450942776593,,SF3B4
ENSG00000072736,11.813041065558405,-0.1551200611920684,0.08608011839489406,-1.8020428420004302,0.07153866537984019,0.19961450942776593,,NFATC3
ENSG00000171202,16.98592150021307,0.1281877400281213,0.07113615034880968,1.8020055822470615,0.07154452729730745,0.19961450942776593,,TMEM126A
ENSG00000198858,10.691060069349401,0.15923215102936195,0.08844004268819554,1.80045312269637,0.07178911918126006,0.2001626915509664,,R3HDM4
ENSG00000166164,12.100059132003038,0.19731632725184864,0.10965934295910552,1.7993571904350403,0.07196219679588912,0.20051087653777544,,BRD7
ENSG00000101367,25.546113030939598,0.1062620150483285,0.05911613235484947,1.7975129768382336,0.07225421986991581,0.20109065256182262,,MAPRE1
ENSG00000163719,19.863472611229174,-0.11484617755670258,0.06391400016007048,-1.7968860855066833,0.07235370605758629,0.20109065256182262,,MTMR14
ENSG00000106028,53.663697550909355,0.07976445427802203,0.04439065037002274,1.7968750989935354,0.0723554505910416,0.20109065256182262,,SSBP1
ENSG00000184164,8.083986371274827,-0.18579513142324552,0.10341800903325497,-1.7965452357867522,0.072407845162523,0.20109065256182262,,CRELD2
ENSG00000139433,22.240326242036335,-0.1354945424760255,0.07542058947998927,-1.7965192715972496,0.07241197056192555,0.20109065256182262,,GLTP
ENSG00000184014,14.325586278453537,0.14127151364526183,0.07870913787483355,1.7948553047286262,0.07267675662639475,0.20169133259893407,,DENND5A
ENSG00000122042,14.273075774517222,-0.15034458459969696,0.08381175962370654,-1.7938363933021555,0.07283928625871201,0.20195236130109986,,UBL3
ENSG00000120708,32.374999130472425,-0.1331984601101831,0.07426763363978559,-1.7934927179210398,0.07289417399503886,0.20195236130109986,,TGFBI
ENSG00000143106,37.79879578634769,0.107604460375917,0.060001819926386334,1.7933532767494773,0.07291645352746443,0.20195236130109986,,PSMA5
ENSG00000114520,8.359847465788034,0.17247995380142614,0.09619963552366506,1.7929377056630962,0.07298288540156893,0.20200186511678425,,SNX4
ENSG00000114383,11.372365622894742,-0.14597668437042893,0.08145383167765806,-1.7921401776175596,0.07311051442204104,0.2021565938693125,,TUSC2
ENSG00000090104,9.304231821812042,-0.40069420205202316,0.2236137881893527,-1.7919029291374533,0.07314851669831318,0.2021565938693125,,RGS1
ENSG00000197111,96.76806006967372,-0.07986048689151609,0.04457301523409605,-1.7916779125686553,0.0731845746074963,0.2021565938693125,,PCBP2
ENSG00000126067,47.946387838404085,0.07559200590378139,0.04220367797137436,1.7911236540818423,0.07327345410156418,0.20226779632548572,,PSMB2
ENSG00000134590,8.792892858708884,0.16965800700712788,0.09475920649537843,1.7904118584551716,0.07338772534429765,0.20244889750151077,,RTL8C
ENSG00000184207,9.517954157223077,-0.15999034885829824,0.08938905834632709,-1.789820273510825,0.07348280891496432,0.2025768622175292,,PGP
ENSG00000132661,15.244021138026621,0.18608833555174928,0.10401486255840703,1.7890552462851728,0.07360591868233621,0.20278186868776066,,NXT1
ENSG00000243927,21.809473251914117,-0.1221399363412279,0.06830203368452249,-1.788232791213438,0.07373845793572636,0.20295995612976395,,MRPS6
ENSG00000243646,26.780271125361562,0.1007233002152942,0.05633140507398818,1.7880487817230855,0.07376813790101036,0.20295995612976395,,IL10RB
ENSG00000147419,11.075209333902052,0.15503281031197108,0.0867241509767741,1.7876544026760317,0.07383178250205848,0.20300080317816477,,CCDC25
ENSG00000265681,193.93055464944925,-0.15236341772261394,0.08534457309879882,-1.7852736523297272,0.07421694036838672,0.20392501448645228,,RPL17
ENSG00000170889,1544.6408872854602,-0.05282778749094367,0.029613029741816295,-1.783937271921421,0.07443385861363244,0.2043860408136706,,RPS9
ENSG00000123416,208.97588129065187,-0.10263406105462848,0.05759689027773996,-1.781937541414358,0.07475941764994029,0.2050294920898068,,TUBA1B
ENSG00000087365,49.918490733012945,0.08343771235864239,0.046825334577932656,1.7818924971005765,0.07476676430294157,0.2050294920898068,,SF3B2
ENSG00000103035,38.30871251406744,0.08532385912475454,0.047910437755352156,1.780903350548553,0.07492824118013271,0.20533694552658238,,PSMD7
ENSG00000184588,9.025323081398172,0.3429157373145493,0.19283424281140388,1.7782927571112377,0.07535578530161419,0.20637265757387427,,PDE4B
ENSG00000213904,7.7916675822491515,-0.18828574749771987,0.1059235014726243,-1.7775634762827577,0.07547557687967953,0.20656473672333345,,LIPE-AS1
ENSG00000197329,12.685611108592047,0.20256308754092553,0.11405196674957631,1.7760595745419534,0.07572309837367827,0.2071059100818551,,PELI1
ENSG00000114744,12.218647012520384,-0.13806307944164406,0.07776917092451374,-1.7752931888094101,0.07584948946562291,0.20731529315176825,,COMMD2
ENSG00000143621,20.00871408360339,-0.11389911194006669,0.06417519058751092,-1.7748153281251415,0.07592838456326223,0.20739466827522712,,ILF2
ENSG00000204568,20.943465227432263,0.11584542851846076,0.06529888130114002,1.774079834296308,0.07604994587223637,0.20759040343077648,,MRPS18B
ENSG00000160883,17.421681328845228,-0.1398578899494759,0.07885609375464878,-1.773583794102544,0.07613202025771824,0.2076161155092131,,HK3
ENSG00000007520,9.733452388842533,0.16553456753541748,0.09334201263484751,1.7734197374014864,0.0761591808334277,0.2076161155092131,,TSR3
ENSG00000151327,16.237000665979373,0.12553733420648447,0.07081476209785241,1.7727565621560089,0.07626905405505359,0.20771933079155347,,FAM177A1
ENSG00000114956,47.592906774696566,0.079679411355441,0.04495087746912682,1.7725885642647679,0.07629690804074367,0.20771933079155347,,DGUOK
ENSG00000175857,15.635086699689058,0.18476321498170598,0.1042527202172552,1.7722627725844724,0.07635094782070931,0.20773050551612213,,GAPT
ENSG00000144909,13.565242514992564,0.17644348217874423,0.0996022802382553,1.771480349211681,0.07648085760976639,0.20794795271675046,,OSBPL11
ENSG00000147894,46.07247440597938,-0.10988785414112864,0.062189551064723736,-1.7669825920879043,0.07723114369374295,0.20985078887391945,,C9orf72
ENSG00000169592,9.438920320076425,-0.17252872200086863,0.09772313202267928,-1.7654849822131031,0.07748229200583312,0.21039577985918131,,INO80E
ENSG00000064666,32.495205742094434,-0.13326317510262012,0.07552833694673639,-1.7644129407562508,0.07766248101369089,0.21074750229416442,,CNN2
ENSG00000106785,11.531590451489661,0.16360406933334967,0.09281652856166224,1.7626609383980574,0.07795769257789555,0.21141069173666588,,TRIM14
ENSG00000196189,11.243942872364093,0.1701105552814564,0.09656899022999667,1.7615443102004802,0.07814632019904162,0.2117841641876307,,SEMA4A
ENSG00000147155,14.350547123786663,-0.15026706530737372,0.08534875914706662,-1.7606239013791016,0.0783020804621264,0.21206813458492568,,EBP
ENSG00000152082,46.839086071390405,-0.08531821210261593,0.0485257216649631,-1.7582059405871346,0.07871247481829136,0.21304092078340406,,MZT2B
ENSG00000180573,15.797571039570386,0.16929697272430577,0.09634723850319228,1.75715438609791,0.0788914977270583,0.21338662584171814,,H2AC6
ENSG00000169442,970.3450906336395,-0.1658818449256594,0.09444214685149509,-1.7564387347790726,0.07901352379309784,0.21354877879941228,,CD52
ENSG00000175634,22.737220974093447,-0.11018404075414558,0.06274430811988875,-1.7560802574093466,0.07907470563734406,0.21354877879941228,,RPS6KB2
ENSG00000144747,12.840270342929314,0.15478192587278383,0.08814961406445844,1.7559002102902146,0.07910544906968614,0.21354877879941228,,TMF1
ENSG00000162734,10.056685153978945,0.18388064289821113,0.10489832667783779,1.752941621871078,0.07961202821867425,0.21462262545948585,,PEA15
ENSG00000168906,10.145457225909496,0.17644963416525586,0.10067248516998929,1.7527096293223914,0.0796518619896128,0.21462262545948585,,MAT2A
ENSG00000241258,8.091324775604594,-0.20988875198686727,0.1197534591041696,-1.7526738146602676,0.07965801291092456,0.21462262545948585,,CRCP
ENSG00000113522,10.210111415821782,0.18504288801196692,0.10578908441228783,1.7491680643610281,0.0802619726140061,0.2161099068441847,,RAD50
ENSG00000153827,17.592960181213105,0.15555373806834896,0.08900182274166844,1.7477590152265785,0.08050576496091293,0.21662612046403476,,TRIP12
ENSG00000116752,15.72959817708035,0.12795569881599364,0.0732283314471583,1.7473523742422927,0.0805762333270665,0.21667558541732168,,BCAS2
ENSG00000108788,26.470902461156495,0.11097472605737085,0.0635405195529679,1.7465190218481201,0.08072080467385617,0.2169241262553241,,MLX
ENSG00000125089,8.380162507034076,0.18641073439544115,0.10689360186896289,1.7438904774109447,0.08117818942972883,0.2178905935336516,,SH3TC1
ENSG00000181222,15.966271562654997,-0.1384483768358233,0.07939235205442859,-1.7438502985893152,0.08118519710989422,0.2178905935336516,,POLR2A
ENSG00000104231,11.796882313445744,-0.15997646220873668,0.091780796427156,-1.7430276096558586,0.08132879215828885,0.21813525169470124,,ZFAND1
ENSG00000130159,8.13135970469816,0.165783560419022,0.09526870084762111,1.7401681658720938,0.08182949367193339,0.21924034035271842,,ECSIT
ENSG00000108591,9.114356680832412,-0.15381181194591026,0.08839388836991918,-1.7400729256554923,0.08184621359802204,0.21924034035271842,,DRG2
ENSG00000136436,39.703733303922476,0.10769557110400096,0.061990810836112006,1.7372828271067589,0.08233726122396905,0.2203860895054743,,CALCOCO2
ENSG00000086300,70.05138789617352,0.10191706804329931,0.05867428236352761,1.7369972658864892,0.08238765347034606,0.2203860895054743,,SNX10
ENSG00000171643,12.29444607917925,-0.16542432232120377,0.09524984419839809,-1.736741132895059,0.08243287386310529,0.2203860895054743,,S100Z
ENSG00000166347,8.748757501169656,0.1933942542060683,0.1114125279273707,1.7358393872199103,0.08259223761000602,0.22067033298498717,,CYB5A
ENSG00000092330,10.737796740822647,0.1590666436719053,0.09172659177264728,1.7341388205741521,0.08289345495777904,0.22133297344310707,,TINF2
ENSG00000134255,12.170252874044367,0.17090022436026922,0.09858337349528896,1.7335603185504307,0.08299612635347779,0.2214649683325642,,CEPT1
ENSG00000178996,39.37301463154948,0.10518704910907228,0.06084075003938933,1.7288913933666565,0.08382853472367309,0.22348570357185754,,SNX18
ENSG00000212907,152.10669779427465,-0.17778262410216306,0.10286667068806553,-1.7282820850815113,0.0839376633206461,0.22348570357185754,,MT-ND4L
ENSG00000104870,113.4532061114262,-0.08048591982296449,0.04657575312644752,-1.7280648066914772,0.08397660621619553,0.22348570357185754,,FCGRT
ENSG00000142512,46.81892109863996,-0.11850078573283722,0.06857880217000266,-1.727950649226579,0.08399707256592522,0.22348570357185754,,SIGLEC10
ENSG00000165416,18.804747223374886,0.11873200272770569,0.06873023660742557,1.727507551092556,0.08407655022854425,0.22348570357185754,,SUGT1
ENSG00000005889,10.563739426924233,-0.154234873532701,0.08928611411363066,-1.727422848041217,0.08409175018048955,0.22348570357185754,,ZFX
ENSG00000105583,107.46453841031436,-0.06288232505326119,0.03640682221410943,-1.7272126823771836,0.08412947398882907,0.22348570357185754,,WDR83OS
ENSG00000114125,48.79801863070977,-0.08203658616033481,0.047571166702055835,-1.7245022951431948,0.08461720498263617,0.22463788942422874,,RNF7
ENSG00000178567,10.38797962245577,-0.16884256596328645,0.09799281624782155,-1.7230096289536934,0.08488678377452248,0.22520983450383514,,EPM2AIP1
ENSG00000105755,11.383118162893323,0.16344050661899232,0.09498046282940838,1.7207802715442966,0.08529070368225548,0.2261372385711809,,ETHE1
ENSG00000109736,17.88443629796029,-0.12086317074109891,0.07030830151394857,-1.7190455200673662,0.08560608364708538,0.22682885858081223,,MFSD10
ENSG00000087191,41.28393185949255,-0.08034346758823457,0.046753408718727255,-1.718451548026972,0.08571428486934488,0.22697098985135244,,PSMC5
ENSG00000114315,19.29157966674338,-0.3003881926592703,0.17484415366314623,-1.7180339540434193,0.08579042223982748,0.22702808938783864,,HES1
ENSG00000172531,144.8865417236359,-0.061383132577165295,0.03573713381622604,-1.7176288644976607,0.08586433196575974,0.22707922503341418,,PPP1CA
ENSG00000234506,9.69723306254198,0.18330610435445074,0.10685629581037853,1.7154450560380266,0.08626366074972927,0.22799036132075842,,LINC01506
ENSG00000153006,14.668998244602891,0.1292664112367717,0.07542893949545332,1.7137508773348666,0.08657448857647926,0.22866658570041506,,SREK1IP1
ENSG00000138757,26.064756405791574,-0.10952377861214938,0.06395373747118312,-1.7125469588309776,0.08679591848342803,0.2291059777227542,,G3BP2
ENSG00000079246,57.05089020716139,-0.09363248636016631,0.054692830957020724,-1.7119700099953785,0.08690219535713867,0.22924104799346662,,XRCC5
ENSG00000169241,9.56751356417835,-0.15265086734809033,0.08923669841758451,-1.7106288114084887,0.08714965683288459,0.22974814475589347,,SLC50A1
ENSG00000133872,159.80416719199906,0.07952604152049615,0.04650398483933965,1.7100909050103978,0.08724906435759021,0.2298072584253185,,SARAF
ENSG00000183943,14.032145963986684,-0.1712046223252013,0.1001249469586459,-1.7099097430325039,0.0872825644980777,0.2298072584253185,,PRKX
ENSG00000161981,14.65894593028469,-0.15114049351604922,0.088432389448143,-1.7091078784507845,0.08743096849365457,0.23005239021733273,,SNRNP25
ENSG00000185728,10.1010435163941,-0.1814013492193444,0.10617955114197285,-1.7084395937669048,0.08755480585451056,0.2302326121079418,,YTHDF3
ENSG00000129255,15.00239476707331,-0.12921000149089762,0.07564387513314778,-1.7081356721011864,0.08761117124497866,0.23023529524896477,,MPDU1
ENSG00000182511,8.37336584613559,0.19559110747179473,0.11454376974189695,1.7075665303536183,0.08771680315473364,0.2303673618205126,,FES
ENSG00000134697,9.31277152971843,0.17043848641757323,0.09984434449516576,1.7070419689702654,0.08781425196546298,0.2304664155536013,,GNL2
ENSG00000006451,8.67388283344655,0.166121371601721,0.09733100462449583,1.706767255127174,0.0878653209298105,0.2304664155536013,,RALA
ENSG00000241343,566.222200209758,-0.12139344200701677,0.07120078019115053,-1.7049453907824543,0.08820460972068564,0.23121057116449417,,RPL36A
ENSG00000090674,21.614934628762853,0.10824734930085027,0.0635120910011568,1.7043581402300023,0.0883141992043784,0.23122661554886703,,MCOLN1
ENSG00000183734,14.00651105950037,0.1573160479571331,0.09230445750052506,1.7043169118483605,0.08832189714114175,0.23122661554886703,,ASCL2
ENSG00000177410,196.2058239563275,-0.07556358380384824,0.044370884109075165,-1.7029992825496405,0.08856820266788547,0.23172561201157454,,ZFAS1
ENSG00000196961,28.423853742082496,-0.10932422742594433,0.06429650891441295,-1.7003135826778581,0.08907195691418382,0.23289713435763965,,AP2A1
ENSG00000106355,43.828349483323805,0.08516423437371369,0.05012673063525124,1.6989784351469872,0.08932324689757445,0.23340747933034534,,LSM5
ENSG00000143207,10.604552790575449,-0.14967391362070032,0.08811999047667952,-1.6985239423092164,0.08940891778100982,0.23348468171312045,,COP1
ENSG00000166794,73.94857052441797,0.06311362183588257,0.03716668591331446,1.698123474960488,0.08948445981079085,0.23353535308211415,,PPIB
ENSG00000159314,18.392991875734925,0.13630826084397893,0.08032678406702688,1.6969216734761792,0.08971146985464809,0.23398101228547713,,ARHGAP27
ENSG00000224032,19.2578724672553,-0.13220076597104352,0.07793887448392252,-1.6962108684070658,0.0898459529302092,0.23404298184088548,,EPB41L4A-AS1
ENSG00000157873,41.69626142710914,-0.08404417034632021,0.04954846262240702,-1.696201373326029,0.08984775048074378,0.23404298184088548,,TNFRSF14
ENSG00000104859,8.415985508041098,-0.1677886348379109,0.09894381295191335,-1.69579713811369,0.08992430466949294,0.23409581190556358,,CLASRP
ENSG00000196199,38.95270183216509,0.1084175125706985,0.06395722615180982,1.6951565771998474,0.09004572180433922,0.23415621344512544,,MPHOSPH8
ENSG00000122299,14.524191486318246,-0.15046417593884975,0.08876519065508595,-1.69508086253661,0.09006008209427901,0.23415621344512544,,ZC3H7A
ENSG00000158092,9.847296309589607,0.17050678632863311,0.10063780501010683,1.6942617767896417,0.09021555042258168,0.23441392239721412,,NCK1
ENSG00000156467,543.7028398422284,-0.054595693056551875,0.03227412554644997,-1.691624238679247,0.09071764193646396,0.23551472834646534,,UQCRB
ENSG00000061936,12.803835100064564,-0.15681731069650526,0.0927122049600902,-1.6914419278886785,0.09075243017773653,0.23551472834646534,,SFSWAP
ENSG00000105254,67.98688085650656,-0.08323377058555086,0.04922867249365256,-1.6907579743549421,0.09088303669831355,0.23570662884350646,,TBCB
ENSG00000167272,13.324583565839605,-0.12922025505694462,0.07651092796085047,-1.6889124011548358,0.09123621838426293,0.23647518285266902,,POP5
ENSG00000108344,11.93258012194866,-0.1406469216543829,0.0833504790889636,-1.6874158756095965,0.0915234133011216,0.23707185512619294,,PSMD3
ENSG00000085231,30.994807836063732,0.09104982562391682,0.0539806946054928,1.6867108933913582,0.091658956423234,0.2372349714830947,,AK6
ENSG00000090863,11.422267665292548,0.15580854898351792,0.09239092620681244,1.6864053146815339,0.0917177584853004,0.2372349714830947,,GLG1
ENSG00000183741,13.486230669376685,-0.17752579000536334,0.10528909311578367,-1.6860795810079099,0.09178047231260214,0.2372349714830947,,CBX6
ENSG00000161265,11.665536635907856,-0.137745390340693,0.0817124995510479,-1.685732184151825,0.09184739494006458,0.2372349714830947,,U2AF1L4
ENSG00000126458,27.3120907024116,0.11911801579820955,0.07066772810910156,1.6856069805202625,0.09187152381232346,0.2372349714830947,,RRAS
ENSG00000185262,13.73035043733846,0.14286641089607657,0.08483582508748483,1.6840339649994465,0.09217510485270197,0.23787123832955348,,UBALD2
ENSG00000069329,58.56158657317827,0.07671669215299629,0.04557123464486088,1.683445549607195,0.09228887180029408,0.23801717711669146,,VPS35
ENSG00000123737,7.649170086426778,0.16861122793185424,0.10021170801078112,1.6825501857898126,0.09246220191136716,0.23822367008994075,,EXOSC9
ENSG00000145703,19.042854645022853,0.15792339091235005,0.09389456182983165,1.6819226570177732,0.09258383858427077,0.23822367008994075,,IQGAP2
ENSG00000140750,8.54753693070808,0.18624317056837855,0.11073693915594097,1.6818522526264597,0.09259749339071655,0.23822367008994075,,ARHGAP17
ENSG00000126456,15.817500320352417,0.12880522358110794,0.07658745191512945,1.6818058358155552,0.09260649673304404,0.23822367008994075,,IRF3
ENSG00000188529,11.08262787811394,-0.15843229995147837,0.0942196971891403,-1.6815199441092998,0.09266196586613416,0.23822367008994075,,SRSF10
ENSG00000135845,8.765455308086278,-0.16095505073021626,0.09573480768593841,-1.6812594564166807,0.09271252929702262,0.23822367008994075,,PIGC
ENSG00000100412,16.151786261571708,-0.12413075642783818,0.07388323963677183,-1.6800935778952775,0.09293911021853231,0.23865845586981135,,ACO2
ENSG00000162384,16.998894012482587,0.11888622577136625,0.07083441866323492,1.6783680591293055,0.09327526906996071,0.23937391692229273,,CZIB
ENSG00000163463,41.071556853174634,0.11347305515334974,0.06771166557997828,1.6758272622805295,0.09377203248365028,0.24049289040813163,,KRTCAP2
ENSG00000137312,9.586431445190508,0.1744073440898328,0.10408978130315773,1.6755472238132358,0.09382691373374943,0.24049289040813163,,FLOT1
ENSG00000078747,9.014202082551185,-0.16649711063819128,0.09942653499191614,-1.6745742034732307,0.09401780414643053,0.2408337840204132,,ITCH
ENSG00000075292,13.031047526617398,0.146846193479994,0.08779529872254843,1.6725974581401997,0.09440656764039107,0.24168081315940115,,ZNF638
ENSG00000145687,8.129278759717973,-0.16603518495917338,0.09936544613737947,-1.670954958825611,0.0947305747103925,0.24228780224364121,,SSBP2
ENSG00000118939,21.34820844061691,0.11622785540173979,0.06957346196553664,1.670577431655097,0.0948051732819785,0.24228780224364121,,UCHL3
ENSG00000250479,103.23023339880983,-0.07224357420615919,0.0432464047870998,-1.670510521321049,0.09481839953188652,0.24228780224364121,,CHCHD10
ENSG00000005075,58.47697353081373,-0.06649836170256132,0.039818603841665884,-1.67003247946574,0.09491293768729539,0.2423804915771325,,POLR2J
ENSG00000122482,12.544136258343984,-0.15122769318989046,0.09062378397033109,-1.6687417647380538,0.09516856830069455,0.2428220075210358,,ZNF644
ENSG00000086666,48.28267044576388,0.09113765734163885,0.0546202085894144,1.6685702910204863,0.0952025707372138,0.2428220075210358,,ZFAND6
ENSG00000257923,58.64097275613752,0.0993678601336199,0.05957475220251498,1.6679525547304757,0.09532514563325034,0.2429856653396577,,CUX1
ENSG00000175073,9.874565972626387,0.15981850501782593,0.09589200065208063,1.6666510650631443,0.09558380859174384,0.2434946370135797,,VCPIP1
ENSG00000178307,20.463994433161677,-0.11984022076800395,0.07191739801262755,-1.6663592410137242,0.09564188386543011,0.2434946370135797,,TMEM11
ENSG00000151702,23.819979300497074,0.1161045384527135,0.06971267160710594,1.6654725141946611,0.09581852281242148,0.24379514061142102,,FLI1
ENSG00000136827,9.016077015536542,0.1584827578827508,0.09528238551180226,1.6632954457581264,0.09625330990870375,0.24475169267738853,,TOR1A
ENSG00000187051,34.644489155340814,-0.08143735530817556,0.048987599831579194,-1.6624075396255291,0.09643108819527174,0.24505395656220552,,RPS19BP1
ENSG00000031698,25.08724985823094,0.10115068455668169,0.060888189520798296,1.6612529515618206,0.09666265485224351,0.24549245676760256,,SARS1
ENSG00000205593,10.490822893745657,-0.1694181998108157,0.10200911085413063,-1.6608143958148764,0.09675072901019721,0.2455662188422333,,DENND6B
ENSG00000066777,9.400325393077926,0.1714615484819466,0.10334152395555622,1.6591737949953842,0.0970807764671034,0.24625367689216474,,ARFGEF1
ENSG00000163728,20.262636616767015,0.12712484906320964,0.0766687332817223,1.658105509531302,0.09729617204932504,0.24664965004582096,,TTC14
ENSG00000198887,16.20897882415437,-0.15357466165583583,0.09270991375124861,-1.6565074374666593,0.0976191001441338,0.24731757405578356,,SMC5
ENSG00000124575,7.6437109563571966,0.34260854073575925,0.20694087458429805,1.6555866086097772,0.09780556392830962,0.24763916368945102,,H1-3
ENSG00000269821,13.612514187352648,-0.18748668581096456,0.11328099228164512,-1.6550586469513384,0.09791260213376064,0.24775938252825078,,KCNQ1OT1
ENSG00000160551,16.409796035155967,0.14195730618581176,0.08579912103000802,1.654531007796252,0.09801966844126594,0.24780806879661324,,TAOK1
ENSG00000178741,103.36482128431588,-0.05474307000432372,0.03309554864373081,-1.6540916300746549,0.0981088964641498,0.24780806879661324,,COX5A
ENSG00000198856,34.87981928483225,-0.0921505761534488,0.05571095821723521,-1.6540834891786211,0.09811055031442838,0.24780806879661324,,OSTC
ENSG00000034713,50.75222151602626,-0.08036177764443336,0.04860076247259628,-1.653508577972324,0.09822740178148605,0.24795266469112986,,GABARAPL2
ENSG00000108953,55.02560139532833,0.0910089732845132,0.05507913556046469,1.6523311841850805,0.09846705556201203,0.24840688364946636,,YWHAE
ENSG00000131467,9.403235936636904,0.15013116243423613,0.09095538559648117,1.6506022315191453,0.09881982293077339,0.24901325151903536,,PSME3
ENSG00000185291,11.669547521453103,-0.3161293745515966,0.19156068708578566,-1.6502831523569657,0.09888503648565519,0.24901325151903536,,IL3RA
ENSG00000077454,22.369593970308472,-0.10652668516015253,0.06455092438403084,-1.6502735813107272,0.09888699315130924,0.24901325151903536,,LRCH4
ENSG00000077420,40.01722614027948,0.1078384922809774,0.0653764380801857,1.6495008820870758,0.09904506262159606,0.24923639496893135,,APBB1IP
ENSG00000149591,15.469573662033188,-0.15101108793136114,0.09156322112239682,-1.6492548654387944,0.099095432038128,0.24923639496893135,,TAGLN
ENSG00000143633,10.575377016180832,0.15968639685954866,0.09684258778372666,1.6489274038831727,0.09916250818742019,0.24925440124451237,,C1orf131
ENSG00000102908,12.320391606744721,-0.16349804336925772,0.09918387820119501,-1.6484336601317515,0.09926371353298886,0.2493581209524358,,NFAT5
ENSG00000172586,14.834607759744328,0.12694072584147095,0.0771961533133256,1.6443918562397906,0.10009528621524034,0.2512953474082075,,CHCHD1
ENSG00000141505,18.180590440878145,0.15895357257895254,0.09672085678256007,1.6434260186125003,0.10029482051469531,0.25154402879568594,,ASGR1
ENSG00000170881,15.942908631867596,-0.13630056081281353,0.08294183252617686,-1.643327096369572,0.10031527494520262,0.25154402879568594,,RNF139
ENSG00000080802,11.871229341531476,0.1442807021666367,0.08781662341883778,1.642977110136606,0.10038766928075805,0.25157391819756236,,CNOT4
ENSG00000111843,26.359425360241573,-0.1396799629964586,0.08507363371297325,-1.6418713636673803,0.10061666560921699,0.25199598370520326,,TMEM14C
ENSG00000159658,13.941311030687846,0.1351440223239767,0.08236069872880764,1.640879987783625,0.10082232994917113,0.2523591411483465,,EFCAB14
ENSG00000197321,19.111797428955104,-0.15073185285128285,0.09195412150801183,-1.639207143511776,0.1011701266128559,0.25307740631959147,,SVIL
ENSG00000147119,9.088491384283918,-0.16823640122433162,0.10272675010664797,-1.637707812713567,0.10148266006314215,0.2535840311342105,,CHST7
ENSG00000175538,13.796224831148246,0.14989517845029135,0.09153061394263352,1.637650748679973,0.10149457015347609,0.2535840311342105,,KCNE3
ENSG00000135046,194.65847663928338,-0.1193898591058128,0.0729730690643148,-1.636081100009492,0.1018226151846578,0.25425094788005786,,ANXA1
ENSG00000159110,22.82294567247359,-0.10979074008032749,0.0672398510307711,-1.6328224765114923,0.10250633841935906,0.25580465976276767,,IFNAR2
ENSG00000182054,36.10597451143026,-0.09779046849302721,0.05992015683495993,-1.6320128927962376,0.1026767702042428,0.25600889898149,,IDH2
ENSG00000089820,30.244200787586674,-0.09530757341533762,0.05840767095960145,-1.6317646612079182,0.10272907250154946,0.25600889898149,,ARHGAP4
ENSG00000100368,8.598206225534256,0.17730346132881358,0.10867131265137411,1.6315571883963218,0.10277280319689622,0.25600889898149,,CSF2RB
ENSG00000159111,8.012085721774087,0.16664152180800107,0.10216267621894765,1.6311389636159006,0.10286100076826303,0.2560752622357715,,MRPL10
ENSG00000106588,69.70273099559552,0.0910491695955716,0.05584715387800289,1.6303278371977001,0.1030322272102462,0.25634812511640204,,PSMA2
ENSG00000198502,184.89537163470035,0.505156222565808,0.3099989359063278,1.6295417953255518,0.10319837455287058,0.25660803236099317,,HLA-DRB5
ENSG00000171612,8.847866884900068,-0.21465991466779824,0.13188496975390665,-1.627629858568017,0.10360339397329221,0.2573386300446842,,SLC25A33
ENSG00000155330,18.825215672703496,-0.13150368773886909,0.08079913369747815,-1.6275383376167742,0.1036228131597722,0.2573386300446842,,C16orf87
ENSG00000102030,29.874234939897345,-0.09001435772272781,0.055315859567235136,-1.6272793811206614,0.10367777498915644,0.2573386300446842,,NAA10
ENSG00000182551,35.27323197300736,-0.094088118031548,0.057895631287180144,-1.625133294856774,0.1041341598999144,0.25831729587575664,,ADI1
ENSG00000183283,137.8629296247942,0.06229747502491918,0.03836635695016464,1.62375268274336,0.10442860233159881,0.2588933168649887,,DAZAP2
ENSG00000129292,16.138799899507852,0.1260383691099099,0.07765611266540029,1.6230321707316973,0.10458252791850473,0.2589450754730567,,PHF20L1
ENSG00000172594,12.442570383618284,0.20635233714592832,0.12714326541304088,1.6229906985286777,0.10459139325578477,0.2589450754730567,,SMPDL3A
ENSG00000197982,18.112842168158526,-0.13118153064738658,0.08083748024739346,-1.6227810447074942,0.1046362191995693,0.2589450754730567,,C1orf122
ENSG00000111666,15.091942996076186,0.16245377805775899,0.10021465288928397,1.6210581324592932,0.10500517194648318,0.25955381161498947,,CHPT1
ENSG00000144566,14.546756346588015,0.11853204732676083,0.07312800333259296,1.6208845028581738,0.10504241103380553,0.25955381161498947,,RAB5A
ENSG00000177156,96.84687414978748,-0.06140088399609024,0.03788403575654619,-1.6207587911348766,0.10506937950952941,0.25955381161498947,,TALDO1
ENSG00000110931,9.38619807246019,-0.17152577703322103,0.1060192803662052,-1.6178734324619763,0.10568987688174068,0.26093137402746613,,CAMKK2
ENSG00000165669,43.690657400613404,-0.08956122828837942,0.0553750827914756,-1.6173561062768544,0.10580143475388158,0.26093137402746613,,FAM204A
ENSG00000062194,37.712432988170235,0.09192620178852727,0.056839571531489115,1.6172923073074217,0.105815199034696,0.26093137402746613,,GPBP1
ENSG00000160633,12.30680793670958,0.1354439960616225,0.08377300186269283,1.6167976919774272,0.10592195779876233,0.26103643550226086,,SAFB
ENSG00000100284,10.229308223026322,-0.14664347523962287,0.09071589001326337,-1.6165136583919582,0.10598330277964388,0.26103643550226086,,TOM1
ENSG00000172336,11.633627296794488,0.12837224686894355,0.07952439874356318,1.6142498264324723,0.10647324825880913,0.2619363200440067,,POP7
ENSG00000170348,26.466462948897906,0.09871202024858093,0.06115063393181713,1.6142436128895195,0.10647459547942677,0.2619363200440067,,TMED10
ENSG00000132376,9.179285473681942,-0.14927419496042893,0.09249353718501643,-1.6138878402048042,0.10655175666645009,0.2619712220640853,,INPP5K
ENSG00000196419,42.71958222164141,-0.07262329228633974,0.04502641674464921,-1.612904102456033,0.10676534378052378,0.26234130545007617,,XRCC6
ENSG00000137710,8.268255001322798,0.16562910227649286,0.10274309700514614,1.6120703687586613,0.10694662784080305,0.26263162444966986,,RDX
ENSG00000039123,9.135023792485976,0.1666257647188579,0.10349300841183934,1.6100195295878204,0.10739359286809355,0.26357365565266616,,MTREX
ENSG00000163807,18.963860047183637,-0.10866647253149705,0.0675302927325098,-1.6091515101515894,0.10758321627394578,0.2638639237201265,,KIAA1143
ENSG00000179091,50.03350775690204,-0.07384342961239385,0.04589813365703187,-1.608854733924036,0.10764810938961215,0.2638639237201265,,CYC1
ENSG00000145592,998.0945635304132,-0.06074565698973183,0.03776287842934167,-1.6086076993149068,0.1077021496338401,0.2638639237201265,,RPL37
ENSG00000135387,14.125188844440467,0.13548455543912757,0.08431841474444159,1.6068204774694126,0.10809375484378085,0.26460723601462943,,CAPRIN1
ENSG00000132792,22.844610854433288,0.0993461184175545,0.06183460513838106,1.6066427236856382,0.10813276471751683,0.26460723601462943,,CTNNBL1
ENSG00000112977,12.331918482240468,-0.150199633243727,0.0935890602399687,-1.6048845117004589,0.10851922268360505,0.2653968056224556,,DAP
ENSG00000182473,13.029893514218811,-0.12612211372489548,0.0786511255587577,-1.6035640027894293,0.1088101907453964,0.2659520525856927,,EXOC7
ENSG00000155329,12.317857467247004,0.1353095237951557,0.08442269521591937,1.602762426016941,0.10898711528236572,0.2662280678653209,,ZCCHC10
ENSG00000163328,12.628645101784846,0.17424292338167274,0.10882722049405157,1.6010968817419788,0.10935546277322196,0.26697108282664517,,GPR155
ENSG00000114796,10.314519657390388,-0.15354068235940588,0.09596742155420862,-1.599925056574289,0.10961520997058943,0.26744825423909213,,KLHL24
ENSG00000153201,8.434360965012363,0.18514720586898875,0.11575367406917529,1.5994931250160005,0.10971107499608217,0.26747593816009074,,RANBP2
ENSG00000157557,34.062458915296695,0.24227747957507306,0.15149020946112263,1.5992946371709218,0.10975515058636416,0.26747593816009074,,ETS2
ENSG00000027697,42.480635037452096,0.12911216175871876,0.08079498973888005,1.5980218844756853,0.11003810673825908,0.26797467709344164,,IFNGR1
ENSG00000144228,9.629133358210067,0.17504010693076122,0.1095597896883316,1.597667423684398,0.11011701237155298,0.26797467709344164,,SPOPL
ENSG00000179950,26.657026671087152,-0.09154550053605162,0.05730527707784488,-1.5975055911813147,0.11015305236292915,0.26797467709344164,,PUF60
ENSG00000117395,8.285871388393511,-0.15079103070934108,0.09443428866822923,-1.5967826182193938,0.11031417178788715,0.2681051824860709,,EBNA1BP2
ENSG00000134186,36.63649834258631,-0.09191634864051224,0.05756693347484619,-1.5966865541079236,0.11033559433080611,0.2681051824860709,,PRPF38B
ENSG00000175334,54.488418677012525,-0.07476527065086498,0.04683848195646359,-1.5962359907470822,0.1104361149704526,0.268192783582652,,BANF1
ENSG00000136560,28.54486713048297,-0.09410916429966483,0.05897247035541321,-1.595815195335909,0.11053005969459864,0.2682402577684355,,TANK
ENSG00000132122,8.542728820129424,-0.17596577538256647,0.11028389508690763,-1.5955709149001238,0.11058462549828531,0.2682402577684355,,SPATA6
ENSG00000104343,11.140742284218573,0.15690824089178257,0.09836557532172548,1.595153999542837,0.11067780252479774,0.26830982430253997,,UBE2W
ENSG00000182180,16.486478169964307,0.11199171784854176,0.0702303686310985,1.5946337749813695,0.11079415521094685,0.2684354604994402,,MRPS16
ENSG00000163754,25.878107208431317,0.11126467336985109,0.06980286194075791,1.5939844051706942,0.11093952784089099,0.26863121991740774,,GYG1
ENSG00000088448,11.191925295400162,-0.1344924132429171,0.0844342877683195,-1.5928648988187457,0.11119050219947292,0.26894664326743695,,ANKRD10
ENSG00000006625,8.10925260866517,0.1600374982976339,0.10047663425313397,1.5927832325120124,0.11120882792630166,0.26894664326743695,,GGCT
ENSG00000100280,8.526725528716264,-0.15291512236603733,0.09601972918681297,-1.5925385716151153,0.11126374352482188,0.26894664326743695,,AP1B1
ENSG00000121851,24.278261350946114,0.09991585017540848,0.06276278487437131,1.591960114188756,0.11139366687136129,0.26910432879492624,,POLR3GL
ENSG00000132842,14.209458667470225,0.12997995441061852,0.08176730630395106,1.589632339451762,0.11191770304573721,0.2702133747360806,,AP3B1
ENSG00000173559,7.943252301214254,0.18293288102988522,0.11528375268287747,1.5868053977484318,0.11255672595348404,0.27159859626826777,,NABP1
ENSG00000140090,10.725423486388243,-0.1782792396087087,0.11238556465012572,-1.5863179596393946,0.1126672002638753,0.2717075670131718,,SLC24A4
ENSG00000137714,22.491078671488825,0.09623674217502426,0.060774400266371424,1.5835078874200816,0.1133057503527044,0.2728159368099838,,FDX1
ENSG00000146701,51.85569989373733,-0.07452172342630842,0.047061424994367794,-1.5834990851897708,0.11330775500802394,0.2728159368099838,,MDH2
ENSG00000105355,13.796197546350019,0.13495448220452588,0.08522921893349225,1.5834297661443575,0.11332354298260865,0.2728159368099838,,PLIN3
ENSG00000142188,12.159527067168261,0.13789884965545596,0.08720095602332939,1.5813914886272926,0.11378855236690728,0.2734286977953299,,TMEM50B
ENSG00000165630,11.762221322447585,-0.12803313385667156,0.08096328671099115,-1.581372731491278,0.11379283855690464,0.2734286977953299,,PRPF18
ENSG00000100030,30.16316594268009,0.10005437859665908,0.06327162294317006,1.581346801970402,0.11379876391671853,0.2734286977953299,,MAPK1
ENSG00000206573,20.98856186983009,-0.1153413525279246,0.07295664784095093,-1.5809574033523908,0.11388777769900266,0.2734286977953299,,THUMPD3-AS1
ENSG00000242485,44.42295077140822,0.07965988188041799,0.0503897540357248,1.5808745925598597,0.11390671473060258,0.2734286977953299,,MRPL20
ENSG00000179262,35.17832723731378,-0.07890754524793302,0.04993490199205135,-1.5802082731732114,0.11405917776658789,0.27350185351440137,,RAD23A
ENSG00000100554,17.71834290467702,0.11001614004294255,0.06962312002491362,1.58016676074808,0.1140686816941073,0.27350185351440137,,ATP6V1D
ENSG00000105617,13.986626938721349,0.12835050988382057,0.08130558646272792,1.5786185853620152,0.11442356908662517,0.2741947277651847,,LENG1
ENSG00000014216,11.168946163715091,-0.14152519672279548,0.08967732132452542,-1.5781603936478243,0.11452876659933448,0.27425711974667755,,CAPN1
ENSG00000076685,10.251482537578012,0.1441657480643376,0.09136378409169153,1.577931009508699,0.11458146012493403,0.27425711974667755,,NT5C2
ENSG00000170855,11.098624617828088,0.13145531460733287,0.08333031935396819,1.5775208306707753,0.11467573289345631,0.2743249274507063,,TRIAP1
ENSG00000204257,74.36119709389922,0.11674189093127589,0.07402010503110713,1.5771646214527097,0.11475765114903973,0.2743631199885088,,HLA-DMA
ENSG00000144028,10.436117795882291,-0.16280686504607347,0.10331482477375077,-1.5758325622930143,0.11506439594439252,0.2747635918488685,,SNRNP200
ENSG00000143862,8.542675892758252,0.15928952422386258,0.10109487708612096,1.5756438784545592,0.11510789790384313,0.2747635918488685,,ARL8A
ENSG00000163902,20.111201043835027,0.10821727539136193,0.0686842155540138,1.5755770742734774,0.11512330302706196,0.2747635918488685,,RPN1
ENSG00000169217,17.03635311890039,0.11401371675240092,0.07238467154077273,1.575108573756247,0.11523138536878735,0.2748638550081166,,CD2BP2
ENSG00000142867,10.16059048419323,-0.15445046550653257,0.09809524748971371,-1.5744948859293952,0.1153730829107753,0.275044140348897,,BCL10
ENSG00000182149,14.913635818576443,0.12866783336810322,0.08188448328434558,1.5713335201896736,0.11610519902357423,0.27663094383623643,,IST1
ENSG00000013441,35.46631547266183,-0.11541044260766274,0.07347607175867078,-1.5707214586365437,0.11624736252852165,0.2767233543601263,,CLK1
ENSG00000155096,16.030848706869335,-0.1256016000832464,0.07998572849291762,-1.5703001329089334,0.11634530328916844,0.2767233543601263,,AZIN1
ENSG00000184640,76.886020095148,-0.0650055844672211,0.04140290056876481,-1.5700731971484776,0.11639808330087255,0.2767233543601263,,SEPTIN9
ENSG00000107954,15.119569916799716,-0.1329967492431225,0.08471013487289385,-1.5700216915329188,0.11641006493514927,0.2767233543601263,,NEURL1
ENSG00000167186,8.173418031565289,-0.20025390625080902,0.12762386991865524,-1.5690944521463475,0.11662593230691955,0.2769253586550883,,COQ7
ENSG00000100097,885.1380726236857,0.06686406244387898,0.042613415306887927,1.5690848049222479,0.11662817989512374,0.2769253586550883,,LGALS1
ENSG00000126254,15.414238843174486,0.11941698317573289,0.07615301297669715,1.5681189556120982,0.11685337352360338,0.27730178771146036,,RBM42
ENSG00000102119,9.525415913517884,-0.15785639611442392,0.10073450173079634,-1.5670539229576035,0.11710208806857135,0.2777335726141715,,EMD
ENSG00000106153,228.0248477299137,-0.04394482226136928,0.02814544839767049,-1.5613473852136763,0.11844180889988212,0.2807509544293502,,CHCHD2
ENSG00000100504,10.149698432416027,-0.1513603956745983,0.09706879206441973,-1.5593105925759119,0.11892288584757889,0.28163150008824933,,PYGL
ENSG00000165156,8.282711202374404,0.1537267417583749,0.09859324712420367,1.5592015299457207,0.118948688859388,0.28163150008824933,,ZHX1
ENSG00000110172,8.545315726906093,0.17894069280059788,0.1148042583747241,1.558659019568166,0.11907710602597536,0.28177517694428755,,CHORDC1
ENSG00000089737,46.44939678214363,0.08840314415295723,0.05673081418939125,1.558291475560891,0.11916416877971008,0.28182088807481176,,DDX24
ENSG00000147251,16.51560904066773,-0.12805059162931184,0.08219879903280039,-1.5578158456818194,0.11927690863994243,0.28192723860350033,,DOCK11
ENSG00000172115,70.6820982463678,0.07227323726692506,0.04640296842692515,1.5575132306619586,0.11934868180655947,0.2819366929672274,,CYCS
ENSG00000163219,11.401008866569816,0.16282087078859675,0.10457583646918239,1.5569645559237641,0.11947890085018281,0.28208412459521026,,ARHGAP25
ENSG00000178927,25.215074908881558,0.09775371762479612,0.06280697475772637,1.5564150001154242,0.11960944055911651,0.28223214561878884,,CYBC1
ENSG00000158417,40.025662104629546,0.09430460646268775,0.06060426494411725,1.5560721105956048,0.11969094601392374,0.28226436248181563,,EIF5B
ENSG00000127022,33.742180426791485,-0.0934454443742398,0.060078496542874324,-1.5553891949934788,0.11985340588523657,0.2824397902229843,,CANX
ENSG00000086589,14.35872982242133,0.12009160728780717,0.07722226169715544,1.5551423209899438,0.11991217761549057,0.2824397902229843,,RBM22
ENSG00000148908,65.17692041749892,0.07240738755166047,0.046567121569221784,1.5549036554477016,0.11996901666442626,0.2824397902229843,,RGS10
ENSG00000099956,14.301816472195659,-0.12329331440366596,0.07931304388305277,-1.5545149746801066,0.12006162753123831,0.28249794713232546,,SMARCB1
ENSG00000204899,13.027379232917797,0.13699705365135323,0.088214232568845,1.553003972963622,0.12042218545821241,0.2831861455659489,,MZT1
ENSG00000111252,24.446702747818765,0.11338470739498338,0.07304674812608525,1.5522211502046772,0.12060931705753623,0.28346596551375747,,SH2B3
ENSG00000139921,21.732815079649804,0.12315707130695706,0.07949175347924936,1.549306260291593,0.12130811556497129,0.2849473522023041,,TMX1
ENSG00000149269,41.17923541148558,0.09048199902142456,0.05846941366866711,1.547509943133097,0.12174032870029959,0.2858012231338862,,PAK1
ENSG00000081237,349.6810836820793,0.07104704865068955,0.04595844874334391,1.545897448529073,0.12212933686765447,0.2865527588096123,,PTPRC
ENSG00000146083,12.357310028045964,0.13812716720399157,0.08936930478934235,1.5455772821505016,0.12220669126657176,0.28657262439060793,,RNF44
ENSG00000103152,17.14798102277013,0.10339990590140974,0.06692851287555106,1.5449305753091318,0.12236305687464519,0.28677764315409804,,MPG
ENSG00000112308,32.06875622841105,0.12364795924584017,0.0801172213251515,1.5433380888738197,0.12274876666391339,0.2875196336271845,,C6orf62
ENSG00000129625,73.88764893991194,0.06777077791504613,0.043970657092614246,1.5412728031855951,0.12325040513925026,0.2884189467631966,,REEP5
ENSG00000239569,18.686799236259883,-0.17126210328293653,0.11112353196169693,-1.5411866439051696,0.12327136715023164,0.2884189467631966,,KMT2E-AS1
ENSG00000167770,30.53343721122977,0.0819156270941736,0.053166082586824044,1.5407497244206299,0.12337770976730478,0.2885054933288296,,OTUB1
ENSG00000119541,17.006665681494965,0.12137113636632964,0.0788064933775814,1.540115936700933,0.12353209578723426,0.28856877769418776,,VPS4B
ENSG00000198399,37.77401715492612,-0.09391170816741455,0.0609788920791915,-1.540069111873239,0.12354350795032414,0.28856877769418776,,ITSN2
ENSG00000197756,957.2414758574001,-0.05837510377724815,0.03793317716753407,-1.5388930781998864,0.12383040127830741,0.2890765821087311,,RPL37A
ENSG00000163479,102.25172419053372,-0.04718555435184963,0.030734475703648755,-1.5352646587118395,0.12471883149204595,0.2909434707225774,,SSR2
ENSG00000175581,11.902718879789106,-0.12267482590900042,0.0799155199441058,-1.5350563444347378,0.12476998840602839,0.2909434707225774,,MRPL48
ENSG00000185803,9.45710569262553,-0.14716212837687026,0.09588908909674707,-1.53471192356819,0.12485460567413241,0.29097491449586865,,SLC52A2
ENSG00000183049,10.878586917643661,-0.15869955975484157,0.1034255937198348,-1.534432184984464,0.12492336473308209,0.29097491449586865,,CAMK1D
ENSG00000110697,9.561428166448033,-0.141430011279201,0.09224985478006627,-1.5331190668688377,0.1252465205906541,0.2914971117271359,,PITPNM1
ENSG00000119396,20.78845342477101,0.10867038018162326,0.07088962054196202,1.5329519237205889,0.12528770090579783,0.2914971117271359,,RAB14
ENSG00000134825,159.0256298176561,0.054489801075132814,0.035603777228351466,1.5304500060668371,0.12590537925648881,0.29277047384404326,,TMEM258
ENSG00000221983,1033.9468561985855,-0.04015452787110044,0.02627300141314845,-1.528357085650858,0.12642390360523234,0.29381197709372436,,UBA52
ENSG00000103274,13.245421234280595,0.12384474129870016,0.08105755643253641,1.5278617657537603,0.1265468628876289,0.29385124637470234,,NUBP1
ENSG00000109323,14.759230468820338,-0.12578840270837283,0.082337341749358,-1.5277199875031626,0.12658207536141022,0.29385124637470234,,MANBA
ENSG00000130741,48.55852792239051,-0.09392690475894348,0.06157918681672974,-1.525302778656141,0.12718359504219007,0.29499596913177395,,EIF2S3
ENSG00000102309,26.723454338863576,0.08765768899188986,0.05747409177784396,1.5251687548315735,0.1272170116880775,0.29499596913177395,,PIN4
ENSG00000168958,16.584509266327064,-0.10680946821845418,0.07008145146588683,-1.5240761426073663,0.12748969158043796,0.29535163054020064,,MFF
ENSG00000065809,20.664980729531692,-0.13913877794242346,0.09129929215694206,-1.5239852867998809,0.12751238664668277,0.29535163054020064,,FAM107B
ENSG00000214114,11.592074525791661,0.1352983879018024,0.0888046996332287,1.523549862345087,0.1276211958761658,0.2954391624067055,,MYCBP
ENSG00000110422,17.392894174360304,0.13971174487115945,0.09173550296899032,1.5229844536677006,0.12776259492689876,0.2956019993859282,,HIPK3
ENSG00000084676,9.059839646888758,-0.1500967753229274,0.09859146154401642,-1.5224115047317388,0.12790600392768867,0.2957693031346219,,NCOA1
ENSG00000179526,14.164622838546734,-0.11576417173789871,0.07607796405267359,-1.5216518104736327,0.1280963482312052,0.2960448936898964,,SHARPIN
ENSG00000213639,68.09356929726026,-0.11644427657983905,0.07666568168445873,-1.518857903841531,0.12879826706813077,0.29741051070874575,,PPP1CB
ENSG00000131171,189.55573991556932,-0.05488406010357077,0.03614124618004485,-1.5185989943499691,0.1288634644392039,0.29741051070874575,,SH3BGRL
ENSG00000079459,13.056988816384402,-0.12573565968092293,0.08280542500464236,-1.518447126789987,0.12890171894419916,0.29741051070874575,,FDFT1
ENSG00000196636,8.192869978209405,-0.14596646587775064,0.0962152461636569,-1.5170824967746757,0.1292458568122799,0.2980392263520424,,SDHAF3
ENSG00000088205,49.81417341664139,-0.08216758734752015,0.054187217876075056,-1.5163647547920909,0.12942714601215025,0.2982919265432383,,DDX18
ENSG00000174574,14.675348986202332,0.11525144308709076,0.07604923245652215,1.5154846323134263,0.12964971918829288,0.29863944176262364,,AKIRIN1
ENSG00000101294,32.95791324101043,0.08450692204020929,0.05577781982710334,1.5150631972020177,0.1297564006026673,0.29871977117160814,,HM13
ENSG00000139697,9.270454546423247,-0.15204589893276732,0.1004307062696484,-1.5139383618844247,0.13004147332947635,0.29895671481858715,,SBNO1
ENSG00000166002,41.08199109811825,0.11923739540235008,0.07876457140930193,1.5138455433564182,0.13006501849469518,0.29895671481858715,,SMCO4
ENSG00000025293,18.29284632949947,-0.1136410592851145,0.07507582385691106,-1.5136838125373877,0.1301060524639041,0.29895671481858715,,PHF20
ENSG00000257764,40.37565869229639,0.2651499591549501,0.17518723041188156,1.5135233231986016,0.13014678137895705,0.29895671481858715,,ENSG00000257764
ENSG00000205352,152.16255020321094,0.05806230812381383,0.038392532111279715,1.5123333870118751,0.13044907160812677,0.29938988980970005,,PRR13
ENSG00000140379,132.18539660492428,0.09552772328589783,0.06317578915537395,1.512093866385394,0.13050998500672145,0.29938988980970005,,BCL2A1
ENSG00000164167,73.24794846102724,0.08129650877950662,0.05376996475803785,1.5119315987156923,0.13055126445067208,0.29938988980970005,,LSM6
ENSG00000170832,11.17359813296989,-0.14280912177943308,0.09459711848457843,-1.5096561509187445,0.13113118551818398,0.30043560228391486,,USP32
ENSG00000113328,12.901887769370191,-0.1407056571743357,0.09320873817063122,-1.5095758180606944,0.13115169561240128,0.30043560228391486,,CCNG1
ENSG00000126581,17.82360459291842,0.10847912362906528,0.07189405011013142,1.5088748437859703,0.1313307696453376,0.3006802431065517,,BECN1
ENSG00000093000,11.246013170009936,0.15320100115489732,0.101601709406929,1.5078585001095401,0.131590745959856,0.3009493624703718,,NUP50
ENSG00000100575,10.505895585688664,0.13262114910126324,0.0879538261611323,1.5078496853371672,0.13159300248404,0.3009493624703718,,TIMM9
ENSG00000123106,10.510994782989874,0.14245296578174532,0.09462729720975405,1.5054109118849637,0.1322184654006142,0.3022136352014038,,CCDC91
ENSG00000111906,13.118755065089145,-0.14459928674463365,0.09608575275399836,-1.5048983080232625,0.1323502233877144,0.3023486706715497,,HDDC2
ENSG00000184897,35.25271590528758,-0.12906333292781522,0.08579044043339952,-1.5044022652851294,0.13247782136341293,0.3024740597540054,,H1-10
ENSG00000214026,62.27432712895841,-0.07114665399593706,0.0473044789615919,-1.5040151706079128,0.13257746060000924,0.30253551074933543,,MRPL23
ENSG00000112137,18.57019885735075,-0.2157871952145663,0.14353543803967342,-1.5033722553932805,0.13274307697739388,0.3027473685449334,,PHACTR1
ENSG00000068745,8.725152568422121,0.15029382618601855,0.10013526465848538,1.500908063693651,0.13337934224103848,0.30403181573847676,,IP6K2
ENSG00000145569,10.683253327195038,-0.1501764069093557,0.10009931513008545,-1.5002740699493484,0.13354342336777988,0.30423912443042955,,OTULINL
ENSG00000146112,34.78113508113242,0.08222304895777982,0.05482438418656558,1.499753260847901,0.13367832848958722,0.30437977368181873,,PPP1R18
ENSG00000100077,22.14544954107188,0.11316965819143728,0.07548603764798643,1.4992131222886624,0.13381835187389915,0.3045319167371009,,GRK3
ENSG00000227057,8.299327134880935,-0.1405084733796837,0.09374806129217177,-1.4987880436458323,0.13392862734043437,0.30455314647205384,,WDR46
ENSG00000071859,27.21261654306525,0.08955654395141166,0.05975962685478942,1.4986128372090757,0.13397410049131214,0.30455314647205384,,FAM50A
ENSG00000105176,8.100635971813643,-0.1574583546099858,0.10524266260015679,-1.4961456762853813,0.13461569723936426,0.3058445114777473,,URI1
ENSG00000111231,9.632089061541567,0.14925250182311234,0.09981440620311208,1.4953002026520983,0.13483611223460948,0.30606500215320787,,GPN3
ENSG00000005700,9.122805752325771,0.14890361486492962,0.09958715442286481,1.4952090530939195,0.13485989157375722,0.30606500215320787,,IBTK
ENSG00000119953,12.771584867495855,0.12682150073501736,0.084936932289437,1.4931255146212674,0.13540433489857848,0.3071330606205488,,SMNDC1
ENSG00000197324,13.861966263504787,-0.12147178478461342,0.0815489710631947,-1.4895563144565167,0.1363409357835271,0.3090149988971029,,LRP10
ENSG00000142669,827.268656305775,-0.05592464015409618,0.03754848482548484,-1.489398051985818,0.13638258124400984,0.3090149988971029,,SH3BGRL3
ENSG00000116580,9.815941419566412,-0.14687133131075158,0.09863580104782674,-1.489026598359923,0.13648036475921455,0.3090682185075299,,GON4L
ENSG00000136682,8.683232898728559,0.17882843473672547,0.12019525966127872,1.4878160356796133,0.13679941553716285,0.309545843172842,,ZNG1B
ENSG00000170525,8.97081889023884,-0.20631085651164582,0.13868128613731848,-1.4876618342532701,0.13684009749876358,0.309545843172842,,PFKFB3
ENSG00000198258,163.68136124470826,-0.06464795021226301,0.0434733312992302,-1.4870714592191319,0.13699593859591155,0.30972994812988697,,UBL5
ENSG00000134602,9.065261203400727,0.1580148743133472,0.10635065992638053,1.4857911969961484,0.1373343593246537,0.3102834343321414,,STK26
ENSG00000113811,67.1158812698665,0.07502975067443246,0.050505317027899205,1.4855812237152362,0.13738992452879914,0.3102834343321414,,SELENOK
ENSG00000023902,35.436218870516925,-0.09988917658080428,0.06735653508988909,-1.482991612432253,0.13807663925324795,0.31166512170022326,,PLEKHO1
ENSG00000169223,43.43352853747522,0.07754050705758214,0.05231030698401519,1.4823179508634259,0.1382557141132374,0.3119000925765008,,LMAN2
ENSG00000131374,8.256424117481753,-0.1525532832585745,0.10294486292333634,-1.481893111773648,0.13836873817571438,0.3119858811983587,,TBC1D5
ENSG00000153989,9.219091764251145,-0.1428417463635179,0.09654916790966034,-1.479471542387324,0.13901433162974422,0.31313997935557547,,NUS1
ENSG00000062485,9.778555437954626,0.15537806388513803,0.10502714574267388,1.4794086118062135,0.13903113987253554,0.31313997935557547,,CS
ENSG00000171530,123.20739388432875,0.054111629766309136,0.03658600413149122,1.4790254101494735,0.13913352367708115,0.3132010056800095,,TBCA
ENSG00000196262,236.7183701957039,-0.040210332251534,0.027194646512902397,-1.4786120581657995,0.13924402811941458,0.3132802363314033,,PPIA
ENSG00000008324,20.00933895930515,-0.09929586176338528,0.06726084362304899,-1.4762803499740602,0.1398686470044541,0.3145154440748806,,SS18L2
ENSG00000119801,73.81156475055185,-0.09164407711556959,0.06211865444055793,-1.475306861375513,0.14013006259019617,0.3149330418018455,,YPEL5
ENSG00000123728,16.2509150166755,0.12360075747445454,0.08384430189246417,1.4741700352276847,0.14043581557689222,0.3153734533504402,,RAP2C
ENSG00000032219,20.72533471789948,-0.1122588539012705,0.07615857400312603,-1.474014651280927,0.140477646408261,0.3153734533504402,,ARID4A
ENSG00000153774,23.849047524141877,-0.09015119174390172,0.06121323164463372,-1.4727402772535185,0.1408210816360921,0.31578967101570643,,CFDP1
ENSG00000186635,18.899589643934227,0.10436104925939502,0.07086318645888888,1.4727117770796243,0.14082876961448104,0.31578967101570643,,ARAP1
ENSG00000121410,8.412082224040953,-0.18052293028643676,0.12260325417341003,-1.4724154876925628,0.14090871338041142,0.31578967101570643,,A1BG
ENSG00000184787,10.209331478137559,-0.13044042630489744,0.08860233928629212,-1.4722007043563263,0.14096668727792472,0.31578967101570643,,UBE2G2
ENSG00000131669,94.89726143707857,-0.11307770632030811,0.07684139421780393,-1.4715728087883695,0.14113627277615898,0.315999405139301,,NINJ1
ENSG00000082153,38.97712486993628,-0.07374750936851285,0.05012867008578147,-1.471164290660698,0.1412466917783576,0.3160765130704506,,BZW1
ENSG00000131759,18.51829693249827,0.10870187054425653,0.07394381001795695,1.4700604488443145,0.1415453829801109,0.316513432479309,,RARA
ENSG00000168234,7.513238677378205,0.19579001343272912,0.13320130968964067,1.4698805431336994,0.1415941100586524,0.316513432479309,,TTC39C
ENSG00000151552,12.118861753126057,0.1241475009882835,0.08463087841985939,1.4669291316152897,0.14239533481268174,0.3181335084966466,,QDPR
ENSG00000110046,13.40351918584074,-0.1864290503246659,0.1271276996444399,-1.4664707286144907,0.14252008996395618,0.3182413173644969,,ATG2A
ENSG00000136986,16.241246533385826,-0.10313634529782661,0.07035127200332854,-1.4660196235392433,0.1426429408724512,0.3183447607453846,,DERL1
ENSG00000141002,64.43059504295805,-0.08118528225865039,0.055422281683932886,-1.4648491507737091,0.14296207860102134,0.31888592331380633,,TCF25
ENSG00000167005,16.019885949342008,0.10412589347467575,0.07111235185135259,1.4642448289761525,0.14312706557999447,0.3188962491395354,,NUDT21
ENSG00000106603,14.512675692212083,0.11354892344303327,0.07759132126101695,1.463422991097871,0.1433516714031306,0.3188962491395354,,COA1
ENSG00000107077,7.831921122521946,-0.1435411995994294,0.09809065366865594,-1.4633524625526766,0.14337095923361773,0.3188962491395354,,KDM4C
ENSG00000085365,9.371059738244863,0.14645471629854276,0.10008189842725317,1.4633487034121033,0.14337198732241646,0.3188962491395354,,SCAMP1
ENSG00000011422,78.22247323882459,-0.14414840053302938,0.09850924164079101,-1.4632982462565214,0.14338578741668703,0.3188962491395354,,PLAUR
ENSG00000170027,10.047512733096426,0.16194337725370006,0.11068140990662494,1.4631488466791458,0.14342665436059393,0.3188962491395354,,YWHAG
ENSG00000100239,8.906022294401739,-0.15617504903817933,0.10683599669378778,-1.4618204900152392,0.14379040766208465,0.319534239249077,,PPP6R2
ENSG00000063244,11.629558374153735,-0.12725751549061548,0.08718522705948524,-1.4596224587886832,0.1443938633449755,0.3207039356727699,,U2AF2
ENSG00000047315,18.271976815114616,-0.10990512252694204,0.07548808021711426,-1.4559268458124723,0.1454128434736458,0.32279478593936317,,POLR2B
ENSG00000129055,19.798495104013195,0.11121857803832429,0.07641824158781287,1.455393054425651,0.14556047814962725,0.3229501808546396,,ANAPC13
ENSG00000105819,16.378525065235813,-0.10363379950580436,0.07124469482005634,-1.4546177756470655,0.14577510715375067,0.3232539689550121,,PMPCB
ENSG00000143612,30.4947738388014,0.08280519167331861,0.05694282732244615,1.4541812475243538,0.14589606262691712,0.32328957664405655,,C1orf43
ENSG00000162819,19.19497921049216,0.11498301511443244,0.07908418350101111,1.453931873912087,0.14596519482820236,0.32328957664405655,,BROX
ENSG00000113583,8.840553907709525,0.1391610157588048,0.09572760809178846,1.4537187184847469,0.1460243063736015,0.32328957664405655,,C5orf15
ENSG00000170759,30.3576206370252,0.09064134328543813,0.0624129208670275,1.452284911942386,0.14642240099108206,0.3239985043206922,,KIF5B
ENSG00000198586,10.866007875925922,-0.13904809964274173,0.0958419480428375,-1.4508062751457518,0.14683381182127095,0.32473612821716485,,TLK1
ENSG00000115523,42.97379035574524,0.1429620189769915,0.09860985498274001,1.449774152918231,0.1471215095052553,0.3251995109149107,,GNLY
ENSG00000214756,9.712292949008539,-0.17091307656766846,0.11792758466360555,-1.4493053262746518,0.14725233430209322,0.32531583149055116,,CSKMT
ENSG00000110011,18.240635576356816,-0.10303145105572051,0.07111965416198188,-1.4487057378127353,0.14741977741530363,0.32551288431404624,,DNAJC4
ENSG00000136867,60.752084110009164,0.11299263663019919,0.07807505620578784,1.4472309354779929,0.14783225499177324,0.32601966727688264,,SLC31A2
ENSG00000127824,22.145580184601325,-0.10825343903686035,0.07480114499951857,-1.447216336562189,0.14783634246827332,0.32601966727688264,,TUBA4A
ENSG00000110958,142.5889215398962,0.06896732486227003,0.04766663262939151,1.4468679883156754,0.1479339003470856,0.32601966727688264,,PTGES3
ENSG00000100292,93.20048668736904,0.08483060904103157,0.05864215692381487,1.4465806425101226,0.14801441099247648,0.32601966727688264,,HMOX1
ENSG00000120705,17.09200786873622,-0.11026882520223395,0.07623432187694441,-1.4464459378313512,0.14805216505613292,0.32601966727688264,,ETF1
ENSG00000138594,27.616795128891976,0.11471924295106785,0.07932429118269206,1.446205711272699,0.14811951229646833,0.32601966727688264,,TMOD3
ENSG00000126945,24.271837305578366,0.08908143151828499,0.06168228927281813,1.4441978818957517,0.1486833205509382,0.32692540336077885,,HNRNPH2
ENSG00000171490,64.829076108564,-0.07106622465389911,0.04920868346562764,-1.4441805723889973,0.1486881882592773,0.32692540336077885,,RSL1D1
ENSG00000162910,32.454467171919156,-0.07405683813548351,0.05129202460988586,-1.443827548215167,0.14878749081673695,0.3269709254081488,,MRPL55
ENSG00000105856,15.806217890626455,-0.11644912545195937,0.08069158781137035,-1.4431383569273422,0.148981500101049,0.3272244141606989,,HBP1
ENSG00000108669,25.408539354444432,0.0931096312786741,0.06465359425977073,1.4401307822821152,0.1498304016385068,0.3289152880296508,,CYTH1
ENSG00000068903,16.321336050813954,-0.10283466313370561,0.07145812624764597,-1.4390898353158716,0.15012507158292018,0.32938834271358014,,SIRT2
ENSG00000143401,14.031162117491672,-0.12933923280376008,0.0898995668659941,-1.4387080751629813,0.1502332504562438,0.32945193563414565,,ANP32E
ENSG00000111142,27.29713884798009,0.09552187735074673,0.06650897899807731,1.4362252855138273,0.1509382461948037,0.3308235533036793,,METAP2
ENSG00000173163,15.601674399215634,0.10435235557473795,0.07273605564592531,1.4346716308445273,0.15138069196410173,0.33148791800640826,,COMMD1
ENSG00000164088,10.72154623603549,-0.1258947276244485,0.08775589697234557,-1.4346013426781064,0.151400731781773,0.33148791800640826,,PPM1M
ENSG00000103415,10.585904945539998,0.12129276479504808,0.08462664336601228,1.4332692396938627,0.15178090906525335,0.33214549274668803,,HMOX2
ENSG00000270170,20.307267393818837,-0.10361340351636653,0.07232966062750895,-1.4325161022110409,0.1519961731897645,0.3324416826863409,,NCBP2AS2
ENSG00000188820,196.70829499442294,0.12012768559457035,0.08393527423956608,1.4311942944477043,0.15237453831366338,0.3330135682200003,,CALHM6
ENSG00000147400,12.78690534993709,0.11310111830628447,0.07903401840854764,1.4310434997956833,0.15241774853146167,0.3330135682200003,,CETN2
ENSG00000067596,9.22976498141366,0.15092067915940097,0.10551713283418997,1.4302954895159852,0.1526322288096756,0.33328266118715677,,DHX8
ENSG00000141252,17.010428097162904,-0.16497780353581046,0.11539525340186532,-1.4296758200380506,0.15281008324086878,0.33328266118715677,,VPS53
ENSG00000112799,34.190372390207166,0.1344881572081229,0.09408552820579275,1.4294244797558846,0.15288226660180557,0.33328266118715677,,LY86
ENSG00000132510,12.708187428329458,-0.20212072006179815,0.14141415858966186,-1.4292820611285968,0.15292317985552611,0.33328266118715677,,KDM6B
ENSG00000115956,125.99968131395033,-0.10033069454435567,0.07021109258315461,-1.4289863731365362,0.1530081501028199,0.33328266118715677,,PLEK
ENSG00000165775,24.853763604731842,-0.09171808746253599,0.0641861210719019,-1.428939557817998,0.1530216064585263,0.33328266118715677,,FUNDC2
ENSG00000170515,36.42527251374546,0.08449221327934887,0.05916961882857144,1.427966158175584,0.15330159946744623,0.3337177675481823,,PA2G4
ENSG00000170144,81.82751526957337,0.05601921654648431,0.039257284128475574,1.4269763634986237,0.15358670776915065,0.33416354828434447,,HNRNPA3
ENSG00000063322,15.425845491206505,0.11274153640589621,0.07912066832993285,1.4249315480471485,0.1541769891299979,0.33518164886422075,,MED29
ENSG00000149313,8.980307335994684,0.13181066295201854,0.09251186675917893,1.4247973537831613,0.15421578748224002,0.33518164886422075,,AASDHPPT
ENSG00000155465,88.7773038187883,0.06479666051739058,0.04553680936882473,1.422951265482194,0.15475028335889027,0.3361677173749261,,SLC7A7
ENSG00000113749,17.984503404916264,-0.13572268507259144,0.09546310947524055,-1.421729145621353,0.15510489566653715,0.33676219518413075,,HRH2
ENSG00000198961,24.233236574548435,0.10850636130614877,0.07637398665692219,1.4207240718435672,0.1553969916276211,0.33710879803330085,,PJA2
ENSG00000156928,8.173877529129987,0.13835527730922997,0.09739061641977079,1.4206222570036344,0.1554266044778536,0.33710879803330085,,MALSU1
ENSG00000233276,145.19894357345262,0.0711359016367452,0.05009485268763646,1.42002417055319,0.15560064444275484,0.33731041213228774,,GPX1
ENSG00000161642,20.347212135258072,0.11451514596937354,0.08072288956780334,1.4186205001146093,0.1560096859401529,0.3380209862036646,,ZNF385A
ENSG00000106554,10.778012428176522,-0.12016762310052859,0.08479997069898293,-1.417071516770817,0.15646201918882865,0.33872824569178955,,CHCHD3
ENSG00000091140,15.526404920467618,0.11316422517747005,0.07987145707529796,1.416829357085419,0.15653282433931434,0.33872824569178955,,DLD
ENSG00000102893,13.583125876611144,-0.11999114216643088,0.08471564908259231,-1.416398781876147,0.15665878037903352,0.33872824569178955,,PHKB
ENSG00000143622,10.81391649919457,0.13779203230934897,0.09728407176027483,1.4163884160697235,0.15666181363245266,0.33872824569178955,,RIT1
ENSG00000156136,15.14449661263002,0.16174281570988733,0.11423393082614464,1.415891185221032,0.15680736616833146,0.3388668276676669,,DCK
ENSG00000077721,32.10474822278241,0.07173663919194262,0.050717257343784836,1.414442399865568,0.15723204831892384,0.3394154945794652,,UBE2A
ENSG00000138964,44.11377823182217,0.06839835977201485,0.04836996635926293,1.4140667219818408,0.15734231289949863,0.3394154945794652,,PARVG
ENSG00000134597,12.088566580062027,0.11806505309574646,0.08349430619990988,1.4140491545982077,0.15734747050644105,0.3394154945794652,,RBMX2
ENSG00000197323,13.552482181122533,0.131369129197038,0.09291178643742654,1.4139124241843246,0.15738761755860298,0.3394154945794652,,TRIM33
ENSG00000100941,34.00019729684406,-0.10008804592615907,0.07084200249700666,-1.412834792895474,0.15770430550009396,0.33974703226407393,,PNN
ENSG00000107625,10.252497138949456,-0.13701001125710557,0.09697534307328949,-1.412833478233325,0.15770469213988625,0.33974703226407393,,DDX50
ENSG00000160013,10.053215599903792,0.19797352672734814,0.14018455056410287,1.4122349854581144,0.15788078238810277,0.339857921502808,,PTGIR
ENSG00000135002,12.007731356703117,0.12258849991494633,0.08681270212828868,1.4121032626514662,0.15791955823676151,0.339857921502808,,RFK
ENSG00000198730,8.50079577257237,0.1434270215297029,0.1016335942787983,1.4112166606669259,0.15818073904435315,0.3402439888441102,,CTR9
ENSG00000198624,25.489653825900735,-0.09880350398392967,0.07003682884082058,-1.4107364028215768,0.15832235295391373,0.3403521246579363,,CCDC69
ENSG00000115295,15.719037478948874,0.1148188639410868,0.08141490327302066,1.410292947914557,0.1584531999866734,0.3403521246579363,,CLIP4
ENSG00000028839,8.37913791348848,0.14372668062312785,0.10191833654046718,1.410214152838537,0.15847645804385158,0.3403521246579363,,TBPL1
ENSG00000154001,13.871927808519287,0.11453691373411806,0.0812951198722201,1.4089026981465493,0.15886394163118822,0.34100825448180755,,PPP2R5E
ENSG00000035862,16.35302102229993,0.11950177884061236,0.08486223308568752,1.4081856497925103,0.15907610436682595,0.34128756790407216,,TIMP2
ENSG00000198898,118.78312686806164,0.07326583296121705,0.05215446962465498,1.4047853134831247,0.16008512758768445,0.34327532513647796,,CAPZA2
ENSG00000147459,25.632286112219276,-0.1040711614536098,0.07415903055856023,-1.403351158581142,0.16051214977001105,0.3440136749321205,,DOCK5
ENSG00000132424,82.59723610202192,-0.06132172060676496,0.04371384238420093,-1.4027986848606993,0.16067687929874974,0.3440707628809543,,PNISR
ENSG00000115234,38.75287531696339,-0.07047455191993345,0.050241816605397976,-1.4027070811042621,0.1607042048744457,0.3440707628809543,,SNX17
ENSG00000166925,25.922331523690072,-0.08938145786752065,0.06373422374580617,-1.4024091393033105,0.16079310576796424,0.34408401234296876,,TSC22D4
ENSG00000163221,14.535076521164218,0.144380452069643,0.10301575970847579,1.4015375169607553,0.16105339678678487,0.3441989986781416,,S100A12
ENSG00000204634,9.633684390979568,-0.1470146673496569,0.10490511193101475,-1.4014061340150257,0.16109265902973513,0.3441989986781416,,TBC1D8
ENSG00000166128,15.37415975461991,0.12218123596298801,0.08718524449375871,1.4013980997866506,0.16109506019863984,0.3441989986781416,,RAB8B
ENSG00000186063,12.097023658084295,0.1397113734229854,0.09971755446247327,1.401070996737721,0.16119284359366637,0.3442311238961253,,AIDA
ENSG00000147471,14.454372222505812,-0.09909186106546258,0.07078140993764886,-1.3999701496869348,0.1615222574777695,0.34463554770892585,,PLPBP
ENSG00000111640,416.60071017702296,-0.041054974018824894,0.029329395127458024,-1.399789318545797,0.16157641737264483,0.34463554770892585,,GAPDH
ENSG00000113141,49.53718370151622,0.0785362301785086,0.05611302173340283,1.3996079297179915,0.1616307580721429,0.34463554770892585,,IK
ENSG00000177576,15.93390465537201,0.14195596592312032,0.10147343631609612,1.3989470651306077,0.16182885746047304,0.3448811716370737,,C18orf32
ENSG00000184840,37.050059961295275,-0.08563591844072217,0.06123079199760593,-1.398576037430162,0.16194015625621183,0.344941653879079,,TMED9
ENSG00000171443,15.876438267190625,0.0977598005745131,0.06994898513391636,1.3975871184886146,0.16223708880518972,0.34538613209019886,,ZNF524
ENSG00000120333,13.219438069012147,0.11841053853440038,0.08474067309670266,1.3973282746913636,0.1623148769798891,0.34538613209019886,,MRPS14
ENSG00000142684,21.958730096840046,-0.13282268238134037,0.0950742190823967,-1.3970420547575437,0.1624009250395133,0.34539256041123484,,ZNF593
ENSG00000130592,209.91336729029834,-0.0909178461625885,0.06514023701631831,-1.395724828876699,0.1627973744950716,0.3459754865558407,,LSP1
ENSG00000066427,11.93397201897477,0.11085654634019902,0.07943409586175394,1.3955788775280111,0.1628413467971962,0.3459754865558407,,ATXN3
ENSG00000104825,7.95070454907443,0.1509091324734331,0.10828120402064256,1.393678005692142,0.16341486086468038,0.3470167540566975,,NFKBIB
ENSG00000100605,14.197461634732347,0.10659180497661626,0.07657540008795999,1.39198495671165,0.16392695338118013,0.34792659493148437,,ITPK1
ENSG00000141030,14.025015961889169,-0.10615287884843155,0.0763127104639497,-1.3910248791199522,0.16421788254693848,0.3482626842376047,,COPS3
ENSG00000174021,168.59064321612746,0.0439651434059654,0.03160890725397052,1.3909099436027728,0.16425273713321642,0.3482626842376047,,GNG5
ENSG00000198945,9.90838436718745,-0.14757109713978686,0.10617883647715866,-1.389835319692287,0.16457889016487126,0.3487764559785351,,L3MBTL3
ENSG00000139687,22.704132815762005,0.09966643574259397,0.07179648537789593,1.388179870059188,0.16508228037585282,0.3496197884739502,,RB1
ENSG00000108433,10.020463890951813,0.125538568230243,0.09044734040761536,1.387974125767363,0.1651449241229116,0.3496197884739502,,GOSR2
ENSG00000087086,9305.482842829257,0.04550866480392771,0.03280278775975857,1.387341378946954,0.16533769108679364,0.34984984482251347,,FTL
ENSG00000025800,7.976650537448426,0.15064569976313105,0.1086209837273701,1.3868931636748898,0.16547434275605677,0.3499609892553107,,KPNA6
ENSG00000138768,9.14287126452567,0.15369269786914241,0.11084060922584532,1.3866100064100426,0.16556071541001505,0.3499657398910887,,USO1
ENSG00000108107,1871.7905337532736,0.04625405020695016,0.0333798937234488,1.3856859638368915,0.16584281599938366,0.35038400942480247,,RPL28
ENSG00000197971,21.53358816960054,-0.11977877231326094,0.086570839487872,-1.383592593324004,0.16648323751679228,0.3515585117105868,,MBP
ENSG00000138185,10.997327051157471,0.1788304474384854,0.12933988469049357,1.3826396077777652,0.1667753980273846,0.3519967812247184,,ENTPD1
ENSG00000170802,11.12588442875951,0.13973582072608154,0.10108519928335163,1.3823568803024116,0.1668621489801856,0.35200128790951934,,FOXN2
ENSG00000151694,18.67738687583444,0.10702467494415185,0.07745424211530368,1.3817793838177077,0.16703945104421392,0.3521000574570521,,ADAM17
ENSG00000126088,8.335163134989878,0.1294424672381871,0.09368666374388218,1.3816530770276232,0.1670782484183223,0.3521000574570521,,UROD
ENSG00000133226,113.96077219815024,-0.05526151953153942,0.0400197503079821,-1.3808561799176766,0.16732318567212523,0.35243769741571696,,SRRM1
ENSG00000166333,23.66347561024516,0.08892212563898187,0.06442244024623667,1.3802973823888394,0.16749510059842565,0.35262126441773817,,ILK
ENSG00000241399,42.52667103742183,-0.09687989841549949,0.07027675288304387,-1.378548302832505,0.16803406527509057,0.3532283724263507,,CD302
ENSG00000197249,473.09760845402707,0.04930335624577349,0.03577150892754532,1.378285616791753,0.16811512218910363,0.3532283724263507,,SERPINA1
ENSG00000070444,8.984508286786168,-0.18846796986963202,0.1367475976173516,-1.3782177760592536,0.16813606054248065,0.3532283724263507,,MNT
ENSG00000163683,21.51763235763564,0.09569738569256181,0.06944023988865326,1.3781257934306048,0.16816445317387962,0.3532283724263507,,SMIM14
ENSG00000168556,14.674806676418772,-0.1166682997321418,0.0846726666444734,-1.377874399799085,0.16824207017426784,0.3532283724263507,,ING2
ENSG00000146192,29.826740759795335,0.12782247023729887,0.09278506835216,1.3776189693815453,0.16832096106126437,0.3532283724263507,,FGD2
ENSG00000130066,1911.3859130712112,-0.05366020020991521,0.03895661643177521,-1.3774348268641452,0.16837785156765706,0.3532283724263507,,SAT1
ENSG00000196843,8.636867670035501,-0.1775628752988003,0.12910301233373908,-1.3753581120151521,0.16902044852525566,0.3542456672083904,,ARID5A
ENSG00000114395,16.25268127108783,0.10014492004663694,0.07281586474725912,1.3753173212216299,0.16903308880015744,0.3542456672083904,,CYB561D2
ENSG00000133318,40.43503992446606,-0.06451631516479733,0.04694663941961809,-1.374247783491766,0.16936477089435742,0.35476205786532067,,RTN3
ENSG00000126821,9.44586336769024,0.16284834053929936,0.11861305294164093,1.3729377711863022,0.16977169307362072,0.35543545203133475,,SGPP1
ENSG00000026025,378.28434936317495,-0.07024791796804246,0.05118569246382452,-1.3724131605270393,0.16993485548217846,0.355563669867529,,VIM
ENSG00000010404,36.226478735147744,-0.1038660483074228,0.07569356040136452,-1.3721913430505037,0.1700038796554123,0.355563669867529,,IDS
ENSG00000145050,12.05990339245332,0.11994239244337541,0.08743278975993192,1.3718239206675955,0.17011825874452413,0.355608530304326,,MANF
ENSG00000168273,10.326738129804232,0.13570597853039293,0.09895016577074076,1.3714578189268758,0.17023228407140134,0.355608530304326,,UQCC5
ENSG00000104133,16.64740846405103,0.10997759253391877,0.08019957356539806,1.3712989688684378,0.1702817770111099,0.355608530304326,,SPG11
ENSG00000049245,26.692850766336772,0.10192986502157485,0.07436530871972573,1.370664181678271,0.17047966541030912,0.3558431550962799,,VAMP3
ENSG00000164062,8.296990992541046,0.128263080548401,0.09367755378409082,1.3691975864786492,0.17093752026140085,0.35657946685353487,,APEH
ENSG00000119559,11.486399389899267,0.1295776139215751,0.09465230149092797,1.3689853482748602,0.17100385489730818,0.35657946685353487,,C19orf25
ENSG00000100949,8.350806881133161,0.12969901429732103,0.09492264881705115,1.3663653081078257,0.1718243319332421,0.35811083208531413,,RABGGTA
ENSG00000111802,8.543727673970432,0.13904596451204482,0.10180160999992213,1.365852313260578,0.17198532282916268,0.3582668717923469,,TDP2
ENSG00000127837,25.13055260188053,-0.08978539837461678,0.06579640629477451,-1.3645942602452963,0.17238060978509384,0.3587974672322033,,AAMP
ENSG00000116649,10.877568598356552,-0.13647904437267538,0.10002181681806448,-1.3644927548249308,0.17241253293201309,0.3587974672322033,,SRM
ENSG00000181038,10.349287106881237,-0.1197706686448707,0.08785251313009954,-1.3633152243181026,0.17278318595773656,0.35938902679209206,,METTL23
ENSG00000067167,50.82414168316057,0.08486172377076856,0.06227446611840608,1.3627049585526116,0.17297551447732817,0.3596092654801026,,TRAM1
ENSG00000178719,38.727816963264026,0.07872885323200311,0.057813730219472156,1.361767402537997,0.17327130203257635,0.36004426396379496,,GRINA
ENSG00000172932,17.97090325120314,-0.10388840509081848,0.07631688735187202,-1.3612767592554353,0.17342624464705458,0.3601863094017709,,ANKRD13D
ENSG00000119048,56.23204372158698,0.05979249494622368,0.043972203597967094,1.3597793618191103,0.17389975522998957,0.3608580741643873,,UBE2B
ENSG00000137642,12.872575373531477,-0.12483870413450067,0.09181305606771327,-1.359705356528276,0.17392318237971072,0.3608580741643873,,SORL1
ENSG00000164967,9.062182056954068,0.13455464040778511,0.0989858535232334,1.3593320218853617,0.1740414013165814,0.3609233447043762,,RPP25L
ENSG00000122085,8.172411537533128,0.13659453934800014,0.10072029745753212,1.3561768858515744,0.17504289446089305,0.3625345954093978,,MTERF4
ENSG00000227500,8.038983620200138,-0.1617451454417134,0.11927058902579372,-1.3561192810637837,0.17506121908107808,0.3625345954093978,,SCAMP4
ENSG00000162695,8.115707475370186,0.15965628746919042,0.11773534170341793,1.3560608493528967,0.17507980821574043,0.3625345954093978,,SLC30A7
ENSG00000151366,63.41208857953292,-0.06802043471757697,0.05018926393570827,-1.3552785871637842,0.17532881457635197,0.36261899908675677,,NDUFC2
ENSG00000148153,10.57653370657852,-0.11568885849270062,0.08536391339804127,-1.3552431453471203,0.17534010251776444,0.36261899908675677,,INIP
ENSG00000166228,9.31208733978871,0.12500926215721267,0.09225682709259912,1.3550136732075078,0.17541320071994515,0.36261899908675677,,PCBD1
ENSG00000163714,42.86924710533514,-0.07220761609637245,0.05329613353017236,-1.354837796169469,0.17546924162539457,0.36261899908675677,,U2SURP
ENSG00000213593,12.688051164740362,0.11891976548742159,0.08782305007845909,1.354083755701737,0.17570965809455863,0.3629355400562879,,TMX2
ENSG00000198843,63.65106132826607,-0.06512913232946588,0.04820404250923257,-1.3511134946201169,0.17665907932336222,0.3647155186030704,,SELENOT
ENSG00000163811,11.408849538157707,-0.1311083418152695,0.09711024980281843,-1.3500978741325855,0.1769845901907694,0.365206297219048,,WDR43
ENSG00000165678,69.68639428415456,0.0514461488432676,0.03815511488161042,1.348342129302906,0.1775483678183739,0.3661880070026948,,GHITM
ENSG00000125347,82.70140368072173,0.12146068492041769,0.09010681818740734,1.3479633102547186,0.1776701835394685,0.36625766279692223,,IRF1
ENSG00000134882,10.18280444072985,0.12414404105902659,0.09212198528101911,1.3476049249299593,0.17778548572377306,0.36631382893060715,,UBAC2
ENSG00000132334,34.695431482754195,-0.14307728747749432,0.10627611506720928,-1.3462788641362349,0.17821259952474677,0.3664446674006582,,PTPRE
ENSG00000168175,20.81576812499149,0.09218296199947354,0.06849933239402939,1.3457497873002406,0.1783832239919373,0.3664446674006582,,MAPK1IP1L
ENSG00000196323,8.89915092047886,0.13352974813400445,0.09923293969610064,1.345619192003555,0.1784253589805156,0.3664446674006582,,ZBTB44
ENSG00000133246,39.869202311865884,-0.06846169622039394,0.05088230059273944,-1.3454913677814908,0.17846660708654472,0.3664446674006582,,PRAM1
ENSG00000132153,8.300226786845256,-0.12829371307655008,0.09535703868441885,-1.34540370429428,0.1784948996667527,0.3664446674006582,,DHX30
ENSG00000204308,18.746619282238846,0.10400574068123224,0.07730815221800082,1.3453398858628394,0.1785154985745877,0.3664446674006582,,RNF5
ENSG00000159069,18.96358656639915,0.08441328162863454,0.06274747960851461,1.3452856139448819,0.17853301751103134,0.3664446674006582,,FBXW5
ENSG00000021355,63.387227977315455,0.06757625468874141,0.05023429258724065,1.345221584864232,0.178553687697388,0.3664446674006582,,SERPINB1
ENSG00000170291,7.466089910293506,0.16788022912991207,0.12495907428728778,1.3434816966068923,0.17911604884360344,0.36741753608944294,,ELP5
ENSG00000128928,10.026905320589796,-0.15076638712175816,0.11230012775650615,-1.3425308602378099,0.17942393119421773,0.3678676953020925,,IVD
ENSG00000239672,10.552314192023696,-0.1300608443927738,0.096961327413254,-1.3413682327021783,0.17980092631281164,0.3684590411139391,,NME1
ENSG00000186566,17.155327792353493,-0.1061989798340317,0.07930993898362457,-1.339037467371637,0.18055847586343676,0.36955524347215307,,GPATCH8
ENSG00000159322,19.425436823131232,-0.09301851921714824,0.06947061789053073,-1.3389620251215189,0.18058303578603618,0.36955524347215307,,ADPGK
ENSG00000101654,32.78000991993024,-0.08271671376951895,0.06177948196569145,-1.3389026767083407,0.18060235816800174,0.36955524347215307,,RNMT
ENSG00000005483,44.74249214772632,-0.07867768332849254,0.058784548943287336,-1.3384075363816637,0.1807636235138076,0.36970337945793486,,KMT2E
ENSG00000110696,86.3327900526974,0.052094460539946104,0.038978994739599516,1.336475219229354,0.1813939949389276,0.37081032872036307,,C11orf58
ENSG00000143553,13.040744330408156,0.10998303874613218,0.08232552626069725,1.335953060267758,0.1815646162606953,0.37097681907882735,,SNAPIN
ENSG00000129226,239.15533368552238,0.05376909854408313,0.040271524397004974,1.3351642220944082,0.18182260383495608,0.37120476682832787,,CD68
ENSG00000178691,9.574981640232235,0.13860778010453223,0.10382089527567154,1.335066315277791,0.18185464297983944,0.37120476682832787,,SUZ12
ENSG00000115091,112.13520817122496,0.07211359831955551,0.05403663182418394,1.3345317034967614,0.1820296638630593,0.37137979483586403,,ACTR3
ENSG00000167470,68.14437107418173,-0.09646639076742179,0.07231342456174908,-1.3340039052506534,0.18220257667159712,0.3715503524283549,,MIDN
ENSG00000131473,8.19095175523602,0.14020900642584722,0.10520634942689225,1.3327047957621443,0.18262869884191146,0.3719253942910367,,ACLY
ENSG00000131368,12.079545960112371,0.10925811810552886,0.08198313941644146,1.3326900980278573,0.18263352408327305,0.3719253942910367,,MRPS25
ENSG00000135596,12.928258231341848,0.1080536319861655,0.08108326429493873,1.332625578480938,0.1826547068597567,0.3719253942910367,,MICAL1
ENSG00000068796,10.28983935473613,-0.13781892125289458,0.10347442448912694,-1.3319129044044749,0.18288881009587354,0.3721546635397099,,KIF2A
ENSG00000117450,97.08345299805809,0.07469751313648723,0.05609023724347024,1.3317382276749625,0.1829462228218045,0.3721546635397099,,PRDX1
ENSG00000188229,22.596562262834066,-0.11011748908652955,0.0827269764789174,-1.3310952941038827,0.18315765721930255,0.3724026657049358,,TUBB4B
ENSG00000076513,15.775822778407129,0.10657617442403466,0.08011386527647654,1.3303087306577397,0.18341657178175041,0.37252061458751584,,ANKRD13A
ENSG00000182247,19.265586643787596,-0.09258600116640606,0.06960083880112292,-1.3302426057099805,0.1834383506046483,0.37252061458751584,,UBE2E2
ENSG00000171988,29.718749745489017,-0.0984359228115878,0.0740067024663101,-1.3300947013062576,0.18348707113304596,0.37252061458751584,,JMJD1C
ENSG00000072786,31.43252483427747,-0.08279491885319891,0.062259715816972754,-1.3298313004928302,0.1835738605539441,0.37252061458751584,,STK10
ENSG00000164754,26.21045582897196,0.08911102882297295,0.06716681291483152,1.3267121805521276,0.18460391013763833,0.37419816414593926,,RAD21
ENSG00000108465,18.808231125845396,-0.09384022799434469,0.07074038844839498,-1.3265438606235676,0.18465961704787104,0.37419816414593926,,CDK5RAP3
ENSG00000141741,45.58746329988271,-0.06331498941219851,0.04773045584493687,-1.3265113079558994,0.18467039206529168,0.37419816414593926,,MIEN1
ENSG00000160593,56.491172434219365,0.09120417265333361,0.06884069126090207,1.3248584664508276,0.18521809866058658,0.3751252631100488,,JAML
ENSG00000125753,127.96790799231972,-0.05536945400933446,0.04180610096479825,-1.3244347770187153,0.18535869107581437,0.3751729720280819,,VASP
ENSG00000099817,31.060673116169,-0.07358415095215198,0.05556691341297776,-1.3242439867996387,0.18542202656003282,0.3751729720280819,,POLR2E
ENSG00000162961,27.607602863325344,0.07749894313585284,0.05854228090381697,1.3238114733380655,0.18556566472429425,0.3752810720724667,,DPY30
ENSG00000114784,35.67710181765079,0.07189817941095134,0.05434252578674915,1.3230555328453824,0.18581691089201258,0.3756065837272946,,EIF1B
ENSG00000162585,31.72188349898978,-0.07457011463767983,0.05646596224943482,-1.3206206299694507,0.18662789059224438,0.3770626638483422,,FAAP20
ENSG00000147065,130.29708992394728,-0.044406332113063815,0.03363942900321622,-1.3200679508804443,0.1868123319664593,0.3772520878545974,,MSN
ENSG00000166428,18.04486735893979,-0.13181879637972968,0.09998735182977764,-1.3183547115453476,0.18738493384603527,0.37782444112948055,,PLD4
ENSG00000131236,156.27831675557468,-0.043114834649802966,0.032706365999589614,-1.318239839006998,0.18742337305272483,0.37782444112948055,,CAP1
ENSG00000102871,19.24824786878718,-0.08661980999770548,0.06573318046143455,-1.3177486528059457,0.18758780183184254,0.37782444112948055,,TRADD
ENSG00000160209,21.42047046020656,-0.10137675380284329,0.07693465974203935,-1.317699384682507,0.18760430063168054,0.37782444112948055,,PDXK
ENSG00000076043,9.53434441844435,0.1152459061899604,0.08746298011978089,1.3176535493317367,0.18761965083402266,0.37782444112948055,,REXO2
ENSG00000124831,173.9425645852018,-0.05853911352414387,0.04442890567383633,-1.3175907134398963,0.18764069600324684,0.37782444112948055,,LRRFIP1
ENSG00000176623,12.018823913190984,-0.10795890925990921,0.08196263039537825,-1.3171723349912992,0.18778086488794765,0.377911897140476,,RMDN1
ENSG00000164713,128.6770392072376,0.08683081907492896,0.06593482754751533,1.3169188773923026,0.1878658180977174,0.377911897140476,,BRI3
ENSG00000138767,16.29050107352998,-0.10691729033934562,0.08131087722659748,-1.3149198973882434,0.18853682483903578,0.3790783911698351,,CNOT6L
ENSG00000198736,20.645600529053997,0.08952775655352647,0.06821318670487689,1.312469932549357,0.1893616245778421,0.3804932470253785,,MSRB1
ENSG00000103978,14.450630944261516,-0.10735237622552744,0.08180558548264066,-1.3122866316788095,0.1894234410071055,0.3804932470253785,,TMEM87A
ENSG00000213722,23.179072418796142,0.0954207539041889,0.07273121590350479,1.311964233222598,0.18953220282098404,0.38052797477572087,,DDAH2
ENSG00000162736,9.836608563130161,0.11947141046807938,0.09108467249056307,1.3116521935176015,0.18963751390714345,0.3805557442613202,,NCSTN
ENSG00000162511,259.74891832843076,0.05022418230553454,0.038323470955185644,1.3105332333875823,0.19001550918794774,0.3811304330867225,,LAPTM5
ENSG00000099860,52.208975158988686,-0.12347442122304897,0.09424238819869639,-1.3101792471846225,0.1901352045482252,0.381186723335237,,GADD45B
ENSG00000176155,22.898906098713574,0.08671824784193011,0.06622070922618546,1.3095336618297553,0.19035364296431412,0.3814408259785871,,CCDC57
ENSG00000143033,11.421300332046158,-0.11635707624575366,0.0888753393801251,-1.3092166742462445,0.19046096560053627,0.3814721313905782,,MTF2
ENSG00000196954,62.72308602298889,0.06247757839895076,0.04773834969987291,1.3087502771198036,0.19061895489242686,0.3816048375132319,,CASP4
ENSG00000105851,15.424944645526462,-0.11483876289716431,0.08778706458070502,-1.3081513027649982,0.1908219954412519,0.3818275618256892,,PIK3CG
ENSG00000104671,12.835698577231122,0.10109367973014592,0.07734361164080834,1.3070721367349034,0.19118821326544977,0.38222980342402535,,DCTN6
ENSG00000158710,76.90458087957902,-0.08637704086977215,0.06608713650259977,-1.307017453636748,0.1912067838762973,0.38222980342402535,,TAGLN2
ENSG00000167995,13.446325331740857,-0.12159344043352846,0.09319693336096624,-1.3046935778731916,0.1919972091727612,0.3836255476266506,,BEST1
ENSG00000100380,68.74702639087138,-0.06289530025538996,0.04821973503479489,-1.3043476951917161,0.19211506018893676,0.3836767404637431,,ST13
ENSG00000133275,10.678688019098834,-0.1260998758988107,0.09676506855452159,-1.3031549275218115,0.1925218744037701,0.3843047013050305,,CSNK1G2
ENSG00000135698,10.158021388302554,0.14596193443982994,0.11209801258859853,1.3020920805751708,0.19288491006473618,0.3847723781777627,,MPHOSPH6
ENSG00000136100,15.06594753958683,0.10480103694282945,0.08051130479548117,1.3016934355870928,0.1930212045042342,0.3847723781777627,,VPS36
ENSG00000148672,22.73225300787136,-0.09102030123489216,0.06992648341769478,-1.3016570659101616,0.19303364260985356,0.3847723781777627,,GLUD1
ENSG00000197102,15.26176032999532,-0.10476216468789044,0.08059300885179299,-1.299891469253164,0.1936381693179281,0.38562044637321125,,DYNC1H1
ENSG00000109919,17.70964908259586,-0.08326961797527056,0.0640598101236593,-1.2998730064065,0.19364449819077845,0.38562044637321125,,MTCH2
ENSG00000101150,13.066617963422557,-0.10437200737122147,0.08043194464877994,-1.2976437139121773,0.19440979343346199,0.38695920606851764,,TPD52L2
ENSG00000126756,74.05425898689826,-0.04973681738472086,0.0383665033332134,-1.2963604463183989,0.19485133245843744,0.38751376361996204,,UXT
ENSG00000198918,2179.133515839878,-0.05459104895985786,0.04211321621203,-1.2962925625296569,0.19487470997426937,0.38751376361996204,,RPL39
ENSG00000131238,59.36229427898972,0.07347661247632709,0.0567234137949066,1.2953489143300614,0.19519989242323543,0.3879749414623313,,PPT1
ENSG00000158869,1449.5125215321443,0.053961500609064066,0.041694153219762685,1.2942222456142065,0.19558866492831417,0.3884129475790917,,FCER1G
ENSG00000022277,35.49026454774571,0.07078672713843112,0.0546966579207037,1.294169147245778,0.19560700124475894,0.3884129475790917,,RTF2
ENSG00000134982,9.250327761396148,-0.1400914867359053,0.10830929610394886,-1.2934391762776645,0.19585920790240607,0.3887281988902716,,APC
ENSG00000132463,16.601942827732955,0.09334976887165106,0.07218995323268623,1.2931130260018517,0.19597197057384663,0.3887584491452825,,GRSF1
ENSG00000126804,12.953533840018874,-0.13377287415054653,0.10347093497703207,-1.2928545990257143,0.19606135247759682,0.3887584491452825,,ZBTB1
ENSG00000124570,29.66045283592524,-0.07817426546492116,0.06052719536382087,-1.2915560517057847,0.19651093205130166,0.38946425790062644,,SERPINB6
ENSG00000169599,13.220513675287448,0.09664247168462109,0.07484557826386286,1.291224864933434,0.19662571540556273,0.38946635233799437,,NFU1
ENSG00000132205,20.079307084518263,0.13773526487073937,0.10668775923955304,1.291012819581985,0.19669923227454955,0.38946635233799437,,EMILIN2
ENSG00000172809,735.0681987687467,-0.0492021355050196,0.03813002442951447,-1.2903777598142525,0.1969195301500284,0.3897170530086195,,RPL38
ENSG00000099341,60.629184808948104,-0.051886012675700095,0.040243532652752524,-1.289300646725189,0.19729358624387272,0.3902716684614886,,PSMD8
ENSG00000169062,10.179058761150399,-0.11660381155492237,0.09048632211726419,-1.2886346668373998,0.19752512547429446,0.39054397432179894,,UPF3A
ENSG00000197555,10.335768784508938,0.13241640796830997,0.10282486248023572,1.2877858989965791,0.19782050217681213,0.39094218007389,,SIPA1L1
ENSG00000139637,14.92830211232978,-0.09246895886170059,0.07187057191987481,-1.2866039102178006,0.19823238011086142,0.39157013355231884,,MYG1
ENSG00000118518,8.273296500668337,-0.12038367587218828,0.09369009188235292,-1.2849136280424895,0.19882246811216742,0.39254934378102346,,RNF146
ENSG00000128294,12.028430231753319,0.11916680909206394,0.0928921986855308,1.2828505598783482,0.19954443675035527,0.39363186394938515,,TPST2
ENSG00000099901,43.03996213950385,-0.05737200640436991,0.044723831865306034,-1.2828061463328133,0.19956000025703202,0.39363186394938515,,RANBP1
ENSG00000172466,14.236771781860627,-0.10047018376143044,0.07839754940540493,-1.2815475040155244,0.20000142558686607,0.39431560684424777,,ZNF24
ENSG00000100297,8.308859648069312,-0.12399859091264426,0.09682685445980639,-1.2806219060241915,0.20032650180275968,0.394769420890327,,MCM5
ENSG00000188690,13.062599670816283,-0.09588931528258397,0.0749035652089187,-1.2801702431003448,0.20048526880882211,0.39489522644161934,,UROS
ENSG00000183172,90.11442263531198,-0.07497914192125374,0.05858679064505708,-1.2797960273247988,0.20061688141538803,0.3949674522896423,,SMDT1
ENSG00000223865,436.46149021297407,0.08473299502602975,0.06637673821160263,1.276546532851752,0.201762388552021,0.39703478541930337,,HLA-DPB1
ENSG00000115464,13.072578680423248,-0.11352773549572287,0.08903966710885784,-1.275024258086303,0.20230065601065705,0.39790578203514576,,USP34
ENSG00000119403,24.82188663478681,-0.08037634161957244,0.06310209904296872,-1.27375068085835,0.20275178888297563,0.3984485352330505,,PHF19
ENSG00000107290,23.332456122072163,0.09670031129116785,0.07592052257401069,1.2737045006098329,0.20276816083854998,0.3984485352330505,,SETX
ENSG00000213246,96.00627938914144,-0.04544376541425599,0.035688268231110244,-1.273353055967049,0.20289278756561935,0.39850519181915794,,SUPT4H1
ENSG00000138814,18.117550549864433,-0.11134567958930842,0.08748439417153779,-1.2727490502018437,0.20310710599736104,0.3987378768046352,,PPP3CA
ENSG00000187118,14.029562499707186,0.10386332928874945,0.08165731234766,1.2719415604391469,0.20339388381271883,0.3990837345861291,,CMC1
ENSG00000273338,43.28256639098452,-0.1410182355100514,0.11088842080412309,-1.2717129028210312,0.203475144484899,0.3990837345861291,,ENSG00000273338
ENSG00000107263,10.214951025346485,-0.12885846851636176,0.10147928139791255,-1.2698007587488929,0.20415561039252972,0.4002296603359678,,RAPGEF1
ENSG00000145901,18.064988893942576,0.09904335080116758,0.07804420087465423,1.2690673963109675,0.2044170275041357,0.4005533840872372,,TNIP1
ENSG00000107949,12.81331243842873,0.0996105418302168,0.07852561496224521,1.2685101782152122,0.20461581827710507,0.4007541450248385,,BCCIP
ENSG00000162711,8.278438843873065,0.20613721158429987,0.1626628278876179,1.2672668627568555,0.20505988502467842,0.40143488080125284,,NLRP3
ENSG00000163964,10.471985546388803,-0.11294422941229292,0.08917500456715227,-1.2665458214497929,0.20531773534109343,0.4015267191715682,,PIGX
ENSG00000147687,10.9671584079145,-0.11137125687521086,0.08794188843235422,-1.2664187551632888,0.20536319970670447,0.4015267191715682,,TATDN1
ENSG00000127125,37.1824747549389,-0.06372380563739033,0.05032179797483746,-1.2663260893272197,0.2053963601916099,0.4015267191715682,,PPCS
ENSG00000114450,10.172692614295133,0.12346262042659575,0.0978818715056009,1.2613430712706704,0.20718526945675375,0.40450377048900504,,GNB4
ENSG00000198408,28.035959398086668,0.08191359114439972,0.06494166894318333,1.2613410230658673,0.20718600708188983,0.40450377048900504,,OGA
ENSG00000150867,24.293184748387016,0.10404891748428532,0.08249523961890055,1.2612717771953301,0.20721094589232447,0.40450377048900504,,PIP4K2A
ENSG00000112773,29.34848234793322,0.10826471055838725,0.0859503744034953,1.2596188359824587,0.2078068972578171,0.40547687269817967,,TENT5A
ENSG00000127952,8.149115500042114,0.13285761131712784,0.10564361587115903,1.2576018931343516,0.2085357683761212,0.4067082965047652,,STYXL1
ENSG00000174165,9.472368524435131,0.11714049292704898,0.09317648247689163,1.257189473278309,0.20868503417441975,0.4068086889248295,,ZDHHC24
ENSG00000169714,88.66087954211382,-0.05657396241055381,0.0450152196399635,-1.2567741058032897,0.20883544503982665,0.4068259566156365,,CNBP
ENSG00000023287,16.05832007319225,0.09929378729106236,0.07901624788931712,1.2566249340281157,0.2088894815699518,0.4068259566156365,,RB1CC1
ENSG00000130313,98.14682023043983,-0.04998867145279218,0.039819058460115186,-1.2553956167211588,0.20933517976804839,0.4075032044151059,,PGLS
ENSG00000213465,9.869747880448662,0.11012688410493666,0.08780981648771277,1.2541523090456148,0.20978665044407507,0.4081451282497221,,ARL2
ENSG00000092094,8.920469578958642,-0.11452636027681566,0.09134750107332387,-1.253743768916966,0.20993515356178838,0.4081451282497221,,OSGEP
ENSG00000172890,9.304330667780773,-0.11251258384287312,0.08975654878289914,-1.2535306378035511,0.21001265628406418,0.4081451282497221,,NADSYN1
ENSG00000011009,10.426040687980644,-0.11033334084180174,0.08802670048881396,-1.2534076618698484,0.21005738451506129,0.4081451282497221,,LYPLA2
ENSG00000143554,11.476119123089607,0.12103293420611662,0.09664346685809388,1.2523654018314028,0.21043674734821105,0.40865149843589976,,SLC27A3
ENSG00000136950,16.885544674157593,-0.09666885613033734,0.07720217011397056,-1.252152057223636,0.2105144618144551,0.40865149843589976,,ARPC5L
ENSG00000100034,16.253539063024586,-0.10451640578050778,0.0835184442660739,-1.2514170576206898,0.2107823571405706,0.40898069295931605,,PPM1F
ENSG00000139146,9.067264605936364,-0.12314341393369432,0.09843393416009379,-1.2510260306513081,0.21092498052884978,0.40906662890443596,,SINHCAF
ENSG00000136628,12.347990752270253,-0.11450366605844915,0.0915542273871473,-1.2506649810309423,0.21105673192865937,0.4090959086973179,,EPRS1
ENSG00000152601,75.6744883856153,-0.07125923533985785,0.056987066385878485,-1.2504457565395233,0.2111367586473898,0.4090959086973179,,MBNL1
ENSG00000140941,56.29050889192614,-0.05921509171831785,0.04737510034014679,-1.2499201330057672,0.2113287240569648,0.4092772309483117,,MAP1LC3B
ENSG00000167083,17.80720804172544,0.09323601093598617,0.07466057582513684,1.2487984442332056,0.21173880313814442,0.40988060542330423,,GNGT2
ENSG00000197405,77.30518416776893,-0.09895956679727848,0.07943555247119032,-1.2457843335724155,0.21284358263911696,0.4115266824294537,,C5AR1
ENSG00000177879,46.174532961640054,0.06426538372281651,0.0515892632990215,1.2457123752731596,0.21287000870693784,0.4115266824294537,,AP3S1
ENSG00000162889,10.721474159980914,-0.12804840864577438,0.10282990519684075,-1.24524483807176,0.21304176543317443,0.4115266824294537,,MAPKAPK2
ENSG00000187555,7.923827420855973,-0.13530908706973147,0.1086609588190693,-1.245241055667784,0.21304315536323393,0.4115266824294537,,USP7
ENSG00000154305,12.118716919747714,0.12105703119881775,0.09722436868310932,1.2451305453408292,0.21308376777717386,0.4115266824294537,,MIA3
ENSG00000170242,8.695702092570562,0.12200507291145916,0.09802697049995975,1.2446071962563534,0.21327617385126096,0.4117071383857288,,USP47
ENSG00000109920,19.62713106052431,-0.10019916710057711,0.08054785809772469,-1.2439705966980583,0.21351038476464956,0.41196808934180995,,FNBP4
ENSG00000124562,48.43567940709757,0.06002058723315672,0.048324750119054266,1.242025816694101,0.21422703693402756,0.41292996889205646,,SNRPC
ENSG00000105339,16.160290683103486,-0.11696761840462255,0.09418298530865232,-1.2419187820528457,0.2142665295447278,0.41292996889205646,,DENND3
ENSG00000172965,8.771762542779305,-0.15172759160902655,0.12218261673113844,-1.2418099699313325,0.2143066833745072,0.41292996889205646,,MIR4435-2HG
ENSG00000174718,16.676065892179754,0.11173373688436698,0.09008640347549388,1.2402952340611735,0.21486621456772648,0.41374741192639386,,RESF1
ENSG00000117054,10.194155394949956,0.12681531325088619,0.10226025751562308,1.2401231556796308,0.21492984547426375,0.41374741192639386,,ACADM
ENSG00000131446,40.49077552079549,-0.08164304453727388,0.06585276969065457,-1.2397814840711274,0.21505622858294093,0.4137992187349835,,MGAT1
ENSG00000139726,22.725523887782924,0.08355559353362606,0.06750272854279632,1.237810609102302,0.2157862937361288,0.41475595337995963,,DENR
ENSG00000091436,7.828756469757879,-0.14380167232157684,0.11617912111896514,-1.237758307487339,0.2158056919445861,0.41475595337995963,,MAP3K20
ENSG00000171314,71.470030454986,-0.06096807573113078,0.04926187880696427,-1.2376319622326621,0.2158525574681761,0.41475595337995963,,PGAM1
ENSG00000085832,20.43593686210585,0.09590235450060121,0.07756179273642493,1.2364638711549936,0.21628618721028992,0.41539729399575537,,EPS15
ENSG00000170860,65.90003613785736,0.04916141310816414,0.03977027049344692,1.2361347433195011,0.2164084823002309,0.41544037211304136,,LSM3
ENSG00000262246,12.703791764222393,-0.11548214074211939,0.09367672618438967,-1.232773021068315,0.21766045957055347,0.41765106633464133,,CORO7
ENSG00000178980,41.845829357087304,0.06320602337135428,0.05134630672741694,1.2309750671435284,0.21833218957163358,0.4187468458358671,,SELENOW
ENSG00000116459,74.9361692313454,-0.047027515562781674,0.038237392424882624,-1.2298829125225328,0.21874095385433423,0.41904699429592657,,ATP5PB
ENSG00000106066,57.56847902611456,-0.09006759828561661,0.07323866392813065,-1.229782104900224,0.21877871114618885,0.41904699429592657,,CPVL
ENSG00000110057,33.838181624706685,0.07373499033878837,0.059959352430804136,1.229749611186711,0.21879088259873858,0.41904699429592657,,UNC93B1
ENSG00000076053,15.23885836635655,-0.10030136607566104,0.0816461532027054,-1.2284885710002746,0.21926361714374132,0.41975915661204044,,RBM7
ENSG00000215712,8.553398104731617,-0.12175251322234583,0.09917376307780264,-1.2276685833412408,0.21957140459638258,0.4200633532602533,,TMEM242
ENSG00000166595,57.57773511928811,0.04958491216738161,0.04039942783594913,1.2273666936257657,0.21968479884167436,0.4200633532602533,,CIAO2B
ENSG00000065526,12.958696776474836,-0.12834977797701816,0.10458251253062502,-1.227258504995597,0.21972544632074786,0.4200633532602533,,SPEN
ENSG00000067334,20.284840240531658,-0.09288446145171558,0.07578781247439519,-1.2255857296725179,0.22035461066256745,0.42107265978699154,,DNTTIP2
ENSG00000184060,19.218257902836797,0.09808510944344367,0.08008448565724162,1.2247704238651664,0.22066173149709,0.4214640643206486,,ADAP2
ENSG00000078369,29.699054244416086,0.0733576051568389,0.05990800401850011,1.2245042437765983,0.22076206638333973,0.4214640643206486,,GNB1
ENSG00000168439,12.623347266228986,0.12333172649332566,0.10074736071623336,1.224168311869765,0.22088874046101392,0.4215124588613844,,STIP1
ENSG00000053371,15.12881450080254,-0.0882411482527944,0.0721265986759784,-1.2234203452350363,0.22117097283438292,0.4218575181068468,,AKR7A2
ENSG00000006652,20.910981654713087,-0.11159191718114686,0.09136824144310757,-1.2213425082787877,0.22195636507827787,0.4230342556737755,,IFRD1
ENSG00000170142,18.925946185275897,0.08131522629138634,0.06658359168633227,1.2212502244464842,0.2219912933018875,0.4230342556737755,,UBE2E1
ENSG00000139842,11.510613926659962,-0.10863409075509772,0.08905086818784878,-1.2199105181764092,0.22249879808212103,0.42380723444213525,,CUL4A
ENSG00000164985,19.110168201896023,-0.09695683556021645,0.07954664039063977,-1.2188677621591337,0.22289438725696398,0.4243664306585676,,PSIP1
ENSG00000173171,9.77267892381486,0.11143147151178436,0.0915142777791061,1.2176402875707948,0.22336069760748178,0.4250596990151529,,MTX1
ENSG00000164951,9.078599716363073,-0.12650630795896364,0.10396038617152992,-1.2168703158742984,0.22365356126875746,0.4254224119241111,,PDP1
ENSG00000054267,34.16673273631766,0.07406052421211501,0.060893314903112394,1.216234069863876,0.2238957686566324,0.4256884815409464,,ARID4B
ENSG00000196235,14.187950194484163,-0.10179360627885381,0.08372727040530038,-1.2157760044738033,0.22407026197894098,0.4258256234958403,,SUPT5H
ENSG00000136930,51.278878162610205,0.05383031072138008,0.044291873967268906,1.2153541022256125,0.2242310654751788,0.42593663578846747,,PSMB7
ENSG00000157637,10.970223899077086,-0.11485908022661835,0.09453562822759272,-1.2149819319981383,0.2243729826122528,0.4259374413688017,,SLC38A10
ENSG00000164758,16.751593619736205,0.0977361845531128,0.08045498886869215,1.2147933388273122,0.22444492206451594,0.4259374413688017,,MED30
ENSG00000139684,37.0754047168639,0.0647955087045415,0.053352689365111956,1.2144750241383737,0.22456638158387487,0.4259374413688017,,ESD
ENSG00000126457,16.148202137876826,-0.09584839936852496,0.0789365848884259,-1.2142455808545976,0.2246539595156387,0.4259374413688017,,PRMT1
ENSG00000119335,72.63199350382634,-0.06709169232306385,0.05526447395299531,-1.2140112358642565,0.22474343360685567,0.4259374413688017,,SET
ENSG00000124177,10.422323762346034,0.1206360251862863,0.0994535778603961,1.212988288421601,0.2251342982115757,0.4264839164663729,,CHD6
ENSG00000138613,21.542080041817766,-0.07630910937467349,0.06296895679772445,-1.2118528439307275,0.22556871583315374,0.4271123613408828,,APH1B
ENSG00000103479,10.645807741787776,-0.11355374127682238,0.09373543166403848,-1.2114281575382895,0.2257313532514983,0.4272258551074763,,RBL2
ENSG00000130309,9.622699285240811,0.11751669502333988,0.09712397052954964,1.2099659268726644,0.22629196770844195,0.42807615253110465,,COLGALT1
ENSG00000175220,13.396300770617513,-0.09769384103715707,0.08075741214082184,-1.2097198071033048,0.22638642681933419,0.42807615253110465,,ARHGAP1
ENSG00000117505,17.56942658512723,0.08919601403411086,0.07376462647319298,1.2091976642290168,0.22658691487895066,0.4282605933195978,,DR1
ENSG00000132155,10.477643336440437,-0.11519713775061048,0.09529495083917568,-1.2088482835257734,0.226721137871714,0.4283196791763534,,RAF1
ENSG00000121073,10.501409491097073,-0.10349776815058898,0.08564675627283143,-1.2084260123161277,0.22688343918360399,0.42843173263903434,,SLC35B1
ENSG00000166825,8.608817380800598,0.22458093932494555,0.18593846526018606,1.207823991720522,0.22711497100018962,0.4286743554268552,,ANPEP
ENSG00000177189,11.925199410141314,0.11228894095963243,0.09317982631306843,1.2050778092498329,0.2281732655081623,0.4304765462648323,,RPS6KA3
ENSG00000174780,30.39546197441222,-0.0784412872385786,0.06513468055545477,-1.2042937275449563,0.2284760701917231,0.4308524261095051,,SRP72
ENSG00000167258,13.383964120962677,0.11125542266167504,0.0924163495119185,1.203850003265136,0.22864755891323374,0.4309804463430233,,CDK12
ENSG00000240972,47.9703439249898,-0.09595261922653187,0.0798677941626559,-1.2013931301410201,0.22959873972822586,0.4325773357198458,,MIF
ENSG00000137818,2093.5335653694497,-0.03253194441641872,0.027088749544211248,-1.2009393184917485,0.22977474091612637,0.4327129570896721,,RPLP1
ENSG00000163602,19.98859770633008,0.09838808602496366,0.08196631823242179,1.2003477543785326,0.23000431052070547,0.43294929039191615,,RYBP
ENSG00000117616,64.85802315991475,-0.07770742621651049,0.06476760645097933,-1.1997884509646797,0.23022151061738383,0.43316213666590536,,RSRP1
ENSG00000146828,10.533536995249676,-0.10337591148768895,0.08619540096494674,-1.199320501214781,0.23040334642045646,0.4333082825990501,,SLC12A9
ENSG00000117133,20.5871710553803,0.07220028353977759,0.060223889192002486,1.1988645122136272,0.23058063271697027,0.4334457442849509,,RPF1
ENSG00000104853,11.246667255085246,-0.10062985210934501,0.08395744501730702,-1.1985816396461462,0.2306906609115239,0.4334567070424297,,CLPTM1
ENSG00000149100,57.565126975789475,-0.055483966325476,0.04632674031820637,-1.1976660983348069,0.23104703241908497,0.4337495934679094,,EIF3M
ENSG00000075884,14.291045942643432,0.10071799630034761,0.08409802159912456,1.197626226933691,0.23106256111691292,0.4337495934679094,,ARHGAP15
ENSG00000111859,13.907083241487303,-0.10331103619714228,0.08628106980400278,-1.1973777843949431,0.23115933863422,0.4337495934679094,,NEDD9
ENSG00000123338,25.73447973738462,0.07486399985730216,0.06270104591370716,1.193983270396069,0.23248451226185585,0.43598207919355525,,NCKAP1L
ENSG00000115350,65.46539644453424,-0.04755614929893105,0.03983615652900837,-1.193793614710321,0.23255871003136996,0.43598207919355525,,POLE4
ENSG00000154889,10.71301359811351,-0.10460989836226693,0.08765634551714148,-1.1934093047697287,0.23270911264535865,0.4360675263985099,,MPPE1
ENSG00000120438,19.728431660837796,-0.07854807644769707,0.06583380203042503,-1.193126844039725,0.23281969978808936,0.43607832107989725,,TCP1
ENSG00000135316,23.643013222070028,0.07515551749945935,0.06307196210280601,1.191583629140273,0.23342454725204043,0.4369912753177949,,SYNCRIP
ENSG00000169976,92.59296665021348,-0.03734200607692943,0.031344345445051526,-1.1913474518838543,0.23351721274794668,0.4369912753177949,,SF3B5
ENSG00000185811,65.83967262846774,-0.06733637320392948,0.05657304425478469,-1.1902554315562481,0.23394601223026656,0.4375968574091317,,IKZF1
ENSG00000238057,8.399319343372161,-0.143498014099924,0.12063488966329461,-1.189523317014198,0.23423380114459713,0.4379382529265277,,ZEB2-AS1
ENSG00000164144,8.778737412915957,0.12207632334767765,0.10272063243177401,1.188430410304955,0.23466388138995298,0.43854525902165514,,ARFIP1
ENSG00000187239,42.200147908417144,-0.07947234288053286,0.06690388602502667,-1.1878583981026858,0.23488920224619592,0.4386389852106445,,FNBP1
ENSG00000110442,26.893314804034315,0.07348291507479515,0.06186639958006867,1.1877677636580768,0.23492491804070093,0.4386389852106445,,COMMD9
ENSG00000102409,8.899956184688344,-0.1178986886820564,0.09928679196649932,-1.1874559178207407,0.23504783471259094,0.43867159820743756,,BEX4
ENSG00000203747,552.0005134241925,0.056397449283168255,0.04750739043145087,1.1871300185293272,0.23517633932072102,0.43871460608708496,,FCGR3A
ENSG00000155438,13.884635210983188,0.09760357852914965,0.08225297842382535,1.1866266778356303,0.23537490815441375,0.43884456926635296,,NIFK
ENSG00000168385,22.22696853532383,0.0899930011476849,0.07585264887869517,1.1864187009685478,0.23545699004867782,0.43884456926635296,,SEPTIN2
ENSG00000242247,14.528361763738966,0.09322623502110435,0.07864297516361587,1.1854362684924897,0.2358449989492205,0.4393708892202227,,ARFGAP3
ENSG00000130560,14.722597169915316,-0.09500264998676144,0.08023050734421751,-1.184121266729203,0.2363650628020113,0.44014264156507027,,UBAC1
ENSG00000164111,174.8192384530179,0.04426567835398962,0.0373925383854889,1.1838104676832533,0.23648809764732015,0.4401747141891954,,ANXA5
ENSG00000161618,12.51025031482832,0.1023585522230409,0.0865401135493943,1.1827873575023442,0.2368934322763261,0.44062852327856533,,ALDH16A1
ENSG00000122565,74.32634785348036,0.062309835730386696,0.05268615912833886,1.1826604322893497,0.23694375158032466,0.44062852327856533,,CBX3
ENSG00000165671,18.69583054219621,-0.09719941005305631,0.08222274189549209,-1.182147515545031,0.23714717357506643,0.44080814898308557,,NSD1
ENSG00000198771,35.436854650241735,0.06686287410666754,0.05659093491572885,1.1815120956427902,0.2373993512385829,0.44080814898308557,,RCSD1
ENSG00000076944,320.42349493469953,-0.05753063266761543,0.0486958124808025,-1.18142874585563,0.2374324441308947,0.44080814898308557,,STXBP2
ENSG00000166266,10.409407108622194,-0.10550432102526647,0.08930835925969813,-1.1813487774248814,0.237464197565167,0.44080814898308557,,CUL5
ENSG00000103966,9.987298757925444,-0.1440961554704789,0.1220586611621206,-1.1805483863131,0.23778217784867373,0.44113803342187474,,EHD4
ENSG00000171311,22.029109586593602,0.07524055076424696,0.06374331416856581,1.1803677255512213,0.23785399253972717,0.44113803342187474,,EXOSC1
ENSG00000225470,12.007560483482438,-0.09302684882071535,0.07883346970831624,-1.1800425525467115,0.2379832910709463,0.4411811456573692,,JPX
ENSG00000100225,18.154660039949484,-0.07646975280669167,0.06487084193205304,-1.1788000668588137,0.23847779772086108,0.4413225129580802,,FBXO7
ENSG00000099331,26.357444203564338,-0.08791529451624784,0.07459376714636737,-1.1785876740041974,0.23856240215477986,0.4413225129580802,,MYO9B
ENSG00000104897,10.684287933193039,-0.10254692671937085,0.08702439083762942,-1.178369945854645,0.23864915383260887,0.4413225129580802,,SF3A2
ENSG00000114446,11.140964732816332,-0.11144629810847205,0.09458193581178162,-1.1783042623514342,0.23867532916049206,0.4413225129580802,,IFT57
ENSG00000155508,10.89514225626188,0.09907576718122697,0.0840864560841347,1.1782607068383801,0.2386926874491937,0.4413225129580802,,CNOT8
ENSG00000111554,12.03186830001511,-0.11530842931183943,0.09786396118740576,-1.1782522178008734,0.23869607071050014,0.4413225129580802,,MDM1
ENSG00000156110,21.239801720653496,-0.1299051556524098,0.11047112332337368,-1.1759195683395773,0.23962701845125722,0.44284691104274987,,ADK
ENSG00000020633,18.230124838830594,-0.10388505330724931,0.08841686376714787,-1.1749461458035657,0.240016262184363,0.44327780245450876,,RUNX3
ENSG00000109861,135.0883425569316,0.05948889437238574,0.05063730928407329,1.1748036223381342,0.24007329060817506,0.44327780245450876,,CTSC
ENSG00000129003,31.62642047046589,-0.09713036474380037,0.08271849099860275,-1.1742279576333308,0.24030373057101806,0.44350644151527735,,VPS13C
ENSG00000168300,19.474146631202277,0.08056721694269771,0.06874576031345199,1.1719590644622275,0.2412134915794747,0.4449880820268801,,PCMTD1
ENSG00000203666,9.95638007872573,-0.16213195052375348,0.1384268315444873,-1.17124656191851,0.24149968433711622,0.4453185668627675,,EFCAB2
ENSG00000164136,9.834685723568322,0.12427359898741981,0.10624041650688645,1.1697393804867515,0.24210586518391908,0.4462385463735505,,IL15
ENSG00000078902,15.527020428510335,0.08628408701724495,0.07386308231815479,1.168162555762139,0.24274120114931386,0.44721142461521063,,TOLLIP
ENSG00000149932,53.04542337003881,-0.05091172905145217,0.04359455165700407,-1.167846143986493,0.24286883122180902,0.4472484895452526,,TMEM219
ENSG00000009790,44.47446264936945,0.07054011238532482,0.06043340420713822,1.1672371151481953,0.24311462614549295,0.4473724477841165,,TRAF3IP3
ENSG00000003400,9.162977005411676,0.11405722557017832,0.0977231471862791,1.1671464627798296,0.24315122702881908,0.4473724477841165,,CASP10
ENSG00000110395,15.222649079620837,-0.10974090132455616,0.09406253570248548,-1.166680235706812,0.2433395273356056,0.4474032167498645,,CBL
ENSG00000172795,27.965904515841157,-0.07923299288868468,0.06791947505919849,-1.1665725157567157,0.2433830479579191,0.4474032167498645,,DCP2
ENSG00000013364,27.80040402743356,-0.07215259495016274,0.06194755393515051,-1.1647367872780792,0.24412555324196905,0.44851899797234857,,MVP
ENSG00000197860,7.990474299297325,0.1344765377213338,0.11547620140678719,1.164538979314138,0.24420565634792535,0.44851899797234857,,SGTB
ENSG00000141429,9.8184752847414,0.1291500001472881,0.11099968467388711,1.1635168201308494,0.24461987778476213,0.44908150555366744,,GALNT1
ENSG00000122033,27.28263799046764,0.07435417841005146,0.06395631853330797,1.1625775234596776,0.24500095448638415,0.4495826954844985,,MTIF3
ENSG00000109519,19.916966862707806,-0.0845115373594277,0.07274402138813534,-1.161766090831097,0.24533049139608554,0.44998890838082706,,GRPEL1
ENSG00000105483,31.222989740536786,-0.06983260474196215,0.060124202590353,-1.1614724475891323,0.24544982160953355,0.4500093688389862,,CARD8
ENSG00000198839,9.15358453876998,0.1122216922758013,0.09684877214475505,1.1587311825499356,0.2465657761758725,0.45185622418133464,,ZNF277
ENSG00000180376,12.644936794084012,0.11153688182161069,0.09628403959799561,1.1584150632576138,0.24669469493837182,0.45189034750804014,,CCDC66
ENSG00000010244,39.07286729842173,0.06086047156934267,0.05256418029974013,1.1578316492770184,0.24693274495825646,0.45189034750804014,,ZNF207
ENSG00000135506,29.95413541416818,0.07016403994347359,0.06060109191257021,1.15780157962665,0.24694501861651275,0.45189034750804014,,OS9
ENSG00000052841,12.852949194037695,-0.097562442507774,0.08427842770088105,-1.1576205817939587,0.2470189063060777,0.45189034750804014,,TTC17
ENSG00000153922,29.955384379718584,-0.09371025672761565,0.0811025490281169,-1.1554539018881869,0.24790459966533807,0.45321425408706495,,CHD1
ENSG00000126432,89.87184369635676,0.04315352377512633,0.03735209510606164,1.155317356431854,0.2479604909380192,0.45321425408706495,,PRDX5
ENSG00000168036,33.91342142625797,-0.09486878900296859,0.08221885557038944,-1.1538568415337436,0.24855886573884678,0.4539826912802024,,CTNNB1
ENSG00000130706,40.438703820583825,-0.0571055797508127,0.049505424788663314,-1.1535216593856965,0.24869633266005942,0.4539826912802024,,ADRM1
ENSG00000114626,18.282607938338362,-0.08260772318685666,0.07162105051136111,-1.153400049246035,0.2487462212854039,0.4539826912802024,,ABTB1
ENSG00000108883,8.143232945911615,-0.11504603836492623,0.09976014265231484,-1.153226482102035,0.24881743656703403,0.4539826912802024,,EFTUD2
ENSG00000196730,14.799528667971193,0.10349033392722697,0.08985028292831915,1.1518086594094488,0.2493997087217319,0.4548455889006597,,DAPK1
ENSG00000196735,80.9076422059449,0.14855908722738717,0.12906756349658202,1.1510179878100923,0.24972483545180968,0.4548643789645249,,HLA-DQA1
ENSG00000139613,10.054353033815365,-0.11381517983498952,0.09888256046268737,-1.1510136802933704,0.24972660752737208,0.4548643789645249,,SMARCC2
ENSG00000099203,9.675307744591718,0.10438425829096781,0.09069117080135203,1.1509858938706263,0.24973803883533052,0.4548643789645249,,TMED1
ENSG00000146963,11.781376971310193,-0.09517711317163716,0.08278659498293263,-1.1496681702062874,0.2502805689314721,0.45565302702622495,,LUC7L2
ENSG00000105568,20.587012907706747,-0.07564273877712348,0.0658352728474331,-1.148969777225929,0.2505684431247055,0.45597756929080263,,PPP2R1A
ENSG00000068697,105.65116246048248,0.04589020968035098,0.03998651655066326,1.147642096360349,0.25111634400631466,0.4564776261845706,,LAPTM4A
ENSG00000167088,42.51016436495775,-0.053325740640789036,0.04647235349303584,-1.147472349313667,0.2511864546225083,0.4564776261845706,,SNRPD1
ENSG00000115525,19.1885697383546,-0.10271127311392798,0.08951449287100839,-1.1474261856338317,0.25120552396756457,0.4564776261845706,,ST3GAL5
ENSG00000138119,15.71064004524089,0.11385600438695766,0.09924334483144803,1.1472406999212625,0.25128215479871796,0.4564776261845706,,MYOF
ENSG00000137845,22.24198747199304,0.08840719058142546,0.07709493001384568,1.146731575805934,0.25149257613394094,0.4566604612471385,,ADAM10
ENSG00000196562,19.215065046240063,0.1258095822775209,0.10973928800380876,1.146440664651974,0.2516128650749858,0.45667954568583813,,SULF2
ENSG00000156256,29.9221153826432,-0.07169384121984487,0.06263403342998856,-1.144646724691349,0.2523555286031073,0.45782773614868133,,USP16
ENSG00000047188,8.607484931469674,0.12199685108154919,0.10663544407743782,1.144055357362755,0.2526006800967948,0.45791700981386885,,YTHDC2
ENSG00000112365,7.87260046013082,-0.12358153107539416,0.10803321890708109,-1.1439215856530769,0.25265615820654685,0.45791700981386885,,ZBTB24
ENSG00000108588,8.95715225868818,0.11762020910997768,0.10283899591930191,1.1437315977129399,0.2527349650318853,0.45791700981386885,,CCDC47
ENSG00000111596,16.301458573607935,0.08818809221785211,0.07715664758497051,1.1429746493422095,0.25304911658440066,0.4582866020858105,,CNOT2
ENSG00000164081,22.821632858852734,0.0651897627031693,0.05708835693411002,1.1419099480899357,0.2534914531192004,0.45888792209568047,,TEX264
ENSG00000013374,31.433394238964052,0.0826028814291064,0.07239327121517439,1.1410298228351363,0.2538575127111813,0.4592814845331098,,NUB1
ENSG00000161526,21.138582213377173,0.07676039750522211,0.0672831343817567,1.1408564450890843,0.2539296669293636,0.4592814845331098,,SAP30BP
ENSG00000078668,21.97435656966834,0.07023780679163809,0.06162644845501535,1.1397347819403978,0.25439681180558593,0.45992643942252825,,VDAC3
ENSG00000071127,53.3499100949907,-0.05450308644882807,0.04785736609114892,-1.1388651507695127,0.25475940286108145,0.4603266853227839,,WDR1
ENSG00000204592,417.039046483493,0.03801606888946708,0.03338628748473841,1.1386731425842136,0.25483950872557004,0.4603266853227839,,HLA-E
ENSG00000118308,15.920778000598474,0.0942695585469781,0.0828203983743327,1.1382408246926965,0.2550199359802705,0.4604526621865995,,IRAG2
ENSG00000078808,16.795047108933943,-0.07951175259882673,0.06994356609510058,-1.136798665522952,0.2556224613552127,0.46134032071049236,,SDF4
ENSG00000126858,10.33176870293095,0.11080022571365405,0.09753261472443633,1.1360325571779588,0.25594293884393926,0.46171839791447844,,RHOT1
ENSG00000204304,9.979802571558723,0.11011201500764574,0.09697997752361072,1.1354097806512473,0.25620366355781743,0.46190022334704034,,PBX2
ENSG00000135604,63.69306712968325,-0.07048349259545314,0.062085692901809035,-1.1352614314367975,0.25626579699157914,0.46190022334704034,,STX11
ENSG00000141562,9.205376216994564,-0.10386943756525881,0.09152865871968195,-1.1348296699438374,0.2564466921783056,0.4620260889830019,,NARF
ENSG00000112679,15.634163808903358,-0.08764624604377685,0.07728056595214515,-1.1341304888741432,0.25673981622226594,0.4623539547552495,,DUSP22
ENSG00000102900,9.77350648538865,-0.09833566724148415,0.08672693208298425,-1.1338538661484316,0.2568558514805581,0.4623627616439298,,NUP93
ENSG00000083168,10.943447880884062,0.1212720678737381,0.10701880427316376,1.1331846650444075,0.2571367125995824,0.46252492496504005,,KAT6A
ENSG00000008952,62.84026657250398,0.048656934189889964,0.04294107285312405,1.133109420817605,0.25716830563561,0.46252492496504005,,SEC62
ENSG00000204619,22.748873386101373,0.07477951796552153,0.06605602577431052,1.1320620199134597,0.25760836097852935,0.4628181366973427,,PPP1R11
ENSG00000118482,25.703519041820233,0.087547574600745,0.07733962097928547,1.1319886688375886,0.2576391982826355,0.4628181366973427,,PHF3
ENSG00000038002,11.577308331745826,-0.10122637167191895,0.08942835138691196,-1.1319270690115133,0.2576650972574629,0.4628181366973427,,AGA
ENSG00000139505,11.463664531260559,-0.12188759229472636,0.10777061264104625,-1.1309909938129405,0.2580588821102783,0.4633253990413283,,MTMR6
ENSG00000136888,175.00407891862193,0.03539018471089485,0.031322652806092054,1.1298591128274962,0.2585355949890237,0.46396915925153537,,ATP6V1G1
ENSG00000176783,9.601630490567999,-0.1000261576447762,0.08857157525716096,-1.1293257160026533,0.25876045652077695,0.46396915925153537,,RUFY1
ENSG00000141524,32.61430728945659,-0.07074333496080643,0.06264920573325788,-1.1291976351944666,0.2588144711034842,0.46396915925153537,,TMC6
ENSG00000107262,34.30563203254657,0.0584653682273277,0.051781365136021267,1.1290812452269003,0.25886356216894557,0.46396915925153537,,BAG1
ENSG00000158122,10.01287445042696,0.11429133204199055,0.10125032711520442,1.1287996325379555,0.2589823677131744,0.4639821919409154,,PRXL2C
ENSG00000140526,8.26343230819833,0.12697188237027188,0.11256706392295315,1.127966546743887,0.25933404750796607,0.4642773907348898,,ABHD2
ENSG00000173933,15.04636968797267,-0.08971484582234086,0.07954285782211398,-1.127880595175183,0.25937035001631825,0.4642773907348898,,RBM4
ENSG00000008294,10.308007013467188,-0.12984035633257976,0.11519736124301866,-1.1271122439920342,0.25969502721836923,0.4646586293455553,,SPAG9
ENSG00000017797,23.05214607674552,0.07590722807048184,0.06736842208235559,1.1267478994489117,0.2598490842582323,0.46473438973097436,,RALBP1
ENSG00000112079,15.739546486737954,0.09966680380335366,0.08849606977704898,1.126228589071215,0.26006877536570794,0.46492741964819295,,STK38
ENSG00000105329,46.22676078409351,-0.06247172787844477,0.055495843574233206,-1.1257010229041815,0.260292090642646,0.4651267599112575,,TGFB1
ENSG00000059377,56.48945100454291,-0.060996020569073,0.05420297997175039,-1.1253259617988352,0.26045093221393223,0.4652107677157398,,TBXAS1
ENSG00000165389,26.538495086329114,-0.06583839084870075,0.058655605592570825,-1.122456927749113,0.26166821135132934,0.4671844460178241,,SPTSSA
ENSG00000145675,18.98859622324815,-0.11426996260802136,0.10183193561856055,-1.122142694370957,0.26180177340186117,0.4672223841062816,,PIK3R1
ENSG00000144802,127.4654994120142,-0.08035832142484822,0.07164834781842445,-1.121565589041873,0.26204718949006545,0.467459823447115,,NFKBIZ
ENSG00000161980,12.587328271655634,0.10053379619795542,0.08966901537919615,1.1211653855327153,0.2622174707536662,0.4675630854415994,,POLR3K
ENSG00000187257,15.925062583742617,0.09558332089243914,0.08530964669663041,1.1204280476315056,0.26253139832108663,0.4678431440194753,,RSBN1L
ENSG00000164031,18.417736417730925,-0.0807374381076616,0.07206973536118744,-1.120268274928925,0.2625994570397776,0.4678431440194753,,DNAJB14
ENSG00000056586,9.372114459783484,-0.1109396263070746,0.0990663687399322,-1.1198515471815862,0.26277702877538145,0.4679590923397204,,RC3H2
ENSG00000260032,20.303578070428596,-0.08491815406750691,0.07588231366873462,-1.1190770281230273,0.26310727905006226,0.46834671837751773,,NORAD
ENSG00000105618,13.529129915091502,-0.08846653440567744,0.07925510730049107,-1.116225028505252,0.2643258236427344,0.4703145536158148,,PRPF31
ENSG00000107937,8.470706670042295,-0.11073210889225556,0.09934717285238848,-1.1145974838839448,0.26502294905763646,0.4713533424881435,,GTPBP4
ENSG00000105726,8.11415823066381,0.11090684782388993,0.09954368267931318,1.11415254930023,0.26521374797389663,0.4714911075091495,,ATP13A1
ENSG00000177479,12.581845545724681,-0.10216922266408421,0.09177678022807954,-1.1132360757282815,0.2656070525741506,0.47198861115269825,,ARIH2
ENSG00000110274,7.972662864930351,-0.12332751913197938,0.11094032635982425,-1.1116563577790322,0.2662859309414244,0.4729865265852883,,CEP164
ENSG00000033178,8.712171927083485,0.1191996058126324,0.10727188016637737,1.1111915408563295,0.26648591160212154,0.4729865265852883,,UBA6
ENSG00000109046,70.50566067697257,0.06846814516326638,0.061619937705066304,1.1111362281957815,0.2665097159413259,0.4729865265852883,,WSB1
ENSG00000118217,12.240634531812633,0.09537818690956136,0.08588677300434577,1.1105107756782915,0.2667789873003331,0.47326251051999396,,ATF6
ENSG00000187713,8.411251297979764,0.10953497816118216,0.0988088806876571,1.1085539821813297,0.2676226392907196,0.47445438176519994,,TMEM203
ENSG00000085514,131.2148526084589,0.043881094490997544,0.03958874344475072,1.1084235232734059,0.26767895048147217,0.47445438176519994,,PILRA
ENSG00000127948,8.380847459173372,-0.10856663527895263,0.09800078916649123,-1.1078138880546293,0.2679422009403798,0.474613440147933,,POR
ENSG00000072135,40.36949038702977,0.05969604966009756,0.053892508663443354,1.1076873417212232,0.26799686800660927,0.474613440147933,,PTPN18
ENSG00000137161,68.6355131335535,0.045121845585980695,0.04074849012308996,1.1073255830996445,0.2681531872838434,0.47468819536203766,,CNPY3
ENSG00000143420,47.142347190098704,-0.05366742679033448,0.04855337121432429,-1.105328537403422,0.2690172567083705,0.47601522241889466,,ENSA
ENSG00000213977,15.47272055090473,-0.07865006704304625,0.0713274814086115,-1.102661491613395,0.2701741955997088,0.47785912146887266,,TAX1BP3
ENSG00000138095,9.236535989339117,-0.11262397517762851,0.10218403857659497,-1.1021679779587883,0.2703886506269563,0.47789146327539683,,LRPPRC
ENSG00000175029,15.23248707645597,0.09596192643877081,0.0870726205629415,1.1020907125380885,0.2704222366707414,0.47789146327539683,,CTBP2
ENSG00000136490,184.58899244795117,-0.04079135555006559,0.03705286453798015,-1.1008961401149806,0.2709418621767272,0.47845847864731694,,LIMD2
ENSG00000139180,21.28829781399296,0.06605784504535879,0.060007617067292976,1.1008243332055836,0.27097311915699007,0.47845847864731694,,NDUFA9
ENSG00000145191,10.550286102795477,-0.094114961696724,0.08554414571076988,-1.1001917304187312,0.27124859292361325,0.478712910444862,,EIF2B5
ENSG00000114353,105.77515898709396,0.054905459023508955,0.049924972233118606,1.0997594303535028,0.27143695300412807,0.478712910444862,,GNAI2
ENSG00000104976,10.597387894833142,-0.09258698905990344,0.08421364331736907,-1.0994298003588139,0.27158063827467827,0.478712910444862,,SNAPC2
ENSG00000068912,11.861012651358562,0.0884176940048399,0.08043314879796203,1.0992693351709262,0.2716506036815711,0.478712910444862,,ERLEC1
ENSG00000174231,11.576488169471387,-0.09589057798025463,0.08724572052950409,-1.0990863207763535,0.271730415971961,0.478712910444862,,PRPF8
ENSG00000033800,13.123336380802593,0.08974763740545738,0.08166974687700003,1.0989092147012918,0.2718076669400875,0.478712910444862,,PIAS1
ENSG00000075142,65.19458678902153,0.0479187278417362,0.0436417470220261,1.0980020533447368,0.2722035926530618,0.47920734043027385,,SRI
ENSG00000124588,12.774591538256248,-0.14560579729967632,0.1327232509940485,-1.0970632214713119,0.2726137562612333,0.47972640695716184,,NQO2
ENSG00000101290,10.025028539123886,0.09682099362247402,0.08833786696823215,1.096030467401851,0.27306544148607415,0.4803180704363926,,CDS2
ENSG00000010810,20.08950545171865,0.08739828760549548,0.07978512913574085,1.09542077016385,0.2733323387586455,0.480533339032221,,FYN
ENSG00000134371,12.130051380060182,0.09500587745759756,0.08674567389192386,1.0952232335639593,0.27341884939645844,0.480533339032221,,CDC73
ENSG00000117362,25.23127907323131,-0.06114044020987219,0.055847227602461164,-1.0947802215911207,0.27361293339619575,0.4806713694798033,,APH1A
ENSG00000055211,11.222207848321464,0.09387535354195344,0.08589412551541371,1.092919369964451,0.2744292028500942,0.4818627461893429,,GINM1
ENSG00000182087,9.295703738682858,-0.09902856627600537,0.09062688205194958,-1.0927063144381348,0.27452276645883233,0.4818627461893429,,TMEM259
ENSG00000136536,19.726828344793915,0.093942149149766,0.08600183756105773,1.092327231764914,0.2746892949670352,0.4818948609936565,,MARCHF7
ENSG00000074603,11.290204142981485,-0.10120305674483542,0.0926651381948086,-1.0921373314317804,0.27477274285503683,0.4818948609936565,,DPP8
ENSG00000108175,9.978364899218603,-0.1094856623686143,0.10029980669425889,-1.0915839818351436,0.2750159999253836,0.48211822995768894,,ZMIZ1
ENSG00000237541,27.890282125057663,-0.523926332756455,0.48014224250929066,-1.0911898316181106,0.2751893612601599,0.48221893127306875,,HLA-DQA2
ENSG00000150316,46.42664822825263,0.054178079993302854,0.04968938622640074,1.0903350616256395,0.2755655758558282,0.4826748612885243,,CWC15
ENSG00000181467,26.2620298114492,-0.07817524091709575,0.07174640630469512,-1.0896049703883208,0.2758871926776495,0.48303481546255134,,RAP2B
ENSG00000128185,20.66489105735996,0.06673732466904558,0.061268450891775246,1.0892608462866242,0.27603887357740997,0.48305935972193464,,DGCR6L
ENSG00000067225,82.29701287390053,-0.04524912954844049,0.041549315125425056,-1.0890463395569048,0.2761334513025867,0.48305935972193464,,PKM
ENSG00000167797,27.358764404787383,-0.07108081283858145,0.06542535179808821,-1.0864414311129238,0.2772837398796001,0.48468714576096544,,CDK2AP2
ENSG00000000419,19.363185235775585,0.07053630249352698,0.06492595304161547,1.0864115070950973,0.27729697281516774,0.48468714576096544,,DPM1
ENSG00000133773,35.57398566109909,-0.06375427082842267,0.05870682389865299,-1.0859771759835486,0.2774890902352497,0.4848192420741868,,CCDC59
ENSG00000164258,34.99260253356321,0.058755985043126006,0.0541347337271739,1.0853657346730863,0.27775970231892344,0.4850883130338881,,NDUFS4
ENSG00000124226,28.18295236942559,0.06846280514487368,0.0631023145583495,1.0849491912308136,0.27794415925884497,0.4852067572458226,,RNF114
ENSG00000006015,41.12950192312638,-0.05466534233519025,0.05040488742093891,-1.0845246390230303,0.2781322485016341,0.4853314403384219,,REX1BD
ENSG00000090905,8.320746812868155,-0.11822271344600163,0.10912622491432487,-1.0833574930207512,0.27864977528210666,0.4860306352928988,,TNRC6A
ENSG00000165487,12.838971235491972,0.09213843997843289,0.0850847505460675,1.0829019229309054,0.27885195828578857,0.48617944110179395,,MICU2
ENSG00000115866,10.925916197842056,0.10315155986939771,0.09535557879783992,1.0817569477301983,0.27936054127717846,0.4868621079652545,,DARS1
ENSG00000102054,20.526533925059937,-0.07418819106961777,0.06863203640786411,-1.0809557016308642,0.27971681917614977,0.4871999340986578,,RBBP7
ENSG00000159720,56.89289997850041,-0.04917521193076724,0.045510617358042744,-1.0805217504279114,0.27990990651972003,0.4871999340986578,,ATP6V0D1
ENSG00000203705,11.07497561563903,0.09457138662703023,0.08753305836673331,1.0804076584506934,0.27996068697791987,0.4871999340986578,,TATDN3
ENSG00000158050,18.077434596075488,0.15970077866119167,0.14783440392571787,1.0802680189479865,0.2800228467379545,0.4871999340986578,,DUSP2
ENSG00000164346,53.00450443775145,0.06155134993727007,0.05707050857330758,1.078514130607524,0.28080437915795275,0.4881672765403951,,NSA2
ENSG00000143252,30.297859967501445,-0.06305754026266973,0.05846816307526898,-1.0784936099581683,0.2808135319137417,0.4881672765403951,,SDHC
ENSG00000143933,631.6094575608755,-0.04762173144053323,0.04418406046859938,-1.077803419049205,0.2811214934152,0.48849850150678026,,CALM2
ENSG00000182957,10.035336240259307,0.12938068998187982,0.12012692669714037,1.0770332142773427,0.28146542747547953,0.4888919324835052,,SPATA13
ENSG00000152291,42.534436545156616,-0.06348301657931596,0.0589622615399746,-1.0766720088624215,0.2816268216541723,0.4889681043745228,,TGOLN2
ENSG00000108219,34.31641941815763,0.07832140571259588,0.0727679668568754,1.0763170814795933,0.2817854718271654,0.48903945048018693,,TSPAN14
ENSG00000110031,8.743393935348687,0.10964795428548217,0.10203355569471993,1.0746264161717953,0.2825420200897908,0.49014795812073797,,LPXN
ENSG00000095906,13.238622270492082,-0.08223895059894605,0.076598239529996,-1.0736402181507205,0.28298396473150345,0.4907100013685095,,NUBP2
ENSG00000130985,14.523297479879632,0.08019832750746965,0.07474820180682135,1.0729131346160483,0.2833100922979237,0.49107082664973445,,UBA1
ENSG00000120509,8.221939924573762,0.10437993521138987,0.09739298373573116,1.071739782555767,0.2838369268621189,0.49161002895802525,,PDZD11
ENSG00000089289,37.370822388021494,-0.054714278108394854,0.051054014425416794,-1.071693944622616,0.28385752152816746,0.49161002895802525,,IGBP1
ENSG00000173442,28.10203396896996,0.06837482696277603,0.0638268692568367,1.0712545947951562,0.28405496968689825,0.49174726337806773,,EHBP1L1
ENSG00000122557,12.597913822268813,-0.0868081112282157,0.08111002614407603,-1.0702513037539667,0.28450620710677,0.49232355306329584,,HERPUD2
ENSG00000143013,18.326169845254164,0.07930579150477893,0.07415603093315676,1.069444932621382,0.28486922976513973,0.49274677580997145,,LMO4
ENSG00000156675,26.99838377487231,-0.10279794086085915,0.09617873496549811,-1.0688219271935269,0.28514991692397695,0.4930272877821048,,RAB11FIP1
ENSG00000177042,10.137916902638844,-0.1081321604385439,0.10130622959488864,-1.0673791816253684,0.2858006454107429,0.49394710631852534,,TMEM80
ENSG00000216490,122.75696150361877,-0.0815409173901278,0.07647694754646928,-1.0662156376021876,0.28632617480127054,0.4946498700885737,,IFI30
ENSG00000204569,12.248907986946858,-0.1382597661602056,0.12975765627539454,-1.0655229920827667,0.28663932667869707,0.49498530468384383,,PPP1R10
ENSG00000141446,8.374188912802625,-0.1271823417209574,0.11944401800301223,-1.064786197310861,0.2869726926449685,0.49535535327928176,,ESCO1
ENSG00000170006,25.74543434077783,0.08157691100884801,0.0766750439978472,1.0639304101493368,0.2873602256634685,0.4958185561012149,,TMEM154
ENSG00000164414,11.714987040448404,0.10067028845965512,0.09470651183564381,1.0629711358640366,0.2877950412163677,0.4961333509135344,,SLC35A1
ENSG00000051620,19.797190851475403,0.09051782829562457,0.08515652433590884,1.062958228996847,0.2878008946076478,0.4961333509135344,,HEBP2
ENSG00000006576,22.61567794077111,-0.07842565171665983,0.07381896672078898,-1.0624051676758772,0.28805178880762083,0.4961333509135344,,PHTF2
ENSG00000169764,26.455587373131184,-0.06263164105788183,0.05896305653767848,-1.0622183573176716,0.28813656794425,0.4961333509135344,,UGP2
ENSG00000241839,10.637115028458393,-0.10118000126851757,0.09525396332017137,-1.062213032841766,0.2881389845690142,0.4961333509135344,,PLEKHO2
ENSG00000176108,8.911731640521461,-0.1006527015462852,0.09479145035774589,-1.0618331206708913,0.2883114509348973,0.4962249217580359,,CHMP6
ENSG00000178950,9.655156748724165,0.1100515405329308,0.10373305030353898,1.0609110617195092,0.2887303217075904,0.4967403384216609,,GAK
ENSG00000167315,15.498806251935532,-0.08670199584901889,0.08179845555461585,-1.059946612208699,0.2891688882175981,0.4971156743653634,,ACAA2
ENSG00000180389,16.44091424087599,-0.19225664484407926,0.18143324744540398,-1.059654983588012,0.2893015895428348,0.4971156743653634,,ATP5F1EP2
ENSG00000134265,9.97832927903111,-0.10179149043188232,0.09606204882663455,-1.0596431335291197,0.2893069826054194,0.4971156743653634,,NAPG
ENSG00000078140,20.241896080192898,0.07164988946812655,0.0676408468941088,1.0592695502511058,0.28947703825333604,0.49720250996444176,,UBE2K
ENSG00000214212,75.43666529563832,-0.03951518698727552,0.037339215229232246,-1.0582757764105268,0.28992973321833704,0.4977494870776282,,C19orf38
ENSG00000127774,24.29906309513919,0.060183486732276636,0.05689078268613131,1.0578776365990832,0.2901112319595751,0.4977494870776282,,EMC6
ENSG00000102897,8.27979663424726,-0.10364735565419499,0.09798547465999256,-1.0577828603050505,0.29015444859693473,0.4977494870776282,,LYRM1
ENSG00000104964,25.03861535994979,0.0796157245401231,0.07533089758378164,1.0568800730347858,0.2905663239163274,0.49825058016979473,,TLE5
ENSG00000110315,24.893051919642176,-0.07549567592893713,0.07152280923421611,-1.0555468491416642,0.2911752948180407,0.49908909206553337,,RNF141
ENSG00000110917,10.695456793387308,-0.09742694738752404,0.0923707374378458,-1.0547382221894726,0.29154506565483107,0.49946215953700335,,MLEC
ENSG00000031003,9.321724303642842,-0.10300697680263962,0.09769831219198152,-1.0543373216133594,0.29172850739936673,0.49946215953700335,,FAM13B
ENSG00000168876,10.606314930261613,0.0952713432171532,0.09036596170130182,1.0542835092273546,0.29175313646031686,0.49946215953700335,,ANKRD49
ENSG00000106003,11.536647166487057,0.10710967325056929,0.10163574480194656,1.05385830014125,0.2919477969431512,0.499589812950847,,LFNG
ENSG00000105835,111.73832292928206,-0.08634833822924981,0.08197427868141806,-1.0533589269486705,0.29217652111558323,0.49970566211958173,,NAMPT
ENSG00000137393,43.35617757009809,0.16134808149008562,0.15320497706023228,1.0531516964142222,0.2922714727013618,0.49970566211958173,,RNF144B
ENSG00000144567,10.902831653301073,-0.09628107352137565,0.09144162408167335,-1.0529239226479596,0.29237586096131296,0.49970566211958173,,RETREG2
ENSG00000088833,14.663835661901023,0.08043904934574955,0.07642423648774903,1.0525332413185982,0.29255496773474765,0.49980643358379884,,NSFL1C
ENSG00000162613,17.369179549860444,0.07636457929855885,0.07262914258046782,1.0514316510614514,0.29306038543787993,0.5004643692206816,,FUBP1
ENSG00000116095,8.547848058600279,-0.10182994475790458,0.09697739519286547,-1.0500379449807713,0.2937006673525143,0.5013519803801639,,PLEKHA3
ENSG00000214087,9.054700066257366,-0.10319626185279332,0.0983507370431917,-1.0492678037326113,0.29405487985011247,0.5017507383824724,,ARL16
ENSG00000221823,10.506392933924364,-0.10360287583373147,0.09877234941311103,-1.0489056547639357,0.29422154268320044,0.5018292814932817,,PPP3R1
ENSG00000213676,24.47702660314865,-0.061271633238499955,0.05849856955121083,-1.0474039572003813,0.29491330737995247,0.5026038753814893,,ATF6B
ENSG00000238142,9.166599367695095,-0.13644544177427195,0.13027617322029106,-1.047355309888854,0.2949357352222012,0.5026038753814893,,ENSG00000238142
ENSG00000059728,21.420736030557766,0.11026527069963188,0.10530204631965037,1.0471332187117746,0.2950381403080762,0.5026038753814893,,MXD1
ENSG00000164104,60.6239130402167,0.07489895118059235,0.07154930265193664,1.0468159493454554,0.29518447287793625,0.5026473218060642,,HMGB2
ENSG00000170296,80.77983419531259,0.13184703216840776,0.12613985324750798,1.0452448514404193,0.2959098189010695,0.5036762874911821,,GABARAP
ENSG00000107854,13.129727848105526,0.09484029712346051,0.09083690844928952,1.0440722691086073,0.2964519547510176,0.5043708275297817,,TNKS2
ENSG00000008513,10.260828430662567,-0.12431922640184337,0.11910242511746283,-1.0438009660948175,0.29657748454656907,0.5043708275297817,,ST3GAL1
ENSG00000135926,13.197875586643445,-0.0794408877840377,0.07612371873540694,-1.0435760247099946,0.29668159013590767,0.5043708275297817,,TMBIM1
ENSG00000118689,13.672077929845475,0.11361064248447283,0.10894890268902335,1.0427883134239144,0.2970463450884445,0.5047846387123893,,FOXO3
ENSG00000008517,22.628120780438127,0.1065917936641736,0.10233304502434354,1.041616553468305,0.2975894909085912,0.5055011360472599,,IL32
ENSG00000177565,16.3262916783609,-0.09343471481823153,0.08973942612434936,-1.0411779844542544,0.2977929513710269,0.505640276613662,,TBL1XR1
ENSG00000159256,10.959158879487385,0.09830517140617853,0.09452531566606731,1.0399877610931705,0.2983455868209465,0.5062296296823292,,MORC3
ENSG00000168918,13.935700301583719,-0.08706494990492294,0.0837484231111778,-1.0396010655548986,0.29852528166428993,0.5062296296823292,,INPP5D
ENSG00000180817,22.555268392427706,-0.08191799802369192,0.07880206176252945,-1.0395413037612184,0.29855305901812534,0.5062296296823292,,PPA1
ENSG00000166326,15.175921128707184,0.10279176989152372,0.09890994661799409,1.039246035472265,0.2986903254018334,0.5062296296823292,,TRIM44
ENSG00000141933,13.284952358653749,0.10350494735923454,0.09960818208113785,1.03912093561674,0.29874849540147075,0.5062296296823292,,TPGS1
ENSG00000169228,19.27615355348104,-0.10146980695217063,0.09771071733022986,-1.0384716203570206,0.29905054104884676,0.5065351183889262,,RAB24
ENSG00000109670,11.738088512921296,-0.10720619406768292,0.10327230084746246,-1.0380924331881691,0.299227023915108,0.5066277653589131,,FBXW7
ENSG00000081320,113.0007881231569,-0.07247556376470107,0.070013762550893,-1.0351616757065238,0.30059341328560885,0.508734173827556,,STK17B
ENSG00000186432,13.744820662107319,0.08596204199674436,0.08308911398919624,1.0345764669956843,0.3008667488476098,0.5089897011818042,,KPNA4
ENSG00000168591,8.626279931815937,0.09779982281188346,0.09463403995211425,1.033452897724446,0.3013920024592248,0.5095487996352093,,TMUB2
ENSG00000147601,10.368653969506509,0.08748571560391978,0.08466259350733776,1.0333455659651785,0.30144221055342546,0.5095487996352093,,TERF1
ENSG00000169612,15.519804240825923,0.07506808767633738,0.07274731987579583,1.0319017635907948,0.30211813971962664,0.5104839403873465,,RAMAC
ENSG00000159713,49.22592523245287,-0.11473187701847795,0.1114282307755801,-1.0296481979468155,0.3031751810657468,0.5120620191772256,,TPPP3
ENSG00000157538,8.610725475430499,0.09885310104997674,0.0961994908953388,1.0275844511227712,0.30414534139178595,0.5134921348173009,,VPS26C
ENSG00000196975,27.857316896920306,0.09323877292248803,0.09083458386418929,1.0264677720315574,0.30467114711437426,0.5141711853938324,,ANXA4
ENSG00000272325,24.28969339945674,-0.0706902589189199,0.06893478734438092,-1.0254656849199966,0.3051435088122305,0.5147595282477206,,NUDT3
ENSG00000122218,15.075443209309867,0.08265289362656351,0.0806298302001332,1.025090756378983,0.30532036667650897,0.5148490982465656,,COPA
ENSG00000084070,83.37510448566638,0.0804094219992586,0.07858968802832673,1.0231548695075106,0.3062346273384883,0.516181543649964,,SMAP2
ENSG00000112305,21.965660325555373,0.07699535515629341,0.07527501104607136,1.0228541196648797,0.3063768250439375,0.5162120664976833,,SMAP1
ENSG00000151923,13.540107904989785,0.08149513056397509,0.07971248007917225,1.0223635054765863,0.30660888651724827,0.5163414987053471,,TIAL1
ENSG00000111642,15.418974132403166,0.09483072073419377,0.0927741987485587,1.0221669603550956,0.3067018854088732,0.5163414987053471,,CHD4
ENSG00000181481,15.681571518929797,0.07586191561094768,0.0743214453035907,1.0207271306560903,0.30738373680421704,0.5170848079674136,,RNF135
ENSG00000164182,12.090577846044672,-0.08350235373855337,0.08180813270728697,-1.0207096895528516,0.30739200242870524,0.5170848079674136,,NDUFAF2
ENSG00000129675,11.592535361808155,0.09520344599894517,0.09336681618105754,1.0196711197083772,0.30788446295834837,0.5177038665750724,,ARHGEF6
ENSG00000122359,36.93165308873906,-0.05825322095170438,0.05715230628889147,-1.019262821298025,0.30807820943840913,0.5178203439449625,,ANXA11
ENSG00000136108,10.254831141598936,0.11087634263565832,0.10891586000470736,1.017999973840965,0.3086779685084222,0.5185898642340508,,CKAP2
ENSG00000101856,9.557000974006929,0.09805419910032472,0.09634181727426862,1.017774024556556,0.30878535906436155,0.5185898642340508,,PGRMC1
ENSG00000056050,9.573937175391025,0.09448179002490281,0.09286782999578991,1.0173791078049965,0.30897311682048656,0.5186957893354415,,HPF1
ENSG00000175938,13.4377554530341,0.08121907268232084,0.07988543646023268,1.0166943598380669,0.30929884969043486,0.5188245487608745,,ORAI3
ENSG00000111832,57.8833747625789,0.04192306854180421,0.04123471606116729,1.016693518141748,0.309299250222829,0.5188245487608745,,RWDD1
ENSG00000145725,14.046758568948286,-0.09100487871090851,0.08957507696576215,-1.015962048748145,0.30964745924760795,0.5191992867674523,,PPIP5K2
ENSG00000188811,10.034935751399084,0.09524301273331345,0.09384579867736796,1.0148884028442122,0.31015902697018205,0.5198475230443019,,NHLRC3
ENSG00000103145,7.976462728942386,-0.10271490349867887,0.10143933475796167,-1.0125746954449253,0.3112633516508394,0.5214883378443382,,HCFC1R1
ENSG00000120063,12.874131239931257,0.10779817332449743,0.1065023273910475,1.0121673015528754,0.3114580675637395,0.5216044931824301,,GNA13
ENSG00000119013,62.52640954796943,0.047597205675598796,0.047084577594702706,1.0108873883357035,0.312070330864312,0.522419547845287,,NDUFB3
ENSG00000080822,9.65869836442569,-0.09411290143879444,0.09328216840443013,-1.0089055930900173,0.313019912583712,0.5237984056107168,,CLDND1
ENSG00000115649,18.706213695919132,-0.07199787533239788,0.07148310546647067,-1.007201280114623,0.31383805804417364,0.5249563013525381,,CNPPD1
ENSG00000165264,34.38244417869744,-0.054871383476838356,0.05451941051139272,-1.0064559202336218,0.31419630547531174,0.5253443049747978,,NDUFB6
ENSG00000116670,14.692106810385914,-0.07529008635654078,0.07485519809511086,-1.0058097269461146,0.31450710736045007,0.5256526985212826,,MAD2L2
ENSG00000254087,154.17831565200888,-0.04740577210465456,0.04715793457641583,-1.0052554788598116,0.3147738470228306,0.52588723036746,,LYN
ENSG00000168214,28.83233532761605,0.05595951863527959,0.05569628633120693,1.004726209257603,0.315028704199356,0.526044229658548,,RBPJ
ENSG00000196976,18.924394745068334,0.06601178182362766,0.06571375850293398,1.0045351738735255,0.31512072603584174,0.526044229658548,,LAGE3
ENSG00000185215,37.94717701190863,0.07999616685058257,0.07967051199396469,1.0040875205702526,0.3153364300283019,0.5261931604162599,,TNFAIP2
ENSG00000138592,18.119011547253788,-0.07693072127317116,0.07668817747503717,-1.0031627273736285,0.315782353386291,0.5267259783829072,,USP8
ENSG00000108639,73.88557006942196,0.04090741538850389,0.040794621359041126,1.0027649240440313,0.31597429633120644,0.5268348988929134,,SYNGR2
ENSG00000026297,295.7526313266352,-0.03824542324582487,0.03815562023915281,-1.0023535983980654,0.3161728444212454,0.5269339670270007,,RNASET2
ENSG00000171960,11.665905006947389,0.08184595712409787,0.081675308439305,1.0020893546416134,0.3163004388490114,0.5269339670270007,,PPIH
ENSG00000095380,28.464977720662876,-0.059693936590688466,0.05959181946800648,-1.0017136097470025,0.3164819316154741,0.5269339670270007,,NANS
ENSG00000104824,15.628665697184116,-0.08880283680205277,0.08866163139480873,-1.0015926326306275,0.316540380673191,0.5269339670270007,,HNRNPL
ENSG00000136522,25.91046640093928,-0.05895388689437087,0.05896984256927368,-0.9997294265304496,0.31744146729451683,0.528222601578076,,MRPL47
ENSG00000095787,38.00684699540107,0.0694455044350714,0.06951211927262457,0.999041680238637,0.3177745007371273,0.5285653430893441,,WAC
ENSG00000242086,16.459652621780894,-0.10667088194651611,0.10682476052344325,-0.9985595233148837,0.318008116319781,0.528742511546878,,MUC20-OT1
ENSG00000101132,28.961153852654643,-0.057345271097440094,0.0574871246528288,-0.997532429109207,0.3185061410309341,0.5293135029940691,,PFDN4
ENSG00000197912,8.299488806073024,0.10165928951471077,0.10193179525067092,0.9973265874961782,0.31860601237912234,0.5293135029940691,,SPG7
ENSG00000113916,9.024372263776288,0.11040653346855395,0.11107486635344047,0.9939830412871272,0.3202311237861203,0.5318009880040959,,BCL6
ENSG00000162144,8.250450856893028,-0.10744122722309556,0.10844711560569738,-0.9907246183821142,0.3218200665801667,0.5342264473158395,,CYB561A3
ENSG00000136161,11.916133575522272,0.08520978704566036,0.08624135805490431,0.9880385579203517,0.32313376487477075,0.5361932436693443,,RCBTB2
ENSG00000138069,26.789154781109932,0.06790516534303588,0.06877726485888166,0.9873199447864761,0.3234858160842867,0.5365633950999333,,RAB1A
ENSG00000134905,12.43501339434371,0.11713283853903107,0.11868083710944831,0.9869566257862703,0.3236639024951664,0.5366448124272188,,CARS2
ENSG00000185787,135.31835810765872,-0.03701755256326574,0.03759465938693708,-0.9846492338783666,0.324796397055758,0.5381895711745999,,MORF4L1
ENSG00000163866,16.251700462731247,-0.0672391187706346,0.0682988148085029,-0.9844844154200992,0.32487739042956487,0.5381895711745999,,SMIM12
ENSG00000171634,19.56242212461623,0.08543810999352867,0.08680628982306182,0.9842387016848442,0.32499816092212885,0.5381895711745999,,BPTF
ENSG00000197930,10.419255733160893,0.09540050183661278,0.09697487184913751,0.9837651756325704,0.32523098558983266,0.5381895711745999,,ERO1A
ENSG00000167208,11.618390536080451,0.09330496666058283,0.09484700158251543,0.9837418695772786,0.3252424475800346,0.5381895711745999,,SNX20
ENSG00000102858,8.159738782021943,-0.10630085256459443,0.10811423367818748,-0.9832271750730736,0.32549564291685074,0.5383437492787932,,MGRN1
ENSG00000171421,14.90934934461667,0.07085541699617956,0.07207885390898365,0.9830264100154955,0.3255944406695779,0.5383437492787932,,MRPL36
ENSG00000109606,9.137625194847008,-0.09848090274108127,0.10022279522183508,-0.9826197974532814,0.325794597020746,0.5384606768400092,,DHX15
ENSG00000008282,17.821398166380423,0.07968955841082963,0.08113407737957175,0.9821959031840076,0.3260033455073962,0.5384644136123565,,SYPL1
ENSG00000082212,18.151931201820656,0.08022351274980853,0.0816865560350256,0.9820895462334126,0.3260557350695976,0.5384644136123565,,ME2
ENSG00000132432,114.62101850661566,0.042951116143152446,0.04374714109707537,0.9818039548651525,0.32619643942847876,0.5384830111200284,,SEC61G
ENSG00000171298,12.712392244310292,-0.09822363276810521,0.10010553263217181,-0.9812008406070676,0.3264937097296686,0.5385531774237753,,GAA
ENSG00000148444,21.527692164963305,0.06437878251366685,0.06561280083193104,0.9811924151595792,0.3264978638131638,0.5385531774237753,,COMMD3
ENSG00000214160,7.823883240348122,0.096467416146781,0.09838683600431747,0.9804910907242486,0.32684376528542813,0.5389100529478323,,ALG3
ENSG00000188677,8.513140583973481,-0.10121588673949919,0.10335821502694695,-0.9792727816856239,0.3274452153313676,0.5392406878135356,,PARVB
ENSG00000187231,10.497049387899276,0.09623108913766022,0.09827310570038139,0.9792210030590979,0.3274707931075871,0.5392406878135356,,SESTD1
ENSG00000083099,14.866154953017892,-0.08217344841712794,0.08391838907907782,-0.979206694967588,0.32747786129438927,0.5392406878135356,,LYRM2
ENSG00000126883,44.00314351226952,0.058164687192367046,0.059415646833342786,0.9789456194176492,0.3276068498153045,0.5392406878135356,,NUP214
ENSG00000165732,69.7211523673216,-0.059106816257395924,0.06038871995922856,-0.9787724644155712,0.32769241797899473,0.5392406878135356,,DDX21
ENSG00000153317,16.72097634754068,0.0863319600197101,0.08832433830223534,0.9774424771153386,0.32835014251438877,0.5401093684696945,,ASAP1
ENSG00000181090,7.861893049212496,-0.10575315019445042,0.1083307525586924,-0.9762061805778977,0.3289623010450462,0.5409024396630009,,EHMT1
ENSG00000181610,12.836334218509295,0.07927586443514983,0.0812587557752088,0.9755978131692742,0.32926380866303995,0.5411842923896666,,MRPS23
ENSG00000160613,20.878597306528928,-0.074984392680587,0.07692426787237815,-0.9747820129401882,0.3296684011964973,0.5416352879057775,,PCSK7
ENSG00000184584,8.161286612888022,0.11954602406579733,0.1227882887118963,0.9735946751916509,0.3302578312584111,0.5423201808790186,,STING1
ENSG00000181061,34.81072927012726,0.05544995885648112,0.056964227636943934,0.973417198068341,0.330345994795056,0.5423201808790186,,HIGD1A
ENSG00000176102,9.720792542356309,0.09009552885484463,0.09268398300325088,0.9720722603352571,0.33101460115419523,0.5432034480479101,,CSTF3
ENSG00000198625,25.982700378764417,0.07178221301999703,0.07387545392678356,0.9716652718119188,0.3312170989870621,0.5433214242059062,,MDM4
ENSG00000255398,8.613466939047088,-0.1432352999787482,0.14751870584188695,-0.9709636426194671,0.3315663838471822,0.5436799987403539,,HCAR3
ENSG00000158552,13.188130682396304,-0.07392932817568425,0.076161122723802,-0.9706964069291448,0.33169948164540564,0.543683941546449,,ZFAND2B
ENSG00000115310,95.41201967852884,0.03534125890876138,0.03642583301788809,0.9702251391589563,0.3319342825727567,0.5438545157552848,,RTN4
ENSG00000130770,69.95959350851034,0.041090358741535625,0.04240601689861506,0.9689747292176737,0.33255779790587203,0.5446615902710346,,ATP5IF1
ENSG00000204220,29.7145384398004,0.05348690712104713,0.05521796617769294,0.9686504379557331,0.33271962878025463,0.5447121824973866,,PFDN6
ENSG00000004478,9.258434747569249,-0.10279049668660514,0.1061489697260902,-0.9683607570742198,0.3328642310504515,0.5447345401927137,,FKBP4
ENSG00000198931,85.9594051557125,-0.039666878633004686,0.041019925858926415,-0.9670148788036561,0.33353659571859295,0.5456202273650597,,APRT
ENSG00000105669,101.57641623940522,0.0324319331072334,0.033595441031835746,0.9653670888410192,0.3343609796715553,0.5467538032365056,,COPE
ENSG00000151491,9.815845228865511,-0.1110688007595291,0.1151790568796602,-0.9643142057984941,0.3348884208462909,0.5473919777188769,,EPS8
ENSG00000103275,60.701296283566876,-0.040113312824898516,0.04160860764174198,-0.9640628489730243,0.3350144171327549,0.5473919777188769,,UBE2I
ENSG00000186469,45.96882889622946,-0.06314171341848589,0.06557433074367232,-0.9629029027426075,0.3355962527406887,0.5480584303567738,,GNG2
ENSG00000110367,24.021547439455208,-0.07512489844375816,0.07803363988404416,-0.9627245192636368,0.33568578859352394,0.5480584303567738,,DDX6
ENSG00000107341,33.36779625348205,0.061304848603924336,0.06374516985146153,0.9617175504712967,0.3361915039051785,0.5486687549021352,,UBE2R2
ENSG00000139372,10.161362466990754,0.09337872923994096,0.09714740120580953,0.9612066620507477,0.336448267338204,0.5488203500493768,,TDG
ENSG00000196154,3325.7614355374935,0.03259164170789953,0.03391402428361978,0.9610077953397305,0.33654824831152885,0.5488203500493768,,S100A4
ENSG00000125457,8.140243875239316,0.09492971243829955,0.09888346316052662,0.9600160573279216,0.3370471335245544,0.5494185248676122,,MIF4GD
ENSG00000161671,15.944627042492785,-0.07228778777819922,0.07536378614344412,-0.9591846625196061,0.3374657256515875,0.5498853970664332,,EMC10
ENSG00000167671,9.367899223308935,-0.09148472497490612,0.09540675502716352,-0.958891484663316,0.3376134150009025,0.5499106524681888,,UBXN6
ENSG00000183401,9.266913528395337,-0.08776002240248329,0.09160274870188764,-0.9580500983446454,0.3380374968287002,0.5500355837512648,,CCDC159
ENSG00000166012,27.818818472902258,0.0630603729876558,0.06582165629540981,0.9580490151241214,0.33803804302204277,0.5500355837512648,,TAF1D
ENSG00000076984,7.957675645584914,-0.09998817886200209,0.10438524672552786,-0.9578765390564484,0.3381250180284605,0.5500355837512648,,MAP2K7
ENSG00000075790,15.974195003940334,0.06779890146232752,0.07079418888157184,0.9576902078183989,0.3382189959701287,0.5500355837512648,,BCAP29
ENSG00000113269,80.98602491833243,-0.039261863537131535,0.04103123683326745,-0.9568774077338723,0.33862913560786445,0.5504873794953952,,RNF130
ENSG00000153048,16.812841889298678,-0.09078967244904264,0.09506156771029121,-0.9550618050580907,0.33954644282079516,0.5517629695837921,,CARHSP1
ENSG00000143727,24.236754693269763,-0.05599573319089193,0.058673087842234455,-0.9543682674663103,0.339897262967474,0.5521173814700086,,ACP1
ENSG00000115232,47.606625795184115,-0.06676838394728875,0.07004741531860614,-0.9531884030780732,0.3404946211303588,0.5528718282210353,,ITGA4
ENSG00000189241,13.655358066790262,-0.09967016214679417,0.10462538335310305,-0.952638441576024,0.3407732929819616,0.5531084271576122,,TSPYL1
ENSG00000124155,12.266986275933963,0.07631791346406136,0.08013668867131286,0.9523467306851857,0.3409211655381016,0.5531326242739869,,PIGT
ENSG00000186517,47.360105762802924,-0.04962482047023242,0.05215605512020881,-0.9514680578478871,0.34136682602872837,0.5534992947869108,,ARHGAP30
ENSG00000149091,8.855303292393456,-0.09253794380186864,0.09726742280039817,-0.9513765363328802,0.34141326692865703,0.5534992947869108,,DGKZ
ENSG00000074201,33.904551669514014,0.050271754379764194,0.0528887026671455,0.9505197111025573,0.3418482431836093,0.5539885826427015,,CLNS1A
ENSG00000168724,8.687361099788054,0.09553305319529669,0.10054626277463762,0.9501402693546409,0.34204098396600324,0.5540240118378973,,DNAJC21
ENSG00000177830,8.084219336561677,-0.08881047320649661,0.0934893974992251,-0.9499523537653854,0.34213646307970147,0.5540240118378973,,CHID1
ENSG00000198791,23.106539369289603,0.06036741344553987,0.06364420477261291,0.9485139088660104,0.342867895439272,0.5547122564688884,,CNOT7
ENSG00000071054,10.513670555041736,-0.09201635142768877,0.09701251108606428,-0.9484998419024202,0.3428750532562381,0.5547122564688884,,MAP4K4
ENSG00000183513,11.456601165882827,0.07736053749504855,0.08159275027947677,0.9481300388829673,0.3430632576395728,0.5547122564688884,,COA5
ENSG00000104918,26.03219435021398,0.22107897285973593,0.23319616625775438,0.9480386251949564,0.3431097911135299,0.5547122564688884,,RETN
ENSG00000175387,16.207392659666933,-0.07202070667329755,0.07598675696219628,-0.947806032952928,0.3432282086901247,0.5547122564688884,,SMAD2
ENSG00000196655,16.85738694420541,0.0769906771061823,0.0812831854858596,0.9471906968948205,0.3435416150505062,0.5549447618931617,,TRAPPC4
ENSG00000122692,11.931865975231021,-0.07454689572693401,0.07871901802655229,-0.9469998177795993,0.3436388717876886,0.5549447618931617,,SMU1
ENSG00000167645,8.832717480926918,0.08905771381683815,0.0940939163556854,0.9464768527668692,0.34390542302174565,0.5550287000197686,,YIF1B
ENSG00000067248,15.245601731622797,-0.073190704535029,0.07736030169213284,-0.9461015913084545,0.3440967722170175,0.5550287000197686,,DHX29
ENSG00000148450,12.601453781564095,0.08838988241620202,0.09344161644835268,0.9459370008336396,0.34418071981837606,0.5550287000197686,,MSRB2
ENSG00000168488,9.344028077354695,-0.09724688681119478,0.1028326186089438,-0.9456813229760231,0.3443111514827645,0.5550287000197686,,ATXN2L
ENSG00000135870,9.705645706095044,0.09219643204917095,0.09750152923121107,0.9455896002465783,0.3443579506613035,0.5550287000197686,,RC3H1
ENSG00000112992,7.718687392132227,-0.1046826174657227,0.11086004995515536,-0.9442771991178831,0.3450280143300579,0.5554825744099829,,NNT
ENSG00000115816,16.422932237829887,0.08256555173350272,0.08744362156027898,0.9442146866777061,0.3450599516115679,0.5554825744099829,,CEBPZ
ENSG00000089916,9.566178162674735,-0.09329781835011382,0.09881614248601361,-0.9441556410008531,0.34509011947291324,0.5554825744099829,,GPATCH2L
ENSG00000143742,52.744480316907534,0.045566984728463794,0.04827051307213073,0.9439921357449205,0.34517366703120334,0.5554825744099829,,SRP9
ENSG00000116266,16.76038246464915,0.07334183050374549,0.07772809050263788,0.9435691785231296,0.3453898486161493,0.555615533736729,,STXBP3
ENSG00000102699,9.724276083729393,0.0992632546043624,0.10533887775103531,0.9423230693511618,0.3460272606346543,0.5564257457441677,,PARP4
ENSG00000004534,14.34110280225201,-0.07503980257078664,0.07972574296653345,-0.9412242492652112,0.34658995243983004,0.5571152249419216,,RBM6
ENSG00000116918,18.981817575804264,0.06767949266601653,0.07196788533427424,0.9404124124484259,0.34700605777334625,0.5575686366694169,,TSNAX
ENSG00000240849,10.923598211066707,-0.07811356648021135,0.0831539192703318,-0.9393852648877034,0.34753297559998386,0.5580316776451582,,PEDS1
ENSG00000065154,13.062388946772456,-0.08390675606343971,0.08932639336693193,-0.9393277048449765,0.3475625184563954,0.5580316776451582,,OAT
ENSG00000255302,76.08296535879083,-0.03496062779680863,0.0372881719302275,-0.9375795590683794,0.34846052016543116,0.5592576249568648,,EID1
ENSG00000123685,35.363121024136156,-0.07289420585348297,0.07783557608162907,-0.9365152739029785,0.34900795222277603,0.5599202010207283,,BATF3
ENSG00000213699,10.71776214437144,0.0919724866178396,0.09827160480828064,0.9359009329019298,0.34932419683051186,0.5602115107227947,,SLC35F6
ENSG00000237765,16.78223097571718,0.07252630025023624,0.07773716534605028,0.9329681617201031,0.3508364072164065,0.5621660069055484,,FAM200B
ENSG00000132294,12.385412804846354,0.08936592560734409,0.09580395097819819,0.9328000014078837,0.350923240504905,0.5621660069055484,,EFR3A
ENSG00000132589,12.652549975003726,0.08039448178647988,0.0861942974014555,0.9327123047599937,0.3509685300087725,0.5621660069055484,,FLOT2
ENSG00000183779,25.783754652423227,-0.06874642660627511,0.07372351998269865,-0.9324897484874359,0.35108348219726315,0.5621660069055484,,ZNF703
ENSG00000118007,9.656331475761172,-0.09272082974477332,0.09958261678116995,-0.9310945297664227,0.3518046680051182,0.5631040472879153,,STAG1
ENSG00000048649,20.099276186062983,-0.06633351645919335,0.07131023614802669,-0.9302103041910755,0.35226220781094275,0.5636195324975084,,RSF1
ENSG00000123992,13.519669529519678,0.07440966281777317,0.08005970058529703,0.9294271933792182,0.35266774046542393,0.5640514418824158,,DNPEP
ENSG00000122223,8.240336366225378,-0.1005624579266717,0.10849028516018946,-0.9269259250096719,0.3539649957329243,0.5659086788043678,,CD244
ENSG00000162607,12.071616193036432,-0.08382867502431193,0.09058741527472797,-0.9253898543200669,0.3547631543529063,0.5667797642038922,,USP1
ENSG00000104427,7.762516628461114,0.1142368924239961,0.12345223496205518,0.9253529712046804,0.35478233316993635,0.5667797642038922,,ZC2HC1A
ENSG00000013306,13.356107954960871,-0.07405037439284401,0.08006958732108554,-0.9248252285339751,0.3550568252815238,0.5670005348065793,,SLC25A39
ENSG00000140678,24.628623631142663,-0.07229819855601669,0.07822899822381651,-0.9241866852131794,0.3553891267297937,0.567283876426233,,ITGAX
ENSG00000134779,9.653393945466409,-0.09161678496071217,0.0991566251918848,-0.9239602979974181,0.35550698698153593,0.567283876426233,,TPGS2
ENSG00000172845,16.096499177144867,-0.08400568267069572,0.09100557301143591,-0.9230828386755988,0.35596403716541125,0.56771906447439,,SP3
ENSG00000129460,10.039939928035084,0.0815733939295965,0.08838689269390967,0.9229127921952318,0.35605265365713545,0.56771906447439,,NGDN
ENSG00000028137,131.85377321320814,-0.04209791086403083,0.045679784255136344,-0.9215873400123872,0.35674386456227225,0.5686032477314378,,TNFRSF1B
ENSG00000171720,9.614666082761875,-0.0837315810396942,0.09097326785350955,-0.9203976400465647,0.3573650014444397,0.5693751076249978,,HDAC3
ENSG00000091640,30.712882130444466,-0.05167823262580661,0.05624098631631281,-0.91887137852021,0.35816285207048415,0.570427819530327,,SPAG7
ENSG00000130340,14.353649989446026,-0.09756183400759352,0.10630757258442212,-0.9177317441814097,0.3587593241865765,0.5711591230831069,,SNX9
ENSG00000087274,10.987125715403524,-0.08398129290964092,0.09174300569456961,-0.9153972259120334,0.3599831341882328,0.5726716168186268,,ADD1
ENSG00000114013,59.666832389307224,0.04805516304438605,0.05249668290388405,0.9153942760987402,0.35998468220690116,0.5726716168186268,,CD86
ENSG00000104823,35.38211214303489,0.05061305556265904,0.05535009487566296,0.9144167806099505,0.3604978876581507,0.573268812178099,,ECH1
ENSG00000176978,30.058157328331756,0.04988779774323729,0.05458467835218939,0.9139523992676652,0.36074185832169714,0.5734375737937563,,DPP7
ENSG00000119535,16.508057608671724,-0.08190912756378496,0.08967215873153238,-0.9134287466973,0.3610170923766649,0.5736558839904224,,CSF3R
ENSG00000185946,9.532927663504717,0.09520582010781606,0.10427842755470515,0.9129963151570393,0.3612444795350337,0.5737980278219703,,RNPC3
ENSG00000100376,11.136234062354333,0.16516027352544652,0.1810117336315155,0.9124285493097498,0.36154316639878115,0.5740532718392861,,FAM118A
ENSG00000105821,12.907771420451038,0.07948170886291413,0.08718285229016601,0.9116667644501859,0.3619441647671413,0.574319214062061,,DNAJC2
ENSG00000163428,8.941498872778386,-0.09044239464777852,0.09921434676859771,-0.9115858501666253,0.3619867738631548,0.574319214062061,,LRRC58
ENSG00000180448,22.348814336312262,0.06569774925309847,0.0720962610882622,0.9112504346469438,0.3621634356775625,0.5743804393513763,,ARHGAP45
ENSG00000184260,17.062278874982542,-0.10556500733982639,0.11600693762215138,-0.9099887429462571,0.36282844651492496,0.575019189825309,,H2AC20
ENSG00000111639,39.686253020991096,0.047918255142788205,0.05267128155802831,0.9097605701884496,0.3629487930957265,0.575019189825309,,MRPL51
ENSG00000174446,10.068029595518842,0.08437130571371294,0.09274631933748707,0.9096997737096285,0.36298086357722625,0.575019189825309,,SNAPC5
ENSG00000155307,57.60494789061128,-0.09723813431021422,0.10700388425858312,-0.9087346219622344,0.3634902240808109,0.5755033712800964,,SAMSN1
ENSG00000107521,17.538716159554227,-0.06626606063710361,0.07296655384520702,-0.9081703485364266,0.3637882273978995,0.5755033712800964,,HPS1
ENSG00000152818,71.73142399593374,0.052227772945825195,0.05751620481274315,0.9080531845914447,0.36385012301370356,0.5755033712800964,,UTRN
ENSG00000130830,17.66677143496221,0.06289609200434511,0.06927119106949191,0.907968969975536,0.3638946161564124,0.5755033712800964,,MPP1
ENSG00000134294,15.676762501228438,0.07624130447672492,0.08398369799025267,0.9078107573397596,0.3639782139033495,0.5755033712800964,,SLC38A2
ENSG00000115541,42.64560293597875,0.056683883476030705,0.06264062529660823,0.9049060926136692,0.36551513904361643,0.5777083521406426,,HSPE1
ENSG00000110711,28.637958218775168,0.051771364214130894,0.05722801972502634,0.9046506320310573,0.36565050268901733,0.5777083521406426,,AIP
ENSG00000105514,9.170984778624453,-0.09486718996442842,0.10499081158546447,-0.9035761180606244,0.3662202094983483,0.5783887894886595,,RAB3D
ENSG00000127616,8.497204994781182,0.09614155793747217,0.10644197488942844,0.9032297459469697,0.3664039737854128,0.5784594045340863,,SMARCA4
ENSG00000123144,112.57295353568144,0.03271404515642496,0.036233398921572936,0.9028698971143833,0.3665949489115766,0.5784769677571782,,TRIR
ENSG00000164609,21.18957483980832,0.06611575531793505,0.07325213235827797,0.9025778934947759,0.36674996356167666,0.5784769677571782,,SLU7
ENSG00000163635,8.231666126345308,0.10046559175565171,0.11132872798067936,0.9024228838138445,0.36683226945755676,0.5784769677571782,,ATXN7
ENSG00000140307,33.76363733715831,-0.051238934828864845,0.05686034778733836,-0.9011365006155434,0.36751574793378605,0.5793351691567071,,GTF2A2
ENSG00000089280,79.76381538944825,-0.04673718603933244,0.05199800719295804,-0.898826485136183,0.36874509045008996,0.5810528698001417,,FUS
ENSG00000136709,13.054170815279937,-0.07532644266906037,0.08383865161864006,-0.8984691573011039,0.36893548116576913,0.581132753369784,,WDR33
ENSG00000197894,8.732711508823465,0.08925258461344751,0.09937555902248275,0.8981341638868666,0.36911402722134656,0.5811527233895691,,ADH5
ENSG00000173598,11.204450945736037,0.08295402021784429,0.09240602090585703,0.8977122854619786,0.369338958014085,0.5811527233895691,,NUDT4
ENSG00000105383,17.995258606512586,-0.06808126715702013,0.07584311070159891,-0.8976592142282064,0.3693672597697165,0.5811527233895691,,CD33
ENSG00000171159,61.861185227486565,0.03752673317510535,0.04183188704952713,0.8970843971412368,0.36967388383262567,0.5812374425223388,,BBLN
ENSG00000058272,28.318153654871455,-0.05661411040784035,0.0631125279594111,-0.897034427843708,0.36970054637358374,0.5812374425223388,,PPP1R12A
ENSG00000164896,11.619358543007442,0.07354730223275828,0.08202184023699385,0.896679494391381,0.3698899656128456,0.5813011022147261,,FASTK
ENSG00000113312,24.40472685639436,0.059633460746759806,0.06652290933829652,0.8964349475982625,0.3700205092943737,0.5813011022147261,,TTC1
ENSG00000122417,8.131015365905528,-0.09745739995709382,0.1087847431510251,-0.8958737883105022,0.37032017487444757,0.5814803110992341,,ODF2L
ENSG00000004961,8.862765419493911,0.08412386363101185,0.09391990878926089,0.8956978846707616,0.3704141404838871,0.5814803110992341,,HCCS
ENSG00000197471,85.36812895089955,-0.043352798315593806,0.04842718300709795,-0.8952161910644193,0.3706715312015364,0.58166486978438,,SPN
ENSG00000007944,11.108642767039356,-0.10711882254365386,0.11994259250901407,-0.8930841021766603,0.37181213590642737,0.5832347229904743,,MYLIP
ENSG00000187147,8.173039673188066,-0.09325924095527482,0.10454649889536703,-0.892036002550513,0.3723736353807583,0.5838953347847547,,RNF220
ENSG00000182923,13.226172631731947,0.08131472852030436,0.09119919836062597,0.8916167025806984,0.372598414472736,0.5840276579527437,,CEP63
ENSG00000124299,17.73027598506073,-0.06718353163775795,0.07543315137065802,-0.8906366818434552,0.3731241135645359,0.5846313794457512,,PEPD
ENSG00000109917,8.13510623705593,-0.08365896754076349,0.09402587614921368,-0.8897440892547654,0.3736033142265529,0.5851618174632757,,ZPR1
ENSG00000139436,19.08728416102276,-0.06281966760349578,0.07067377301581274,-0.888868174470328,0.37407393129762223,0.5854653761080792,,GIT2
ENSG00000188786,8.302125067502972,-0.0982299277137671,0.11052201663943603,-0.8887815360285154,0.37412050087367654,0.5854653761080792,,MTF1
ENSG00000105401,39.73899904704033,-0.04315723022820087,0.04856779499565088,-0.8885976856076231,0.3742193353536978,0.5854653761080792,,CDC37
ENSG00000100243,18.99258714943471,-0.0616983031618243,0.06947875227486851,-0.888016856113599,0.3745316843012868,0.5855878383669402,,CYB5R3
ENSG00000149231,9.796671938862602,0.08194780136053634,0.09229097776946071,0.887928629006822,0.3745791437246221,0.5855878383669402,,CCDC82
ENSG00000177971,21.448345365403707,-0.060003311627682604,0.06760898734815461,-0.8875049602310069,0.37480709685809355,0.5856745770685832,,IMP3
ENSG00000158716,17.035526441768372,0.06169313066550387,0.06952887990606739,0.8873022368381382,0.3749162016186627,0.5856745770685832,,DUSP23
ENSG00000127084,15.512338992518139,0.06819303338402875,0.07691294276158447,0.8866262417681016,0.37528016077212023,0.5859192008796521,,FGD3
ENSG00000205544,38.36113369784042,-0.04945896210055516,0.0557920114783203,-0.8864882407004443,0.3753544880635271,0.5859192008796521,,TMEM256
ENSG00000197622,54.969036274845976,0.05841505560393009,0.06595230102045348,0.885716717993116,0.37577019724972005,0.5863480947332467,,CDC42SE1
ENSG00000132823,19.97717278702222,-0.07793547801669273,0.08803659576661693,-0.8852622859622827,0.3760151857254874,0.5865103759347685,,OSER1
ENSG00000101337,11.306296190785535,0.07405962858539364,0.08370001238282472,0.8848221938924193,0.3762525373565846,0.5866606279622908,,TM9SF4
ENSG00000112851,22.872083269689682,0.059976437728375825,0.06781652594733206,0.884392659319573,0.3764842842338638,0.5868020316271538,,ERBIN
ENSG00000118508,31.584268099935333,0.06013250804141844,0.06805181968007715,0.8836282163226684,0.3768969421151054,0.5872251982018122,,RAB32
ENSG00000070495,8.526221244918359,0.08621436890944727,0.09768485602013763,0.8825766083094218,0.3774650716316261,0.5878678778114252,,JMJD6
ENSG00000124222,11.79469831255707,-0.0783897253057549,0.08887051487279977,-0.8820667396599872,0.37774071724169966,0.5878678778114252,,STX16
ENSG00000132002,26.839410265053118,0.0706791502931761,0.08013145293310964,0.8820400442779451,0.3777551527373241,0.5878678778114252,,DNAJB1
ENSG00000115561,30.383842117332453,0.046607525221004274,0.05285384482530514,0.8818190119385548,0.3778746887662864,0.5878678778114252,,CHMP3
ENSG00000111144,95.67457039207758,-0.07966858810443922,0.09045427724152788,-0.880760872055955,0.37844726190120936,0.5885385456108527,,LTA4H
ENSG00000135250,15.005464181522601,0.06734892782143877,0.07655223360024496,0.8797774363205942,0.3789798903246432,0.5891466157513138,,SRPK2
ENSG00000075413,12.238716069860272,0.07863403647130109,0.08950231644523672,0.8785698470655166,0.3796345508291138,0.589895000717347,,MARK3
ENSG00000124228,17.78747359394504,0.06658413557360747,0.07580451026834129,0.8783664103614085,0.3797449067117922,0.589895000717347,,DDX27
ENSG00000091947,9.73037815666683,-0.08065808028728187,0.09189989075741448,-0.8776732988746712,0.3801210386841015,0.5902588730592991,,TMEM101
ENSG00000165527,78.13210563776825,-0.04227441341565508,0.04829194479404439,-0.8753926476961552,0.3813602988700313,0.5919622549624367,,ARF6
ENSG00000162664,11.271481588151113,-0.08954229633271742,0.10233017856155124,-0.8750331289499121,0.3815558801734572,0.5920449315634397,,ZNF326
ENSG00000115268,1551.4018476768574,-0.018742566852456698,0.021450090461586368,-0.8737756554463765,0.3822404406158145,0.5928859929014871,,RPS15
ENSG00000120802,45.16996014189436,-0.06367082546249904,0.0729652905894304,-0.8726179934068852,0.38287132969042725,0.5936432096579118,,TMPO
ENSG00000126768,21.886931929500058,0.05390120414617761,0.06179400692321118,0.8722723582751054,0.3830598134863581,0.5937141669535207,,TIMM17B
ENSG00000269293,15.946368081071272,-0.07279814793687814,0.08357670203953071,-0.871033986271025,0.38373559640736044,0.594540067431888,,ZSCAN16-AS1
ENSG00000213347,9.554076649538805,0.08647836787126992,0.09933454929618131,0.8705769390810976,0.3839851925579695,0.5947052870592527,,MXD3
ENSG00000136936,13.529955780384432,0.07361117979802359,0.08465288630644789,0.8695649139658068,0.38453821887801887,0.5953293384008089,,XPA
ENSG00000039319,8.305272922718931,0.09812451459506544,0.11287554854777367,0.869315948914614,0.3846743417359073,0.5953293384008089,,ZFYVE16
ENSG00000172977,7.662910288235465,0.08914975981413661,0.10261148224386735,0.8688088103265336,0.3849517133711341,0.5955370500646775,,KAT5
ENSG00000146457,35.849367042922715,-0.055075027629484435,0.06355174373804053,-0.8666170964010522,0.38615184298834837,0.5971666681509088,,WTAP
ENSG00000100281,13.821032168645981,-0.07768906187697952,0.08967284543888654,-0.8663610650107656,0.38629218846011915,0.5971666681509088,,HMGXB4
ENSG00000101557,8.267227494493634,0.08859236395579727,0.10233845552533663,0.8656800955322591,0.38666561836139446,0.597521906531724,,USP14
ENSG00000153113,87.69147292414054,0.05405992330311759,0.06247967556025129,0.8652401411877653,0.3869069975264432,0.5975327152353653,,CAST
ENSG00000166200,17.495223508136245,0.07320712535220304,0.08465246230647067,0.8647961719904659,0.38715067258834246,0.5975327152353653,,COPS2
ENSG00000120725,10.65695877273902,0.07545984356792299,0.08726854926780955,0.8646854359449928,0.3872114652885231,0.5975327152353653,,SIL1
ENSG00000144711,13.906680622020385,-0.07935124269720752,0.09177581432770311,-0.8646204152857605,0.38724716352753485,0.5975327152353653,,IQSEC1
ENSG00000010270,13.570533207237345,0.07230344443384151,0.08366510715156496,0.8642007032018613,0.38747764599574364,0.5976666693890595,,STARD3NL
ENSG00000165097,25.173898211920662,0.06795787108864641,0.07872203687380776,0.8632636271541548,0.3879925376257075,0.5982390498602458,,KDM1B
ENSG00000015133,21.478861300455325,-0.06759724205747131,0.07842214587092736,-0.8619662380665732,0.38870609689238056,0.5991172149211942,,CCDC88C
ENSG00000114416,21.437902201333124,-0.05766671029544217,0.06707753718459389,-0.859702259740789,0.38995318881237107,0.6007457528441152,,FXR1
ENSG00000075785,66.1142851202372,-0.032974609882682054,0.03836380552995801,-0.859523955644401,0.3900515092384508,0.6007457528441152,,RAB7A
ENSG00000197766,408.83558246436627,0.06148930410155893,0.07156275992817321,0.8592360630483661,0.39021029075164226,0.6007678791735129,,CFD
ENSG00000139746,14.419840593019325,0.07013945863258361,0.0817106391612126,0.858388324367413,0.39067807251825937,0.6012488582047518,,RBM26
ENSG00000084090,14.293365988836962,0.0700248422158724,0.08160013407796596,0.858146166144362,0.39081175783308864,0.6012488582047518,,STARD7
ENSG00000198001,9.970310705731347,0.08375523466157841,0.09766741068342753,0.8575555968516142,0.391137902664459,0.6015281608444175,,IRAK4
ENSG00000086730,14.396970844817796,0.07455052009383664,0.08708868908846074,0.8560298802765489,0.39198125193192646,0.602602368084558,,LAT2
ENSG00000127054,11.48103121152779,-0.06568663911616675,0.07681535652578687,-0.8551237940829679,0.39248261835340315,0.6030169958416943,,INTS11
ENSG00000119421,15.420156761580284,0.06453017376039305,0.07548303193768445,0.8548964198161302,0.3926084927953519,0.6030169958416943,,NDUFA8
ENSG00000205981,16.25197240230417,-0.059232935233434994,0.06932070763618473,-0.854476782670868,0.3928408682610731,0.6030169958416943,,DNAJC19
ENSG00000116691,18.223722154794736,0.06052901493026919,0.07085726803578209,0.8542386209372728,0.39297278818494885,0.6030169958416943,,MIIP
ENSG00000173726,44.726891827924014,-0.04771163284414082,0.05585316470589693,-0.8542332935899595,0.3929757393574118,0.6030169958416943,,TOMM20
ENSG00000161217,8.875753642071919,0.08195155180736012,0.09612324855634934,0.852567438555913,0.39389922599303695,0.6034363812044278,,PCYT1A
ENSG00000204822,8.561687188556599,0.11012907943035462,0.1291818088689101,0.8525122878725935,0.393929821882662,0.6034363812044278,,MRPL53
ENSG00000136485,14.428225715406139,0.06894790214590128,0.08087954645399717,0.852476369722444,0.3939497489325574,0.6034363812044278,,DCAF7
ENSG00000125827,13.534264814285795,0.07473592130600522,0.08767706071962177,0.8523999401051959,0.39399215339167926,0.6034363812044278,,TMX4
ENSG00000186074,35.9184045598466,-0.05669284652997537,0.06651261229136533,-0.8523623501904649,0.39401300993293265,0.6034363812044278,,CD300LF
ENSG00000116337,20.908146457588032,0.05808834052814343,0.06816515075598914,0.8521706456145356,0.3941193864741419,0.6034363812044278,,AMPD2
ENSG00000136286,73.94484920878885,-0.0396988362869043,0.04661757883132118,-0.8515851162186839,0.39444440333795006,0.6037118167350524,,MYO1G
ENSG00000060138,30.50533627976346,-0.06373031011091791,0.07494906539543213,-0.8503149408825322,0.39515001207224343,0.6037201181708748,,YBX3
ENSG00000169554,100.37923550072279,-0.04787817031198952,0.05631319568415158,-0.8502122767197892,0.39520707745350425,0.6037201181708748,,ZEB2
ENSG00000077380,38.54595981620283,0.05706740339959919,0.06713706284613002,0.850013405120071,0.395317633446292,0.6037201181708748,,DYNC1I2
ENSG00000100410,16.187880609322868,-0.06297298520328931,0.0740891192522391,-0.8499626644081906,0.39534584403523065,0.6037201181708748,,PHF5A
ENSG00000145337,48.91579604251052,-0.039395221775282645,0.04635530150231116,-0.8498536412996579,0.39540646232007803,0.6037201181708748,,PYURF
ENSG00000104518,26.484103243286395,0.06452854234768231,0.07595647606122356,0.8495462887939937,0.39557738459947944,0.6037201181708748,,GSDMD
ENSG00000128708,16.517680979722734,0.06434370775512281,0.07575495009935888,0.8493663802923863,0.39567745450651204,0.6037201181708748,,HAT1
ENSG00000204261,25.440978366051947,0.05871008553974533,0.06914594193010026,0.8490749261770913,0.39583960151311104,0.6037201181708748,,PSMB8-AS1
ENSG00000115165,82.05345422251756,0.060712193071004776,0.0715135927379832,0.8489601870996274,0.3959034462340769,0.6037201181708748,,CYTIP
ENSG00000170606,10.48388755669192,0.07937889234654089,0.09350662967830708,0.848911918006561,0.3959303066559515,0.6037201181708748,,HSPA4
ENSG00000254772,9.913047737025241,-0.14114270987599087,0.16630387561093954,-0.8487036718626325,0.39604620252123013,0.6037201181708748,,EEF1G
ENSG00000172081,18.027894106380593,0.06747219230343815,0.07961864422123062,0.8474421156426378,0.3967487381698269,0.6045695057825934,,MOB3A
ENSG00000156232,8.435685231647437,-0.09765952348424048,0.11538710894083454,-0.8463642462375586,0.39734957760333,0.6050886711216711,,WHAMM
ENSG00000131148,10.159200747754964,0.07430657123923237,0.0878293313107785,0.8460336670024652,0.39753396310480493,0.6050886711216711,,EMC8
ENSG00000215717,17.048478476368633,-0.06044750954397364,0.07145580796449622,-0.8459425659843886,0.3975847851225168,0.6050886711216711,,TMEM167B
ENSG00000173545,14.7970731637801,-0.06777531054460298,0.0801327807528601,-0.8457875779155953,0.3976712564535213,0.6050886711216711,,ZNF622
ENSG00000248333,10.14417571127891,0.09219949098254193,0.10910023866424118,0.8450897276795907,0.39806074322499285,0.6053449259001575,,CDK11B
ENSG00000067900,33.39118019677519,0.05507529867766644,0.06518259462170964,0.8449387293847171,0.3981450491939299,0.6053449259001575,,ROCK1
ENSG00000121064,37.98099759266888,-0.050714495929805946,0.06003819769109199,-0.8447038365598801,0.3982762168722912,0.6053449259001575,,SCPEP1
ENSG00000140157,9.8349635899812,-0.07490850464649812,0.08871036921648903,-0.844416558155577,0.39843667282681916,0.6053676256243856,,NIPA2
ENSG00000128829,12.461880516104786,0.08049420187514465,0.09551524819683385,0.8427366666028606,0.39937573565001205,0.6065728588185652,,EIF2AK4
ENSG00000116350,20.61421329062139,0.05674571180730857,0.0673585947237592,0.8424420378724562,0.3995405708621872,0.6066017426228827,,SRSF4
ENSG00000183735,7.846726458127438,0.09511802612266755,0.11301317579627941,0.8416543066989806,0.39998148182595683,0.6070496039387014,,TBK1
ENSG00000101084,51.88185704651281,-0.038723443452777354,0.046061835919853925,-0.8406838911100909,0.4005250473894574,0.6074319886885517,,RAB5IF
ENSG00000157916,40.115416852941216,0.04150248987358956,0.04936757719207052,0.8406831413281455,0.40052546754151386,0.6074319886885517,,RER1
ENSG00000254999,128.8609781226306,-0.028418890239848657,0.03386661897598668,-0.8391416415083901,0.40138983098795933,0.6085210265706672,,BRK1
ENSG00000155926,17.56831177706624,0.09675222398678417,0.11566726978894531,0.8364701973455855,0.4028904360335962,0.6105734841164883,,SLA
ENSG00000140992,11.820335910925833,0.08601007487100516,0.10294287260219856,0.8355126751064477,0.40342911336152776,0.6111671928565023,,PDPK1
ENSG00000150977,54.052329081129876,-0.05646935262277891,0.06762970244709653,-0.8349785756776349,0.4037297712497293,0.6113503589407636,,RILPL2
ENSG00000140497,20.080243426923353,0.05149024033409379,0.06168151821097002,0.8347758263339291,0.4038439390310621,0.6113503589407636,,SCAMP2
ENSG00000092203,20.85170304537532,-0.053640586664930566,0.06430579815775737,-0.8341485247308102,0.4041972937888555,0.6116626926742956,,TOX4
ENSG00000134072,52.772735839430936,0.0422363760461022,0.05070434339607299,0.8329932549599561,0.40484853336023907,0.6124254177376707,,CAMK1
ENSG00000106268,21.016146391151924,0.05249136057383855,0.06311344205659496,0.8316985869154245,0.40557909847528206,0.6133065128651214,,NUDT1
ENSG00000179632,27.241583603945738,-0.04657145173632921,0.056014758144360716,-0.8314139573057818,0.40573981698520745,0.6133065128651214,,MAF1
ENSG00000115233,11.9858151961857,0.06727594199015834,0.08094050850590108,0.8311776542057862,0.405873276422519,0.6133065128651214,,PSMD14
ENSG00000184281,13.8859651354902,-0.0677260116104355,0.08164774979584133,-0.8294902404509998,0.40682705704700406,0.6144239176436878,,TSSC4
ENSG00000135049,9.803306927765082,-0.08836497096783794,0.10654766117430728,-0.8293468856465721,0.40690814738181724,0.6144239176436878,,AGTPBP1
ENSG00000163736,26.707482035225713,0.07257191851730842,0.08777529820823271,0.8267920474065866,0.4083549383112408,0.6163848125452692,,PPBP
ENSG00000166797,39.95241431952549,0.04700446877597589,0.05687391428057294,0.8264679751791187,0.4085386773481835,0.6164384830498525,,CIAO2A
ENSG00000241163,18.18575647596472,0.07360564344263652,0.08912876435113426,0.8258348915582134,0.40889775837432496,0.6167565898612007,,LINC00877
ENSG00000198223,11.750417508943034,0.08489364770535368,0.1029331037585815,0.8247458262257649,0.40951590869026266,0.6172424859279768,,CSF2RA
ENSG00000112146,12.296199398827358,-0.07635836475707722,0.09258426424596723,-0.8247445219656019,0.4095166493176,0.6172424859279768,,FBXO9
ENSG00000134758,12.703811539857323,-0.07910638425626351,0.09602992880125522,-0.8237680194471778,0.41007138223281137,0.6178547446897846,,RNF138
ENSG00000164091,14.592593305483147,-0.0692523506122884,0.08413249792552316,-0.8231343692373528,0.41043158596348006,0.6181735690108896,,WDR82
ENSG00000226976,10.99005527744526,0.11324997455810606,0.13770828593726972,0.8223904159964264,0.4108547322063806,0.6185869294167727,,COX6A1P2
ENSG00000110063,8.61224263896883,0.07971475926261003,0.09705676393682201,0.8213210087500903,0.4114634440694369,0.6192792790625389,,DCPS
ENSG00000071994,17.636458484022754,-0.05382326290996146,0.06571726440058659,-0.8190125289128899,0.412779265376921,0.6210349887768504,,PDCD2
ENSG00000105171,13.493715914569563,0.062306291871776665,0.0761282513504767,0.8184385003792225,0.41310684528320507,0.6213031367961436,,POP4
ENSG00000184900,49.47190064393392,0.03901271433603386,0.04769358423842132,0.8179866319337293,0.41336482057974966,0.6214664451072492,,SUMO3
ENSG00000125384,17.951721664000818,-0.07359680929872064,0.0900998936406274,-0.8168356956365455,0.4140223300617645,0.622230091422305,,PTGER2
ENSG00000134248,88.09241935074003,0.031613798929218825,0.03871541435505844,0.8165687867702819,0.41417489870986723,0.6222345896110681,,LAMTOR5
ENSG00000174851,23.995736682852275,-0.05171850147802012,0.06342032477877456,-0.8154878055012611,0.4147931419862334,0.6229384370623577,,YIF1A
ENSG00000112651,12.01335020401943,0.06503145024328674,0.07981351878804914,0.8147924215192502,0.415191139645237,0.6233111298896377,,MRPL2
ENSG00000133943,11.915168454063627,-0.07574114673538448,0.09301099697789175,-0.8143246411323575,0.4154589970509869,0.6234882495426065,,DGLUCY
ENSG00000113369,20.271446744765797,0.07609193850275647,0.0935925900138967,0.8130124242897677,0.41621093485624716,0.6243914493335695,,ARRDC3
ENSG00000144136,10.096365357535133,0.08951430313503918,0.11035086986953949,0.8111789534678431,0.41726291021441875,0.6257439461038147,,SLC20A1
ENSG00000150753,41.761239141671794,-0.04718412389995584,0.05822281216634268,-0.8104061302492692,0.417706795735173,0.6261838811741692,,CCT5
ENSG00000117614,97.05438306033354,0.029094004081169442,0.035973978664664896,0.8087513575401866,0.4186581806035017,0.6272136259661066,,SYF2
ENSG00000109270,14.034923633773007,0.06727926315239963,0.08319568541115314,0.8086869267307006,0.4186952498336246,0.6272136259661066,,LAMTOR3
ENSG00000124731,9.353556137264805,0.1340399993870308,0.1659464922222233,0.8077302363676017,0.4192458934843597,0.6277946998959832,,TREM1
ENSG00000115756,16.284240888819287,-0.06558729245825232,0.08122378751758347,-0.8074887229809846,0.4193849689930138,0.6277946998959832,,HPCAL1
ENSG00000197746,898.9999751722941,-0.025577685922492675,0.03172997668747054,-0.8061047814318986,0.42018243485047235,0.6287622046683328,,PSAP
ENSG00000100811,29.130271980292655,-0.05485925735162829,0.06815759293023742,-0.8048884209831088,0.42088407079974544,0.6294229647863765,,YY1
ENSG00000157106,14.147592104717654,-0.07910429206069636,0.09828882398163477,-0.8048147170371777,0.4209266077008893,0.6294229647863765,,SMG1
ENSG00000198176,8.359912748873569,-0.08563607796058999,0.10647749868857752,-0.8042645536880619,0.4212442042497466,0.629671537793369,,TFDP1
ENSG00000163131,1175.9387675254495,0.026864914182954412,0.033421248268527035,0.8038273725476988,0.4214966790157718,0.6298226238166705,,CTSS
ENSG00000173272,18.189985962625567,-0.06166756656594224,0.07675275217268733,-0.8034573982076282,0.42171041077251836,0.6299073330414325,,MZT2A
ENSG00000090686,9.431626859092702,-0.07830403892500683,0.09749560087389969,-0.8031545856749462,0.4218853908803044,0.6299073330414325,,USP48
ENSG00000101166,12.359078063036293,0.06338911679225344,0.07894596469429085,0.8029430894627798,0.4220076291313636,0.6299073330414325,,PRELID3B
ENSG00000180228,9.775006598250064,-0.07293491405281277,0.09087158166300557,-0.8026152149886598,0.4221971714461119,0.6299642156441269,,PRKRA
ENSG00000159377,28.808635143575632,0.04403818066055408,0.05491174050239592,0.8019811475222244,0.42256386365132537,0.630285289634103,,PSMB4
ENSG00000258289,60.590460333929464,0.04502239590121447,0.056167057242842544,0.8015801096104558,0.4227958871195501,0.6304053370671427,,CHURC1
ENSG00000104904,1126.3912087079157,0.01967736295367402,0.024567024652761543,0.8009664675230468,0.4231510587145568,0.6307088513982646,,OAZ1
ENSG00000054282,11.894303098424215,-0.07169242466523734,0.08962434356471766,-0.7999213362546785,0.42375637504591845,0.6313848568019415,,SDCCAG8
ENSG00000111276,15.276855037222655,-0.06856069593837352,0.08596522843029145,-0.7975398564079764,0.42513756492355037,0.6330671924768317,,CDKN1B
ENSG00000140575,86.93994537406401,0.03933265136886829,0.04932304307643047,0.797449810789631,0.4251898403317952,0.6330671924768317,,IQGAP1
ENSG00000129197,12.816315286029416,-0.060613204743122755,0.07606998975682544,-0.7968083726169318,0.42556233176774894,0.6332473503279726,,RPAIN
ENSG00000131408,21.002674763308818,0.05462076580472778,0.06855728118579474,0.79671721019248,0.4256152864223586,0.6332473503279726,,NR1H2
ENSG00000160685,8.708426624902852,0.07988417466277424,0.10031716036148323,0.7963161474559217,0.42584830241762517,0.6333123259837897,,ZBTB7B
ENSG00000144118,35.32923207546012,-0.04061543172160256,0.05102473216908003,-0.7959950007579795,0.4260349411467321,0.6333123259837897,,RALB
ENSG00000101161,20.3277847200552,-0.05496669101766668,0.06907856605532971,-0.7957126813205724,0.42619905430258365,0.6333123259837897,,PRPF6
ENSG00000185624,25.67406805761015,-0.045230199832670244,0.056850838254829936,-0.7955942466482028,0.42626791171985845,0.6333123259837897,,P4HB
ENSG00000145088,25.993723454761415,0.05537615803137504,0.06963367890719034,0.7952496392612243,0.4264683019010821,0.633383840024456,,EAF2
ENSG00000103653,64.11018661356745,0.03685360163200788,0.046358922068116565,0.7949624363107013,0.42663535320109647,0.6334058063228271,,CSK
ENSG00000131116,10.288998708094624,-0.07634021224927455,0.09615833073256855,-0.7939011801441176,0.427252962607624,0.6340676607055878,,ZNF428
ENSG00000120008,22.472710773275825,-0.06738480043451942,0.0849025038458888,-0.7936727114294918,0.42738599053328563,0.6340676607055878,,WDR11
ENSG00000050130,19.358796687842517,0.05711681497915312,0.0720001881716388,0.7932870236810254,0.4276106153648497,0.6341747450687254,,JKAMP
ENSG00000198851,9.11141786817568,0.09842710149039202,0.12447610020376094,0.7907309220747754,0.4291010275665086,0.6361583302482807,,CD3E
ENSG00000176853,18.9189632644778,-0.06367143470232725,0.080629128512542,-0.789682784335478,0.42971304788469344,0.6368387172070982,,FAM91A1
ENSG00000140396,12.548065698878423,0.07300583210643048,0.09267731960885725,0.787742161885455,0.43084753841430623,0.6382926495026758,,NCOA2
ENSG00000148291,10.455107152251403,-0.06958519082442796,0.08842289004284683,-0.7869590192167351,0.431305856314532,0.6387441659909053,,SURF2
ENSG00000157500,16.796384800083462,-0.06112339549641613,0.07772376885619148,-0.7864183170210104,0.43162245587834125,0.6389855574569038,,APPL1
ENSG00000062650,16.789428111229558,0.06251111720840409,0.07954523603120306,0.7858562036811729,0.4319517351524421,0.6392455418833721,,WAPL
ENSG00000054611,13.743417459625505,0.06989797243928787,0.08899916415294508,0.7853778527534055,0.43223206199235686,0.6394329224353501,,TBC1D22A
ENSG00000142657,20.591202072866484,0.054143074775500344,0.06902993776642173,0.7843419323179107,0.4328395009718462,0.6401039189629862,,PGD
ENSG00000109113,8.707468342739228,-0.0825566105957909,0.10557435747836992,-0.781975969995414,0.4342286959495716,0.6419301262083219,,RAB34
ENSG00000198265,13.427277121976479,0.06557436066286396,0.08392326804646802,0.781360904898933,0.43459025811003815,0.6422364027487597,,HELZ
ENSG00000143443,40.576474129809526,-0.08922708983760948,0.11448887162794892,-0.7793516397608327,0.43577260301948484,0.6437144555202858,,C1orf56
ENSG00000198355,24.68706055839135,-0.10099325167553934,0.12962219488171375,-0.7791354849969971,0.4358999089424628,0.6437144555202858,,PIM3
ENSG00000121680,15.132547506172461,-0.055538650996782755,0.07136600207658415,-0.7782228145158421,0.4364376692421311,0.6442798807832737,,PEX16
ENSG00000130311,15.258852027565789,-0.06133794738027209,0.07885454908592761,-0.7778618746958058,0.43665044630005523,0.6443653269273607,,DDA1
ENSG00000217555,64.52651934895854,-0.03693776944595403,0.047552666031554315,-0.7767759944614545,0.4372909420449168,0.6450816733712248,,CKLF
ENSG00000066379,13.448742796316383,0.06900556921463705,0.08887729902115395,0.776413887175091,0.4375046476377106,0.6451681439818774,,POLR1H
ENSG00000123562,18.904608244432406,0.058623997799482276,0.07559718204902538,0.7754786119073082,0.4380568989572968,0.6457437577845048,,MORF4L2
ENSG00000116171,53.387391404012696,0.035729799664115935,0.046089457794787826,0.7752271641641346,0.4382054394773214,0.6457437577845048,,SCP2
ENSG00000003756,14.925304761038149,0.06266505206383553,0.08089398859396447,0.7746564751352982,0.43854267638830813,0.6460118745663462,,RBM5
ENSG00000215114,8.55168559879663,0.0736179523822922,0.09544289218119305,0.771329857047213,0.44051143942056303,0.648632333585415,,UBXN2B
ENSG00000147533,19.247996968585728,0.052831625144535724,0.06852720206332286,0.7709584450232834,0.4407315629788314,0.648632333585415,,GOLGA7
ENSG00000144635,26.96051283407962,-0.0536523526253673,0.06962681455521093,-0.7705702604392939,0.440961694450029,0.648632333585415,,DYNC1LI1
ENSG00000134283,18.505730970308466,-0.05378583773845129,0.06982623818093353,-0.7702811885566797,0.44113311264120403,0.648632333585415,,PPHLN1
ENSG00000137996,9.330036696161388,0.07134616870298183,0.09264549251964693,0.7700986498382719,0.4412413768586395,0.648632333585415,,RTCA
ENSG00000171105,11.106230234427679,-0.08943673571649814,0.11614072154458623,-0.7700721549432042,0.4412570923189242,0.648632333585415,,INSR
ENSG00000124733,23.74816225864502,0.04361148559288292,0.05668610615108018,0.7693505261527278,0.44168525008101966,0.6490323703062669,,MEA1
ENSG00000122008,18.032620814925362,0.057412541971827595,0.07469615397146916,0.7686144321936149,0.44212223530578154,0.6494450914096226,,POLK
ENSG00000143575,30.40041715443161,-0.04250784369986655,0.0553550804162745,-0.7679122382300644,0.44253932614170877,0.6498283080654812,,HAX1
ENSG00000144381,27.617257953893887,0.05836512670034989,0.07617738892086269,0.7661738939488046,0.44357283963979943,0.6511160948841093,,HSPD1
ENSG00000111647,8.165474380001273,-0.08299112748084743,0.10836806454550092,-0.7658264252380518,0.4437795885665785,0.6511898019178012,,BLTP3B
ENSG00000105393,19.526164353093154,-0.04909902491042312,0.06413633859345623,-0.7655414385540344,0.44394920085238054,0.6512089829146344,,BABAM1
ENSG00000148688,9.422938648559324,0.07059374368780127,0.09227350464488962,0.7650489049860855,0.4442424237052055,0.6514094052215914,,RPP30
ENSG00000008128,22.82883197947771,-0.0626084745947454,0.08191062803733837,-0.7643510505890125,0.44465807060104257,0.6517891380198509,,CDK11A
ENSG00000120948,11.713205577050385,0.07154192137369347,0.09376138939252365,0.7630211309496454,0.44545079386874764,0.6527211350806588,,TARDBP
ENSG00000075426,18.24259216167885,-0.09033893146814223,0.11857495199571645,-0.7618719632406492,0.446136424801301,0.6534956081596522,,FOSL2
ENSG00000143570,11.592883470580887,0.06844555953737105,0.08992057091805551,0.7611779911823,0.4465507620246526,0.6537230979317215,,SLC39A1
ENSG00000138674,17.802317743360764,0.05375520443199889,0.07062965561733062,0.7610854670344565,0.4466060202697001,0.6537230979317215,,SEC31A
ENSG00000125356,183.9411059563728,-0.026971170811835806,0.035487280878149466,-0.7600235956213464,0.44724048084142687,0.6544215266620949,,NDUFA1
ENSG00000167850,20.768655474039686,0.0817380511336154,0.10760645459879241,0.7596017491550426,0.4474926732745419,0.6545603097124101,,CD300C
ENSG00000149196,20.802491932861496,0.05304064471324716,0.06987190425118443,0.7591126259071155,0.44778518696556,0.6545611149382737,,HIKESHI
ENSG00000101901,11.187025246183614,-0.06565800140053316,0.08649742609840931,-0.7590746264037167,0.447807916614021,0.6545611149382737,,ALG13
ENSG00000121892,10.27865830387735,-0.07564940890970705,0.09970943930332263,-0.7586985689446774,0.44803289316054495,0.6546599352117551,,PDS5A
ENSG00000089639,11.794938600406008,0.06322116724877695,0.0834458606465785,0.7576309568732238,0.4486719423612773,0.6553635113142252,,GMIP
ENSG00000144224,38.4121736790986,0.04013470206935626,0.05299627639492642,0.7573117358335489,0.4488631215219624,0.6554126309341395,,UBXN4
ENSG00000102189,13.283504175948895,0.07471094354093098,0.09915149296752408,0.7535029610235086,0.4511477326428214,0.6585173922084692,,EEA1
ENSG00000162300,7.983029484776968,-0.07257182894767955,0.09643913987993837,-0.7525142700155523,0.4517418515597905,0.6591094995245736,,ZFPL1
ENSG00000161654,16.67276214779244,0.058635424383268145,0.07794147528119025,0.7523006739573319,0.4518702626548279,0.6591094995245736,,LSM12
ENSG00000211460,13.684925280104782,0.05663998675259855,0.0753811269729252,0.7513815331116243,0.45242307327282294,0.6595010794213659,,TSN
ENSG00000183291,57.348975165430815,0.03142271676788837,0.04182294813102544,0.7513271582253216,0.45245578862225444,0.6595010794213659,,SELENOF
ENSG00000172500,36.45245611936903,0.03722303025018447,0.0496116555442537,0.7502880087720808,0.4530812630449589,0.6601814550847738,,FIBP
ENSG00000166783,9.644436337948077,0.07732360409922939,0.103168677372648,0.7494872093778473,0.45356360503920734,0.6604453853865565,,MARF1
ENSG00000140983,10.042878580492001,0.06592760896942176,0.08796679928274596,0.7494601316289222,0.4535799197234115,0.6604453853865565,,RHOT2
ENSG00000130175,17.982525568995175,-0.0551594897458193,0.07378431830288852,-0.7475774123084892,0.45471509331707904,0.6618666158849017,,PRKCSH
ENSG00000175215,15.002772100365949,-0.05759347150375386,0.07711597953664008,-0.7468422478688674,0.4551587901736973,0.6622807160274854,,CTDSP2
ENSG00000122122,25.119562965896566,-0.04758282980336413,0.06380801149829263,-0.7457187379148675,0.45583733754085276,0.662332738137401,,SASH3
ENSG00000168216,21.812427574505868,-0.049937594834804616,0.0670012866899629,-0.7453229229146355,0.45607652675294963,0.662332738137401,,LMBRD1
ENSG00000183696,37.485085097959534,0.049823113030968216,0.06686705593262694,0.7451070237213427,0.45620702340469244,0.662332738137401,,UPP1
ENSG00000291237,138.26478160402465,-0.051619258409972585,0.06928200878867273,-0.7450600713299768,0.4562354057707708,0.662332738137401,,SOD2
ENSG00000177000,7.908154728523603,0.09757643878520046,0.13097137013456955,0.7450211346567063,0.45625894344888906,0.662332738137401,,MTHFR
ENSG00000144426,59.498997514781955,-0.08307021908247708,0.11151799732800159,-0.7449041506560357,0.4563296657641822,0.662332738137401,,NBEAL1
ENSG00000082258,8.213707668995207,-0.07465889613868618,0.10025192928762607,-0.744712811705472,0.4564453524179416,0.662332738137401,,CCNT2
ENSG00000126524,32.448623815213224,-0.06094561012850367,0.0818418988783605,-0.7446749276808149,0.4564682596730598,0.662332738137401,,SBDS
ENSG00000091009,20.922489043793778,0.05005975360830124,0.06726691706449905,0.7441957472244687,0.4567580605104178,0.6625221519258501,,RBM27
ENSG00000126005,41.53346366917516,-0.039751036871188174,0.05345283482141038,-0.7436656447501641,0.45707877860829016,0.66275626316155,,MMP24OS
ENSG00000128585,10.407925320823166,0.07497469001641072,0.10088924910786158,0.7431385472624007,0.4573978040396395,0.6629877577717422,,MKLN1
ENSG00000115524,56.49013146407295,-0.039373809606976846,0.053018305572085485,-0.7426455670757505,0.4576962931116251,0.6631893344982097,,SF3B1
ENSG00000140395,17.38748255336003,-0.050886426416174274,0.06859138452771274,-0.7418778140513377,0.4581613689689529,0.663632066473135,,SKIC8
ENSG00000149311,29.421635370585086,-0.05289722685439365,0.07136032206511345,-0.7412694523173122,0.4585300797612495,0.6637225844090977,,ATM
ENSG00000072506,36.356039598129016,0.03785952695166581,0.05107537065292439,0.7412482076524709,0.45854295855570837,0.6637225844090977,,HSD17B10
ENSG00000239900,11.296417950468756,0.061340928806667874,0.08279737679944119,0.7408559446907729,0.45878078994879723,0.6638358560650423,,ADSL
ENSG00000148730,22.30631823245275,-0.05081705322503128,0.06865012919359849,-0.7402324485322292,0.45915896167344117,0.663952802528877,,EIF4EBP2
ENSG00000177200,29.783146599943404,-0.043905290124764136,0.05931572893663793,-0.7401964185867885,0.4591808204027834,0.663952802528877,,CHD9
ENSG00000198498,16.701423535570257,-0.05684387239169833,0.07691610782942379,-0.7390372965538052,0.4598843501803562,0.6642688337653369,,TMA16
ENSG00000069275,32.64364901575181,-0.049599335582480635,0.06712798671138479,-0.7388771511311939,0.45998159795032256,0.6642688337653369,,NUCKS1
ENSG00000135185,15.36044431334406,0.057198989704981336,0.07744948310521381,0.7385328786155678,0.460190695238212,0.6642688337653369,,TMEM243
ENSG00000136051,25.073578446427234,0.05154317373632308,0.06980638155732752,0.7383733777118066,0.4602875877001845,0.6642688337653369,,WASHC4
ENSG00000126653,21.423216903516813,-0.05030764674213659,0.06814819413950877,-0.7382095355182836,0.4603871292595828,0.6642688337653369,,NSRP1
ENSG00000170275,9.344945385044293,0.07846122753008923,0.1063400102008642,0.7378335527886907,0.4606156013260052,0.6642688337653369,,CRTAP
ENSG00000214401,11.620127673992227,-0.1107160279193102,0.15009619059710266,-0.7376338298718115,0.4607369920099663,0.6642688337653369,,KANSL1-AS1
ENSG00000084623,41.23734408169121,-0.034122158105797516,0.046265668496998764,-0.7375265334815384,0.4608022136549791,0.6642688337653369,,EIF3I
ENSG00000099783,67.03448630949002,-0.03487013115352825,0.04728352994053899,-0.7374688648960619,0.46083727046182754,0.6642688337653369,,HNRNPM
ENSG00000125354,26.65177308063274,0.0462119986856918,0.06272596772796152,0.7367283496702715,0.4612875630887565,0.6642688337653369,,SEPTIN6
ENSG00000104972,47.83509123301635,0.04912693534604759,0.06668727415393248,0.7366763144741706,0.4613192139013298,0.6642688337653369,,LILRB1
ENSG00000112893,10.848768337885007,0.07679259548608695,0.1042587861383236,0.7365575442649377,0.4613914613495935,0.6642688337653369,,MAN2A1
ENSG00000091039,50.41561829107102,-0.05346285490910415,0.0726182771682784,-0.7362176161961903,0.46159827317911484,0.6642688337653369,,OSBPL8
ENSG00000112576,52.45496876665215,0.05086787411245984,0.06912319620136573,0.7359016496325557,0.46179055327670193,0.6642688337653369,,CCND3
ENSG00000105185,38.42274328056737,-0.04577793623886,0.06220863441833407,-0.7358775299746553,0.46180523302814946,0.6642688337653369,,PDCD5
ENSG00000128951,32.67458510744651,-0.037938943041867075,0.05157321530229257,-0.7356326887802278,0.46195426348151913,0.6642688337653369,,DUT
ENSG00000186283,8.717658831642492,0.06988351409938423,0.09511380143816406,0.7347357906288426,0.46250041858668844,0.6644074926112611,,TOR3A
ENSG00000159140,103.4075923562757,-0.03718270092573684,0.050614896245735355,-0.7346197203529727,0.4625711244696058,0.6644074926112611,,SON
ENSG00000166272,8.77638620488875,-0.07395554365700228,0.10068299801600829,-0.7345385528273957,0.4626205724209872,0.6644074926112611,,WBP1L
ENSG00000149923,62.984154191470125,0.03167135851228974,0.043123999931285954,0.7344253446515879,0.46268954473433255,0.6644074926112611,,PPP4C
ENSG00000084463,22.95991320552307,-0.055439247140687195,0.07560080353558908,-0.7333155806285732,0.46336597433323723,0.6651492247157581,,WBP11
ENSG00000172216,238.7560875246871,0.05358281024992766,0.07310854126484949,0.7329213430181,0.4636064048424031,0.665264796186408,,CEBPB
ENSG00000204256,20.379684284811052,-0.060701707635417816,0.08302945490713863,-0.731086428344104,0.464726363441075,0.6664912418472754,,BRD2
ENSG00000188554,9.577568005856714,0.07226783313421188,0.09886212730907296,0.730996136753974,0.4647815126439774,0.6664912418472754,,NBR1
ENSG00000145782,29.407288763004118,0.04089107166287168,0.05609383728451636,0.7289761878023432,0.4660162285512319,0.668031533691635,,ATG12
ENSG00000177105,159.05276543373427,-0.024255218806557045,0.033304100504154034,-0.7282952681316729,0.466432858313667,0.6683984466361883,,RHOG
ENSG00000126777,47.912795498308,0.043452760397924645,0.05977323416242784,0.7269601688248302,0.4672503563651601,0.6692832362105786,,KTN1
ENSG00000225733,16.127415125489318,0.05682504080850356,0.07823559549620183,0.7263323100961416,0.4676350766155425,0.6692832362105786,,FGD5-AS1
ENSG00000172939,10.952989816390442,0.07225842414409522,0.09948730970433912,0.7263079518265805,0.4676500056745896,0.6692832362105786,,OXSR1
ENSG00000248810,20.309351056016997,0.07497649080190873,0.10323978115148592,0.7262364368236516,0.4676938383808058,0.6692832362105786,,LINC02432
ENSG00000100764,33.02853675096839,0.03750657597987809,0.051708407433288306,0.7253477305072152,0.46823873080351053,0.6698325722636189,,PSMC1
ENSG00000015479,38.07436982437561,-0.04018301613134728,0.05552042679905182,-0.7237519314609002,0.46921804470642514,0.6706727908555021,,MATR3
ENSG00000120992,38.714623369183364,-0.04563112064458231,0.0630498638816616,-0.7237306765677947,0.4692310961016577,0.6706727908555021,,LYPLA1
ENSG00000115540,14.746475001716519,-0.0537607836463881,0.07432312278531647,-0.7233386008507336,0.46947188303164566,0.6706727908555021,,MOB4
ENSG00000117118,43.98857934072006,0.037239190131086015,0.05149105965943864,0.7232166200770708,0.46954680947189387,0.6706727908555021,,SDHB
ENSG00000163812,8.58299360400361,-0.0786887630044391,0.10884909364180735,-0.7229161068017924,0.46973142733665174,0.6706727908555021,,ZDHHC3
ENSG00000120913,29.13670035366388,-0.0433683734692334,0.06002095635909961,-0.722553856185906,0.46995402634842875,0.6706727908555021,,PDLIM2
ENSG00000109743,12.399668487252793,0.06615290367742142,0.09155440848710791,0.7225529034654473,0.4699546118614877,0.6706727908555021,,BST1
ENSG00000174886,94.4710776811891,0.027701257742016188,0.03837015572850009,0.7219480144418754,0.47032643964012677,0.6709732472232262,,NDUFA11
ENSG00000100364,17.608917293706916,0.058257817751992055,0.08073939877077899,0.7215537722467732,0.47056886937057874,0.6709785765895864,,KIAA0930
ENSG00000214078,19.4049226736747,-0.059281248459838065,0.08217330316790475,-0.7214173724854246,0.47065276117509924,0.6709785765895864,,CPNE1
ENSG00000111726,10.208273010429325,-0.06096807512734655,0.08455831604770024,-0.7210180852342638,0.4708983877080303,0.6710987642567338,,CMAS
ENSG00000169727,12.417191783802965,-0.05559584912634743,0.07715782402160865,-0.720547136098309,0.47118818884511793,0.6711375795553703,,GPS1
ENSG00000162385,44.65580272204488,0.03653768060459935,0.05072516887173659,0.7203067316934587,0.4713361609370792,0.6711375795553703,,MAGOH
ENSG00000198833,50.72176951369426,-0.04135877727878176,0.057439703898047235,-0.7200381351580719,0.47150151596789136,0.6711375795553703,,UBE2J1
ENSG00000169905,10.745766659751874,-0.0684932455310559,0.09513936949708271,-0.719925367312384,0.47157094832700663,0.6711375795553703,,TOR1AIP2
ENSG00000141543,11.714641310670228,0.06192726246421908,0.08606249509729062,0.7195615511055365,0.4717949922539455,0.6712268015651208,,EIF4A3
ENSG00000129559,133.11578711609894,-0.023535927558096196,0.032731858623895396,-0.7190525850833948,0.47210852022351524,0.6714432287623328,,NEDD8
ENSG00000227039,19.319992241148945,0.06731334071946735,0.09369235268916438,0.7184507463782815,0.4724794067433151,0.6717410567505778,,ITGB2-AS1
ENSG00000137409,24.752394888632985,-0.04361181662743088,0.06073290309385028,-0.7180920786881823,0.47270051402897906,0.6718258074344219,,MTCH1
ENSG00000146232,8.06403870779595,-0.09585193622798459,0.13354713807381227,-0.7177386023428421,0.4729184767392315,0.671906032525684,,NFKBIE
ENSG00000160211,19.02936484201214,0.04852878445736631,0.06764685354454046,0.7173842080535747,0.4731370609981401,0.6719870856101956,,G6PD
ENSG00000140416,9.904860871824074,0.07088829051092994,0.09902695568123919,0.7158484275646559,0.4740849459335206,0.6731035409841112,,TPM1
ENSG00000077147,13.356985040514406,0.06708376052823398,0.09390455456088982,0.7143823943569783,0.47499075551789993,0.673833027814769,,TM9SF3
ENSG00000167286,15.448222396849085,0.07316413601046874,0.1024249305260128,0.7143196059272628,0.47502957145017044,0.673833027814769,,CD3D
ENSG00000177731,19.466285418926134,-0.04905630670004589,0.06872434141496434,-0.7138126854332307,0.475343014469395,0.673833027814769,,FLII
ENSG00000256053,13.013668927595418,-0.052631733968668264,0.07373374054869353,-0.7138080012895919,0.47534591133450377,0.673833027814769,,COA8
ENSG00000215845,30.78703513175824,-0.0558742954529309,0.07828748851829263,-0.713706577007836,0.47540863861450644,0.673833027814769,,TSTD1
ENSG00000100142,41.660497806045875,0.03265107943337742,0.04582116377088656,0.7125763892998931,0.4761079263140172,0.6745943370116866,,POLR2F
ENSG00000073578,11.933549601889931,0.05809125952905111,0.08163255802466918,0.71161875769587,0.4767008883095668,0.6752045268531828,,SDHA
ENSG00000156639,9.23161081249646,0.06944054574085842,0.09781429776695522,0.7099222437429556,0.477752355765354,0.6764635125881119,,ZFAND3
ENSG00000119707,53.32842352867333,0.03954445307571939,0.05580839410392407,0.7085753623743654,0.4785880299277181,0.6773400854650138,,RBM25
ENSG00000119820,18.979666659178456,0.05458623439980465,0.0770556996511218,0.7083996984901814,0.4786970796315242,0.6773400854650138,,YIPF4
ENSG00000108010,17.15405679680501,0.049854099435830385,0.07043743421793672,0.7077784702034925,0.479082838387456,0.6774413508034196,,GLRX3
ENSG00000048828,27.535063083688662,0.049481510673485385,0.06991969397839201,0.7076906070094808,0.47913741173099356,0.6774413508034196,,FAM120A
ENSG00000187840,40.58417868826715,0.03633797458763251,0.0513612553535258,0.7074977887030561,0.47925718639770765,0.6774413508034196,,EIF4EBP1
ENSG00000140455,33.038330019465135,0.04767441324197339,0.06743159815940358,0.7070040536377977,0.4795639586974394,0.6776447242463818,,USP3
ENSG00000105677,40.57184493623928,0.031298897918837575,0.04434857229890463,0.7057475877213443,0.4803451213930672,0.6785180662122783,,TMEM147
ENSG00000164332,12.272975843528442,0.0635351306387808,0.09017591550316993,0.7045687341710145,0.4810786615036685,0.6793235681789752,,UBLCP1
ENSG00000205531,13.849935214040908,-0.05874383025365814,0.08352241351325121,-0.7033301335854976,0.4818500357608101,0.680181930357981,,NAP1L4
ENSG00000113013,17.1927000196679,-0.05132546627144968,0.07304916834141285,-0.7026153402810525,0.4822954998867851,0.680579809880945,,HSPA9
ENSG00000175471,16.061119568146754,-0.07089620612531494,0.10094401814559799,-0.7023319204814774,0.4824721910263635,0.68059827557466,,MCTP1
ENSG00000110719,48.08151015225485,-0.034726502348350535,0.04948226211833903,-0.7017969846507938,0.48280577952406756,0.6808379806169902,,TCIRG1
ENSG00000125482,9.318532011268946,0.06889806787378791,0.09853867339907496,0.6991982487399175,0.4844281448907455,0.6828943011675708,,TTF1
ENSG00000127184,440.88162402293796,-0.017219348111168344,0.024651682324022206,-0.6985060039650394,0.48486080441643165,0.6832626671774398,,COX7C
ENSG00000148719,14.988195637991172,0.05193170229309012,0.07437358457752334,0.6982546637772862,0.48501794619590854,0.6832626671774398,,DNAJB12
ENSG00000129757,113.05841491397176,-0.04103735419647395,0.05880025305746114,-0.6979111834156765,0.4852327400391151,0.6833338519169664,,CDKN1C
ENSG00000134996,70.5189201060186,0.03383981575054316,0.04851364406204324,0.6975319295179314,0.48546996451649127,0.6834365659521502,,OSTF1
ENSG00000198356,29.187273776504423,0.03845457114260863,0.05515362288355267,0.697226567034387,0.48566101530076766,0.6834742299225959,,GET3
ENSG00000105438,18.893820301757028,-0.04654833350278525,0.06680835208708837,-0.696744225064958,0.48596287660785986,0.6836677601246862,,KDELR1
ENSG00000004799,12.7751319384374,0.10583509787193267,0.15199704875527656,0.6962970579930988,0.4862428152456374,0.6837526418316455,,PDK4
ENSG00000163344,29.00199816733963,-0.04692692097452299,0.06741522692777309,-0.6960878589758255,0.4863738094016249,0.6837526418316455,,PMVK
ENSG00000108256,23.467278639107178,-0.06721444832781524,0.09659380709282124,-0.6958463523777039,0.4865250573200208,0.6837526418316455,,NUFIP2
ENSG00000074319,19.3852948033872,0.0456582415746318,0.06564355730689285,0.6955479478537873,0.48671197371138963,0.6837526418316455,,TSG101
ENSG00000163541,28.23140098332679,0.037519951650178705,0.053959488714690425,0.695335566438826,0.48684503007339763,0.6837526418316455,,SUCLG1
ENSG00000184277,11.63840043624303,0.06449570766238794,0.09297295748302814,0.6937039479911283,0.4878678896162312,0.6849579550467505,,TM2D3
ENSG00000147454,10.562298355156717,-0.06442862417852581,0.09317525777519596,-0.6914778205816485,0.4892653142029476,0.6866881602848387,,SLC25A37
ENSG00000111716,30.861402107884253,-0.044207121411877416,0.06398593893774715,-0.690888062999078,0.48963588825143955,0.6869764907676185,,LDHB
ENSG00000034677,12.678055791656053,0.06295394160877779,0.09124784601328775,0.6899224952620829,0.4902429285381973,0.6875962854750172,,RNF19A
ENSG00000169967,21.510471727316865,-0.05455802974151882,0.07912678827470804,-0.6895013803935431,0.4905078048603654,0.6875995470335585,,MAP3K2
ENSG00000185896,28.460193461340218,-0.04002178710548618,0.058053639436218926,-0.6893932489703152,0.4905758306720196,0.6875995470335585,,LAMP1
ENSG00000123136,12.434347831252625,-0.055395225600176484,0.08039080176780573,-0.68907417741865,0.49077658912660793,0.6876492457954493,,DDX39A
ENSG00000160796,10.43413541235025,-0.06588337674593657,0.09570667630863171,-0.6883885146473799,0.49120815455249855,0.6880221962755536,,NBEAL2
ENSG00000158864,27.518065811728352,-0.04239003046132771,0.06164725215033527,-0.6876223835241482,0.49169060886140803,0.6884661504084341,,NDUFS2
ENSG00000124383,9.566187920805195,-0.07398251069010947,0.10770772600536944,-0.6868821154614414,0.49215701797521316,0.6888873468293697,,MPHOSPH10
ENSG00000218739,11.99890856603991,-0.05423311923384879,0.07905651764870027,-0.6860044035185303,0.49271033156597,0.6892577733146326,,CEBPZOS
ENSG00000146247,30.40415838660946,-0.040892725009303396,0.05961588829108093,-0.6859366887169458,0.4927530331340666,0.6892577733146326,,PHIP
ENSG00000146386,93.48389401346162,-0.04988994532918037,0.07292683785962288,-0.6841095376329589,0.49390599966128657,0.6906383054087234,,ABRACL
ENSG00000115241,28.79537485306691,-0.03989974989806191,0.05837631207915131,-0.68349213023191,0.4942959213606475,0.6909512879234858,,PPM1G
ENSG00000105374,57.471656597445076,-0.05075558556830092,0.07430995993225029,-0.6830253389259756,0.49459083119658886,0.6909602857802427,,NKG7
ENSG00000114098,8.308355939002167,-0.06796854122644062,0.09952109094391047,-0.6829561511212463,0.4946345507340295,0.6909602857802427,,ARMC8
ENSG00000118900,11.100630840703095,-0.06631516907889741,0.09715424613231378,-0.6825761273324399,0.49487472330161975,0.6910637290818188,,UBN1
ENSG00000112062,9.981979883803064,0.06841959451140564,0.10051860365153226,0.6806659864535701,0.49608286323448736,0.6925183594145864,,MAPK14
ENSG00000147364,8.574089195143793,-0.06486692560890898,0.09545641065747935,-0.6795449898243836,0.4967926114618608,0.6932149315089802,,FBXO25
ENSG00000151500,17.11850851563921,0.04775092394727533,0.07028897240678508,0.6793515726894575,0.49691512638456226,0.6932149315089802,,THYN1
ENSG00000002834,19.89245889217562,0.049711099738624434,0.07321670561420707,0.6789584333466436,0.49716419962604586,0.6933298928744053,,LASP1
ENSG00000122694,34.051663171876726,0.04095007937695011,0.06036980827104779,0.6783205140074793,0.4975684945891685,0.6936611720814145,,GLIPR2
ENSG00000092201,16.30065522401099,0.058191872485178306,0.08584836193292565,0.6778448787484648,0.49787005243823435,0.6938490513042059,,SUPT16H
ENSG00000167792,16.4794418488373,-0.04767736894014285,0.07039505056430807,-0.6772829702933175,0.49822643371139064,0.6939192766670441,,NDUFV1
ENSG00000197070,27.14049342630879,-0.03815942151230723,0.05636063671029603,-0.6770580273685273,0.49836913811830785,0.6939192766670441,,ARRDC1
ENSG00000187735,35.16276931045128,0.03958152466185948,0.05846809261243433,0.6769764993743224,0.49842086506757877,0.6939192766670441,,TCEA1
ENSG00000160221,16.83502698702261,-0.05584838751721935,0.08253846809969162,-0.6766346505215549,0.49863778849884743,0.6939890264821698,,GATD3
ENSG00000168461,45.49830731322106,0.039685391427744604,0.05874457774225041,0.6755583741170035,0.4993210775399425,0.6945111852408007,,RAB31
ENSG00000072849,14.63389621547402,0.04954547144933011,0.07337192967590746,0.6752646641321599,0.4995076297449803,0.6945111852408007,,DERL2
ENSG00000078061,9.455594281579563,0.06468402060623206,0.0958291578531721,0.674993102885657,0.49968014692754636,0.6945111852408007,,ARAF
ENSG00000170542,16.01147768082082,0.07939508955172475,0.1176367714744762,0.6749172776214044,0.49972832278107515,0.6945111852408007,,SERPINB9
ENSG00000124126,16.803081921593048,-0.05832333311782539,0.08643959293910122,-0.674729381927048,0.4998477136084032,0.6945111852408007,,PREX1
ENSG00000066654,12.64564756996164,-0.05555638269844108,0.0824863693631785,-0.6735219785687545,0.5006152709935723,0.695255963410226,,THUMPD1
ENSG00000101361,16.27972300032748,0.05097788400632839,0.07570667863431536,0.6733604607404052,0.5007179967252493,0.695255963410226,,NOP56
ENSG00000197157,9.340756146012383,-0.06973353321551713,0.10369018710266167,-0.6725181539741585,0.5012538869062235,0.6957678243342976,,SND1
ENSG00000102572,17.550121886493475,0.05674240189099317,0.08445722471386508,0.6718478150712659,0.5016805851457775,0.6960532677968316,,STK24
ENSG00000055208,8.44269422495068,-0.07016935789400428,0.1044721386171797,-0.6716561833880696,0.5018026019146786,0.6960532677968316,,TAB2
ENSG00000134108,10.807228527158562,0.06627133216614245,0.09870520242365856,0.6714066790694098,0.5019614911996382,0.6960532677968316,,ARL8B
ENSG00000158985,28.77976250716032,-0.04735842165037525,0.0705985185160623,-0.6708132499919307,0.5023395055108237,0.696345332530832,,CDC42SE2
ENSG00000107968,61.65001014634702,-0.05436742715040416,0.0810845556317971,-0.6705028686015775,0.5025372784027001,0.6963874344287916,,MAP3K8
ENSG00000100201,46.00605043094042,0.037386420134360845,0.055862428859698894,0.6692587647461337,0.5033304259071159,0.6971237861687519,,DDX17
ENSG00000136758,27.432693341933,-0.058916323985110534,0.08804734064753779,-0.6691437078259798,0.5034038109737814,0.6971237861687519,,YME1L1
ENSG00000257103,31.478590046752377,-0.04219493620772051,0.06310622730327879,-0.6686334774052988,0.5037293118311459,0.6972588210946736,,LSM14A
ENSG00000160752,18.10106091260094,-0.04463178563689556,0.06676753006883382,-0.6684654290922928,0.5038365423583147,0.6972588210946736,,FDPS
ENSG00000109381,24.5228669692818,-0.050813671489817594,0.07606026352501744,-0.6680711995312003,0.504088144932443,0.6973750192613778,,ELF2
ENSG00000065518,87.78433675539934,0.020955296953731564,0.031388035227600565,0.6676205376278175,0.5043758445637508,0.6975410616307193,,NDUFB4
ENSG00000117448,31.74753111875766,0.038310871869004115,0.05742491841585109,0.6671471710516024,0.5046781319359691,0.69772716146681,,AKR1A1
ENSG00000018189,7.529906212583405,-0.08262460348838391,0.12394253109031758,-0.6666364060951355,0.5050044086473002,0.6979462923497571,,RUFY3
ENSG00000134243,11.63683656572754,-0.0632027454186821,0.09489010406191589,-0.6660625577714852,0.5053711155653452,0.6982081779819,,SORT1
ENSG00000112739,31.03745449651239,-0.05256035009261918,0.07894141337079225,-0.6658146573299906,0.5055295750195872,0.6982081779819,,PRP4K
ENSG00000151893,22.167774813194143,-0.04900380107152029,0.0736946966439962,-0.664956954884386,0.5060780253575843,0.6987336825381847,,CACUL1
ENSG00000183023,24.977606370929088,0.05581377657114947,0.08404057980981032,0.6641288850869416,0.5066078242214693,0.6988998854782996,,SLC8A1
ENSG00000129103,19.77418618721317,-0.04535591040302073,0.0683342726593311,-0.6637359064189489,0.5068593538679318,0.6988998854782996,,SUMF2
ENSG00000173085,10.341214788750845,0.062434937138945705,0.0940923031516517,0.6635498871604539,0.5069784401045313,0.6988998854782996,,COQ2
ENSG00000168884,12.565118211226535,-0.05272329405089878,0.07946286589204463,-0.6634960048197449,0.5070129373710985,0.6988998854782996,,TNIP2
ENSG00000170619,10.696603515693608,0.060693057519336624,0.0914801279885195,0.6634561937533956,0.5070384265320933,0.6988998854782996,,COMMD5
ENSG00000147010,36.39217046822158,-0.03744322277434587,0.05646801771309737,-0.6630872534712897,0.507274673740099,0.6989939194298814,,SH3KBP1
ENSG00000116584,10.095966789610786,-0.0639958523889741,0.09665353676595219,-0.6621159921332304,0.5078968875287414,0.6994596224897928,,ARHGEF2
ENSG00000099795,98.47050784557895,-0.022302488419880046,0.03369571942695916,-0.6618789804510404,0.5080487837817746,0.6994596224897928,,NDUFB7
ENSG00000149187,25.71532547196437,-0.04464426794717347,0.06752975735102516,-0.6611051142255545,0.5085449057461116,0.6994596224897928,,CELF1
ENSG00000101265,16.13505993172547,0.05648806494758116,0.08544867495942733,0.6610759613815284,0.5085636004593805,0.6994596224897928,,RASSF2
ENSG00000125734,15.143503689933112,-0.05049815794350106,0.0764169921468285,-0.6608236797186849,0.5087253950361992,0.6994596224897928,,GPR108
ENSG00000089063,54.05995702585263,-0.031929257623422434,0.04831777792779412,-0.6608180051478646,0.5087290345914437,0.6994596224897928,,TMEM230
ENSG00000149136,10.996332049138362,-0.055659593851078194,0.08424036654330189,-0.6607235478073047,0.5087896196283925,0.6994596224897928,,SSRP1
ENSG00000165476,10.821169950775785,0.060662871855167666,0.0919592783715243,0.6596710297147379,0.5094649615727046,0.7001566700173277,,REEP3
ENSG00000165916,32.64458801806746,0.034892534930628785,0.0529747862293522,0.658663062453201,0.5101121574499371,0.70040942709354,,PSMC3
ENSG00000175467,10.612447897006481,-0.05841653528241405,0.08869471583605011,-0.658624752689839,0.5101367638735321,0.70040942709354,,SART1
ENSG00000189180,9.0981476123629,-0.06892905059606587,0.10466028771892082,-0.6585979467320408,0.5101539817532275,0.70040942709354,,ZNF33A
ENSG00000188895,8.444885662701472,-0.068849639021879,0.10495988623330296,-0.6559614486323018,0.5118489292103334,0.7025046339541363,,MSL1
ENSG00000111860,10.336221807103543,0.07630313666687588,0.11650857597935704,0.6549143359231793,0.5125229096307397,0.7031976596516745,,CEP85L
ENSG00000143376,15.956915618693658,0.04829684775212554,0.07390386386052025,0.6535091026265802,0.5134281230414663,0.7042073827406857,,SNX27
ENSG00000154978,12.974080991223266,0.05318836816124833,0.08153467332422301,0.6523404827998087,0.5141815498804779,0.7050083215236612,,VOPP1
ENSG00000197043,11.417954572861918,-0.07603061146178294,0.11692209609611555,-0.6502672634202704,0.5155195992133106,0.7065058111413027,,ANXA6
ENSG00000113068,29.952264314967717,0.042983079422139754,0.06611539823843196,0.6501220678899924,0.5156133756310084,0.7065058111413027,,PFDN1
ENSG00000133961,34.784474766990186,-0.03551841284370851,0.054687595830647286,-0.6494784110404019,0.5160291963500885,0.7068427582536608,,NUMB
ENSG00000175489,119.24215650355139,0.031930591395073885,0.04919883112703639,0.6490111789978475,0.5163311505208942,0.7070235635835813,,LRRC25
ENSG00000039650,11.441398584822972,-0.06477266839637091,0.09991637366952189,-0.6482688073789545,0.5168111051926263,0.7073380500735481,,PNKP
ENSG00000100028,43.918712948324746,0.028445354527677446,0.043888348419179574,0.6481299832929368,0.5169008827460544,0.7073380500735481,,SNRPD3
ENSG00000011304,19.4985709721528,0.045274957771431236,0.07003312293717125,0.6464792068754198,0.5179690589322545,0.7085666837087072,,PTBP1
ENSG00000127920,11.099244542899514,-0.06368915848532948,0.09861891240550395,-0.6458107976637447,0.5184018943390398,0.7088804991266897,,GNG11
ENSG00000088298,8.991655400544074,-0.05886769913909976,0.09118311058893924,-0.6455987162412133,0.5185392689525281,0.7088804991266897,,EDEM2
ENSG00000005020,59.359450076516666,0.034789741230111505,0.05398541974098627,0.6444284660011411,0.5192976304890129,0.7096840153857732,,SKAP2
ENSG00000077312,12.130537387266276,-0.051131851314981366,0.07949600258006136,-0.6432002824731454,0.5200941500491214,0.7105391343856634,,SNRPA
ENSG00000119487,12.389697710481082,-0.06019331562183388,0.09377056033485807,-0.6419212533963897,0.5209243138006985,0.7114396406470472,,MAPKAP1
ENSG00000120071,10.173604341523653,0.06443200598094638,0.10070985007042157,0.6397785910304917,0.5223165529853777,0.7131069446731774,,KANSL1
ENSG00000167615,18.01708701711553,0.04647737149053781,0.07274329882146581,0.6389230656779453,0.5228729820057778,0.7136324163858385,,LENG8
ENSG00000184182,23.18774506118977,-0.03832803356662221,0.06005135105742463,-0.6382543088825878,0.5233081496474488,0.713896272590602,,UBE2F
ENSG00000136783,18.04585575155553,-0.044824176646071266,0.07024647878499343,-0.6380985555627158,0.5234095267791673,0.713896272590602,,NIPSNAP3A
ENSG00000096384,126.14516268587779,-0.03417564985403742,0.053654415902472205,-0.6369587531464065,0.5241517109566542,0.7146742437167098,,HSP90AB1
ENSG00000142166,23.027888883914734,0.05131600066810512,0.080748151607619,0.6355068152824837,0.525097923214801,0.7157298035955347,,IFNAR1
ENSG00000170584,12.709378456972674,-0.04705055313116898,0.07413930719807625,-0.6346235878016114,0.5256739404099922,0.7162802463496781,,NUDCD2
ENSG00000180992,26.735733403866863,-0.03926558074074494,0.06192934221746109,-0.6340383949641555,0.5260557653247104,0.7165658100035348,,MRPL14
ENSG00000160255,206.38851564347547,-0.04390541573407445,0.06936398436053132,-0.6329713631481786,0.5267523438099566,0.7172797873156855,,ITGB2
ENSG00000083290,7.719729751666583,-0.07352365756022039,0.11625545521410494,-0.6324318925491591,0.5271046995363469,0.7175247218819382,,ULK2
ENSG00000099800,37.85363774889739,-0.030140431912039342,0.04774027058826864,-0.6313418742843456,0.527817012829205,0.7180572005387136,,TIMM13
ENSG00000100647,8.767999058492402,-0.06690387293456011,0.10597709151343725,-0.6313050488470625,0.5278410863575447,0.7180572005387136,,SUSD6
ENSG00000167085,22.808967332344796,0.04104878307315316,0.06507482936980488,0.6307935567511461,0.5281755168832446,0.718277263888296,,PHB1
ENSG00000147123,83.57136070239268,0.02404079205620561,0.03817552571166095,0.6297435754463547,0.528862367636872,0.7189762906435907,,NDUFB11
ENSG00000116030,74.44485320253615,0.023823016151319952,0.03784848972564578,0.6294310902233359,0.529066869220997,0.7190027114925941,,SUMO1
ENSG00000099968,13.192952085925588,-0.05101646001039339,0.08108330878422823,-0.6291857199137483,0.5292274765842123,0.7190027114925941,,BCL2L13
ENSG00000116898,22.55371745659691,0.03958194679605028,0.0630539739218546,0.6277470607182636,0.5301696510241812,0.7200475835000307,,MRPS15
ENSG00000123689,126.9993252817828,-0.1266077284178625,0.20191899423628606,-0.6270223804190797,0.5306445648799172,0.7203262912801106,,G0S2
ENSG00000102103,22.711403689095828,-0.03743135869047694,0.059754159366874934,-0.6264226471777166,0.5310377588458991,0.7203262912801106,,PQBP1
ENSG00000104856,7.911714240402068,-0.07244118122091366,0.1156943903985832,-0.6261425551519287,0.5312214419311384,0.7203262912801106,,RELB
ENSG00000078304,37.09909039127752,0.03274177185990664,0.05230198855320837,0.6260139005345363,0.5313058238462278,0.7203262912801106,,PPP2R5C
ENSG00000123636,10.561312047387029,-0.06577255938396717,0.10506780029148872,-0.6260011078702982,0.5313142146628616,0.7203262912801106,,BAZ2B
ENSG00000103429,17.246039837796484,-0.052793264086346374,0.0843545954484436,-0.6258492949398697,0.5314137951775624,0.7203262912801106,,BFAR
ENSG00000083642,10.232410716148719,-0.06357342266973733,0.10219317968031018,-0.6220906607330682,0.5338822556599092,0.7234365418714079,,PDS5B
ENSG00000103502,11.534614280931944,0.053548050638012525,0.08618788235431034,0.6212944230127558,0.5344059224617441,0.7239103345623106,,CDIPT
ENSG00000132581,16.26164956556646,0.04895888983292755,0.07884273156900999,0.620968970235062,0.5346200397042727,0.7239646370995361,,SDF2
ENSG00000112335,145.88974688456523,0.019589522559358252,0.031564643562928284,0.6206159914432094,0.5348523153901574,0.7240434858519541,,SNX3
ENSG00000152219,9.111031802221444,0.05988644551972534,0.09665656133401594,0.6195797232303335,0.5355345197259239,0.724652528127754,,ARL14EP
ENSG00000155660,12.647377311308913,0.05131853634584706,0.08285155025839301,0.6194034533547959,0.535650606729049,0.724652528127754,,PDIA4
ENSG00000240344,11.218979031524494,0.06431797415603754,0.10398953777101447,0.6185042797061573,0.5362429775677533,0.7249601930546552,,PPIL3
ENSG00000132341,71.32042019043648,0.025769919947592774,0.04166661376553341,0.6184788639798137,0.5362597261039788,0.7249601930546552,,RAN
ENSG00000169155,7.979176710987777,0.08140887981006885,0.13170876454084274,0.6180976649038724,0.5365109614673257,0.7249601930546552,,ZBTB43
ENSG00000159592,16.21040082124126,-0.048522134129687124,0.0785147350090596,-0.6180003552720171,0.5365751044267508,0.7249601930546552,,GPBP1L1
ENSG00000075624,4085.7529004867006,-0.023338002583391384,0.03784018290080594,-0.6167518440534366,0.5373984195953423,0.7257662089124315,,ACTB
ENSG00000244754,86.44326329260431,-0.02893938155681636,0.04695602827025496,-0.6163081210841777,0.5376911799748829,0.7257662089124315,,N4BP2L2
ENSG00000101160,55.07419457591119,0.03405992578354612,0.05526497169198133,0.6163022388463115,0.5376950615067582,0.7257662089124315,,CTSZ
ENSG00000105223,11.876351861717609,0.05301249893299973,0.08606672755813584,0.615946492181792,0.5379298353985096,0.7258021350847857,,PLD3
ENSG00000196776,84.40493832928256,0.03155689731459434,0.05125113106306468,0.6157307489616859,0.5380722395208472,0.7258021350847857,,CD47
ENSG00000083799,19.783102215406878,-0.052342339904652306,0.08504465257749509,-0.6154689133094698,0.5382450929655203,0.7258021350847857,,CYLD
ENSG00000140632,10.818048883797799,0.05540198626815799,0.09021136504694245,0.6141353280634759,0.5391259048212889,0.7267542981388729,,GLYR1
ENSG00000138663,13.117661306729762,-0.04890083930804363,0.07966429515551007,-0.6138363392607177,0.5393234812453545,0.7267851253581713,,COPS4
ENSG00000132824,16.733721350905697,-0.04401621326130215,0.07176763598155939,-0.6133156353737508,0.5396676569923129,0.7269268766774275,,SERINC3
ENSG00000126003,10.76757978453017,-0.061621288771498674,0.1004997791967244,-0.613148499071599,0.5397781543405225,0.7269268766774275,,PLAGL2
ENSG00000160075,57.092524029121,0.024458594926692227,0.039957227317782375,0.6121194229061858,0.540458747823541,0.7275565278786941,,SSU72
ENSG00000153879,13.20823207874649,-0.04597850731094242,0.07514851079929047,-0.6118352422677222,0.540646770129469,0.7275565278786941,,CEBPG
ENSG00000115286,77.84412111661193,0.02220838000208858,0.03631274805950605,0.611586321302246,0.5408114904557959,0.7275565278786941,,NDUFS7
ENSG00000102910,13.236392511229736,0.05042689240360329,0.08247987788567054,0.6113841787387527,0.540945274213654,0.7275565278786941,,LONP2
ENSG00000177663,12.763617491330681,0.051667480132462196,0.08457083793724533,0.6109373088014258,0.5412410842558879,0.7277191048818662,,IL17RA
ENSG00000084072,12.491013200729993,-0.047784204952629104,0.0783091107372453,-0.6101998158676832,0.5417294517359049,0.7281403939325896,,PPIE
ENSG00000079332,23.23157673578375,0.046279702909397584,0.07589540066485484,0.6097827075683191,0.5420057579914003,0.7282764706861192,,SAR1A
ENSG00000179085,20.571460465559255,-0.04065144791982234,0.06679855038830151,-0.6085678159707738,0.5428109425291352,0.7290775522370065,,DPM3
ENSG00000179119,9.06021387796955,-0.06482576574304831,0.10655921703943415,-0.6083543736911878,0.5429524655841939,0.7290775522370065,,SPTY2D1
ENSG00000081870,18.52152562865709,0.041262095249439086,0.06787275933197848,0.6079330744108751,0.5432318623046302,0.7292173433969866,,IFT25
ENSG00000092964,29.18055551643761,0.044321665399661064,0.07301992604469314,0.606980420283269,0.5438639060955746,0.7298302739863195,,DPYSL2
ENSG00000158470,8.55160305140684,0.07936620341450831,0.13086059250978616,0.6064942997149662,0.5441865664401586,0.7299584164201767,,B4GALT5
ENSG00000125944,42.38313363414612,0.03188299680349225,0.05260748726766218,0.6060543557473943,0.5444786592910997,0.7299584164201767,,HNRNPR
ENSG00000196182,8.818418026824178,-0.058892670829576076,0.09717563550545778,-0.6060435882229802,0.5444858091711078,0.7299584164201767,,STK40
ENSG00000178913,21.682497450036976,-0.04382654146292539,0.07245460387741379,-0.6048827695901241,0.5452568925676721,0.7305965287988008,,TAF7
ENSG00000099624,131.29979487624448,-0.022127961161532376,0.0365998016854541,-0.6045923787157218,0.5454498718304821,0.7305965287988008,,ATP5F1D
ENSG00000138029,24.15355982567456,0.033968017933692675,0.05618876161849742,0.6045340198868231,0.5454886582810277,0.7305965287988008,,HADHB
ENSG00000138032,13.38372583647528,-0.05166495958531887,0.0855265687202432,-0.6040808179071768,0.5457899119943022,0.7307647357245887,,PPM1B
ENSG00000093144,19.95895413581898,0.04571591149812343,0.07583723340954733,0.6028161820097218,0.5466309804802185,0.7316553664085294,,ECHDC1
ENSG00000197170,13.865376142651266,0.0486374171131206,0.08074712527400157,0.6023423985445653,0.5469462437710517,0.7318418700828482,,PSMD12
ENSG00000136295,16.147789285266104,0.052778769581626875,0.08780482815802695,0.6010918839979751,0.5477787887337207,0.7324730626320758,,TTYH3
ENSG00000105518,18.92144814629802,-0.041046314345464394,0.0683491991830948,-0.6005383360163291,0.5481475198429336,0.7324730626320758,,TMEM205
ENSG00000162517,10.130924672401564,0.054376864352670286,0.09060866965233608,0.6001287135250235,0.5484204577861267,0.7324730626320758,,PEF1
ENSG00000132471,22.983226988841206,-0.037153162133893476,0.06190954442109885,-0.6001201023413061,0.5484261962742676,0.7324730626320758,,WBP2
ENSG00000104872,20.578323642825506,0.042782570997820124,0.07129605813454333,0.6000692340814245,0.5484600954599511,0.7324730626320758,,PIH1D1
ENSG00000141367,15.671974485520897,0.050742318101105,0.08460640347629654,0.5997455986333357,0.5486757940275291,0.7324730626320758,,CLTC
ENSG00000169021,67.31087451089032,-0.024696852256695406,0.04117916714408773,-0.5997414219253154,0.5486785780195866,0.7324730626320758,,UQCRFS1
ENSG00000126070,8.997559124766749,-0.05776391769728814,0.09635037137562479,-0.599519408929871,0.5488265712077356,0.7324730626320758,,AGO3
ENSG00000105671,8.955589433826841,-0.05591367863180944,0.09335464311290041,-0.5989383791461669,0.5492139771241573,0.7327550175870733,,DDX49
ENSG00000128463,23.64247609361491,-0.042673597113819565,0.07131578154269047,-0.5983752290266167,0.5495895903236439,0.7328805785174547,,EMC4
ENSG00000169288,12.082630123152713,0.05152383159093309,0.08617992309379507,0.5978635132321531,0.549931007332926,0.7328805785174547,,MRPL1
ENSG00000168298,16.0918887110584,0.1223117722030722,0.20464091635105205,0.5976897210196811,0.550046985343483,0.7328805785174547,,H1-4
ENSG00000170892,16.606315912695507,0.04492638196795241,0.07517246490579058,0.5976441244045425,0.550077415656685,0.7328805785174547,,TSEN34
ENSG00000204356,23.60148510676031,0.0338434648393483,0.056643961905025554,0.597477007277375,0.5501889535360603,0.7328805785174547,,NELFE
ENSG00000082068,12.450255930405843,0.05801134288683121,0.09717184824653145,0.5969974219246357,0.5505091018527427,0.7330722995222182,,WDR70
ENSG00000132670,15.28458338052269,0.05234820246052278,0.08778816834012838,0.5963013404916226,0.5509739357108043,0.7334565032182226,,PTPRA
ENSG00000168090,32.7219489777619,0.03158862385916745,0.05309387430831995,0.5949579734138449,0.5518715637216036,0.7336564363578028,,COPS6
ENSG00000254887,8.348771315771755,0.06552220786314861,0.1101328044244254,0.5949381585766376,0.5518848092240622,0.7336564363578028,,LNROP
ENSG00000138107,17.071128203073904,-0.04116213231271102,0.06919006910980792,-0.5949138777038184,0.5519010403228037,0.7336564363578028,,ACTR1A
ENSG00000112701,16.775939450880287,0.049142904111662056,0.08260554664510693,0.5949104643395396,0.5519033220821733,0.7336564363578028,,SENP6
ENSG00000204370,33.488639691540115,0.03425233085976744,0.057590464215275576,0.5947569849711715,0.5520059244711353,0.7336564363578028,,SDHD
ENSG00000166902,17.264271939419185,0.041234754172057866,0.06939497138515809,0.5942037780114567,0.5523758261944381,0.7338022013623973,,MRPL16
ENSG00000135077,7.693276624548829,0.07493864521375983,0.1261454518740188,0.5940653753303837,0.5524683881411125,0.7338022013623973,,HAVCR2
ENSG00000125534,227.28039126899907,0.04821459290917051,0.0812918649876466,0.5931047702804872,0.5531110382033271,0.7344212955396874,,PPDPF
ENSG00000108829,11.460524496976102,0.04826592337196242,0.08145149817175348,0.592572567175941,0.5534672426976102,0.7346597733318628,,LRRC59
ENSG00000044459,8.452741708186696,0.06561164158929465,0.11090544256919763,0.5915998355838791,0.5541185839974265,0.7349486467749705,,CNTLN
ENSG00000173692,10.657816259705735,-0.05061078898337901,0.08556176369789872,-0.5915117547374954,0.5541775814708336,0.7349486467749705,,PSMD1
ENSG00000068028,12.628771315743595,-0.051236778055625536,0.08662820557229747,-0.591456070423446,0.5542148809935294,0.7349486467749705,,RASSF1
ENSG00000145819,8.332193034607485,0.06874633514582701,0.11633423378512987,0.5909381349672356,0.5545618731811226,0.7351744399086902,,ARHGAP26
ENSG00000058262,8.378423886673318,0.05926318018458457,0.10033758211883219,0.5906379138616054,0.5547630557144508,0.7351957195831459,,SEC61A1
ENSG00000100319,12.085675122207903,-0.04704915304024772,0.07972482886806789,-0.5901442964287411,0.5550939134900233,0.7351957195831459,,ZMAT5
ENSG00000181555,9.859911961762347,0.06794953656898685,0.11514467923853178,0.5901231130986413,0.5551081142333321,0.7351957195831459,,SETD2
ENSG00000125656,10.879661034687027,-0.0518464051056134,0.0879899954408127,-0.5892306829415439,0.5557065369922684,0.7357540400661479,,CLPP
ENSG00000152520,10.407803589317496,0.057976614129031705,0.09853409753852092,0.5883913850874447,0.5562696188795146,0.7362652289337516,,PAN3
ENSG00000164975,11.842207051090554,0.05801051287204177,0.0987219671307216,0.5876150421033224,0.5567907122052009,0.7365443209627653,,SNAPC3
ENSG00000120699,10.708575701766593,-0.05283701355285966,0.08992773633837527,-0.5875496893866802,0.556834588804783,0.7365443209627653,,EXOSC8
ENSG00000310560,27.03570866898158,-0.03745906322447276,0.0638154369913847,-0.586990624690541,0.5572100032947316,0.7368066159269178,,PAXX
ENSG00000178449,53.658819862489864,-0.023226018142852852,0.03963083682620768,-0.5860592408054729,0.5578357054101227,0.7373995978729299,,COX14
ENSG00000123143,33.89741486462956,0.031341234792727005,0.0535517437944174,0.5852514329513624,0.5583786660161811,0.7378828623339624,,PKN1
ENSG00000004059,40.37922345932692,-0.04606543755707762,0.07883694069812344,-0.5843128506656285,0.5590098479054766,0.7383095964996036,,ARF5
ENSG00000185627,28.46037953853826,0.03229009620557448,0.055268222974629355,0.5842434308118991,0.5590565454263825,0.7383095964996036,,PSMD13
ENSG00000130255,1035.4249859300294,-0.020887479609696263,0.03576976289889199,-0.5839423556912443,0.5592590953099443,0.7383426964421987,,RPL36
ENSG00000143149,11.011892315866302,0.055511760636319296,0.09514215739684657,0.5834612348002022,0.5595828458623759,0.7385357356559277,,ALDH9A1
ENSG00000169682,14.470375144807125,-0.0492205794931111,0.08458961936127982,-0.5818749376668955,0.5606509230190654,0.7397107008434228,,SPNS1
ENSG00000164463,27.141631646861835,-0.04049705736550607,0.06980975075335809,-0.5801060300098267,0.5618431176103094,0.7410486269051639,,CREBRF
ENSG00000075568,8.386149966818639,0.06741766045371013,0.11629820745534707,0.5796964710706765,0.5621193235470263,0.7411779353266654,,TMEM131
ENSG00000103121,15.842362668982807,0.04436913156005743,0.07667139922420277,0.5786920808672483,0.5627969603722041,0.7418256816419713,,CMC2
ENSG00000165175,15.779454038037384,-0.05120175562509585,0.0885378007290632,-0.5783039018755353,0.5630589605630718,0.7418256816419713,,MID1IP1
ENSG00000138600,16.060397542320537,-0.04321299903636351,0.07474026431057189,-0.578175625079387,0.5631455535157079,0.7418256816419713,,SPPL2A
ENSG00000134851,34.244062226264695,-0.03150049601736982,0.054522225791299436,-0.5777551367390547,0.5634294482179365,0.7419371203145022,,TMEM165
ENSG00000148229,14.850219438964517,-0.045688946304214745,0.07911203859429516,-0.5775220448877348,0.5635868510081316,0.7419371203145022,,POLE3
ENSG00000110446,11.449814677140784,0.05499097694730193,0.09554102212856339,0.5755745094845659,0.5649028147243529,0.7434342642370477,,SLC15A3
ENSG00000067704,9.031047296184727,0.05869218133881968,0.1021013889083274,0.5748421443269195,0.5653980611961911,0.7438507066970762,,IARS2
ENSG00000130638,18.48802822874746,-0.03660254738873671,0.06412968384501824,-0.5707582697147521,0.5681635138761951,0.7472526771182333,,ATXN10
ENSG00000242259,17.41553272292806,0.0392906665773547,0.06893642710541267,0.5699550763963183,0.5687081678552381,0.747554896556597,,C22orf39
ENSG00000090238,14.408368272860994,0.05130171781521655,0.09007164794119674,0.5695656623126166,0.5689723234923164,0.747554896556597,,YPEL3
ENSG00000178209,17.40685541977578,0.04383817751714841,0.07697917768721273,0.5694809795874257,0.5690297750356901,0.747554896556597,,PLEC
ENSG00000133997,10.111628371995172,0.052433233828045815,0.09209736341547631,0.5693239402685744,0.569136323002732,0.747554896556597,,MED6
ENSG00000114316,10.468179492572997,0.05063875698397355,0.0889812326894712,0.5690948018296609,0.5692918058392546,0.747554896556597,,USP4
ENSG00000073921,23.902241661241767,0.037115809410184525,0.06534879000310241,0.5679647535696142,0.5700589012405918,0.7481012117810971,,PICALM
ENSG00000256043,8.853679454388882,-0.06098124530464849,0.10738607735114587,-0.5678691950469852,0.5701237905356182,0.7481012117810971,,CTSO
ENSG00000124151,18.703356377735933,-0.04800238147984985,0.08455779199852051,-0.5676872627030012,0.5702473419610238,0.7481012117810971,,NCOA3
ENSG00000102241,12.884733901176029,-0.04853541013514315,0.08560105315463849,-0.5669954789862669,0.5707172532250758,0.7484816435738699,,HTATSF1
ENSG00000112695,240.61036087782804,-0.014835954592602568,0.02625018928178935,-0.5651751472472153,0.5719546391401253,0.7498680424906781,,COX7A2
ENSG00000166562,23.12353729004477,-0.03476984843209203,0.06165834328107802,-0.56391149326846,0.5728143677831132,0.7506380018501148,,SEC11C
ENSG00000156273,34.5023964909744,-0.051890714012888625,0.09210826273491506,-0.5633665479309778,0.5731853112451551,0.7506380018501148,,BACH1
ENSG00000066027,11.711560852678556,0.05220764550521905,0.0926964333194592,0.5632109417338219,0.5732912530550447,0.7506380018501148,,PPP2R5A
ENSG00000174953,20.87617028100158,0.04183658693957625,0.07429062482644709,0.5631475981971098,0.5733343820746255,0.7506380018501148,,DHX36
ENSG00000138382,11.88634632693481,0.045642172739201216,0.08108136018507613,0.5629181927266451,0.5734905913592756,0.7506380018501148,,METTL5
ENSG00000116679,7.90426065239555,0.06166838469985887,0.10958953788566171,0.5627214594535427,0.5736245692022872,0.7506380018501148,,IVNS1ABP
ENSG00000070010,24.210447512478737,0.03384594343886977,0.060254637445933526,0.5617151620776032,0.5743101023225536,0.751217199657984,,UFD1
ENSG00000169696,9.004990276232569,-0.053771228361160425,0.09582319858114266,-0.5611504224170433,0.5746949971399277,0.751217199657984,,ASPSCR1
ENSG00000156304,11.657070631151417,-0.05205917387206501,0.09279467063631375,-0.5610146952953617,0.5747875193051447,0.751217199657984,,SCAF4
ENSG00000080371,11.760497800064396,0.0550983480581338,0.09821693269163294,0.5609862428826144,0.5748069155764673,0.751217199657984,,RAB21
ENSG00000165609,12.185632979985602,0.04888919106092897,0.08722280630731014,0.5605092650731598,0.575132121823663,0.751217199657984,,NUDT5
ENSG00000222041,22.147889522617653,-0.04876017509582355,0.0869968514555429,-0.5604820666497449,0.575150668488144,0.751217199657984,,CYTOR
ENSG00000118263,12.108702955729793,-0.051352513442609146,0.0918743717799645,-0.5589427437457356,0.5762007966738146,0.7523525782056086,,KLF7
ENSG00000092108,19.678084713872995,0.040741108040503085,0.07309743656162751,0.5573534443462292,0.5772859672821529,0.7535329852192519,,SCFD1
ENSG00000131504,21.02058834626149,0.03914136195331759,0.07026208900751624,0.5570765473416321,0.5774751304532697,0.7535434575550822,,DIAPH1
ENSG00000144029,27.264682915183204,0.03295594654818083,0.05930977612607664,0.5556579151154667,0.578444731608587,0.754571992314745,,MRPS5
ENSG00000169813,43.36570039825382,0.03339202546788495,0.06016449885828401,0.5550121101571717,0.5788863771788892,0.7549113884213727,,HNRNPF
ENSG00000155115,36.35836726126825,-0.029822360876650897,0.053770943636554575,-0.5546185143824973,0.5791556225320866,0.7550258194087999,,GTF3C6
ENSG00000114439,20.051922155295024,-0.03930599515788011,0.07098328800090029,-0.5537359041100152,0.5797595995641922,0.7554774708648826,,BBX
ENSG00000134049,23.449898346454113,0.0357363385629542,0.06455479026524025,0.5535815144952388,0.5798652799210505,0.7554774708648826,,IER3IP1
ENSG00000110717,32.66037834108488,-0.030116877161529276,0.05443900291829498,-0.5532224241272443,0.5801111137589593,0.7555611249960146,,NDUFS8
ENSG00000120594,15.129647920572419,-0.04991312652759778,0.09038007142478827,-0.5522581000517804,0.5807715331919878,0.7561845314800216,,PLXDC2
ENSG00000066044,16.900467123319622,0.036570077644700605,0.06628283776470899,0.551727700230898,0.5811349286507912,0.7564209334127945,,ELAVL1
ENSG00000239998,41.03319276584533,-0.03535068544966872,0.06412663170880498,-0.5512637184842948,0.5814529059819672,0.7565980884845116,,LILRA2
ENSG00000079785,13.358576166355547,0.046660482919815546,0.08487862509574004,0.549731841994191,0.5825033134190467,0.7577278873743697,,DDX1
ENSG00000100897,8.033410267424804,-0.05453243608278071,0.09926895557499872,-0.5493402823361115,0.5827719478837559,0.7578403573605578,,DCAF11
ENSG00000170906,102.96625458664441,0.03023432145024767,0.05510877797310604,0.5486298655543134,0.5832594858375688,0.7580878627126469,,NDUFA3
ENSG00000229833,89.99958448895268,-0.031374788844354476,0.05719774865783064,-0.5485318842188227,0.5833267424382651,0.7580878627126469,,PET100
ENSG00000114120,13.250845592401417,0.048839864252124526,0.08912008109685561,0.5480231127600234,0.5836760327612698,0.7583049020258845,,SLC25A36
ENSG00000176953,13.529963976052882,-0.046968775136485626,0.08579632017076455,-0.5474451007106296,0.5840729774813762,0.7585836985084374,,NFATC2IP
ENSG00000254505,47.11877879814684,-0.02456860408629142,0.04493653268690813,-0.5467400935775641,0.5845573050141752,0.7589757767974311,,CHMP4A
ENSG00000135624,23.3762749715515,-0.03524841008319109,0.06465077042224557,-0.5452125296106684,0.585607355033767,0.7601019023215198,,CCT7
ENSG00000198909,13.48746925765097,0.05836253883243566,0.10735654708870244,0.5436327864029951,0.58669419336304,0.7610489831292573,,MAP3K3
ENSG00000104805,34.86441143739104,0.032323372632194015,0.059459484616372314,0.5436201279029199,0.5867029059845019,0.7610489831292573,,NUCB1
ENSG00000138172,12.657784296084701,-0.052759227601952716,0.09730300644793415,-0.5422158012166216,0.5876698512305455,0.7620300014241349,,CALHM2
ENSG00000100503,21.725973091819355,-0.046082437267928905,0.08505667476141791,-0.5417850791509206,0.5879665713768478,0.7620300014241349,,NIN
ENSG00000156642,9.284723839272203,-0.0562515076212487,0.10386160167490127,-0.5416006176885503,0.5880936662246697,0.7620300014241349,,NPTN
ENSG00000103342,16.980182227162736,0.042502987987498825,0.07849728761575886,0.541458046239117,0.5881919073492541,0.7620300014241349,,GSPT1
ENSG00000166226,16.223166186786,0.038231304177781415,0.07065414693055042,0.5411048868138048,0.5884352901256342,0.7621079722673221,,CCT2
ENSG00000196233,9.286115406438423,0.05801703123803807,0.1074049822502161,0.5401707632414915,0.5890792733821586,0.7627045680889448,,LCOR
ENSG00000081154,42.7703851152559,0.031125806333092473,0.0577787801784604,0.5387065326916679,0.5900893654056663,0.7637746608859899,,PCNP
ENSG00000100614,11.746322744257055,0.04589596035628384,0.08524159692600541,0.538422108587714,0.5902856664319234,0.7637910956008713,,PPM1A
ENSG00000134287,17.58261246590299,0.036856243331612706,0.06848745106921768,0.5381459341268737,0.5904763025694055,0.7638001923783356,,ARF3
ENSG00000131508,55.41928762417734,-0.024160868206020977,0.0449601350590967,-0.537384244381458,0.5910022242466588,0.7642428513727388,,UBE2D2
ENSG00000198668,209.41150498322438,0.02297777784916783,0.04281360956081656,0.5366933104887591,0.5914794775857595,0.764622320309745,,CALM1
ENSG00000134250,31.60358740023289,0.03742689929449473,0.06984839050334726,0.5358305184240596,0.5920756881629714,0.7651552851065426,,NOTCH2
ENSG00000072042,9.103550244566197,-0.05163434161970942,0.09649282367800535,-0.5351106916718719,0.59257331715757,0.7654124844929115,,RDH11
ENSG00000002330,10.039380863274602,-0.04616725008549246,0.08629225482596312,-0.5350103572864563,0.5926426953249202,0.7654124844929115,,BAD
ENSG00000139318,49.52648602616141,-0.05016472228657259,0.0938262610935104,-0.5346554546874328,0.5928881295300636,0.7654918121803429,,DUSP6
ENSG00000198832,8.172813221777272,-0.05804267248066186,0.10867900694222761,-0.5340743729054923,0.5932900793337443,0.7657731089135515,,SELENOM
ENSG00000035928,16.35207033618163,-0.04507485522397325,0.08455676534725703,-0.5330721325355836,0.5939836489040615,0.7664305147149181,,RFC1
ENSG00000109171,10.562349779179495,0.056559925465871096,0.10635446745057203,0.5318058265127149,0.5948604869120161,0.7672591636181348,,SLAIN2
ENSG00000189060,9.042355948734913,0.07125403919930876,0.13403390870897128,0.5316120367273861,0.5949947264019478,0.7672591636181348,,H1-0
ENSG00000104388,55.06145004337695,0.02465826521102588,0.04655326842569077,0.5296784961594239,0.5963348597862197,0.7683324916184447,,RAB2A
ENSG00000008018,112.62051371465414,-0.01809923907392475,0.034177013705564786,-0.5295734504439101,0.5964077061379709,0.7683324916184447,,PSMB1
ENSG00000123384,16.70513431065528,-0.04882855807472213,0.09224645723222905,-0.529327190873,0.5965784963495492,0.7683324916184447,,LRP1
ENSG00000198563,13.082225881596958,-0.06580062597688745,0.12436184855150706,-0.5291062069540945,0.5967317759062947,0.7683324916184447,,DDX39B
ENSG00000104907,20.230556570272395,-0.035425074432745944,0.06695609681634332,-0.5290791446507831,0.5967505481776911,0.7683324916184447,,TRMT1
ENSG00000125818,26.126713710302713,0.030202428249972914,0.057248255467842395,0.5275694080658629,0.5977982305885882,0.769218229252463,,PSMF1
ENSG00000101307,15.01818408730835,-0.07307904791615123,0.13852406215423244,-0.5275549011462366,0.5978083017243301,0.769218229252463,,SIRPB1
ENSG00000090487,45.44482461018676,-0.02554939454953543,0.04850332244804933,-0.5267555552900678,0.5983633505167809,0.7696943531693904,,SPG21
ENSG00000173334,9.694047266170609,-0.06237783993197645,0.11863499917898226,-0.5257962689228686,0.5990297671779716,0.7703133945781645,,TRIB1
ENSG00000159128,50.514318364025165,-0.025742570152771687,0.04903801114078887,-0.5249513500632067,0.5996170111769581,0.7706688098182825,,IFNGR2
ENSG00000135709,10.927252024651112,-0.04930509632959645,0.09393852853605932,-0.5248655381127261,0.5996766676398511,0.7706688098182825,,KIAA0513
ENSG00000160446,19.5763040808549,0.03715305494078754,0.07087148244161245,0.5242313785576043,0.6001176186052279,0.7709973111172786,,ZDHHC12
ENSG00000180957,8.326909169607097,0.05289383311053733,0.10107132931154442,0.5233317249394855,0.6007434274010083,0.7715630311788189,,PITPNB
ENSG00000079277,9.640717963979569,0.04970778799162948,0.0951388536421632,0.5224762133312085,0.6013388039179337,0.771902440354435,,MKNK1
ENSG00000125910,36.84199505606681,0.04064888795592699,0.07780901345432983,0.5224187552485284,0.601378800285751,0.771902440354435,,S1PR4
ENSG00000101347,83.8909986192249,0.027623747160055282,0.0529382108939845,0.5218111208060158,0.6018018459333574,0.7720911145591735,,SAMHD1
ENSG00000141551,15.436452254502244,0.04134922046754444,0.07926249322924943,0.5216744866698914,0.6018969914700479,0.7720911145591735,,CSNK1D
ENSG00000102931,15.765814362987372,-0.03740385772391789,0.07192273084068816,-0.5200561392304331,0.6030244474621145,0.7732989215297152,,ARL2BP
ENSG00000173120,9.339073442364553,-0.05223130912195723,0.100492049907653,-0.5197556341019525,0.6032339052856459,0.7733291358977772,,KDM2A
ENSG00000173113,64.79790532074648,-0.02641895454980326,0.05092724977846793,-0.5187587129626074,0.603929012625771,0.7738122461599874,,TRMT112
ENSG00000090376,38.30521619417742,-0.03819711713193047,0.07364270395477361,-0.5186816219484358,0.603982779634971,0.7738122461599874,,IRAK3
ENSG00000174891,24.110886223362993,0.037217935342640764,0.07187639741958238,0.5178046852484696,0.6045945490585374,0.7743575505183238,,RSRC1
ENSG00000149212,8.546632488988548,0.05664365531027815,0.10977366054015926,0.516004067201128,0.6058515685638992,0.7757286935136414,,SESN3
ENSG00000213402,13.431380784520368,0.05138283419265501,0.09993152561466705,0.5141804238112573,0.6071258531312291,0.7770057752690253,,PTPRCAP
ENSG00000196504,36.64057703834538,0.02648588974923342,0.051528909889905494,0.5140005834748311,0.6072515827301751,0.7770057752690253,,PRPF40A
ENSG00000166974,10.307010498127962,-0.05021170817091403,0.09773093299240722,-0.5137749802799386,0.6074093223978053,0.7770057752690253,,MAPRE2
ENSG00000102753,9.486549597334829,0.05230530037498532,0.10202777598156763,0.5126574589299566,0.6081909524866225,0.7776985337905005,,KPNA3
ENSG00000089248,90.49568326685959,0.019664814500752886,0.038392149669354156,0.5122092581455518,0.608504564306656,0.7776985337905005,,ERP29
ENSG00000167491,8.48013068546523,0.056902104196619355,0.11109373408156467,0.5121990422505919,0.6085117133384805,0.7776985337905005,,GATAD2A
ENSG00000134308,40.16817264604195,0.02684969231521211,0.05247252871335999,0.5116904592474106,0.6088676644374917,0.7778301292738931,,YWHAQ
ENSG00000161920,12.344074594140137,-0.04397134626999775,0.08596252121405364,-0.5115176433751348,0.6089886372704494,0.7778301292738931,,MED11
ENSG00000173889,9.953613843585318,-0.04907067153734923,0.09601211419380161,-0.5110883345230737,0.6092892040216851,0.7779751653561111,,PHC3
ENSG00000120675,37.360134393130224,0.03761670713447814,0.073696049019502,0.5104304455252917,0.6097499317592167,0.7783245523529737,,DNAJC15
ENSG00000144746,133.8630847534583,0.019262027578067675,0.037814959756654686,0.5093758581794587,0.6104887949888758,0.7790286463661728,,ARL6IP5
ENSG00000092531,46.214009236784655,-0.026471261331557795,0.05207345619033843,-0.5083446206220743,0.6112116828550288,0.7797119290637596,,SNAP23
ENSG00000171475,8.118582222551458,0.0596658108653407,0.11746565239473393,0.5079426168326935,0.6114935864606963,0.7798324094655109,,WIPF2
ENSG00000125037,25.448245100238896,-0.03066028603047012,0.06055538160772327,-0.5063181044599294,0.612633355513679,0.7807047023755164,,EMC3
ENSG00000136040,18.807731683909157,0.04505614435544317,0.0890075689686032,0.5062057629204142,0.612712209807327,0.7807047023755164,,PLXNC1
ENSG00000100991,9.516387505475333,-0.04670307976309047,0.09226842846371552,-0.5061653323970551,0.6127405897250147,0.7807047023755164,,TRPC4AP
ENSG00000124795,65.58150661747922,-0.02449928424635795,0.04846052518432283,-0.5055513565561515,0.6131716370486266,0.7810146999762054,,DEK
ENSG00000185808,11.74580003922904,-0.04255008762136052,0.0842646439922432,-0.5049577806947998,0.6135884896031725,0.7812615466283613,,PIGP
ENSG00000153187,75.92122673652891,-0.026167886865094355,0.05184422835824417,-0.5047405987851526,0.6137410419186262,0.7812615466283613,,HNRNPU
ENSG00000244734,17.516003736016494,0.08626843775227686,0.17136907137252452,0.5034072779956034,0.6146779557052261,0.7819996975639341,,HBB
ENSG00000175756,58.98430611294276,0.01963279521650733,0.03900190948854081,0.5033803594225472,0.6146968776524193,0.7819996975639341,,AURKAIP1
ENSG00000137776,37.80781837584987,0.02973356948902014,0.0592074305024652,0.5021932084653148,0.6155316198154481,0.7825977333743014,,SLTM
ENSG00000158186,8.810016274497098,-0.058152486136831764,0.11580084028556467,-0.5021767199048628,0.6155432172117101,0.7825977333743014,,MRAS
ENSG00000147905,10.514653438777076,0.04387112514180609,0.08745645260671643,0.5016339427702434,0.615925038611539,0.7828335437705963,,ZCCHC7
ENSG00000071243,13.989986547794354,-0.04274812446893206,0.08529460531572396,-0.501182042061123,0.6162430115052264,0.7828335437705963,,ING3
ENSG00000135070,11.511846721321902,0.04323843400233876,0.08629613381394177,0.5010471743214211,0.6163379230465464,0.7828335437705963,,ISCA1
ENSG00000169564,130.5989349368102,0.019557467481390887,0.03905926641937759,0.5007126163457152,0.6165733918638605,0.7828335437705963,,PCBP1
ENSG00000186184,61.70538786366102,0.02711925738809789,0.054177265752384456,0.5005652649959419,0.616677113303609,0.7828335437705963,,POLR1D
ENSG00000143549,288.5703595482355,-0.021591668232471686,0.04317237938534634,-0.5001268991859266,0.6169857266801599,0.7828335437705963,,TPM3
ENSG00000142864,58.54347860641956,0.024190632869615255,0.048403024117586825,0.4997752374076519,0.6172333485748704,0.7828335437705963,,SERBP1
ENSG00000174917,59.53698237247094,-0.020270164596230333,0.040558652524096794,-0.4997741131608694,0.6172341402806625,0.7828335437705963,,MICOS13
ENSG00000015285,71.59549237385714,0.020582649658049942,0.0412099915131412,0.49945775047020985,0.6174569437134092,0.7828774415872545,,WAS
ENSG00000147649,72.51100656557378,-0.02373137448340146,0.04756167268029114,-0.49896004799754223,0.6178075298154178,0.7830469462031316,,MTDH
ENSG00000072274,15.519557184427839,0.05742435354950807,0.11514034324095451,0.4987335623043607,0.6179670972079041,0.7830469462031316,,TFRC
ENSG00000123329,17.893819776494105,-0.03722113218295482,0.07492698089097061,-0.4967654073386041,0.6193544920709891,0.7843510881494825,,ARHGAP9
ENSG00000177606,93.82867415590293,-0.06358200415567022,0.12799891849910236,-0.4967386045227883,0.6193733953295794,0.7843510881494825,,JUN
ENSG00000115484,29.448377371357967,-0.027929302387278605,0.056299556813966166,-0.4960838764604665,0.6198352344246968,0.7846970709697926,,CCT4
ENSG00000165283,11.575885294958264,-0.039042897900755234,0.07878902831140076,-0.49553724341471195,0.6202209392250212,0.7849464883407631,,STOML2
ENSG00000108528,21.391294217341258,0.034124128416884836,0.06894163637842596,0.49497125698576205,0.6206204098974843,0.7852131706732162,,SLC25A11
ENSG00000108819,10.416957523393174,0.04511668447345263,0.09168786307857457,0.492068229737109,0.6226711106896398,0.7875418499906648,,PPP1R9B
ENSG00000092929,10.685264828300093,0.04616227384144665,0.09385820708767353,0.49182991316173535,0.6228395880935786,0.7875418499906648,,UNC13D
ENSG00000148411,10.003159356527386,-0.05349179902842954,0.10909243599031924,-0.49033462808710543,0.6238971271377254,0.7880884937755502,,NACC2
ENSG00000186010,145.38921162043303,0.02364990846469338,0.04823532173183515,0.4903026996725622,0.6239197169450814,0.7880884937755502,,NDUFA13
ENSG00000130165,23.204825035600752,-0.028542982040216984,0.05822251532324557,-0.49023958998935735,0.6239643689837592,0.7880884937755502,,ELOF1
ENSG00000113163,20.78655223290758,-0.03902167446176324,0.07963250648278011,-0.4900219293009615,0.6241183812022406,0.7880884937755502,,CERT1
ENSG00000128534,56.27012670392667,-0.01975982947137317,0.04036847035437298,-0.4894867033086046,0.6244971659388494,0.7880884937755502,,LSM8
ENSG00000105258,35.14630690544917,-0.025647132191458952,0.05240691012671703,-0.48938455118696367,0.6245694712886802,0.7880884937755502,,POLR2I
ENSG00000133703,34.20207860361153,0.031178719216990683,0.06373886226935532,0.4891634099967444,0.6247260119039907,0.7880884937755502,,KRAS
ENSG00000136381,12.703985898871451,-0.0473858194690305,0.09688833833839786,-0.4890766038687548,0.6247874645364819,0.7880884937755502,,IREB2
ENSG00000242372,55.86197324986089,-0.023138607632917425,0.047507608449332835,-0.48705056701801563,0.6262224964379018,0.7895202817664786,,EIF6
ENSG00000128228,23.397335018881297,0.03011492255136831,0.061845474981405246,0.4869381722821727,0.6263021465936008,0.7895202817664786,,SDF2L1
ENSG00000166130,7.884346349167444,-0.0528412589581299,0.10922295446946563,-0.48379261680659075,0.6285330554145135,0.7920925509010531,,IKBIP
ENSG00000126698,52.052701852341166,0.025172986792081842,0.0521569597065069,0.48263907508668225,0.6293520291980728,0.7928844462337924,,DNAJC8
ENSG00000187531,15.476441704958145,0.033428258601721036,0.06943334469376447,0.48144387612545897,0.6302010592264651,0.7937137167369346,,SIRT7
ENSG00000175324,20.605837165547843,-0.03217547939255036,0.06706263579030079,-0.47978250501755365,0.6313820541863044,0.7949604556340879,,LSM1
ENSG00000137288,22.258155559973627,0.02972323880776316,0.06212071514511864,0.47847547695366116,0.6323118244086741,0.795784279854753,,UQCC2
ENSG00000166888,22.17437772493787,-0.03270895721327969,0.0683822953790861,-0.4783249382307709,0.6324189493268781,0.795784279854753,,STAT6
ENSG00000086598,51.634662642996105,0.02613619069787614,0.05467785363598004,0.4780032309219535,0.6326479054427594,0.7958316560755606,,TMED2
ENSG00000100644,26.309116990345895,0.0458266203515804,0.09623671847636611,0.47618643982374087,0.633941559235607,0.7972179221342579,,HIF1A
ENSG00000100055,28.215322394536226,-0.031875833557047456,0.06719983095001207,-0.47434395453701256,0.6352546521970224,0.7986277888001249,,CYTH4
ENSG00000136250,25.83031443857879,0.03245542137727765,0.06848783727103451,0.47388591420748494,0.6355812643502041,0.7986457973409523,,AOAH
ENSG00000189068,11.785573079066706,0.09425356624998071,0.19893725013028812,0.47378540815383796,0.635652941104782,0.7986457973409523,,VSTM1
ENSG00000166037,10.623670183601936,0.042614047234154094,0.09027101626451674,0.4720678795648455,0.636878338428591,0.7999438067219017,,CEP57
ENSG00000082898,16.00391758771764,0.04101251259757186,0.08694838540013297,0.47168802972975205,0.6371494824826531,0.8000428153117528,,XPO1
ENSG00000013563,10.10550852094818,0.04265638077961681,0.09055531576681575,0.4710533050258366,0.6376026694850001,0.8001945733180788,,DNASE1L1
ENSG00000213585,48.08096695755611,0.023287272698208784,0.049444297013335727,0.4709799532983131,0.637655050612844,0.8001945733180788,,VDAC1
ENSG00000159346,17.342002269865553,-0.035830364207300985,0.07626570621720351,-0.4698096429508787,0.6384910243658779,0.8010020088546598,,ADIPOR1
ENSG00000123066,20.400640134559655,-0.03731123147054804,0.07962244939832022,-0.46860190502171595,0.6393542153590761,0.8018430919185278,,MED13L
ENSG00000055044,10.238001688565149,0.04576612303924428,0.09777980851239465,0.4680529010592502,0.6397467595104299,0.8020935863663016,,NOP58
ENSG00000127838,24.471219101364966,-0.030328039604440533,0.06484914848276986,-0.4676705911180709,0.6400201751098633,0.8021471180018371,,PNKD
ENSG00000221869,67.90752190582744,-0.053081521534909935,0.11355453759669762,-0.467453988703078,0.6401751037899277,0.8021471180018371,,CEBPD
ENSG00000115539,21.735432853011382,-0.02884833611688264,0.061769665237795826,-0.467030799111905,0.6404778428355629,0.8022848016247942,,PDCL3
ENSG00000004142,11.28535035054166,0.038216155758843504,0.08191610731674115,0.46652797612897906,0.6408376273662202,0.8024938380022504,,POLDIP2
ENSG00000184863,12.746416804590499,-0.03926472867714111,0.08426865366330692,-0.4659470273967144,0.6412534182475562,0.8027728618446686,,RBM33
ENSG00000064201,19.271253485735603,-0.034618788490135985,0.07444362968824224,-0.4650335916600764,0.6419074010340899,0.803349815975275,,TSPAN32
ENSG00000157020,13.762414526821763,-0.03519771957615599,0.07609100931633712,-0.4625739610027602,0.6436697766442288,0.8050982725927295,,SEC13
ENSG00000182022,10.370641085624397,0.04487590304742872,0.09701983585212565,0.46254358867218714,0.6436915515969756,0.8050982725927295,,CHST15
ENSG00000185475,40.726083247640226,-0.02344214004028121,0.05078471305476153,-0.4615983556902916,0.6443693739688336,0.8055291106331672,,TMEM179B
ENSG00000130748,50.84082689195707,0.01939263722272239,0.04202736273345351,0.46142883972317333,0.6444909644114636,0.8055291106331672,,TMEM160
ENSG00000169249,28.025586060946555,-0.03148625354904256,0.06826240013461785,-0.46125324464052886,0.6446169253119745,0.8055291106331672,,ZRSR2
ENSG00000130312,19.722967349673752,0.031363300963617585,0.06810834853882568,0.4604912853780135,0.6451636252535136,0.8059701744908758,,MRPL34
ENSG00000116754,42.74329365837573,0.024680275314106572,0.05373131074279488,0.45932762430174073,0.6459989133272577,0.8067713838010783,,SRSF11
ENSG00000172270,50.507118065041674,-0.02491728371108542,0.05429205277869833,-0.45894900700571417,0.6462707851099756,0.8068686872921663,,BSG
ENSG00000047849,14.150916034007313,0.041812572930597376,0.09121084705929246,0.4584166716861726,0.6466531163124534,0.8071037995378956,,MAP4
ENSG00000126261,10.953840402234741,-0.043479121951408704,0.09510039360030224,-0.4571918191437488,0.647533177975435,0.8079598141505128,,UBA2
ENSG00000157045,13.418357408325873,0.037826260641707465,0.0828750929189585,0.45642495603228855,0.6480844233242746,0.8084051577298298,,NTAN1
ENSG00000090061,19.63495943397962,-0.03768199814680056,0.08272234245433936,-0.45552382861498475,0.6487324286808183,0.8087900389807995,,CCNK
ENSG00000163882,8.293673326408191,0.04424662506678901,0.09714814684847681,0.4554551630902546,0.6487818173266653,0.8087900389807995,,POLR2H
ENSG00000086232,13.363839592788452,-0.03735913650489965,0.08213002638588147,-0.4548779313593628,0.6491970604311692,0.8090652400819843,,EIF2AK1
ENSG00000109854,20.09401628367927,0.02888052354948608,0.0635932336090603,0.45414459857520745,0.6497247551784553,0.8094204123813982,,HTATIP2
ENSG00000100101,14.030364116093518,0.03322527197525009,0.07319290874994883,0.4539411336794744,0.6498711964792956,0.8094204123813982,,ENSG00000100101
ENSG00000153395,8.334364331722224,0.04657599538236967,0.10285566217687947,0.45282869602524717,0.6506720985150898,0.8101753755829911,,LPCAT1
ENSG00000164096,115.97508764495923,0.017556332065330357,0.03887097456827935,0.4516565962217267,0.6515163910327313,0.8109838978743752,,C4orf3
ENSG00000095370,16.26398598429062,0.036678942116480595,0.08145793191284613,0.4502807922465342,0.652507987017981,0.8118839745994794,,SH2D3C
ENSG00000141385,8.340586659885306,-0.05175698203761535,0.1149869412430377,-0.45011182555261825,0.6526298103511199,0.8118839745994794,,AFG3L2
ENSG00000166848,33.69659667494609,0.023569122549312864,0.0525120240602408,0.4488328715395699,0.653552223978294,0.8127884160686706,,TERF2IP
ENSG00000255198,17.958728985067047,-0.04326539338080371,0.09648613887044583,-0.44841045446846156,0.6538569981523057,0.8129244208946778,,SNHG9
ENSG00000111605,10.820344721850619,-0.03867453979754889,0.0863797161399541,-0.4477270999002549,0.6543501611165348,0.8130984533444409,,CPSF6
ENSG00000160213,275.4639733195828,-0.02010954770520086,0.044919987417351835,-0.4476748294331196,0.6543878898550932,0.8130984533444409,,CSTB
ENSG00000145022,8.592772277281664,0.04503880210499382,0.100714505687658,0.44719280303743847,0.6547358573274031,0.8132878968295004,,TCTA
ENSG00000196396,28.36870408015537,-0.03349233966410174,0.07522266524467722,-0.44524266130641615,0.6561443997694847,0.8147942397137481,,PTPN1
ENSG00000169020,153.80799653994634,0.020964138200962556,0.04718097458194266,0.44433457313503766,0.6568007087216341,0.8152477137846792,,ATP5ME
ENSG00000100612,33.81962478668353,0.026838979428609366,0.06042159960323906,0.4441951157342513,0.6569015232226549,0.8152477137846792,,DHRS7
ENSG00000228300,27.036845262361037,-0.025227390255696532,0.05686634119591689,-0.4436260488217924,0.657312969458621,0.8155150471064311,,FAM174C
ENSG00000072364,14.684715035174918,-0.04053471263515592,0.09149150786635252,-0.4430434428337061,0.6577343123243955,0.8156201204274162,,AFF4
ENSG00000108061,50.61165994125074,-0.027944625917422562,0.06309019278645935,-0.4429313762284166,0.6578153717965227,0.8156201204274162,,SHOC2
ENSG00000187742,13.828616833305176,-0.036982631352687,0.08354679699685387,-0.4426576802708506,0.6580133571378156,0.8156201204274162,,SECISBP2
ENSG00000077150,8.921314748403363,-0.06270571188439786,0.1417319424024985,-0.44242469849402455,0.658181909681451,0.8156201204274162,,NFKB2
ENSG00000118564,37.84169784359392,-0.030294656361638382,0.06852984696508203,-0.4420651395453196,0.6584420695956832,0.815699526360346,,FBXL5
ENSG00000090273,29.7775614038435,0.02486704942361283,0.05638351673361844,0.4410340266836524,0.6591883635331852,0.8163809444174012,,NUDC
ENSG00000151461,39.096766166244755,0.025773402490207337,0.058775569776969516,0.43850536180265715,0.6610199842067488,0.8184056947321652,,UPF2
ENSG00000117713,15.756028743087304,-0.03412544207996415,0.07788690734125807,-0.4381409308042625,0.6612841250033141,0.8184891282397462,,ARID1A
ENSG00000072958,14.026768139863538,-0.03310395380727617,0.07567633436446625,-0.4374412963482557,0.6617913405700915,0.8188732827993993,,AP1M1
ENSG00000182578,71.77322219062067,-0.027946007758718534,0.06400592827615155,-0.43661592779572495,0.6623899094688461,0.8193702121291704,,CSF1R
ENSG00000172349,15.990534860549277,0.0346018814178289,0.0793901495165638,0.43584602911737347,0.6629484453230154,0.8196688293664333,,IL16
ENSG00000135968,22.46916532474528,0.03364937239398889,0.07722351195018837,0.43573999089414384,0.6630253872158769,0.8196688293664333,,GCC2
ENSG00000068784,10.54723593375758,0.04312620737223015,0.09912526669937495,0.4350677562666481,0.6635132468810723,0.820028255206554,,SRBD1
ENSG00000102032,16.52776838906663,0.03070668318220952,0.07075830745525064,0.4339657672228694,0.6643133000972916,0.820773189309395,,RENBP
ENSG00000182827,8.660024232372649,-0.04998309477178159,0.11528698925563098,-0.4335536481133343,0.6646126003646069,0.8208198698566156,,ACBD3
ENSG00000171055,12.010878246974231,0.036958620307911354,0.08536118400891457,0.43296752191314064,0.6650383648718617,0.8208198698566156,,FEZ2
ENSG00000198951,21.43463838726063,-0.02672261703835269,0.06172678026300684,-0.43291772103602955,0.665074545418441,0.8208198698566156,,NAGA
ENSG00000153786,11.726640535779788,-0.03947095573619876,0.09119334075071114,-0.4328271714937799,0.6651403320400604,0.8208198698566156,,ZDHHC7
ENSG00000118058,10.411995798274777,0.0458543558240421,0.10606972210184648,0.4323039121382204,0.6655205441971204,0.8210455112277641,,KMT2A
ENSG00000163875,32.55028355469591,-0.022193721273747274,0.051419725957471275,-0.431618816718383,0.666018480144415,0.8214162103174523,,MEAF6
ENSG00000163527,16.154203789041016,0.03687545095009573,0.08569480105141548,0.4303114132673119,0.6669691258796715,0.8219403708894898,,STT3B
ENSG00000184557,9.685990514133037,0.08597191750159106,0.1998308097353251,0.4302235356773083,0.6670330430748763,0.8219403708894898,,SOCS3
ENSG00000067836,21.005799520345022,-0.040102429487279045,0.0932139546519243,-0.43021916232422375,0.667036224068009,0.8219403708894898,,ROGDI
ENSG00000182512,10.164909682965126,0.0380289039475718,0.08846327802964483,0.4298835041453921,0.6672803855666812,0.8219977506536552,,GLRX5
ENSG00000116815,22.984882186961045,0.028917384743032515,0.06738458557172405,0.42913946116434737,0.6678217363003771,0.8220324471756766,,CD58
ENSG00000119004,8.715657052612103,-0.04192103811374948,0.0976997454593668,-0.4290803206972979,0.6678647731367899,0.8220324471756766,,CYP20A1
ENSG00000173660,155.66413677662734,0.01518892798807335,0.03540829463787395,0.4289652507530465,0.6679485132846195,0.8220324471756766,,UQCRH
ENSG00000134375,17.433859384857456,-0.028796764336787743,0.06716987093714913,-0.4287154930479602,0.6681302843260869,0.8220324471756766,,TIMM17A
ENSG00000100796,16.600965517044344,0.03605820014748408,0.08415237162162145,0.42848703432405183,0.6682965712375333,0.8220324471756766,,PPP4R3A
ENSG00000162231,14.177229021359437,-0.03732099277712643,0.08723811396913153,-0.4278060480575285,0.6687923332710795,0.8223990855476473,,NXF1
ENSG00000121390,9.482953751389376,0.04062680114713901,0.09520383173100949,0.4267349371181473,0.6695724005892453,0.8229197693292397,,PSPC1
ENSG00000134330,22.055427679728826,0.031056174487523604,0.07282377683455758,0.4264565206234442,0.669775223829423,0.8229197693292397,,IAH1
ENSG00000001036,12.462629216671749,0.035218612906532255,0.0825933356693402,0.4264098625042686,0.6698092160934629,0.8229197693292397,,FUCA2
ENSG00000156030,9.036532946118507,-0.04487969233282925,0.10535442206731334,-0.42598774168353937,0.6701167783447385,0.8230545609430505,,MIDEAS
ENSG00000100345,37.33312741320107,-0.024199500161976823,0.05689970057416285,-0.4253010106869594,0.6706172568828017,0.8234261477663681,,MYH9
ENSG00000147813,37.1994591410899,-0.03013803141188225,0.07097716474888745,-0.42461588200245287,0.671116713365207,0.8237394344775063,,NAPRT
ENSG00000117280,12.723081596637408,0.03663468023834165,0.08631952630976217,0.4244077997703111,0.6712684333843141,0.8237394344775063,,RAB29
ENSG00000099995,11.651429918488203,-0.03621745622597299,0.08548894593609487,-0.4236507519117904,0.6718205364196734,0.8241738223255209,,SF3A1
ENSG00000186298,42.31470776080245,0.023917316129944736,0.05660941115062768,0.4224971721805226,0.6726621643339561,0.8249630317303235,,PPP1CC
ENSG00000136045,12.68108188468634,-0.0333297011914468,0.07897968148205743,-0.4220034895812871,0.6730224703687839,0.8251616494942944,,PWP1
ENSG00000137100,47.565744522488735,0.01787412385983232,0.04245190767093191,0.42104406705075503,0.6737229035967831,0.8256142224453901,,DCTN3
ENSG00000185950,15.429147087111245,0.06470319157776405,0.15370601457928493,0.4209541946349063,0.6737885300966584,0.8256142224453901,,IRS2
ENSG00000112249,9.903610748601936,0.045064873593328,0.10722332436610267,0.4202898376798948,0.6742737328151396,0.8259654677594171,,ASCC3
ENSG00000138777,18.684037001606566,-0.027921639142643697,0.06651362036895835,-0.4197882928001709,0.6746401180466346,0.8261710011992934,,PPA2
ENSG00000104324,13.915284427938133,-0.0311330533856824,0.0742823301797145,-0.41911788860635957,0.6751299777297499,0.8265275772088757,,CPQ
ENSG00000172340,17.550619667742033,-0.03387014895722989,0.08115176376337742,-0.417367995303079,0.6764092607484598,0.8278501102423043,,SUCLG2
ENSG00000115677,15.836447902768862,-0.03336157795661877,0.08026153336828534,-0.41566085964912936,0.677658185925072,0.8289536434895254,,HDLBP
ENSG00000065135,32.23653130089202,0.02134875928534006,0.051369662390478965,0.41559080383010094,0.6777094570932394,0.8289536434895254,,GNAI3
ENSG00000167460,18.66853890849453,0.03808046251136452,0.09182824077697975,0.4146922797296019,0.6783671847160696,0.8292869967291608,,TPM4
ENSG00000134480,18.06825113342646,0.034881555447578844,0.084142296380727,0.4145543555139833,0.6784681681791007,0.8292869967291608,,CCNH
ENSG00000109390,48.66191174385468,0.023218886638126615,0.056029918386997515,0.4144015787735801,0.6785800329004961,0.8292869967291608,,NDUFC1
ENSG00000136247,9.151590545700405,0.0367188124839344,0.0890476419320584,0.412350194651422,0.6800827628750434,0.830866112438387,,ZDHHC4
ENSG00000125538,20.806831753959006,0.11313346604233164,0.2746674687408482,0.41189248425001623,0.6804182297820369,0.830866112438387,,IL1B
ENSG00000091592,11.344214383304887,0.040998348686142924,0.09955404821987326,0.41182000550690534,0.680471356989804,0.830866112438387,,NLRP1
ENSG00000110880,17.020916857963133,-0.030680427313873587,0.07467115616005979,-0.41087387542398834,0.6811650194902482,0.8311767692019302,,CORO1C
ENSG00000161677,22.180146512081315,0.02526598371129284,0.06152671886519764,0.4106505950146555,0.6813287585826786,0.8311767692019302,,JOSD2
ENSG00000101473,8.665266017480619,0.0386287691494336,0.09411060416406507,0.410461387348988,0.6814675227295937,0.8311767692019302,,ACOT8
ENSG00000183648,107.7900141127916,0.025656543008118707,0.06258714844953281,0.40993308760195196,0.6818550326990961,0.8311767692019302,,NDUFB1
ENSG00000104131,23.372865320722465,-0.028070859113405216,0.06849129629310581,-0.40984563926600365,0.6819191845006829,0.8311767692019302,,EIF3J
ENSG00000119632,41.164636906578735,0.0251215864651399,0.061304557948152275,0.40978333921576005,0.6819648890080126,0.8311767692019302,,IFI27L2
ENSG00000116001,8.167816341135454,0.0425377217605941,0.1038604997673502,0.4095659259861018,0.6821243966479301,0.8311767692019302,,TIA1
ENSG00000038219,20.026859064496765,0.04075409630701607,0.0997674737524571,0.408490811425526,0.6829133750975289,0.8318022835115759,,BOD1L1
ENSG00000099330,9.108423600455897,0.04124445260916806,0.10100974574697014,0.4083215169404108,0.6830376443450825,0.8318022835115759,,OCEL1
ENSG00000196576,25.643396730360767,0.025618526718522376,0.06285060549485631,0.40760986337067184,0.683560121814011,0.8321949390536394,,PLXNB2
ENSG00000178952,41.370104685822284,-0.025673940134899525,0.06320076423129778,-0.40622831776115575,0.6845748490944701,0.8329390536496548,,TUFM
ENSG00000147162,10.092579455907929,-0.03885167618470791,0.09570749915998872,-0.4059418177854778,0.6847853509682449,0.8329390536496548,,OGT
ENSG00000160216,12.538566454286357,-0.033465821782410324,0.08251204945922641,-0.4055870869980943,0.6850460184044198,0.8329390536496548,,AGPAT3
ENSG00000162078,8.248926445906491,0.04370148124401812,0.10778180364083922,0.4054625156361676,0.6851375662926892,0.8329390536496548,,ZG16B
ENSG00000163156,18.650548341233446,0.026679444348189817,0.06580773309139021,0.4054150339921124,0.6851724619204613,0.8329390536496548,,SCNM1
ENSG00000182372,8.392756791759298,-0.04504862191271465,0.11134832700341414,-0.40457385508210986,0.6857907798318092,0.8332120460594705,,CLN8
ENSG00000250317,11.67866816835913,-0.03723111951494406,0.09202763268189443,-0.4045645685968942,0.6857976071412566,0.8332120460594705,,SMIM20
ENSG00000135317,12.392085225846886,0.03447167548623342,0.0853574550445746,0.4038507880563207,0.6863224465118152,0.8333644243710531,,SNX14
ENSG00000136167,192.125532289919,0.01958874187254146,0.04850510127413269,0.4038491077842146,0.6863236821863529,0.8333644243710531,,LCP1
ENSG00000138071,105.56005550617614,0.017964251420170888,0.04465050316540335,0.40233032433305627,0.6874409402883999,0.8344774763932721,,ACTR2
ENSG00000125304,30.140928121362,0.027582193536315244,0.06884551725339821,0.40063891792393763,0.6886859881527807,0.8357449564514492,,TM9SF2
ENSG00000116731,13.822575508675628,-0.034435600902726224,0.08604828072402458,-0.400189296206494,0.6890170977774996,0.8359029241045198,,PRDM2
ENSG00000005844,38.53672022746788,0.025039213599873236,0.06262506749087504,0.39982733118046765,0.6892836987115304,0.8359825617026142,,ITGAL
ENSG00000196998,16.661560257517607,0.02657959713772592,0.06681469252753013,0.39781066307794716,0.6907697566037839,0.8375407133406415,,WDR45
ENSG00000179094,13.745669915641297,0.05825704984627067,0.146778893902777,0.3969034531957899,0.6914386576449085,0.8380869118571808,,PER1
ENSG00000104852,18.224402189444525,0.02556198245314946,0.06449538084058651,0.3963381891849141,0.6918555581081856,0.8380869118571808,,SNRNP70
ENSG00000135837,17.03396227610702,-0.033586614348107335,0.08482740058277582,-0.3959406290580957,0.6921488274995817,0.8380869118571808,,CEP350
ENSG00000100365,14.388438768542557,0.03425403477611102,0.08658350620112325,0.39561847607029155,0.6923865049411024,0.8380869118571808,,NCF4
ENSG00000162772,12.110385377973643,-0.058734302249914015,0.1484687101954514,-0.39560054217884255,0.692399737065046,0.8380869118571808,,ATF3
ENSG00000155097,7.928409776695844,0.04354470852409512,0.11008346190386244,0.3955608569262056,0.6924290182820025,0.8380869118571808,,ATP6V1C1
ENSG00000103495,9.23189410742792,-0.04009555498712179,0.10183559448726538,-0.3937282949935131,0.6937816489098558,0.8394798311416521,,MAZ
ENSG00000084093,18.569239870063246,-0.03186783627202194,0.08111314510819916,-0.3928812799640863,0.6944071685527737,0.8398639957408351,,REST
ENSG00000158526,11.551024234809807,-0.0335371965820244,0.08539033942284635,-0.39275164859048983,0.6945029195549214,0.8398639957408351,,TSR2
ENSG00000113742,12.066989283199732,0.04195792513127514,0.10694689133678197,0.39232486897769847,0.6948181907639145,0.8400010675902018,,CPEB4
ENSG00000188612,179.56417229131748,0.013619783833461484,0.03474649640252319,0.3919757455739467,0.69507613493321,0.8400687743527464,,SUMO2
ENSG00000265666,9.390051157940716,0.03685672939351865,0.0941422170475167,0.39150054618870767,0.6954272850187764,0.8402490577049404,,RARA-AS1
ENSG00000122644,81.70739359117849,-0.04069933569961709,0.10408140199184869,-0.3910336997843719,0.6957723262648874,0.8404218575092717,,ARL4A
ENSG00000137947,12.304534522994985,-0.0331578922843978,0.08498120296226991,-0.39017913525087766,0.6964040890328345,0.8406620119849509,,GTF2B
ENSG00000055609,25.98631031958413,-0.029326719501411167,0.07518904532598737,-0.3900397906937523,0.6965071237142433,0.8406620119849509,,KMT2C
ENSG00000151657,12.52497003021954,0.034157341761207105,0.08774435005689023,0.3892825206302255,0.6970671650885989,0.8406620119849509,,KIN
ENSG00000135241,16.72165365689025,0.03318717338487401,0.08532192433607305,0.3889641923001364,0.6973026350811543,0.8406620119849509,,PNPLA8
ENSG00000114902,86.97727864754935,0.013570135992516313,0.034899296855346575,0.3888369455912796,0.6973967686399432,0.8406620119849509,,SPCS1
ENSG00000158825,37.49490255582258,-0.04453584344072623,0.1145501706889728,-0.3887889749343995,0.697432257200163,0.8406620119849509,,CDA
ENSG00000241468,169.148239269768,-0.01350324761003754,0.03475606158470839,-0.3885148947940223,0.6976350336273505,0.8406620119849509,,ATP5MF
ENSG00000138434,11.085764697058531,0.03815962522541269,0.09824118473614016,0.38842798290659086,0.6976993393376844,0.8406620119849509,,ITPRID2
ENSG00000143924,24.507400855024034,-0.02908329925192853,0.07493110675226562,-0.3881338540491952,0.6979169800447169,0.8406620119849509,,EML4
ENSG00000144674,13.990593451674503,-0.04087728123430529,0.10535566274678902,-0.38799320481281985,0.6980210622581766,0.8406620119849509,,GOLGA4
ENSG00000131475,14.71756808966198,-0.029382072004341866,0.07583930717121903,-0.38742537478628686,0.6984413213952794,0.8406620119849509,,VPS25
ENSG00000162521,27.57631050388206,-0.022741508123343426,0.0587115389340872,-0.38734307661181044,0.6985022391276375,0.8406620119849509,,RBBP4
ENSG00000132522,9.189712671598857,0.035929087835191234,0.09278884951034407,0.3872134208452048,0.698598215248071,0.8406620119849509,,GPS2
ENSG00000105323,19.436521862596987,-0.02937121288929078,0.07595938537601465,-0.3866699650595803,0.6990005542622484,0.8409029224207499,,HNRNPUL1
ENSG00000175567,111.85037576147735,-0.020949521419079107,0.054442371488504886,-0.3848017793181997,0.7003842807458033,0.842323968748928,,UCP2
ENSG00000135090,60.607858038107956,0.021349347231519655,0.05558846747636803,0.384060726995141,0.7009334387303032,0.8427407818260294,,TAOK3
ENSG00000100591,17.067284874916904,-0.032564810901420355,0.08486188560316875,-0.38373895029507077,0.7011719405470189,0.8427839562772605,,AHSA1
ENSG00000146007,37.86737435017093,0.0185467012042334,0.048408922494819734,0.38312567701167266,0.7016265820096259,0.8430868229809485,,ZMAT2
ENSG00000198492,19.55945257841913,0.02423226852124183,0.06348478555738367,0.3817019827425954,0.7026824292307673,0.8440368829481977,,YTHDF2
ENSG00000071073,8.281940713647765,0.04492953281759606,0.11776687876593546,0.38151247013088124,0.702823019839557,0.8440368829481977,,MGAT4A
ENSG00000132612,9.519281780275026,-0.03520634680588483,0.09252691546353635,-0.3804984379897457,0.703575455817411,0.8446966511400952,,VPS4A
ENSG00000166598,57.59009116392173,0.01925999901767728,0.05072246595458428,0.37971338055453047,0.7041581865737638,0.8447907598216712,,HSP90B1
ENSG00000125970,41.882295839509894,0.018001747836220695,0.04750060188322165,0.3789793628400179,0.7047031888415953,0.8447907598216712,,RALY
ENSG00000087253,25.357384316968762,-0.024698611429047654,0.0651829611342617,-0.37891208069198135,0.7047531528872146,0.8447907598216712,,LPCAT2
ENSG00000132507,65.97124594135566,0.03312053575226291,0.08744762699758765,0.3787471071476483,0.7048756684223578,0.8447907598216712,,EIF5A
ENSG00000144034,21.20836130937647,-0.02316176993283664,0.061222192311891556,-0.37832310569410615,0.7051905829026826,0.8447907598216712,,TPRKB
ENSG00000198431,8.863554940938762,-0.039777694532492656,0.10518520855384318,-0.37816813865165155,0.7053056926774367,0.8447907598216712,,TXNRD1
ENSG00000018280,62.75442744774039,-0.024530799788381703,0.06487880381428164,-0.3781019122763449,0.7053548877959114,0.8447907598216712,,SLC11A1
ENSG00000241837,132.7701331373269,-0.01219715347076709,0.03229486849113465,-0.3776808527371884,0.7056676934046918,0.8447907598216712,,ATP5PO
ENSG00000179335,13.623187290919999,0.030573467825767937,0.0809787442177951,0.37754929544893345,0.7057654376654356,0.8447907598216712,,CLK3
ENSG00000138629,14.049300487870852,0.02799285636992726,0.07415735007923473,0.37747918904893174,0.7058175272092291,0.8447907598216712,,UBL7
ENSG00000108846,9.759118703200105,-0.04887876504329487,0.12951969846521003,-0.377384796463405,0.705887663735608,0.8447907598216712,,ABCC3
ENSG00000143314,10.007066755953932,-0.03175210339553592,0.08426193918205353,-0.37682616497744476,0.7063027948390184,0.8450444712482935,,MRPL24
ENSG00000138668,39.0411821329372,0.024693797392840017,0.06587951751462295,0.37483269951633835,0.7077848936311741,0.846574225849823,,HNRNPD
ENSG00000008083,12.663583144335835,0.04074507895357766,0.10886367954197158,0.37427615091651106,0.7081988736155189,0.8468259023399134,,JARID2
ENSG00000084234,76.89054132706052,-0.019738676580061343,0.05283738431084518,-0.37357406763244844,0.7087212303068585,0.8472069879530263,,APLP2
ENSG00000169032,19.9811763694146,0.026943030604122918,0.07224141605239465,0.37295822917676336,0.7091795328345474,0.847403389540841,,MAP2K1
ENSG00000186594,18.030798801230645,-0.03954868173931423,0.10608384916174912,-0.3728058705620043,0.7092929332647137,0.847403389540841,,MIR22HG
ENSG00000163950,15.173435695389475,-0.02636767227508181,0.07100022284558076,-0.3713745002241638,0.7103586155999828,0.8484329144116936,,SLBP
ENSG00000090581,9.91182708359703,-0.03331463246614781,0.08987727771993576,-0.37066801878399863,0.7108848133925679,0.8487095666841937,,GNPTG
ENSG00000213625,30.42997167274911,-0.021564092058418253,0.0582002109729778,-0.37051570257074157,0.7109982788207729,0.8487095666841937,,LEPROT
ENSG00000186350,34.447808500404435,-0.021210233266599696,0.05729090379633859,-0.37021991033688706,0.7112186426133755,0.8487290743751126,,RXRA
ENSG00000171148,25.52461806571849,-0.021780641917969516,0.05900493708802813,-0.3691325335280922,0.7120289404078239,0.8493771038349464,,TADA3
ENSG00000164405,130.61708837040834,-0.01336379241362965,0.03622181137370066,-0.3689432390819807,0.712170033215455,0.8493771038349464,,UQCRQ
ENSG00000069849,83.68093449809716,-0.020047714051518117,0.054461930755082905,-0.3681050923749536,0.7127948739202408,0.8498786688186304,,ATP1B3
ENSG00000271869,16.013475834207767,0.03538150011685589,0.09633200376232096,0.36728707734713306,0.7134048923233143,0.8502144542600366,,DCTN6-DT
ENSG00000225921,35.949388573824876,0.021521250348384365,0.05862512028128919,0.36709946598187354,0.7135448256139867,0.8502144542600366,,NOL7
ENSG00000035141,11.04055577920127,0.03234788079168962,0.08816410630570963,0.36690533310146795,0.7136896332394346,0.8502144542600366,,FAM136A
ENSG00000153814,8.97230916847393,-0.03751615508047004,0.10319998992439633,-0.3635286699926438,0.7162100001301326,0.8529726883885919,,JAZF1
ENSG00000129667,10.034042165519283,0.037937130650703026,0.10447302507471584,0.363128478605569,0.7165089116817014,0.8530844512295014,,RHBDF2
ENSG00000175416,44.08428434744995,0.016417023207493973,0.04533538672309851,0.3621238152828958,0.7172595076472048,0.8533976056548862,,CLTB
ENSG00000170315,279.3398532680693,-0.011832178044201332,0.03267924162741028,-0.36207015386418534,0.7172996064235058,0.8533976056548862,,UBB
ENSG00000166946,35.37612304379055,0.01889893853561185,0.05221383206772,0.3619527199440258,0.7173873622536386,0.8533976056548862,,CCNDBP1
ENSG00000099875,14.209801953229752,0.03225464101817913,0.08928427144332199,0.3612578172702513,0.7179067243094884,0.8537712902022504,,MKNK2
ENSG00000185043,76.34758852206703,0.013906133873280295,0.03856179466852751,0.3606194678649095,0.7183839340355087,0.8540946457809993,,CIB1
ENSG00000184203,36.64037093522834,0.01967612824157062,0.05463200295931964,0.3601575482455212,0.7187293189858863,0.854261133423225,,PPP1R2
ENSG00000175193,21.114474698127587,-0.02311916156388968,0.06426800472238108,-0.3597305014175821,0.7190486800945886,0.8543966035971118,,PARL
ENSG00000179833,12.182323864104637,0.03547719662926106,0.0989465849148304,0.3585489752859943,0.7199325237039855,0.8552025410075899,,SERTAD2
ENSG00000144401,9.311585172913274,0.034006480414284355,0.09554840620081853,0.35590840042701866,0.7219091645652682,0.8573057735059992,,METTL21A
ENSG00000182307,11.925932879807661,0.029691024083932305,0.08360061047053922,0.35515319704986353,0.7224748253842688,0.8574250983018002,,C8orf33
ENSG00000179912,15.825684022677379,-0.02905416720956283,0.0818972379092138,-0.35476370084386094,0.7227666243279779,0.8574250983018002,,R3HDM2
ENSG00000177666,10.533798874735952,-0.03178885356087424,0.0896134379666205,-0.35473311014710823,0.7227895436741923,0.8574250983018002,,PNPLA2
ENSG00000181929,13.165047427243577,-0.027112340446234888,0.0764628316198539,-0.3545819566430372,0.7229027954638803,0.8574250983018002,,PRKAG1
ENSG00000168438,32.972745818888754,0.02028545706865706,0.05723910465954093,0.35439857400487423,0.7230402030871912,0.8574250983018002,,CDC40
ENSG00000125898,52.256714857266786,-0.027637639774328232,0.07813818685748741,-0.3537020871080005,0.7235621583034633,0.8577995379146216,,FAM110A
ENSG00000165525,20.67404003887653,0.025473673141884593,0.07210942181738376,0.35326414357330943,0.7238904240455946,0.8579442062762602,,NEMF
ENSG00000149541,11.376592522468886,0.029073405903159023,0.08238040294671538,0.35291652945621116,0.7241510184664715,0.8580086120252125,,B3GAT3
ENSG00000130254,16.10192777875061,-0.02793491170490144,0.07942431150118592,-0.3517173920290682,0.7250502160043926,0.858020433989011,,SAFB2
ENSG00000112031,8.664563643439362,0.0342080003689327,0.09727059506311672,0.35167874059715465,0.7250792058815334,0.858020433989011,,MTRF1L
ENSG00000177697,16.56425912764654,0.04571647409166807,0.13011237135389492,0.35136147021195263,0.7253171842574174,0.858020433989011,,CD151
ENSG00000138430,13.62374334046459,-0.029004554191624926,0.08256999412020803,-0.3512723296237514,0.7253840516625798,0.858020433989011,,OLA1
ENSG00000159176,10.089267188843005,0.033277368228798065,0.09484469548325876,0.35086166979862277,0.725692128682919,0.858020433989011,,CSRP1
ENSG00000100083,15.403576689670293,-0.03304215084268674,0.09418382468492022,-0.3508261737429434,0.7257187599106287,0.858020433989011,,GGA1
ENSG00000059804,9.877178248467487,-0.04992484050037737,0.14245217406055577,-0.35046738198010613,0.7259879651966532,0.858020433989011,,SLC2A3
ENSG00000254901,12.738181217476361,0.02837844188799762,0.08102418586897128,0.3502465539597025,0.7261536716473127,0.858020433989011,,BORCS8
ENSG00000105963,8.496205831066556,-0.034247894402620334,0.0978073845438226,-0.3501565302288149,0.7262212279523668,0.858020433989011,,ADAP1
ENSG00000127540,263.39948821628184,0.012012641991868607,0.03431354445059372,0.3500845565273789,0.7262752405465063,0.858020433989011,,UQCR11
ENSG00000205155,33.3641746880885,0.018929618294924403,0.05411875447489895,0.34977926743868853,0.7265043595723206,0.858020433989011,,PSENEN
ENSG00000147274,40.50840700880042,0.021468063688159608,0.06140683650332851,0.3496038048955013,0.7266360550344436,0.858020433989011,,RBMX
ENSG00000011198,9.539682690692322,-0.03695298799183074,0.10595432032996144,-0.34876339045687116,0.7272669498656159,0.8583673678572598,,ABHD5
ENSG00000153487,8.397185878547505,-0.03987150248743738,0.11437883968990613,-0.34859159784741217,0.7273959364805984,0.8583673678572598,,ING1
ENSG00000145495,13.35825905981043,-0.02997650294359991,0.08609481341784152,-0.3481801255334139,0.7277049126103792,0.8583673678572598,,MARCHF6
ENSG00000108840,9.823369818569748,0.03356648516581286,0.09645858599966209,0.3479885675074114,0.7278487693672352,0.8583673678572598,,HDAC5
ENSG00000138495,59.038985117173404,-0.02366102551712998,0.06802304215164433,-0.34783839076738526,0.7279615562020223,0.8583673678572598,,COX17
ENSG00000198879,11.664847889863093,0.03606044291328442,0.10379147579434465,0.3474316425053594,0.7282670648427678,0.8584842702595392,,SFMBT2
ENSG00000182934,10.429633758989883,0.03399808643343895,0.09807909948866263,0.34663946356245784,0.7288621943797851,0.8585688556218545,,SRPRA
ENSG00000135766,8.753842455314414,-0.033590824656907416,0.09696799168577633,-0.3464114711765724,0.7290335054330187,0.8585688556218545,,EGLN1
ENSG00000127603,21.682189897296865,0.029657069796326447,0.0856708993612438,0.34617437213158114,0.7292116734849174,0.8585688556218545,,MACF1
ENSG00000116539,14.767657763335086,0.029801328383515912,0.08610144204060456,0.3461188068076944,0.7292534301571355,0.8585688556218545,,ASH1L
ENSG00000198382,12.440073732559199,0.0339218695197825,0.09810573453365509,0.3457684678783545,0.7295167241359811,0.8585688556218545,,UVRAG
ENSG00000149531,11.347347118094413,-0.04367153470660188,0.12633219584730343,-0.3456880838150495,0.7295771405344365,0.8585688556218545,,FRG1BP
ENSG00000104312,18.872791091177795,0.03841102755831255,0.11158450422371692,0.3442326318115093,0.7306713435439824,0.8593447815065663,,RIPK2
ENSG00000171681,8.449441047580128,-0.03893237040581915,0.11317494151741732,-0.34400168344533727,0.7308450200657646,0.8593447815065663,,ATF7IP
ENSG00000101966,14.165780195476483,-0.02836230678899517,0.08246208893548279,-0.3439435885645033,0.7308887104313427,0.8593447815065663,,XIAP
ENSG00000146540,30.970054561414624,-0.022760165114245286,0.06621868356217864,-0.34371213515402693,0.7310627840749371,0.8593447815065663,,C7orf50
ENSG00000073584,20.768433881853714,0.022752042296824367,0.06636671813564225,0.3428230736123349,0.7317315664799031,0.8598879425300556,,SMARCE1
ENSG00000168497,8.191835365199122,-0.03832538024147776,0.11191764929416205,-0.34244268426996816,0.7320177706136377,0.8599813402295208,,CAVIN2
ENSG00000115355,17.90579470228628,0.030551549341208746,0.08935187731079222,0.34192397810447156,0.7324081041086408,0.8601969828040501,,CCDC88A
ENSG00000157954,18.36608799145728,-0.023972960804767136,0.07035175618309593,-0.3407585269424637,0.7332853744717029,0.8609842387248897,,WIPI2
ENSG00000160131,35.85885551094096,-0.017219531997569214,0.050693216544781594,-0.3396811875679214,0.7340966303934062,0.8614681192667663,,VMA21
ENSG00000108523,22.36480165057734,-0.022214954322493888,0.06540358725739201,-0.33965956997233543,0.7341129118732799,0.8614681192667663,,RNF167
ENSG00000139597,17.85253961962352,0.024674991189977225,0.07270473565291961,0.3393862995083505,0.7343187382019118,0.8614681192667663,,N4BP2L1
ENSG00000160888,136.14913326780075,-0.022779604506809166,0.06721393394546522,-0.33891193640431244,0.7346760721050847,0.8616443360465611,,IER2
ENSG00000170266,10.676987943411282,0.02858617065272788,0.08449400313157983,0.3383218878647701,0.735120631083876,0.8619227241569685,,GLB1
ENSG00000176209,10.552790774718403,-0.029594155707701898,0.08806669808348805,-0.3360425263093929,0.7368387979024223,0.8635868624097881,,SMIM19
ENSG00000065427,26.98521672707187,-0.01953122550113607,0.05815461614575803,-0.33584995991003086,0.7369840135312073,0.8635868624097881,,KARS1
ENSG00000100528,24.88984490601394,-0.025138013588866453,0.0749439418599216,-0.3354242246271505,0.7373050967259587,0.8635868624097881,,CNIH1
ENSG00000140319,255.95989207861254,0.00843422602021112,0.02515143626427707,0.33533774896944424,0.7373703209806652,0.8635868624097881,,SRP14
ENSG00000115839,10.450898314530592,0.029213578360199898,0.08750062299339044,0.3338670898652529,0.7384798546932207,0.8643820761480355,,RAB3GAP1
ENSG00000106565,71.65991373783775,0.08117550386820438,0.24314438204203412,0.33385720528048635,0.7384873139302186,0.8643820761480355,,TMEM176B
ENSG00000117748,13.803206944621985,0.028403479497532736,0.0851393641076048,0.333611600171626,0.738672663631314,0.8643820761480355,,RPA2
ENSG00000229124,9.723105098564329,-0.030613343999261133,0.09219155403431195,-0.33206234909401167,0.7398421796114416,0.8654287327212704,,VIM-AS1
ENSG00000156471,9.757036137933934,-0.029594046986163976,0.08917210062274569,-0.3318756290307154,0.7399831736272978,0.8654287327212704,,PTDSS1
ENSG00000165632,11.217829796567475,-0.02939857783563714,0.08881889004139823,-0.33099465464986727,0.7406485231747549,0.8659634222616583,,TAF3
ENSG00000028310,11.063747793159791,0.030384350501252683,0.09195903947047472,0.33041178633676554,0.7410888369540526,0.8660305202756751,,BRD9
ENSG00000138801,12.048091324177559,0.030809473111118153,0.09325817531772537,0.3303675308481214,0.7411222721589912,0.8660305202756751,,PAPSS1
ENSG00000189067,33.87551955547528,0.038714815236580186,0.1175639701535127,0.32930850485933016,0.7419225163604226,0.8661157554737506,,LITAF
ENSG00000176393,30.567898125175947,-0.026786498855013278,0.08134810845752431,-0.3292823811508755,0.7419422600549288,0.8661157554737506,,RNPEP
ENSG00000160948,76.3004013279285,-0.01231407121460507,0.03740130240721712,-0.3292417756080305,0.7419729491220006,0.8661157554737506,,VPS28
ENSG00000152332,24.11060774602394,0.02646872489393715,0.08041076699836873,0.329168914586701,0.7420280174299152,0.8661157554737506,,UHMK1
ENSG00000167522,29.73710539200548,-0.02873734385493504,0.08767835995968222,-0.3277586837635825,0.7430941287360759,0.8671168514844533,,ANKRD11
ENSG00000135829,12.742912229800368,-0.028348181653025793,0.08678063529510012,-0.32666483204031593,0.7439214021693055,0.8678387641683429,,DHX9
ENSG00000166734,10.223177160074922,0.03114330228891763,0.09546611951896063,0.32622361153720325,0.7442551782939306,0.8679847327453747,,GOLM2
ENSG00000145241,10.123375657721592,-0.03799003937891112,0.11672880524784232,-0.3254555659868998,0.7448363068203547,0.868419012436288,,CENPC
ENSG00000129187,8.386477160933484,-0.030753409805113784,0.09465002415632573,-0.3249170835320748,0.7452438270106303,0.8686097206189246,,DCTD
ENSG00000140368,8.443385012867724,-0.03270795969413998,0.10073668924497647,-0.32468765788598775,0.7454174765888367,0.8686097206189246,,PSTPIP1
ENSG00000148737,93.60698820973418,-0.01562671422885245,0.04818118424827556,-0.32433229844099865,0.7456864695137992,0.8686263992869174,,TCF7L2
ENSG00000055950,19.873841527776424,-0.021711393347568636,0.06698626788477108,-0.32411707702414916,0.7458493986184782,0.8686263992869174,,MRPL43
ENSG00000162976,34.5712523798194,-0.018596130016264405,0.057526829281887126,-0.32326012485655237,0.7464982499180335,0.8691387404587236,,SLC66A3
ENSG00000132388,10.553981495980699,-0.028202445311858764,0.08751894050084918,-0.3222439068670526,0.7472679241413009,0.869791428211475,,UBE2G1
ENSG00000091164,24.540168409632276,0.018820452583069764,0.058639380386453624,0.32095244627478203,0.7482464282544818,0.8702837945966755,,TXNL1
ENSG00000137955,22.381840241748307,0.02183432654960749,0.06806767706144728,0.3207737870927608,0.7483818253699122,0.8702837945966755,,RABGGTB
ENSG00000070831,320.07333542233573,0.01488553541359017,0.0464264561240999,0.32062613984148386,0.7484937259058558,0.8702837945966755,,CDC42
ENSG00000072501,20.289199014116598,-0.027022001957279152,0.08444559203504541,-0.3199930429295216,0.7489736044433983,0.8702837945966755,,SMC1A
ENSG00000120742,200.7899357012495,-0.009956180331148671,0.031129682358592713,-0.3198291655038514,0.7490978370704872,0.8702837945966755,,SERP1
ENSG00000133606,46.922643483922016,0.01636811884357757,0.051187907182865144,0.3197653458482613,0.749146219403616,0.8702837945966755,,MKRN1
ENSG00000113558,170.83810547536288,0.01014231209291009,0.03174202264384582,0.31952318246097955,0.7493298149222831,0.8702837945966755,,SKP1
ENSG00000104522,11.476445834706128,0.026469247639190313,0.08285171614145975,0.31947736114478453,0.7493645558281951,0.8702837945966755,,GFUS
ENSG00000048405,11.627047499134951,0.029897297547508115,0.09412369732201736,0.3176383673627168,0.7507592672513773,0.8716602153965195,,ZNF800
ENSG00000125772,20.045055139767804,-0.02648408312177879,0.08367451939934056,-0.3165131190701229,0.7516130690502714,0.8724080265762079,,GPCPD1
ENSG00000173992,10.858527648943891,0.02760798182706156,0.08732349240247636,0.31615755471409246,0.7518829229991091,0.8724778130198866,,CCS
ENSG00000071462,16.91899422431961,-0.022897361181967914,0.07259822167082783,-0.31539837553856737,0.7524592000761285,0.8729030318786097,,BUD23
ENSG00000104886,28.595746051472492,-0.01829472547315083,0.058289100881279594,-0.3138618574750816,0.7536259608762498,0.8739958660099438,,PLEKHJ1
ENSG00000183354,11.01193094785432,-0.028675540578075545,0.09143854678827723,-0.3136045090969431,0.7538214344335765,0.8739958660099438,,BRD10
ENSG00000067829,40.65221579240494,0.015072564025164705,0.04818827325639013,0.31278489571456,0.754444091495907,0.8744740653727983,,IDH3G
ENSG00000133706,16.483323923181427,-0.025518809814179155,0.0816824874595866,-0.3124146999906791,0.7547253800919931,0.8745564292987998,,LARS1
ENSG00000101773,11.739604875863135,0.029388280137689297,0.09423602064674946,0.3118582463053421,0.7551482556679561,0.8745660173085511,,RBBP8
ENSG00000106069,13.045600575928932,0.030099369818122803,0.09651857780370317,0.31185053181510897,0.7551541187914219,0.8745660173085511,,CHN2
ENSG00000188342,8.264062684023143,0.029535820948551447,0.09515897275305671,0.31038398265604117,0.756268973090352,0.8754782452269054,,GTF2F2
ENSG00000141867,17.542360666519706,0.02616476764804162,0.08436907934165376,0.3101227114508033,0.7564676418758236,0.8754782452269054,,BRD4
ENSG00000102218,11.415764112633093,0.03143724333429948,0.1014157067890475,0.30998396924542837,0.7565731470170012,0.8754782452269054,,RP2
ENSG00000169919,20.188896281078843,-0.021766592111887646,0.07028149495618922,-0.3097058781327304,0.7567846323206096,0.8754794411717842,,GUSB
ENSG00000163349,9.589659982968874,0.031239045476761446,0.10132460059843573,0.30830662338918435,0.7578490266269213,0.8764670421929365,,HIPK1
ENSG00000158062,20.313899717484087,-0.019295323253338242,0.06266112863658797,-0.307931307226274,0.758134602790324,0.8765536263501243,,UBXN11
ENSG00000123358,28.73148974541339,0.030811101934017107,0.1002364204959031,0.30738429985412763,0.7585508770219742,0.876656615634245,,NR4A1
ENSG00000123131,17.5828961228951,-0.02340181400751255,0.07616279653870155,-0.3072604351603751,0.7586451481450198,0.876656615634245,,PRDX4
ENSG00000168092,17.52473228522579,0.02352496046975061,0.07669724215119197,0.3067249852788221,0.7590527103894595,0.8768839975618306,,PAFAH1B2
ENSG00000047365,23.973208857709217,0.025098157242195888,0.08203437952233597,0.3059468163023317,0.7596451396512289,0.877324758731014,,ARAP2
ENSG00000244187,22.38526006276115,-0.018358345390824593,0.06009119542296409,-0.3055080742129633,0.7599792214098728,0.8774497241056334,,TMEM141
ENSG00000069974,9.608696610589755,-0.027046616461828682,0.08860459061183212,-0.3052507356003394,0.7601751936722843,0.8774497241056334,,RAB27A
ENSG00000054116,22.716137305564878,0.018033292739323106,0.05929400927655679,0.3041334691201758,0.7610262091362291,0.8780249240920212,,TRAPPC3
ENSG00000204435,58.62076307606112,0.013304457566224061,0.04382482180219397,0.3035826962691269,0.7614458361458089,0.8780249240920212,,CSNK2B
ENSG00000117335,27.07227369760157,0.021890300404405247,0.07212331799911234,0.30351210969903886,0.7614996202539198,0.8780249240920212,,CD46
ENSG00000044574,31.51264962360928,-0.018788746616556256,0.06190929693089065,-0.3034882892876353,0.7615177707028875,0.8780249240920212,,HSPA5
ENSG00000104164,13.936794688958338,0.03058434628073077,0.10109521988046284,0.3025300930834747,0.762247996568076,0.8786233487733988,,BLOC1S6
ENSG00000138279,23.194201723667284,-0.018374686592319018,0.06089336592677453,-0.3017518626645625,0.7628412292409497,0.8790635771862467,,ANXA7
ENSG00000055070,20.32844405940121,0.019094834915826593,0.06344447550678353,0.30096922960274075,0.7634379584890691,0.8794139233490296,,SZRD1
ENSG00000219200,15.38865852378686,-0.026416785215422556,0.08782215842853357,-0.300798633148143,0.7635680507540132,0.8794139233490296,,RNASEK
ENSG00000133983,48.35891932621556,-0.013152668792900973,0.044093252984491224,-0.29829209465509654,0.7654802373682202,0.8813722079855512,,COX16
ENSG00000113851,28.231161210477644,-0.017471015078864907,0.05874007017449166,-0.29742925105410983,0.7661388144535917,0.8817249818376371,,CRBN
ENSG00000182552,10.466669764806598,-0.025392387908105767,0.08546898280032629,-0.29709477141465207,0.7663941560648384,0.8817249818376371,,RWDD4
ENSG00000148290,28.466856748088713,0.018628127954145226,0.06279010112397232,0.29667300451333856,0.7667161689027371,0.8817249818376371,,SURF1
ENSG00000134313,13.360280586923226,0.025041576669296774,0.08445595473614032,0.2965045714956675,0.7668447763012318,0.8817249818376371,,KIDINS220
ENSG00000177917,11.279502442743278,0.026105756708658407,0.08808552682341023,0.29636828716474634,0.7669488412009433,0.8817249818376371,,ARL6IP6
ENSG00000125755,9.224019632992167,0.028512474662425673,0.09633061789057741,0.2959855888686729,0.7672410869902853,0.8817249818376371,,SYMPK
ENSG00000077254,13.092828366764829,0.02479889688652517,0.08383669133436458,0.29580004281920086,0.76738279029427,0.8817249818376371,,USP33
ENSG00000169446,8.598778252519292,-0.03205615944268474,0.10841877534654612,-0.29566981678423787,0.7674822498158855,0.8817249818376371,,MMGT1
ENSG00000204574,16.144944762156502,0.024034901704971752,0.08145285735047678,0.2950774532261521,0.7679347130035761,0.8820012164811918,,ABCF1
ENSG00000101193,14.944788552334586,-0.0213789927300462,0.07264401099974213,-0.2942980768245587,0.7685301420901853,0.8824414548979219,,GID8
ENSG00000147548,19.13786931843415,-0.024413818873604085,0.0830936440645222,-0.2938109063389585,0.7689024006816916,0.8826252723056945,,NSD3
ENSG00000132323,9.056101194584043,-0.02678613919105794,0.09132430879626878,-0.2933078776518737,0.7692868328199365,0.8828177749489725,,ILKAP
ENSG00000100393,11.058177148439269,0.03376691910880562,0.11523124653542209,0.29303613493780667,0.7694945317223496,0.8828177749489725,,EP300
ENSG00000197448,141.86691241613246,-0.010291845804821113,0.03526103640316316,-0.2918758736171993,0.7703815307392414,0.8835917198442912,,GSTK1
ENSG00000183828,14.183987269629426,-0.03130778662770171,0.10741661791298292,-0.2914612956168832,0.7706985411121148,0.8837116678683565,,NUDT14
ENSG00000100325,11.93369423565654,0.025203864631677543,0.08688477488211944,0.29008378816510466,0.7717521379930845,0.8844099982718956,,ASCC2
ENSG00000066322,13.700246428657648,-0.022113976290566346,0.07639897120873075,-0.28945384919056605,0.772234091956042,0.8844099982718956,,ELOVL1
ENSG00000122591,11.718350439953026,0.027174811750201245,0.09395791702658036,0.2892232247178658,0.7724105602070536,0.8844099982718956,,HYCC1
ENSG00000213988,15.061794982298087,-0.05875232841173689,0.2032577657457045,-0.2890533023237195,0.7725405882323383,0.8844099982718956,,ZNF90
ENSG00000102390,12.260969764743654,0.024364343818498845,0.08429305822529524,0.2890433012096769,0.7725482414845103,0.8844099982718956,,PBDC1
ENSG00000112406,16.396810832030514,0.025733677767077377,0.08904458422124926,0.2889976745035594,0.7725831571442472,0.8844099982718956,,HECA
ENSG00000187778,10.747292521257,-0.026727731584310663,0.0926562126208438,-0.2884613004168706,0.772993649833132,0.8846364740868856,,MCRS1
ENSG00000171497,8.161198113371688,-0.028730896712925565,0.0997915591499236,-0.28790908727822556,0.7734163306715781,0.8848767699652819,,PPID
ENSG00000118260,10.97463092405429,0.02631213279951878,0.09155528008339311,0.28739066469516966,0.7738132083500734,0.8850874200539744,,CREB1
ENSG00000138081,10.493227726644387,0.02796971927999352,0.0976825965367144,0.28633267615363794,0.7746233333669856,0.8855628642268969,,FBXO11
ENSG00000134453,26.78833203573498,-0.016636861410174217,0.05823935357480275,-0.28566356576753205,0.7751358126136095,0.8855628642268969,,RBM17
ENSG00000120686,30.350403253170207,-0.014764701709593805,0.051754807264755336,-0.2852817446322221,0.7754282976741,0.8855628642268969,,UFM1
ENSG00000197872,37.91368031747134,-0.021248044861395175,0.07454283515347128,-0.28504476409636137,0.7756098470417838,0.8855628642268969,,CYRIA
ENSG00000124767,15.271419424138895,0.0219269281683379,0.07694580804585265,0.2849658574677838,0.7756702996589133,0.8855628642268969,,GLO1
ENSG00000170043,102.24833027421417,0.010440369722724472,0.03665394487213389,0.28483618227575147,0.7757696504719238,0.8855628642268969,,TRAPPC1
ENSG00000164691,11.49395072994821,-0.04017223378543756,0.14112679171268216,-0.284653489942743,0.7759096266613772,0.8855628642268969,,TAGAP
ENSG00000110848,13.999236410913811,0.04181946302968165,0.14692857354787575,0.2846244404329906,0.7759318846411152,0.8855628642268969,,CD69
ENSG00000151466,21.324447311722025,-0.024477924561277245,0.08631108498035864,-0.2836011685735101,0.776716041474045,0.886214682537583,,SCLT1
ENSG00000104763,195.83997955736217,0.01059319554719239,0.03753311352310957,0.2822359925101881,0.7777625616254784,0.8871654116704114,,ASAH1
ENSG00000136451,12.90274637451922,0.02329121062607944,0.08263168334092497,0.28186779797264533,0.7780448822635511,0.8872296332990904,,VEZF1
ENSG00000185825,59.86064116359694,-0.011721921888376374,0.041625213246734814,-0.2816062903724792,0.77824541632413,0.8872296332990904,,BCAP31
ENSG00000179218,54.93652781081755,0.01876117052687794,0.06694568998560516,0.2802446360760793,0.7792898234421188,0.8880153016678117,,CALR
ENSG00000159210,37.50534408520864,0.013491055973748075,0.048156338686169774,0.28015119799011273,0.7793615063435531,0.8880153016678117,,SNF8
ENSG00000114331,41.61320610153028,0.015170511890480297,0.0543601027917475,0.2790743782917084,0.7801877454438968,0.8885290033335512,,ACAP2
ENSG00000101972,30.11205987159196,0.019739623763142228,0.0707495904370904,0.27900689800733813,0.7802395310522746,0.8885290033335512,,STAG2
ENSG00000116586,68.8187892624078,0.010809822463077177,0.038869299607238,0.2781069525900137,0.7809302588009344,0.8890722158215345,,LAMTOR2
ENSG00000012660,15.6776098985957,0.023834242556201198,0.08594121502597829,0.2773319244904391,0.7815252483657089,0.8895061650345688,,ELOVL5
ENSG00000156299,10.325091458187641,-0.029798743743569445,0.10821758780894752,-0.275359526551059,0.78304003568874,0.8909864738690257,,TIAM1
ENSG00000175166,18.31781671932914,-0.018501484608671986,0.06726909329692213,-0.2750369256057524,0.7832878693269726,0.8910196473883304,,PSMD2
ENSG00000118705,24.535758429488567,-0.016107967255456008,0.05864831018917101,-0.27465356126202983,0.7835824121830117,0.8910196473883304,,RPN2
ENSG00000152457,7.949085109480528,0.029156838480690797,0.10642749804063048,0.27395963465719814,0.7841156421410779,0.8910196473883304,,DCLRE1C
ENSG00000005175,13.0615335478434,-0.02575554302592477,0.09409744206826957,-0.2737114044740835,0.7843064128390222,0.8910196473883304,,RPAP3
ENSG00000188735,9.324286000171005,-0.036339320823398975,0.13277900561962797,-0.27368273059296916,0.7843284502222219,0.8910196473883304,,TMEM120B
ENSG00000171777,10.490022322665387,0.023973697273409048,0.08760744779806438,0.2736490775152878,0.7843543146000158,0.8910196473883304,,RASGRP4
ENSG00000105379,36.02069888754128,0.014810267794396495,0.05420703877598458,0.27321669157397155,0.7846866499139855,0.8911538257281407,,ETFB
ENSG00000118579,25.25617862564645,0.015996491093802793,0.05873736893873084,0.2723392515331899,0.785361178010561,0.8916764466495453,,MED28
ENSG00000102393,9.51514959833347,0.02648401970029609,0.0974793204405755,0.2716885959052315,0.7858614707253011,0.8918056253486114,,GLA
ENSG00000166136,88.75781201920283,0.009498170964538625,0.03497079946999936,0.27160291181466656,0.7859273602918587,0.8918056253486114,,NDUFB8
ENSG00000119900,24.785899942178627,0.02328281207560295,0.08580206900163355,0.2713549025858535,0.7861180836907111,0.8918056253486114,,OGFRL1
ENSG00000022840,12.296928110186524,0.021881239048377132,0.08109685173919921,0.2698161344011898,0.7873017095754139,0.8929048832698261,,RNF10
ENSG00000163737,17.938655094177115,-0.026701914889386308,0.09925172603224315,-0.26903224716426455,0.7879048675273133,0.8930047845142364,,PF4
ENSG00000143321,12.00901965634841,0.02442445659267007,0.09086951510998967,0.26878603416235225,0.7880943411091115,0.8930047845142364,,HDGF
ENSG00000136273,9.268939447065943,0.027373437087214233,0.10189179932154598,0.26865201389593935,0.7881974818755996,0.8930047845142364,,HUS1
ENSG00000137076,78.56953332485035,-0.018007581345385368,0.06704592161142298,-0.26858578288701335,0.7882484540231434,0.8930047845142364,,TLN1
ENSG00000181804,10.46105352338964,0.025700489988061254,0.09592264936049048,0.26792931762628125,0.7887537262517255,0.8933339235521855,,SLC9A9
ENSG00000213619,27.82382662806675,0.014854989921854252,0.05555734495617114,0.2673812064556588,0.7891756679288244,0.893568529826867,,NDUFS3
ENSG00000120690,67.87462489446027,0.01782154135176484,0.06701253469356817,0.2659434004885558,0.7902827994917374,0.8945786247307831,,ELF1
ENSG00000131828,11.020019108666563,-0.02239839608570704,0.08454683917516909,-0.26492292679683427,0.7910688361473381,0.8952247982516123,,PDHA1
ENSG00000036257,10.944259316311605,-0.0242047254383289,0.09170630689405256,-0.26393741344630084,0.7918281457673715,0.8956462069127872,,CUL3
ENSG00000138621,14.391092051773912,-0.021678185165186596,0.08215144808539547,-0.2638807430716544,0.7918718146695267,0.8956462069127872,,PPCDC
ENSG00000197451,18.765541032848635,-0.022294877918276886,0.08459238594097289,-0.26355655618738394,0.7921216382605828,0.8956852446762774,,HNRNPAB
ENSG00000213445,10.255597102533583,0.024270372975038385,0.09244104544627793,0.262549745709476,0.7928976384763831,0.8963190695819981,,SIPA1
ENSG00000165494,11.431026080846536,0.022568367712325028,0.08611081351520271,0.26208517596156056,0.793255775305569,0.8964803111304447,,PCF11
ENSG00000184007,187.72286414929835,-0.015149592199716847,0.058325833894319765,-0.25974068758564695,0.7950638053086352,0.8982795844877572,,PTP4A2
ENSG00000214753,10.228639241245904,-0.022951647360732116,0.08847806241545765,-0.25940495004242237,0.7953228108229374,0.8982920298479454,,HNRNPUL2
ENSG00000170638,17.390203979683236,0.01932264390613041,0.07458531074033144,0.25906768657708146,0.7955830162256987,0.8982920298479454,,TRABD
ENSG00000150459,135.63646536949565,-0.00957526359708852,0.036986303350721686,-0.2588867426487942,0.7957226274013651,0.8982920298479454,,SAP18
ENSG00000161011,39.09164013624404,-0.017135240363977216,0.06644217554234605,-0.25789703940468195,0.7964863698088716,0.8989102817159267,,SQSTM1
ENSG00000086504,22.61929228037039,0.01538969685071709,0.05992241890672606,0.2568270295408528,0.7973123032085669,0.8994282786508585,,MRPL28
ENSG00000163513,15.426977452288751,0.021044765595730843,0.08204505584615948,0.2565025445919779,0.7975628158513275,0.8994282786508585,,TGFBR2
ENSG00000117676,21.388810352329845,-0.019961064451502256,0.07783238664326633,-0.2564621915423325,0.7975939711401483,0.8994282786508585,,RPS6KA1
ENSG00000205339,8.049750745680873,-0.028727312389668955,0.11238283285925661,-0.25562011259892153,0.7982441866430305,0.8996481731076836,,IPO7
ENSG00000175155,22.390419313991167,-0.01991620952259993,0.07796055258812117,-0.2554652174904486,0.7983638049368174,0.8996481731076836,,YPEL2
ENSG00000105953,10.555904671744957,0.023327854698058474,0.09146229909082243,0.25505432216277246,0.7986811432283587,0.8996481731076836,,OGDH
ENSG00000141027,32.48863042684052,0.017931322272712765,0.07034488349065658,0.2549058493372081,0.7987958183582413,0.8996481731076836,,NCOR1
ENSG00000177885,73.27350502300942,-0.013725771843116429,0.05386680867347636,-0.25480944910469333,0.7988702767932171,0.8996481731076836,,GRB2
ENSG00000163938,7.922051071868503,-0.026978508379471328,0.1060640947791845,-0.25436042645381596,0.7992171208337796,0.8996857967141217,,GNL3
ENSG00000140836,9.744055167223477,-0.02788136298553441,0.10968008715010265,-0.25420624390439606,0.7993362270806235,0.8996857967141217,,ZFHX3
ENSG00000116560,40.490783405031785,0.015304162201807673,0.060344526801041166,0.2536130948920395,0.7997944790693584,0.8999580830209712,,SFPQ
ENSG00000205250,8.48857443596531,0.023468126773476254,0.09320274829864807,0.25179651031617345,0.8011983548009116,0.9011093207349227,,E2F4
ENSG00000125352,9.21231097529189,-0.022123258990377658,0.08802281944215544,-0.25133549607458383,0.8015547338280374,0.9011093207349227,,RNF113A
ENSG00000113712,41.428160322283006,-0.011994846176001018,0.04773547888510461,-0.25127738227727076,0.801599660618887,0.9011093207349227,,CSNK1A1
ENSG00000146416,9.53811293972923,0.02311827940014403,0.09207529377709292,0.2510801589850104,0.8017521354908616,0.9011093207349227,,AIG1
ENSG00000124596,15.751797062815472,-0.018172717527142664,0.07244392484682495,-0.2508521945155093,0.8019283860150275,0.9011093207349227,,OARD1
ENSG00000100442,20.36039167643698,0.016113648812073646,0.06429824426375223,0.25060791311774,0.8021172631445719,0.9011093207349227,,FKBP3
ENSG00000127914,31.642133358175062,-0.01787449242207756,0.07156715922951838,-0.24975830554840717,0.802774265356246,0.9016039265340127,,AKAP9
ENSG00000145494,80.33029476484366,0.009776835525394816,0.039325684360161935,0.24861196148182063,0.8036609550342931,0.9023086034027931,,NDUFS6
ENSG00000196352,47.41844964353556,-0.02269948887660692,0.09138783078428012,-0.24838634073926968,0.8038355010121998,0.9023086034027931,,CD55
ENSG00000164032,158.80439465487558,-0.008937038351408941,0.03605109708210833,-0.2478992062586709,0.804212394056803,0.9024087761540449,,H2AZ1
ENSG00000142599,11.557102968922027,0.02889130457108864,0.11663345881412558,0.2477102614021903,0.8043585918219227,0.9024087761540449,,RERE
ENSG00000093167,12.603839434244273,0.019784498073137476,0.0803657357164676,0.24618076219618892,0.8055423069170761,0.9034931239619941,,LRRFIP2
ENSG00000065243,16.625871912012133,0.022123838733217136,0.09042098678974082,0.24467592667023744,0.8067073692959762,0.9045559720407712,,PKN2
ENSG00000156515,20.75741221322013,-0.01750631343863447,0.07174405781900375,-0.24401063963791234,0.8072225797084285,0.9048897686841989,,HK1
ENSG00000143384,100.33077790651734,0.01718884367650843,0.07054823817093651,0.24364667527005165,0.8075044757644773,0.9049619124946727,,MCL1
ENSG00000103363,321.39461014032264,-0.007164980667776553,0.029454141055422836,-0.24325885634534233,0.8078048750551666,0.9050198869383724,,ELOB
ENSG00000267216,8.136559622738202,0.0251368982485534,0.10359107214367042,0.2426550640743543,0.8082726207716371,0.9050198869383724,,ZNF8-ERVK3-1
ENSG00000143761,87.63707314936464,-0.010725638496617779,0.04421176570095985,-0.24259692700725866,0.8083176620068688,0.9050198869383724,,ARF1
ENSG00000214253,55.43378772539698,0.010879320305712535,0.04487121576384441,0.24245655305998404,0.8084264182362961,0.9050198869383724,,FIS1
ENSG00000149761,19.373081067694507,-0.015762200604810178,0.06509530028583116,-0.24214037780913386,0.8086713919763667,0.905034380222931,,NUDT22
ENSG00000154582,42.93596938877094,-0.010905359314652675,0.04508614468308775,-0.24187828414487128,0.8088744773242446,0.905034380222931,,ELOC
ENSG00000221978,8.241141834154913,0.025206869189382173,0.10502129115052253,0.24001675196750574,0.8103172699486327,0.9062884415877999,,CCNL2
ENSG00000145734,16.452942157738924,0.023409195689735634,0.0975911624465328,0.2398700364140125,0.8104310102660134,0.9062884415877999,,BDP1
ENSG00000147140,30.193554628631677,0.014391899539754985,0.06032336345711352,0.23857919577025588,0.8114318987018283,0.9063240545548232,,NONO
ENSG00000175582,18.22265609995335,0.01580990080470897,0.06627980933559774,0.23853268383223528,0.811467968762982,0.9063240545548232,,RAB6A
ENSG00000068650,8.997256600863091,0.02565553456857095,0.10759884068801023,0.23843690512392068,0.8115422465213029,0.9063240545548232,,ATP11A
ENSG00000241553,107.88734750455069,0.009833395935972539,0.041267405789648194,0.23828480971389815,0.8116602021727602,0.9063240545548232,,ARPC4
ENSG00000054967,26.194862524096873,-0.014691951149851555,0.061689687644236206,-0.23815894861682368,0.8117578153707481,0.9063240545548232,,RELT
ENSG00000104517,8.389516000631987,-0.024684243626934502,0.10365295742139813,-0.2381431677494875,0.8117700546325171,0.9063240545548232,,UBR5
ENSG00000188042,10.028836688734637,-0.034224085152049014,0.14414217680001265,-0.237432831332446,0.8123210220895657,0.9066958550825311,,ARL4C
ENSG00000169139,22.19463883203509,-0.01500690062707959,0.0633407937197269,-0.23692315403376182,0.8127164069871827,0.9068193366533892,,UBE2V2
ENSG00000002933,20.486213371667183,0.056383701723230095,0.23817902186219247,0.23672824450447624,0.8128676217260788,0.9068193366533892,,TMEM176A
ENSG00000076108,21.433233525603658,-0.01715713706285475,0.07263566024829218,-0.23620817934615176,0.813271132882837,0.9070262500784456,,BAZ2A
ENSG00000163655,9.181888071103998,-0.0225499410401804,0.09560118083563549,-0.23587513086213757,0.8135295665071625,0.9070704990522515,,GMPS
ENSG00000092820,49.82855890082545,0.01531312369095352,0.06499764071241644,0.23559506965347846,0.8137468996305295,0.9070704990522515,,EZR
ENSG00000068831,53.599228799125726,-0.010401877647964625,0.04425387742176457,-0.23505008496382873,0.8141698597861471,0.9072988525878306,,RASGRP2
ENSG00000115977,15.075685794770152,-0.02115622585034965,0.09025127007410795,-0.23441471608075604,0.8146630351063923,0.9076053095989801,,AAK1
ENSG00000198695,18.640485240819938,-0.02046807275624193,0.08753227450002626,-0.2338345812804829,0.8151134017206109,0.907672524234543,,MT-ND6
ENSG00000102710,9.130349748877421,0.022745325122654567,0.09743515137253786,0.23344065054806643,0.8154192503979842,0.907672524234543,,SUPT20H
ENSG00000100697,23.684949312089802,0.019547693979946556,0.08399813032197702,0.23271582242387312,0.81598208198654,0.907672524234543,,DICER1
ENSG00000099992,9.761021667641794,0.023172389060718935,0.09957439539122387,0.23271433353600124,0.8159832382110221,0.907672524234543,,TBC1D10A
ENSG00000131495,90.37368981670127,0.007675807716360173,0.03298461796753513,0.23270870452145395,0.8159876095340368,0.907672524234543,,NDUFA2
ENSG00000072778,18.525774672570183,0.016719636435264796,0.0718922754117805,0.23256513080854663,0.8160991064867857,0.907672524234543,,ACADVL
ENSG00000175606,9.272874651035815,-0.023517193083208508,0.10132070713172692,-0.23210648394541736,0.8164553089292894,0.907672524234543,,TMEM70
ENSG00000131871,42.65056825786172,-0.01196732878677769,0.05156353358992351,-0.23208899688589868,0.8164688907898222,0.907672524234543,,SELENOS
ENSG00000163956,44.746245885357226,-0.011971193873108103,0.05164739612889472,-0.23178697805465323,0.8167034716620387,0.9076907406128991,,LRPAP1
ENSG00000184983,72.55009100735565,-0.009843788138103002,0.04286967935862321,-0.22962122146413794,0.8183861151076841,0.9091267153030405,,NDUFA6
ENSG00000113441,29.539115293151976,0.01742702361962668,0.07597418508901226,0.2293808561317107,0.8185729141251681,0.9091267153030405,,LNPEP
ENSG00000156873,10.987185089512613,-0.018921246778802466,0.08254046647904938,-0.22923600490681867,0.8186854896860907,0.9091267153030405,,PHKG2
ENSG00000172197,8.428684298977688,0.02494560446321319,0.10898282133333762,0.22889483092857296,0.8189506582482065,0.9091267153030405,,MBOAT1
ENSG00000006534,19.383625103055927,0.015167624225609574,0.06631586843357319,0.22871787075822692,0.8190882040759123,0.9091267153030405,,ALDH3B1
ENSG00000198912,9.87219821874307,-0.021496409554942367,0.09411393669585774,-0.22840835597400416,0.819328794007183,0.9091511824672929,,C1orf174
ENSG00000185236,20.22873526470506,-0.014635175577487789,0.06475332171243592,-0.2260142829812095,0.821190311526304,0.9108235361675989,,RAB11B
ENSG00000111786,45.775167008663935,0.011026941198869763,0.048835774294030646,0.22579638304654914,0.8213597903487724,0.9108235361675989,,SRSF9
ENSG00000147443,74.62088497688335,-0.015072900626112867,0.06680497459771786,-0.22562542261078525,0.8214927662742383,0.9108235361675989,,DOK2
ENSG00000205581,55.837108647198576,0.015643848332807374,0.06966345693065946,0.22456319312977396,0.8223191011758815,0.9114967921374012,,HMGN1
ENSG00000143226,43.71167400754912,0.014838286080120083,0.06674254330507212,0.22232125635812325,0.8240638059491617,0.9131873821919321,,FCGR2A
ENSG00000129083,12.616354244856097,-0.01831073702328213,0.08269740290644696,-0.22141852560952255,0.8247665690314453,0.913722750245223,,COPB1
ENSG00000137309,10.715268906183256,0.02132343711768316,0.09655300443317706,0.22084695595817322,0.8252116005644414,0.9137640261901365,,HMGA1
ENSG00000096996,8.324719053167556,0.021182343004883957,0.09593171933085437,0.22080645643209182,0.825243136152967,0.9137640261901365,,IL12RB1
ENSG00000171940,10.38092224354436,-0.029981298087357503,0.13606631522846213,-0.22034327920924007,0.8256038163750192,0.9139201373390314,,ZNF217
ENSG00000123130,17.855930347825645,-0.015785039582249846,0.07195635789416398,-0.21936962965061485,0.826362125881589,0.9145162127340808,,ACOT9
ENSG00000146729,22.445489202791148,-0.014633373742227616,0.06715550917074273,-0.2179028038492314,0.8275048424834234,0.9155372725348514,,NIPSNAP2
ENSG00000113240,8.184185695941212,-0.02297252016331433,0.10610315839304767,-0.21651118129976032,0.8285893104353245,0.9162942421676383,,CLK4
ENSG00000175826,15.117831827518074,-0.019838912805735194,0.09175603427521692,-0.21621371239987905,0.8288211653877181,0.9162942421676383,,CTDNEP1
ENSG00000127507,34.03398807266291,-0.01600860601320109,0.07405324945587739,-0.21617695551279464,0.828849815691544,0.9162942421676383,,ADGRE2
ENSG00000175895,11.74372517865511,-0.022367185004622762,0.10401127768576031,-0.21504576717342785,0.8297316361327121,0.9170254001891822,,PLEKHF2
ENSG00000158615,8.815036228872946,0.027302418727619224,0.12754813938745052,0.21405579774616068,0.8305035451195488,0.917571844894821,,PPP1R15B
ENSG00000095059,16.121015219857274,-0.014769462581666127,0.06919020986702264,-0.21346173989140527,0.8309668285098348,0.917571844894821,,DHPS
ENSG00000048740,82.28189632732595,0.011449273593661163,0.05368522380038205,0.21326675727818578,0.8311189009346126,0.917571844894821,,CELF2
ENSG00000112667,23.80438724672473,-0.01618993389190576,0.07601165029075316,-0.2129927955777494,0.831332582054717,0.917571844894821,,DNPH1
ENSG00000075539,11.272844838986275,0.020456936597841858,0.09610617264071822,0.2128576764191593,0.8314379751489043,0.917571844894821,,FRYL
ENSG00000114503,14.654426159575582,0.015511992914819023,0.07305379345080615,0.21233658352409415,0.8318444565580749,0.917571844894821,,NCBP2
ENSG00000170791,13.495699295566387,-0.016423375118445598,0.07756790721387084,-0.21172899602876918,0.8323184653504158,0.917571844894821,,CHCHD7
ENSG00000029725,14.110241169154321,-0.020820501266041725,0.09840729516400018,-0.21157477432281238,0.8324387909745615,0.917571844894821,,RABEP1
ENSG00000112531,26.364663229812955,-0.01607646852614544,0.07605202191443294,-0.21138778590572216,0.8325846868454687,0.917571844894821,,QKI
ENSG00000149089,11.093273177294112,-0.017779154280027493,0.08414123847735505,-0.21130131433485377,0.8326521573874184,0.917571844894821,,APIP
ENSG00000167173,21.814383301095877,0.01619375008432004,0.07675414262330782,0.21098209856626693,0.8329012402189468,0.917571844894821,,C15orf39
ENSG00000010256,44.728282706374294,0.010260389455205432,0.048651111816790195,0.21089732735901062,0.832967389684677,0.917571844894821,,UQCRC1
ENSG00000115307,32.63920879675295,-0.011064421747497683,0.052544049311468576,-0.21057421139947616,0.8332195374100595,0.917571844894821,,AUP1
ENSG00000173327,16.400639815015268,0.015618805842568471,0.0743236021269378,0.2101459751088625,0.8335537435806477,0.917571844894821,,MAP3K11
ENSG00000154473,18.533612215908818,-0.014072982222064247,0.06700373037739499,-0.21003281672227675,0.8336420602047416,0.917571844894821,,BUB3
ENSG00000135269,38.11331697295444,0.013807384546190172,0.06578457455606711,0.20988787476952314,0.8337551859861595,0.917571844894821,,TES
ENSG00000090520,13.673451420425968,-0.01573265002768917,0.0753109740876897,-0.20890249021836543,0.8345243601383823,0.9179555312892522,,DNAJB11
ENSG00000136261,8.48421843228424,-0.019978947697365718,0.09564986413534257,-0.20887586070269712,0.8345451488788346,0.9179555312892522,,BZW2
ENSG00000023445,30.139740233676395,-0.02115416360630615,0.10156219756657607,-0.20828776959497328,0.8350042806847846,0.9182177657014814,,BIRC3
ENSG00000119729,16.901485567099776,-0.018600713926718075,0.08974429990618589,-0.20726345791501313,0.8358041108302344,0.9188544135977207,,RHOQ
ENSG00000120697,16.54864974334325,-0.01386739579838789,0.06712792737365969,-0.2065816172335646,0.8363366179064563,0.9191969169064355,,ALG5
ENSG00000136521,65.65563411008942,-0.009544096168197132,0.04639409260643687,-0.20571791864020533,0.8370112608725717,0.9196954160670624,,NDUFB5
ENSG00000125445,19.18141046210486,-0.013466315335541386,0.0663461439210416,-0.20297058034853718,0.8391580270554777,0.9218107717324499,,MRPS7
ENSG00000133789,15.121968061645585,0.01764711670139316,0.08727870288174108,0.2021927012974087,0.8397660788175908,0.9222351868746509,,SWAP70
ENSG00000151353,10.686081350894357,0.01867851526700655,0.09258155858852055,0.2017520071143256,0.8401106026942324,0.9222986277648163,,TMEM18
ENSG00000173230,13.73340627142356,-0.02434078020974675,0.12076697022991917,-0.20155163422089803,0.8402672594299649,0.9222986277648163,,GOLGB1
ENSG00000129968,9.280707798010145,-0.020544916394028303,0.10214309188572379,-0.20113857936681276,0.8405902164073076,0.9224097336466367,,ABHD17A
ENSG00000174173,9.794732408823743,-0.019130607381217152,0.09571465471411908,-0.1998712468676456,0.841581278361486,0.9231382128234955,,TRMT10C
ENSG00000213654,149.13435184877267,0.005801912902367991,0.029049923036096756,0.19972214367517152,0.8416978945287303,0.9231382128234955,,GPSM3
ENSG00000148700,20.395460401019204,0.014419400464835528,0.0723350731671949,0.19934175543731883,0.8419954184269297,0.923221122998426,,ADD3
ENSG00000136869,13.096426661394096,0.019194241999593464,0.09720140908886261,0.19746876284525747,0.8434607237784844,0.9245131591255823,,TLR4
ENSG00000109220,10.461437242417713,-0.017828922356562676,0.090379448055326,-0.1972674401114804,0.8436182577020939,0.9245131591255823,,CHIC2
ENSG00000063241,13.262867323961467,0.016204754352430906,0.08286478514379138,0.19555658443223567,0.84495724466925,0.9257366704830341,,ISOC2
ENSG00000121058,8.073509561273974,-0.020790431121173653,0.10702388646768232,-0.19425972843409753,0.8459725169744625,0.9263460710002934,,COIL
ENSG00000197976,11.742680145213216,0.01841009758574907,0.09486902763121106,0.19405804028386936,0.8461304360155116,0.9263460710002934,,AKAP17A
ENSG00000137331,8.695441488336785,0.036575114906858885,0.18876186143142534,0.19376326673990835,0.8463612507531212,0.9263460710002934,,IER3
ENSG00000125779,14.134256847674521,0.015512142056435264,0.08032717717178625,0.19311200271934464,0.8468712527762406,0.9263460710002934,,PANK2
ENSG00000136371,21.94138518171937,0.015547075354460309,0.08053129359668132,0.19305632208422643,0.8469148590190098,0.9263460710002934,,MTHFS
ENSG00000125651,17.63481996185022,-0.01633188835458053,0.08463872301261004,-0.19296000427779728,0.8469902913351316,0.9263460710002934,,GTF2F1
ENSG00000197061,8.613354918567998,-0.025995332616210825,0.1347918403069127,-0.1928553876630889,0.8470722245396913,0.9263460710002934,,H4C3
ENSG00000174125,7.850143795884187,0.022789930966190336,0.11834888665045647,0.19256565575897994,0.8472991441915387,0.9263507069216297,,TLR1
ENSG00000065882,18.452382870453295,0.014838974756734307,0.07776599919177357,0.190815715234892,0.8486699759329163,0.9270655600510288,,TBC1D1
ENSG00000060237,23.24879905976915,-0.014001017317462602,0.07345458830319845,-0.19060779783654375,0.848832880416063,0.9270655600510288,,WNK1
ENSG00000251301,7.713283040798879,0.023434870256874955,0.12306637035628835,0.19042464800927233,0.848976384712709,0.9270655600510288,,LINC02384
ENSG00000168159,13.727155717928216,-0.022560561436892727,0.11848548823028991,-0.19040780245631203,0.8489895840441595,0.9270655600510288,,RNF187
ENSG00000172869,9.277576693147724,-0.018183683993480693,0.09554837126375858,-0.19030867562655934,0.8490672557198125,0.9270655600510288,,DMXL1
ENSG00000166170,9.903763198687745,0.01978273032899118,0.10458122889379794,0.1891613871651911,0.8499663298422653,0.9278037082508065,,BAG5
ENSG00000024048,13.78998705148484,0.01514246136605856,0.08020745118774997,0.18879120507910188,0.8502564652191071,0.9278769400082597,,UBR2
ENSG00000013275,34.243503206015596,-0.011966990017002343,0.06408447942400726,-0.1867377268967762,0.8518662745761919,0.929389903550212,,PSMC4
ENSG00000091527,33.157638492173994,-0.018425276973897058,0.09900987729365263,-0.18609534197532304,0.8523699946772452,0.9296956418084269,,CDV3
ENSG00000115760,19.627965200353383,-0.014164231409245134,0.0763130754755871,-0.1856068743262265,0.8527530623117033,0.929869656413286,,BIRC6
ENSG00000162444,22.16072968640986,-0.018614641939577035,0.1012939576703274,-0.18376853237545013,0.8541950432057105,0.9311979506645062,,RBP7
ENSG00000057663,9.362284757123744,-0.016977169781438775,0.09272079818921133,-0.18309990976128354,0.8547196265770821,0.9313139832432771,,ATG5
ENSG00000131389,15.282069903026528,0.014229656751907068,0.07773127424724983,0.18306218301072713,0.8547492278901039,0.9313139832432771,,SLC6A6
ENSG00000131652,9.714947006131906,0.016712813438623242,0.09170846631434981,0.18223850109254475,0.8553955593577921,0.9316195165545171,,THOC6
ENSG00000035687,27.286318738899535,0.012506378911671535,0.06866579709454056,0.18213403820904434,0.855477536836119,0.9316195165545171,,ADSS2
ENSG00000077097,12.608490752123023,-0.017205340126441624,0.09483163206196718,-0.1814303914457456,0.8560297657802503,0.9319769237492386,,TOP2B
ENSG00000146223,11.46272526108036,0.016387004907769415,0.09072846863355818,0.18061590980836054,0.8566690670495543,0.9324289165165217,,RPL7L1
ENSG00000112996,9.465354139672902,0.016985960720041174,0.09434143644707398,0.18004772197390043,0.8571151036047374,0.9326703716964968,,MRPS30
ENSG00000078618,19.661571682890422,-0.01490689129344198,0.0832766345628707,-0.1790044875335091,0.8579341780660973,0.933074871874439,,NRDC
ENSG00000163848,11.184388096345709,-0.01708176602544229,0.09542731747931536,-0.1790028943142502,0.8579354290672427,0.933074871874439,,ZNF148
ENSG00000172785,14.146950457985373,0.020587534385702357,0.11537631661916037,0.17843813174985182,0.8583789049967867,0.9333131847325229,,ZNG1A
ENSG00000106052,85.40598324062037,0.009318849301616704,0.05245131488222317,0.17766664806290783,0.8589847794693026,0.9334301590155446,,TAX1BP1
ENSG00000141232,33.31627496471439,0.0159813083099209,0.09000774142647233,0.17755481980376203,0.8590726092081375,0.9334301590155446,,TOB1
ENSG00000170430,15.160823499551624,0.015052976985254601,0.08489035547680855,0.17732258159016623,0.8592550143060903,0.9334301590155446,,MGMT
ENSG00000139112,16.938309026574096,-0.019270813267430232,0.10877734060411602,-0.17715834162157337,0.8593840165936384,0.9334301590155446,,GABARAPL1
ENSG00000125977,70.26870238910855,0.008433171634624769,0.047681680915068615,0.17686397527901904,0.8596152360353027,0.933437583374278,,EIF2S2
ENSG00000080503,11.429510809899663,0.015407597323303547,0.08728573323743959,0.17651907994392313,0.8598861604011355,0.9334881073248236,,SMARCA2
ENSG00000176390,10.849987245912317,0.01723748822654916,0.09892740306940309,0.174243816088613,0.8616738519287621,0.9349447262000916,,CRLF3
ENSG00000174903,14.500300276668415,-0.013350347793992608,0.0767445649336117,-0.1739582184815485,0.8618982983260378,0.9349447262000916,,RAB1B
ENSG00000124802,11.403521471448512,0.013854296945355215,0.07964377520812746,0.17395329276080596,0.8619021694657094,0.9349447262000916,,EEF1E1
ENSG00000105122,14.646567317419228,-0.01518182150132237,0.08767440113563395,-0.17316139380109147,0.8625245684580467,0.9353759657939192,,RASAL3
ENSG00000189159,96.92827738551084,-0.009196718268719374,0.05336357062688366,-0.17234075907368582,0.863169642595236,0.9357531975342167,,JPT1
ENSG00000173674,42.50074434074689,0.00929555357074619,0.05401819145488007,0.1720819101933561,0.8633731341879409,0.9357531975342167,,EIF1AX
ENSG00000005238,10.26849924466907,0.015567065505844717,0.09057968644429537,0.17186044815266763,0.8635472416667929,0.9357531975342167,,ATOSB
ENSG00000129071,12.106856829995627,0.014598724963847853,0.08571488919725014,0.17031725876997578,0.8647606390205451,0.9368182808863992,,MBD4
ENSG00000113384,17.58824963380494,-0.013534607528026153,0.07974737413177481,-0.16971853525435868,0.8652314965227519,0.9368182808863992,,GOLPH3
ENSG00000119414,19.762008445534168,-0.011786899189349125,0.06981357665092172,-0.168833911035462,0.8659272840517082,0.9368182808863992,,PPP6C
ENSG00000163110,30.012011262746253,-0.009605815039065425,0.05715161964894899,-0.16807598976317153,0.8665234980181744,0.9368182808863992,,PDLIM5
ENSG00000100266,9.44384360607201,0.017755320313910944,0.10572486824938973,0.16793892116307682,0.8666313302839521,0.9368182808863992,,PACSIN2
ENSG00000110665,30.934021790041704,0.010636533526037589,0.06334452785898051,0.1679155861689736,0.8666496882389013,0.9368182808863992,,C11orf21
ENSG00000143198,63.31598793247786,-0.010633977945299375,0.06339745822656585,-0.16773508343656826,0.8667916946052692,0.9368182808863992,,MGST3
ENSG00000211450,98.90940410050085,0.006450918824219548,0.03846309339807891,0.16771710890371982,0.8668058358903639,0.9368182808863992,,SELENOH
ENSG00000107736,28.126885370811532,0.010488430796881927,0.0625531523539207,0.16767229791296895,0.866841090677633,0.9368182808863992,,CDH23
ENSG00000101782,43.815366073590084,-0.0119719388666135,0.07148533933105507,-0.16747404402978863,0.8669970689487073,0.9368182808863992,,RIOK3
ENSG00000115325,8.203439791174441,0.017702122636539454,0.10570890426281498,0.1674610361349332,0.8670073032241916,0.9368182808863992,,DOK1
ENSG00000112200,10.398882669005255,-0.015640696205036043,0.09361700450572823,-0.16707110302892697,0.8673141028572708,0.9369064315466753,,ZNF451
ENSG00000241685,20.42332279310735,0.010516574586765541,0.06418812866558918,0.16383986891961544,0.8698572048852828,0.9394096501357156,,ARPC1A
ENSG00000164442,36.47938691891195,0.01696673159118332,0.10388446081368696,0.16332309431352338,0.8702640513999202,0.9396051009145259,,CITED2
ENSG00000103005,10.204172933225278,0.014939084720514967,0.09188177981261146,0.1625902845045288,0.8708410370424124,0.9399406706309115,,USB1
ENSG00000147586,11.700237605212395,0.014887966500240603,0.0917003998802604,0.16235443378306813,0.8710267512697509,0.9399406706309115,,MRPS28
ENSG00000156052,22.652516213072513,-0.012077889578773086,0.07465251947610939,-0.16178810391842574,0.8714727213184634,0.9401780395966824,,GNAQ
ENSG00000156411,269.0474500550989,-0.005631765460180513,0.03489865546197017,-0.16137485486561426,0.8717981700029377,0.9402678442320465,,ATP5MJ
ENSG00000164615,31.580404999957402,0.009876845681108647,0.06130558654452843,0.16110841177475305,0.8720080151555855,0.9402678442320465,,CAMLG
ENSG00000089351,14.419297361420481,-0.014432188447005431,0.0902884758174349,-0.15984529937339514,0.8730029390895168,0.9410967158881548,,GRAMD1A
ENSG00000165704,19.788442824417498,0.010532654188469433,0.06623262680411436,0.15902516171705192,0.8736490499007121,0.9415384598623309,,HPRT1
ENSG00000106443,15.3552669632495,-0.012435462266196642,0.07833333231340252,-0.15875058418865434,0.8738653830597258,0.9415384598623309,,PHF14
ENSG00000204713,8.93664820197752,0.015748221522939386,0.0999364316374962,0.15758238777289546,0.8747858826786632,0.942286191595867,,TRIM27
ENSG00000120963,90.17848936206055,0.007330254945756248,0.04679528053449776,0.1566451757961434,0.87552449687829,0.9425310956208462,,ZNF706
ENSG00000129007,9.148561249462984,0.01904167859394341,0.12156256068289024,0.15664097964846097,0.8755278040951451,0.9425310956208462,,CALML4
ENSG00000083896,23.49032228421343,-0.012725745391129827,0.08135030281152958,-0.1564314446451727,0.8756929530227334,0.9425310956208462,,YTHDC1
ENSG00000265206,69.96636877495914,0.012624352492122808,0.08109845916378426,0.15566698334708193,0.8762955233264795,0.942591030587058,,MIR142HG
ENSG00000087302,66.16702948087537,-0.006254167579379389,0.04020348073174677,-0.1555628384793253,0.8763776188537342,0.942591030587058,,RTRAF
ENSG00000169926,15.501193259454539,0.013456174134966959,0.08674465856582174,0.15512395065520296,0.8767236008393163,0.942591030587058,,KLF13
ENSG00000088930,42.15780014544883,0.009525445610243124,0.061587147218659724,0.15466612824951725,0.8770845343464535,0.942591030587058,,XRN2
ENSG00000197006,22.964882607012495,-0.009843564837107955,0.06372085101403739,-0.1544794942386985,0.8772316783622769,0.942591030587058,,METTL9
ENSG00000140990,68.51021893251054,0.005830449258699345,0.03776390296336952,0.15439212584448178,0.877300561887111,0.942591030587058,,NDUFB10
ENSG00000113845,14.899619989692647,-0.011457037644092068,0.07423178902783174,-0.1543413919311102,0.8773405622565041,0.942591030587058,,TIMMDC1
ENSG00000123933,11.046484991373111,-0.014886572674209307,0.09662752257561967,-0.1540614131192201,0.877561312851845,0.942591030587058,,MXD4
ENSG00000171735,21.506815602326423,-0.00949268686059755,0.06192598663572365,-0.15329084567417198,0.8781689194511245,0.942810105584619,,CAMTA1
ENSG00000122545,92.75852861592416,0.0062852999627820505,0.04101928902354931,0.15322791087806617,0.8782185478702882,0.942810105584619,,SEPTIN7
ENSG00000104613,10.140616784018846,-0.014020971142364076,0.0917759624281601,-0.15277389385417056,0.8785765857162574,0.9429511343084703,,INTS10
ENSG00000100299,8.431641158544782,-0.015968539701924835,0.10515070312597843,-0.1518633658853743,0.8792947028882101,0.9432655844560845,,ARSA
ENSG00000244687,7.456760217750076,0.022903096124445944,0.15084954638322015,0.15182741130863345,0.8793230616636288,0.9432655844560845,,UBE2V1
ENSG00000169826,27.906764789827804,0.013503188189546277,0.08910802463347497,0.15153728572806416,0.8795519006733935,0.9432678285128426,,CSGALNACT2
ENSG00000148248,9.706927772920539,0.013941007850181968,0.0932090460174514,0.14956711226903677,0.881106156862353,0.943525070127881,,SURF4
ENSG00000105364,13.864681388642705,-0.011119243013476837,0.07435436295187545,-0.1495439214599091,0.8811244546702004,0.943525070127881,,MRPL4
ENSG00000214046,23.28479709402791,-0.009620010167176613,0.06453870492022802,-0.14905799828284846,0.8815078680734583,0.943525070127881,,SMIM7
ENSG00000164924,170.6548798728883,-0.0064202494390856405,0.04309642147634462,-0.148974073000694,0.8815740913931734,0.943525070127881,,YWHAZ
ENSG00000166822,10.224773642519287,-0.01422708607290322,0.09550227174292103,-0.14897117956733613,0.8815763745430989,0.943525070127881,,TMEM170A
ENSG00000113719,22.476916340278358,0.010550033773737387,0.07085208100438413,0.14890224287250758,0.8816307713900868,0.943525070127881,,ERGIC1
ENSG00000168701,22.869833563304244,0.00958188632239433,0.0644169867327206,0.1487478196108669,0.8817526263502002,0.943525070127881,,TMEM208
ENSG00000131165,11.301038509212267,-0.013073319400644797,0.08805593306910876,-0.14846608223871172,0.881974951725595,0.943525070127881,,CHMP1A
ENSG00000141552,70.41290849971746,-0.00535344351620089,0.03607182310861103,-0.1484106722325027,0.8820186781180548,0.943525070127881,,ANAPC11
ENSG00000104974,24.137309594043238,0.009883809182408464,0.06662112142135447,0.1483584930955597,0.8820598552229157,0.943525070127881,,LILRA1
ENSG00000125901,12.25522417390852,0.01150290298901538,0.07822859267315846,0.1470421823523641,0.8830987254618046,0.9437227018968241,,MRPS26
ENSG00000182004,58.82559592281313,0.006540120123093963,0.044501479293046306,0.14696410606997296,0.8831603518410301,0.9437227018968241,,SNRPE
ENSG00000166411,10.62246481694253,-0.013002120205379886,0.08872578669497524,-0.14654274354398286,0.8834929496324135,0.9437227018968241,,IDH3A
ENSG00000132356,9.687930286522883,-0.013302145704481747,0.09089469448878887,-0.1463467783163346,0.8836476395908132,0.9437227018968241,,PRKAA1
ENSG00000162236,12.836274956003349,0.011886829720851576,0.08132918226961561,0.14615700526098208,0.8837974458345483,0.9437227018968241,,STX5
ENSG00000056097,20.523481462372892,0.012082543042144237,0.08274686815859687,0.14601813109090991,0.8839070752940692,0.9437227018968241,,ZFR
ENSG00000170776,48.03302226145077,-0.00904567854456762,0.06197342677785723,-0.1459605998066189,0.8839524920483632,0.9437227018968241,,AKAP13
ENSG00000204463,14.872515834464906,-0.011967231325703629,0.08206565013483844,-0.14582509620091721,0.884059463772097,0.9437227018968241,,BAG6
ENSG00000183258,8.702904575657444,0.013327248485382089,0.09183897065781725,0.14511539480378186,0.884619763654566,0.943942294059856,,DDX41
ENSG00000128626,24.192915328759714,0.008101703469806442,0.05587778013737622,0.14498971594591448,0.8847189914758122,0.943942294059856,,MRPS12
ENSG00000143753,10.547328974098393,0.014607712892058266,0.10157040029071365,0.14381860118940396,0.8856437139535409,0.9445397221952947,,DEGS1
ENSG00000136240,29.84822914004386,0.00877565478752966,0.061066945287758634,0.1437054816837025,0.8857330423759242,0.9445397221952947,,KDELR2
ENSG00000187630,18.131283011891135,-0.00942893223953015,0.06576311765900596,-0.14337720861138192,0.8859922818859856,0.9445740370696308,,DHRS4L2
ENSG00000162642,10.957694354675782,-0.012335033838338262,0.08646275286433427,-0.14266297833117503,0.8865563565832042,0.9447139345614143,,C1orf52
ENSG00000137133,16.407609747478695,0.010308703481191566,0.07232183234232713,0.1425393017200739,0.8866540379954995,0.9447139345614143,,HINT2
ENSG00000154723,91.2325863568733,0.005953537463803179,0.04192021080365913,0.1420206947834219,0.8870636593003495,0.9447139345614143,,ATP5PF
ENSG00000143815,17.216640976886428,-0.012751367261822114,0.08985211634986354,-0.1419150464099389,0.8871471092926104,0.9447139345614143,,LBR
ENSG00000171310,9.136018441924268,-0.0147651011677819,0.10414576120331044,-0.1417734240662746,0.887258976521982,0.9447139345614143,,CHST11
ENSG00000196642,8.804120888438812,-0.014337218140306526,0.1027990589234391,-0.13946837928724962,0.8890800413758257,0.9462186687246119,,RABL6
ENSG00000164190,20.120800543532997,0.011518468294776187,0.0826236746038615,0.13940881169956898,0.8891271096260837,0.9462186687246119,,NIPBL
ENSG00000123091,12.32289504189217,-0.013190630472625304,0.09619818312533134,-0.1371193305744658,0.8909364731974386,0.9479017208443338,,RNF11
ENSG00000089006,25.99831795353078,-0.0084762353447539,0.061980051128387975,-0.13675747584002285,0.8912224971118323,0.9479635868026648,,SNX5
ENSG00000254635,17.63453160481112,-0.012240126778785903,0.08984483812217513,-0.13623628284733752,0.8916344929870919,0.9480312156481705,,WAC-AS1
ENSG00000198189,66.21703073651317,-0.007967150750392766,0.05863516850661821,-0.1358766582122725,0.8919187883669498,0.9480312156481705,,HSD17B11
ENSG00000099308,10.035298998937964,0.013621992741679988,0.10030022171280313,0.13581218973458328,0.8919697543382066,0.9480312156481705,,MAST3
ENSG00000125505,10.501088950186398,0.012863778672391952,0.09515972013837241,0.13518092165137352,0.8924688309425072,0.9483193708099182,,MBOAT7
ENSG00000105281,10.296262119927235,-0.013846015499617106,0.10311339554403814,-0.13427950293522906,0.8931815607325727,0.9485609284005381,,SLC1A5
ENSG00000120533,103.44612690440827,0.00505644546284019,0.03773890388509764,0.13398495828695445,0.8934144687300106,0.9485609284005381,,ENY2
ENSG00000151292,9.878730170722358,0.01414818551433501,0.1056171081055733,0.13395732725604162,0.8934363181409826,0.9485609284005381,,CSNK1G3
ENSG00000232810,10.44577740091438,-0.026227673600296424,0.1961475995419472,-0.13371396673497143,0.8936287604902189,0.9485609284005381,,TNF
ENSG00000119314,30.57517965515052,0.009143341537177224,0.06851430236738411,0.13345157465297153,0.8938362594543531,0.9485609284005381,,PTBP3
ENSG00000182220,65.82595336102042,0.0061586214480934785,0.04629465141650004,0.13303094978912539,0.8941689036375703,0.9486719304086438,,ATP6AP2
ENSG00000009954,11.393419218030091,-0.01275719101437649,0.09756972917696857,-0.13074947652296895,0.8959734916607724,0.9502771719757312,,BAZ1B
ENSG00000154146,16.934368499346892,-0.011046539466800778,0.08479008454622405,-0.13028102903681693,0.8963440887756571,0.9502771719757312,,NRGN
ENSG00000099785,13.75226203740811,0.0100715204141661,0.07763200789364066,0.12973412239915957,0.8967767849290382,0.9502771719757312,,MARCHF2
ENSG00000178623,9.30293875076333,0.017813128782462606,0.1375163719654282,0.12953460397385158,0.8969346455820881,0.9502771719757312,,GPR35
ENSG00000104714,52.504287529450444,-0.006871374757019561,0.05306458326810882,-0.12949078903158326,0.8969693128788067,0.9502771719757312,,ERICH1
ENSG00000136146,31.618315243205,0.0075533263384007865,0.05837839948898245,0.12938563586050864,0.8970525130645906,0.9502771719757312,,MED4
ENSG00000100836,21.772750809602467,0.008160037315405202,0.06387002149418186,0.1277600527525817,0.8983388642061737,0.9513975751267012,,PABPN1
ENSG00000122884,12.321185767481236,-0.011132780106312709,0.08752987469065424,-0.12718834735749235,0.8987913279398098,0.9516344933137206,,P4HA1
ENSG00000040933,8.674145296012993,0.012795522588773874,0.10124045102454646,0.12638745145131278,0.8994252347896701,0.952063352856241,,INPP4A
ENSG00000180304,58.963974280029205,0.0066441800061619455,0.05281673417258356,0.1257968730980502,0.8998927170176014,0.9523158745340173,,OAZ2
ENSG00000159840,48.438630317502444,0.006540748265032308,0.05256542418385122,0.12443061892082496,0.9009743313356047,0.9532180107721554,,ZYX
ENSG00000148484,19.96079994698215,-0.00841498324152025,0.06794456111791287,-0.12385072628428134,0.9014334671954722,0.9534612823628692,,RSU1
ENSG00000074416,9.620094165904385,0.01734393394602521,0.1417626143008354,0.12234490758769115,0.9026258679943321,0.9544798197398122,,MGLL
ENSG00000123200,24.56130257352907,0.009504248242833406,0.07868017692050074,0.12079596938929861,0.9038526426890755,0.9555341788021738,,ZC3H13
ENSG00000115685,33.09114209175949,-0.00680392041873262,0.056901106118381124,-0.11957448427412393,0.9048202332723461,0.9563140676862194,,PPP1R7
ENSG00000117523,56.997865628763556,-0.007691499112632306,0.06471043327168635,-0.11886026292452091,0.9053860641116607,0.9566690441210334,,PRRC2C
ENSG00000104894,249.05826193264852,0.0037688797130476866,0.03196496312115356,0.11790658724563152,0.906141673791797,0.9571335578402794,,CD37
ENSG00000162980,35.627771219090974,0.006970993766700735,0.05921439546161163,0.11772464638636718,0.9062858375800147,0.9571335578402794,,ARL5A
ENSG00000145216,10.435354632999674,-0.010618432325794326,0.09098692223552914,-0.11670284107761561,0.9070955388085497,0.9577455435135956,,FIP1L1
ENSG00000185650,74.59445734540257,0.009388848167515718,0.08071842061837366,0.11631605395136493,0.9074020627595403,0.9578260799491721,,ZFP36L1
ENSG00000110955,111.30823965074855,-0.004118977079054919,0.03594074835941089,-0.114604655358446,0.9087584895836296,0.9586740239663071,,ATP5F1B
ENSG00000181788,9.895559160251414,0.013716232447578774,0.11983604890168595,0.11445831678605856,0.9088744875711254,0.9586740239663071,,SIAH2
ENSG00000101365,24.851661350088246,-0.006441171624302198,0.05650707167312651,-0.11398877049517103,0.9092466952664575,0.9586740239663071,,IDH3B
ENSG00000139192,11.919460297449035,0.010593736363192172,0.09305202710077667,0.11384745387350889,0.909358720359924,0.9586740239663071,,TAPBPL
ENSG00000204922,12.752486313112204,-0.0087144537557637,0.07682958181228389,-0.11342576062766477,0.9096930174687401,0.9586740239663071,,UQCC3
ENSG00000128340,117.27338640809879,0.004981572678655236,0.04403436295727752,0.11312920964675693,0.9099281176897068,0.9586740239663071,,RAC2
ENSG00000155744,8.565249382075118,0.012005827690396681,0.1062538216659189,0.11299196115641995,0.9100369284663512,0.9586740239663071,,HYCC2
ENSG00000110852,105.43077329726984,0.005372730359383816,0.04755606227380551,0.11297677104656297,0.9100489713084006,0.9586740239663071,,CLEC2B
ENSG00000058673,10.754197131203222,0.011053753514324178,0.09873818844256903,0.11195013488376468,0.9108629445275604,0.9590687235899263,,ZC3H11A
ENSG00000106803,96.55166836154714,0.004051463432632371,0.036198782352478205,0.11192264405973876,0.9108847420441825,0.9590687235899263,,SEC61B
ENSG00000253506,9.435649714096375,0.024573933315204383,0.22156571285559398,0.1109103615288188,0.9116874289868789,0.9594842152771604,,NACA2
ENSG00000112514,51.25394126802505,-0.004898780515391514,0.04437184364141982,-0.11040290673923331,0.912089847978603,0.9594842152771604,,CUTA
ENSG00000156171,41.81344305363715,0.0065663798534029,0.05953128630301375,0.1103013265995981,0.912170405210907,0.9594842152771604,,DRAM2
ENSG00000125611,34.77106254020149,-0.0058078807950975135,0.05267366685252787,-0.110261562221556,0.9122019402454735,0.9594842152771604,,CHCHD5
ENSG00000196405,81.11967677556926,-0.004908567509459278,0.04535045940434621,-0.10823633484490917,0.9138082232084341,0.960930790835967,,EVL
ENSG00000023697,10.004116848415014,-0.009409886157997462,0.08935131106555756,-0.1053133529411043,0.9161271677818592,0.9631258574608376,,DERA
ENSG00000113649,9.393521348913891,0.011183287832581741,0.10730694501961505,0.10421774499812202,0.9169965521818894,0.9631673531007903,,TCERG1
ENSG00000244038,19.07300286863846,-0.00711758141445361,0.06831063423936541,-0.10419433948619315,0.9170151259588448,0.9631673531007903,,DDOST
ENSG00000169057,14.456122475729245,-0.008099216589536917,0.07774490769809887,-0.1041768114380946,0.9170290356204288,0.9631673531007903,,MECP2
ENSG00000165312,12.207161110161481,-0.014031697842253308,0.1351470882662165,-0.10382538034865597,0.9173079247096761,0.9631673531007903,,OTUD1
ENSG00000183617,58.36491424815665,0.005453403255186922,0.05253519616773759,0.10380475667731329,0.9173242915830122,0.9631673531007903,,MRPL54
ENSG00000100813,13.629333015186178,-0.00995804882833273,0.09663172113077922,-0.10305155193143799,0.9179220561825127,0.9635517925105356,,ACIN1
ENSG00000249915,37.896333314308244,-0.0059912633997583915,0.058625615866896366,-0.10219531703276191,0.9186016447622823,0.9637219637269414,,PDCD6
ENSG00000163939,13.165891106855417,-0.008314333420263798,0.08167044040893119,-0.10180346008461798,0.9189126791720424,0.9637219637269414,,PBRM1
ENSG00000160218,9.716332903519307,0.011152862560936316,0.10977754143390585,0.10159512059806111,0.919078052608662,0.9637219637269414,,TRAPPC10
ENSG00000122068,15.999243050308012,-0.00863125216818017,0.0850431095610762,-0.10149266898550297,0.9191593768123146,0.9637219637269414,,FYTTD1
ENSG00000107581,49.44241157331424,0.006416266998820838,0.06328430494560086,0.10138796664253887,0.9192424884780057,0.9637219637269414,,EIF3A
ENSG00000105849,9.038605092086154,0.01522128367905242,0.15059907221236396,0.10107156342629033,0.9194936515234127,0.9637424011935996,,POLR1F
ENSG00000128699,33.19861167414221,0.005558604864180737,0.05518010875148475,0.10073566344740431,0.9197603000221277,0.96375809608368,,ORMDL1
ENSG00000140264,859.5978177800176,-0.0025336522753395215,0.02521824231759439,-0.10046902727918633,0.9199719710452627,0.96375809608368,,SERF2
ENSG00000108064,8.990991177715108,0.010222806460229293,0.10287455977907578,0.0993715694354647,0.9208432553170868,0.9644279813995672,,TFAM
ENSG00000182944,32.908355741547126,0.0053614991991573595,0.05503617842239362,0.09741772326575321,0.9223946705398478,0.9654784249441289,,EWSR1
ENSG00000140332,10.715902469273269,0.01069999409667587,0.10987593898461515,0.0973825042639598,0.9224226382606552,0.9654784249441289,,TLE3
ENSG00000106948,13.703547997718422,-0.008992357439229425,0.09248391255605064,-0.09723158537199139,0.9225424853732963,0.9654784249441289,,AKNA
ENSG00000189043,277.5612905141125,0.0025752677539231292,0.027189687989788765,0.09471486965537394,0.9245413067998223,0.9673269205953875,,NDUFA4
ENSG00000087470,12.745916575712524,0.00891307288844432,0.0948204234506667,0.09399950521294208,0.9251095497800521,0.9676780807354832,,DNM1L
ENSG00000123684,9.882767468160093,-0.010015474076443258,0.10732757878345808,-0.09331687335135243,0.9256518275777926,0.9677329665633511,,LPGAT1
ENSG00000116288,97.13730982998746,-0.00364144666341411,0.039138839187033335,-0.09303920962021067,0.9258724115286164,0.9677329665633511,,PARK7
ENSG00000204138,8.200349718628036,-0.01056227015292919,0.11366145919619593,-0.0929274551604797,0.9259611940533946,0.9677329665633511,,PHACTR4
ENSG00000005810,29.75739388252078,0.006079419266733886,0.06553772512682537,0.09276213440380016,0.9260925336270915,0.9677329665633511,,MYCBP2
ENSG00000169230,287.5044543874629,-0.003898575606363914,0.0423218784591708,-0.09211726294533425,0.9266048729209941,0.9678232605083409,,PRELID1
ENSG00000228474,206.10939196160825,-0.003020722111334568,0.032809788174826875,-0.09206771147800948,0.9266442419722889,0.9678232605083409,,OST4
ENSG00000066422,8.273354699612982,0.010705633798224054,0.11669549849574709,0.09173990373428342,0.9269046924601524,0.9678522893158219,,ZBTB11
ENSG00000117691,21.2866747224969,0.005705931640832641,0.06247748098566298,0.09132781205026513,0.9272321195079305,0.9679417208990257,,NENF
ENSG00000177674,47.6105317547778,0.004536107550186489,0.049821914604535604,0.09104643179998424,0.9274556969960377,0.9679417208990257,,AGTRAP
ENSG00000112303,8.55176457878768,-0.01327541763747693,0.14715602930162694,-0.09021320907121104,0.928117787807786,0.9683897660597917,,VNN2
ENSG00000099977,64.14605555572038,0.004579122545308724,0.05120462387140497,0.08942791097945976,0.9287418425770547,0.9687979100101674,,DDT
ENSG00000085719,25.34181337115451,-0.005173591605139694,0.058141781592491386,-0.08898233702917402,0.9290959474388809,0.9689243272363361,,CPNE3
ENSG00000078674,18.702398634726737,-0.007732914295570621,0.08791137203161381,-0.08796261640405052,0.929906388716594,0.9694896753254463,,PCM1
ENSG00000060491,24.617760933944364,0.005297486581218025,0.06039513794500754,0.08771379222681173,0.93010415726535,0.9694896753254463,,OGFR
ENSG00000115216,19.456033309368173,-0.005488041993848612,0.06467040575785064,-0.08486172198142412,0.9323713234048596,0.9708473639420853,,NRBP1
ENSG00000124172,865.2112960496322,0.002601255476227771,0.03066273283807331,0.08483443044573781,0.9323930206576998,0.9708473639420853,,ATP5F1E
ENSG00000163788,11.254858131438548,0.007974001928174296,0.09408462258930385,0.08475350922097266,0.9324573547556958,0.9708473639420853,,SNRK
ENSG00000204237,15.19291120982217,0.00627034274684652,0.07410181268981567,0.08461794009134001,0.9325651360911114,0.9708473639420853,,OXLD1
ENSG00000185608,20.754201455333913,0.005573921358099036,0.06587988933549757,0.0846073272787919,0.9325735736328299,0.9708473639420853,,MRPL40
ENSG00000133639,230.35797991182784,0.004423073170803939,0.05258201542410795,0.08411760437725702,0.9329629279805948,0.9708495857243173,,BTG1
ENSG00000110536,14.104128771704252,-0.006994512003941924,0.08325058694175261,-0.0840175698561228,0.9330424624340916,0.9708495857243173,,PTPMT1
ENSG00000101220,64.13016542967148,0.006486071163186546,0.07754945379069197,0.08363787036711597,0.9333443562098241,0.9709208606733855,,ADISSP
ENSG00000177981,9.209461633058286,-0.008645476914797964,0.1037622842722649,-0.08332003266343717,0.9335970719150656,0.9709409547916682,,ASB8
ENSG00000198160,23.974468815852436,0.005832228630633737,0.07034372362044906,0.08291043366004434,0.9339227577466872,0.9710369088293473,,MIER1
ENSG00000065615,25.086941605470095,-0.0050980438498632215,0.06180083722450795,-0.08249150139088283,0.9342558762102506,0.9711405409881666,,CYB5R4
ENSG00000124333,9.415840480133884,-0.007712665696638401,0.09461924599066666,-0.08151265227160219,0.9350342633044856,0.9717068536963926,,VAMP7
ENSG00000180822,14.494752153901118,0.005851681075202938,0.07209798197788293,0.08116289686163508,0.9353124061479196,0.9717531492445917,,PSMG4
ENSG00000048544,12.329635434967154,-0.006277422684879284,0.0776901706670675,-0.08080073233177042,0.9356004256593138,0.9718096805849552,,MRPS10
ENSG00000126759,145.59488535273925,-0.0033434853324571154,0.042543108539161587,-0.07859052728550349,0.93735832236487,0.9733925664098501,,CFP
ENSG00000164751,11.392094445589636,0.006283428760498559,0.08029160929411869,0.07825760145722745,0.9376231431204498,0.9734245758375522,,PEX2
ENSG00000233016,14.001141317068827,-0.00809307755956042,0.10386637806698192,-0.07791816476301225,0.9378931499479589,0.9734364391443538,,SNHG7
ENSG00000159692,15.735869756912876,0.006379576968925844,0.0821529198030476,0.07765490239689792,0.9381025683965659,0.9734364391443538,,CTBP1
ENSG00000167895,11.034206243560273,0.0068804091055318295,0.08926104769045762,0.07708187707354655,0.9385584101010503,0.973666580054955,,TMC8
ENSG00000043093,8.640951891492131,-0.007521956540648789,0.09924316470304356,-0.07579319505938838,0.9395836301092876,0.9744871356905102,,DCUN1D1
ENSG00000100138,78.15999679495738,-0.002592863805406134,0.03445523135876397,-0.07525312421814917,0.9400133171278615,0.9745425291853728,,SNU13
ENSG00000134153,29.05774746802632,0.00430152962107629,0.057249019425311555,0.07513717552294794,0.9401055696204088,0.9745425291853728,,EMC7
ENSG00000163166,8.456349441899826,0.008848173664270726,0.11844369778589177,0.07470362568606552,0.940450522856382,0.9746572434186718,,IWS1
ENSG00000168259,41.45984639043915,0.0036129873746747875,0.04874685969348368,0.07411733591441502,0.9409170211355722,0.9747124924182174,,DNAJC7
ENSG00000225973,13.5063881133207,0.006181054414415485,0.08360543879712706,0.07393124781527832,0.9410650917168895,0.9747124924182174,,PIGBOS1
ENSG00000159352,62.185671929582064,-0.0031305763552806256,0.04244663959288172,-0.07375322016788395,0.9412067504913413,0.9747124924182174,,PSMD4
ENSG00000111011,43.079148524844705,-0.005128498904516677,0.07050129497379844,-0.07274332913207716,0.9420103681996285,0.9753019242684058,,RSRC2
ENSG00000116161,35.0407009604147,-0.004742000235695927,0.06573601592929953,-0.07213701908548957,0.9424928659826386,0.9753199993160419,,CACYBP
ENSG00000141968,14.68133327699599,0.0053421152772858815,0.07432393537678751,0.07187610895741542,0.9427005031529582,0.9753199993160419,,VAV1
ENSG00000006715,8.26031789628359,0.007629656270473447,0.10713138055677521,0.07121775366677034,0.9432244519105519,0.9753199993160419,,VPS41
ENSG00000168255,12.960719818288895,0.009139511640543002,0.12855694696042025,0.07109309809104948,0.9433236611985953,0.9753199993160419,,POLR2J3
ENSG00000050393,8.012339010758271,-0.007841277019748903,0.11033535034203892,-0.0710676768183632,0.9433438932645126,0.9753199993160419,,MCUR1
ENSG00000182208,11.682872389387342,-0.005746289632152167,0.08098637327533763,-0.07095378394851588,0.9434345377999404,0.9753199993160419,,MOB2
ENSG00000136003,55.21764143945309,0.0028819393055005706,0.04102092605849684,0.07025534483036426,0.9439904243011685,0.9756420048888292,,ISCU
ENSG00000198830,216.94589726473072,-0.002265490152545738,0.032489673347295425,-0.06972954539520869,0.9444089251853822,0.9756420048888292,,HMGN2
ENSG00000185753,7.931259297903724,0.007017702437362332,0.10118073344318071,0.06935809020699785,0.9447045877155976,0.9756420048888292,,CXorf38
ENSG00000100300,310.7737495420592,-0.002604497922345141,0.03766434952468387,-0.06915021645703043,0.9448700497056026,0.9756420048888292,,TSPO
ENSG00000162604,18.873327640284764,-0.00511091561652205,0.07429248444658543,-0.06879451743462262,0.9451531822036331,0.9756420048888292,,TM2D1
ENSG00000065413,23.062973906598472,-0.004898754333705621,0.07143412891345564,-0.0685772250353972,0.9453261479676989,0.9756420048888292,,ANKRD44
ENSG00000175309,15.412125894337551,0.0056632822519288,0.08267580719043956,0.06849987250664169,0.9453877215641515,0.9756420048888292,,PHYKPL
ENSG00000113575,27.130796759620075,0.0037822852977393126,0.055808305623302086,0.06777280290982468,0.9459664941035734,0.9757650604715306,,PPP2CA
ENSG00000105053,9.686983746472341,0.006532656325799664,0.09640765688954066,0.06776076233534513,0.9459760790580968,0.9757650604715306,,VRK3
ENSG00000154781,8.28660248637235,-0.007413975586097879,0.1106729929784452,-0.06698992578561451,0.9465897232434873,0.9760866207500288,,CCDC174
ENSG00000165140,28.51679650363614,0.00645033296058175,0.09659124307438334,0.06677968680467704,0.9467570948861458,0.9760866207500288,,FBP1
ENSG00000111530,9.638592865317767,0.006314797612169147,0.09659127946883933,0.06537647753394055,0.9478742522139189,0.9765303168778566,,CAND1
ENSG00000124782,8.186870308328997,-0.006977021269483488,0.10678944541436733,-0.06533437122377647,0.9479077765154984,0.9765303168778566,,RREB1
ENSG00000243317,67.69171263291636,-0.0028232133577834506,0.04371883614591643,-0.06457659001627274,0.948511124256742,0.9765303168778566,,STMP1
ENSG00000107745,18.702955483504347,-0.005689858810835253,0.08834564249297028,-0.06440452126756563,0.9486481300523968,0.9765303168778566,,MICU1
ENSG00000140350,61.13313815878327,0.0027726918831616864,0.04313873701446968,0.06427383078534879,0.9487521903669057,0.9765303168778566,,ANP32A
ENSG00000127554,11.739649513741451,0.005455420027675471,0.08539187814564778,0.0638868724537302,0.9490603051889687,0.9765303168778566,,GFER
ENSG00000128609,38.93721311734428,0.0030167130272731853,0.047431606041236224,0.06360132576262559,0.9492876760756317,0.9765303168778566,,NDUFA5
ENSG00000186222,12.03648492155401,-0.005048515560414415,0.08017200242576471,-0.0629710548278882,0.9497895534632098,0.9765303168778566,,BLOC1S4
ENSG00000137575,107.00938366720422,-0.002707489485526309,0.04311221440214615,-0.06280098396874571,0.9499249823239043,0.9765303168778566,,SDCBP
ENSG00000143436,12.888500606351556,-0.005307014263490002,0.08471104086709445,-0.06264843648676595,0.9500464584021566,0.9765303168778566,,MRPL9
ENSG00000166337,19.945481617638823,-0.005100270099418706,0.08169167217889259,-0.06243317052257022,0.9502178802175556,0.9765303168778566,,TAF10
ENSG00000133858,18.027660309278758,0.005781752799145239,0.09288675516387679,0.06224518004687212,0.950367583745793,0.9765303168778566,,ZFC3H1
ENSG00000113282,17.276327935401163,0.004845509605529962,0.07811436859460215,0.062030964247783676,0.9505381735705339,0.9765303168778566,,CLINT1
ENSG00000245904,7.976704933433177,0.00626827494880816,0.10165738523554102,0.061660792615160366,0.9508329634870873,0.9765303168778566,,BTG1-DT
ENSG00000108468,11.046340187281734,0.005796043302101508,0.09407518864534481,0.06161075396778721,0.9508728127862142,0.9765303168778566,,CBX1
ENSG00000243449,85.0794885126344,0.002676464069752917,0.04350404576289093,0.061522187714227454,0.9509433446327398,0.9765303168778566,,NICOL1
ENSG00000130779,20.223369068684956,0.005335319821107703,0.08754243675470509,0.06094552560899499,0.9514025926146373,0.9767608058432604,,CLIP1
ENSG00000184922,57.086081725523094,-0.003462313665417929,0.057614427462742535,-0.060094559954742235,0.9520803226617027,0.977215431106016,,FMNL1
ENSG00000158604,14.876942770684863,-0.004509282763015094,0.07569867612786534,-0.0595688457668441,0.9524990317654143,0.9774040385160639,,TMED4
ENSG00000174744,15.466380180671772,-0.0040110273618445096,0.07100701808230757,-0.056487759522518464,0.9549532464419822,0.9796807657703196,,BRMS1
ENSG00000111275,12.101010416412237,0.0062428093590447065,0.11109923306039153,0.05619129121846619,0.9551894188037767,0.9796814551833607,,ALDH2
ENSG00000161091,10.90392931499835,0.005232074524715401,0.09577790477421899,0.05462715578346775,0.9564355038685854,0.9807176968433116,,MFSD12
ENSG00000169895,21.18171636767459,-0.004300947318432756,0.08062347533332988,-0.05334609182562411,0.9574561564935876,0.9811064537241462,,SYAP1
ENSG00000165355,8.521434115006093,0.006439106506061761,0.12120938960628401,0.05312382586017025,0.957633247962438,0.9811064537241462,,FBXO33
ENSG00000132305,15.502183717235365,0.004390856020927525,0.08269184248912971,0.05309902269386156,0.9576530101334318,0.9811064537241462,,IMMT
ENSG00000105220,19.273349004957034,-0.003610047165770487,0.0683336750504565,-0.052829694335990066,0.9578676018712636,0.9811064537241462,,GPI
ENSG00000197045,9.440868712090737,-0.004957811249941983,0.09412747273653037,-0.05267124576710199,0.9579938497662216,0.9811064537241462,,GMFB
ENSG00000163382,14.023971290355162,0.003913857060129982,0.07564313361226148,0.05174107514096375,0.9587350078256291,0.9811415359610002,,NAXE
ENSG00000167515,26.762657053102412,-0.0030646022566893803,0.05934449675683644,-0.05164088372417348,0.958814842281769,0.9811415359610002,,TRAPPC2L
ENSG00000182165,9.021633153888766,0.00500110828498333,0.09797114728224078,0.05104674614635119,0.9592882710402628,0.9811415359610002,,TP53TG1
ENSG00000134809,23.053286608044306,-0.004087544211437908,0.08031641166492451,-0.05089301335436784,0.9594107728325036,0.9811415359610002,,TIMM10
ENSG00000162441,13.19534561488226,-0.004030781233461984,0.07993523648042229,-0.050425587149532006,0.9597832467225675,0.9811415359610002,,LZIC
ENSG00000142507,65.58735629984668,0.002143749113817155,0.04260023861256751,0.05032246728272378,0.9598654201467179,0.9811415359610002,,PSMB6
ENSG00000134900,8.752167287952293,0.004770020134632694,0.09490372920124153,0.050261672273361965,0.9599138662401321,0.9811415359610002,,TPP2
ENSG00000158019,8.53236075104414,-0.004580203333736555,0.09112954657792167,-0.05026035468990492,0.9599149161926132,0.9811415359610002,,BABAM2
ENSG00000010610,34.387210382469334,-0.0031395831440585308,0.06298433633178448,-0.04984704653423757,0.9602442755440015,0.9812370882493358,,CD4
ENSG00000121579,11.29142315895849,-0.004491328471632936,0.09131800135376814,-0.04918338558717926,0.9607731516223057,0.981524033737484,,NAA50
ENSG00000133812,15.53926036590404,0.004551782665340661,0.09308403594459093,0.048899713244601344,0.9609992173880975,0.981524033737484,,SBF2
ENSG00000170248,27.736354397451453,0.0034198916523111673,0.0704715043295059,0.048528716462765846,0.961294878969016,0.981524033737484,,PDCD6IP
ENSG00000165516,8.868000407967036,0.004435114129862637,0.09180451527803753,0.04831041388792838,0.9614688551635209,0.981524033737484,,KLHDC2
ENSG00000164897,8.046048581362509,0.004761963346079204,0.10008321839963971,0.047580038114525165,0.962050941285456,0.981769439924552,,TMUB1
ENSG00000075239,9.146230229882889,0.004169541292100167,0.08793433295231362,0.047416534044345225,0.9621812515799036,0.981769439924552,,ACAT1
ENSG00000164308,13.21974846053597,0.007896556389691365,0.172692471405424,0.045726118373469224,0.9635285461265144,0.9829030779515204,,ERAP2
ENSG00000014123,10.054261313754276,-0.004075444642139297,0.08973498813129208,-0.045416450450480664,0.9637753689534866,0.9829138354612661,,UFL1
ENSG00000080815,17.58680408791822,-0.0033307554280864646,0.07672502574747853,-0.043411590881035654,0.965373438225694,0.9840452010253555,,PSEN1
ENSG00000085491,14.877313057636309,0.003755648309117957,0.08798195288763172,0.042686575892610316,0.96595138070216,0.9840452010253555,,SLC25A24
ENSG00000165502,311.2778426154203,0.0013715444903600364,0.03213957721958613,0.042674627640223145,0.9659609053491071,0.9840452010253555,,RPL36AL
ENSG00000180370,56.646237095864805,0.002499106287964944,0.058842006663919214,0.042471466043617234,0.9661228580168706,0.9840452010253555,,PAK2
ENSG00000170956,9.40950877564461,-0.011982297629777167,0.2838780463298977,-0.042209314121643665,0.9663318375836859,0.9840452010253555,,CEACAM3
ENSG00000168291,18.853157233964346,-0.0028987937422749826,0.06937289067313136,-0.04178568478475854,0.9666695469330233,0.9840452010253555,,PDHB
ENSG00000176463,16.02550181849994,0.003617415323468068,0.08671598644855821,0.04171566825932375,0.9667253633691069,0.9840452010253555,,SLCO3A1
ENSG00000197265,9.364687841355074,0.0037343153023957024,0.08965777462261033,0.04165076947441839,0.9667771001419779,0.9840452010253555,,GTF2E2
ENSG00000135334,34.04876237608876,0.002982989776421283,0.0724746753501157,0.04115906365928303,0.9671690884663888,0.9842033776957381,,AKIRIN2
ENSG00000134970,10.710064642121589,-0.003969177622255226,0.09838436531872549,-0.040343581110643935,0.9678192093411696,0.9846240916750466,,TMED7
ENSG00000141759,19.363792848701227,-0.0026948363480717636,0.0680917863122378,-0.039576525951521904,0.9684307423502235,0.9850053516325012,,TXNL4A
ENSG00000077585,11.399672276180096,0.003381484448954952,0.08706401353397546,0.038839060039833534,0.969018702906755,0.9852162717774093,,GPR137B
ENSG00000167578,11.89436772384563,-0.0034314316032001625,0.08878048284901356,-0.03865074274304073,0.9691688456331905,0.9852162717774093,,RAB4B
ENSG00000102172,39.82130673506208,-0.0019829345090291665,0.05164658484102755,-0.03839430070996568,0.9693733050079755,0.9852162717774093,,SMS
ENSG00000171867,15.790914407302685,-0.003275975639153349,0.08591993172470855,-0.038128238388849364,0.9695854366963255,0.9852162717774093,,PRNP
ENSG00000130816,13.861377869950147,0.0034082164485368677,0.09048189389417946,0.03766738627866091,0.9699528795130379,0.9853489569656257,,DNMT1
ENSG00000123064,8.30592025842709,-0.003557620183591997,0.09743684217616218,-0.03651206365206246,0.9708740597206785,0.9860439669038141,,DDX54
ENSG00000136718,16.53273392474443,-0.0024138695385141217,0.0704382469449781,-0.034269301738864735,0.9726624041483719,0.9875509382812293,,IMP4
ENSG00000099797,20.78212639241772,-0.0022720697969488067,0.06715491774597891,-0.033833260068058875,0.9730101134215112,0.9875509382812293,,TECR
ENSG00000032444,13.202319828908012,-0.0029496102126316645,0.08814775274811884,-0.033462114695767015,0.9733060769946732,0.9875509382812293,,PNPLA6
ENSG00000171135,10.534624135322156,0.0028124322464643968,0.08414813759892503,0.03342239444287267,0.973337751454143,0.9875509382812293,,JAGN1
ENSG00000129562,58.09042386973596,-0.0016651486078157758,0.05069088691199658,-0.03284907227420594,0.9737949452916019,0.9875509382812293,,DAD1
ENSG00000134440,21.603070272398064,0.0025880438054393436,0.07940015355773122,0.032594947106211795,0.9739975993162002,0.9875509382812293,,NARS1
ENSG00000137815,36.273162849207004,0.001869977707932158,0.05741875164331959,0.03256736962078697,0.9740195912903566,0.9875509382812293,,RTF1
ENSG00000198373,8.520451126173239,-0.003115431896385746,0.09881172881792381,-0.031528968611878254,0.9748476900129392,0.9880390821150298,,WWP2
ENSG00000109111,8.741366757698744,-0.0033927921973590566,0.10951826498608055,-0.03097923618302637,0.9752860988496542,0.9880390821150298,,SUPT6H
ENSG00000064490,14.7550488548337,-0.0024620671922393716,0.07983366013809572,-0.03083996384458015,0.9753971690270715,0.9880390821150298,,RFXANK
ENSG00000063854,28.430784109392757,-0.0017532436892743197,0.05697462718846177,-0.03077235913233634,0.9754510841938527,0.9880390821150298,,HAGH
ENSG00000167397,13.740867203960372,0.0022980132689683496,0.07585698688554096,0.03029402251945195,0.975832563724997,0.9881064014809654,,VKORC1
ENSG00000047579,11.67108394219035,0.002597078643102858,0.08630072296961006,0.030093359055837727,0.9759925970397324,0.9881064014809654,,DTNBP1
ENSG00000197343,20.833099549818748,-0.0018662946148637672,0.06266496350351576,-0.0297821064678201,0.9762408294069467,0.9881172385238196,,ZNF655
ENSG00000164978,9.10410216752687,0.003866095137486017,0.13293147703816038,0.02908336854164484,0.9767981001687346,0.9884407921921519,,NUDT2
ENSG00000066136,13.625893532538347,0.0021822869438309946,0.07691976155774266,0.02837095305076811,0.9773662909797273,0.988775236010619,,NFYC
ENSG00000068400,10.013417861246625,0.0025163931407537134,0.09027164672964326,0.027875786383847856,0.9777612206037245,0.988934276127278,,GRIPAP1
ENSG00000076641,47.39331259894823,-0.0020808379023750582,0.07549763189128786,-0.027561631408139296,0.9780117837318341,0.9889472582217864,,PAG1
ENSG00000168071,8.258670598927921,-0.002725086730054853,0.10346155373935483,-0.0263391243564737,0.978986849002725,0.9896329715583937,,CCDC88B
ENSG00000182117,149.65991869824165,-0.0018395664556975207,0.07115777711547713,-0.025851938189584152,0.9793754349881426,0.9896329715583937,,NOP10
ENSG00000052795,11.927549110482001,-0.002480144545517336,0.09723055550974477,-0.02550787180547135,0.9796498697386141,0.9896329715583937,,FNIP2
ENSG00000205758,10.020094426973463,0.0022057233474548792,0.08875374161686386,0.024852173072056442,0.9801728757972051,0.9896329715583937,,CRYZL1
ENSG00000078237,10.310552762460816,-0.0023289510709385416,0.09386706772102447,-0.024811162503341946,0.980205587410073,0.9896329715583937,,TIGAR
ENSG00000111796,9.535107896757475,0.003645291723318477,0.14779119001376934,0.024665149005017515,0.9803220536831962,0.9896329715583937,,KLRB1
ENSG00000105968,45.591039429089264,-0.001120142393603416,0.04549052703063364,-0.024623640716431017,0.9803551624500338,0.9896329715583937,,H2AZ2
ENSG00000127528,96.55253787716109,0.0013908593756720804,0.05907804107075191,0.023542747025182945,0.9812173407281342,0.9902630124767197,,KLF2
ENSG00000111775,179.10245276955902,0.0006756482321438124,0.029662755004906654,0.022777662831117686,0.9818276258804813,0.9906283786827015,,COX6A1
ENSG00000105643,13.149780621737035,0.001795482761580875,0.07982823829042579,0.02249182494856856,0.9820556330979474,0.9906283786827015,,ARRDC2
ENSG00000116871,15.919172495748244,-0.0015642950113742323,0.07465726546693863,-0.02095301778856296,0.9832831338112745,0.9916199111027251,,MAP7D1
ENSG00000104093,27.901573237803188,0.0014611443385027247,0.07151091474884526,0.020432466059683834,0.9836983850815104,0.9916199111027251,,DMXL2
ENSG00000136826,70.06802462746471,-0.0013825119101634675,0.06789289691882236,-0.02036313035539636,0.983753695461766,0.9916199111027251,,KLF4
ENSG00000145781,15.573299831326397,0.0014198150306063515,0.07614372796975476,0.018646513225230053,0.985123097087595,0.9927597102433129,,COMMD10
ENSG00000047249,9.272607478851512,-0.0016821445466959674,0.09300466597242409,-0.01808666833118592,0.9855697133439116,0.9929692437662079,,ATP6V1H
ENSG00000221821,13.510764228545701,0.0014285179155849356,0.08121818358424436,0.017588646440278875,0.9859670141054953,0.9931290021014191,,C6orf226
ENSG00000171425,16.939433107954606,-0.001242574077207162,0.07335215380474094,-0.016939844472935586,0.9864846060282165,0.9932048903214294,,ZNF581
ENSG00000257815,9.482528077865835,-0.0015707328309719074,0.09296666129469298,-0.016895657100053058,0.9865198574058045,0.9932048903214294,,PRANCR
ENSG00000196502,31.884768130452432,0.001963156919076034,0.12663298847464066,0.015502729128667549,0.9876311072254161,0.994083088811452,,SULT1A1
ENSG00000178951,35.77166872492456,0.0011684783828381246,0.07981907151246434,0.014639087635285986,0.988320115165228,0.994381190196472,,ZBTB7A
ENSG00000099246,24.691183832044917,-0.0008573450169159578,0.05899598399016321,-0.01453226065453724,0.9884053416976951,0.994381190196472,,RAB18
ENSG00000262814,15.931759831754524,-0.0010573204765277205,0.07638616329811197,-0.013841780119277888,0.9889562100055236,0.9946948340481089,,MRPL12
ENSG00000101421,65.67325240153275,-0.0006884214669001245,0.051410848831513305,-0.01339058744500135,0.9893161763007179,0.994816362922646,,CHMP4B
ENSG00000152518,87.78460959258324,-0.001027005282260809,0.08068373073948495,-0.012728777819866154,0.9898441789444216,0.9951067627860787,,ZFP36L2
ENSG00000196498,12.730310658248353,0.0012164886304286454,0.09803280158272422,0.012408995874734038,0.9900993078671428,0.9951227641283678,,NCOR2
ENSG00000114062,12.170355278739306,-0.0010055302840382807,0.08952714251859971,-0.011231569061074153,0.9910386928616838,0.9958216398660402,,UBE3A
ENSG00000012779,24.015612725870703,0.0007638463283701988,0.06983821427893858,0.010937369121715291,0.9912734160301135,0.9958216398660402,,ALOX5
ENSG00000126934,9.448745404749717,0.0008608907035749459,0.09993703625754245,0.008614330940897526,0.9931268433464261,0.9974427011881054,,MAP2K2
ENSG00000147202,16.905617491059562,0.0007062119599352445,0.09245791309337478,0.007638199222840226,0.9939056580272556,0.9979048686686912,,DIAPH2
ENSG00000147526,26.241458731023993,0.0006490465764420843,0.08823698216215727,0.007355720476129847,0.9941310371235232,0.9979048686686912,,TACC1
ENSG00000171206,14.241151740049194,0.0006299146588293735,0.08827759908213631,0.007135611586392156,0.9943066539980109,0.9979048686686912,,TRIM8
ENSG00000167996,7295.127793101262,-0.0002611816875293963,0.03836940953731944,-0.00680702910675135,0.9945688185137029,0.9979272274522442,,FTH1
ENSG00000113580,22.34369158700171,0.0004444715711197747,0.07083111925952189,0.006275088912420708,0.9949932362974753,0.9981123373516992,,NR3C1
ENSG00000123395,9.922940314986485,0.0004689220307584577,0.08763260403649445,0.005350999618397462,0.9957305403943413,0.9986111494793778,,ATG101
ENSG00000156261,47.98460077743209,-0.00025484575928816014,0.05426992959560382,-0.004695892572316956,0.9962532335876098,0.9988945412688495,,CCT8
ENSG00000168710,10.92119081404462,0.00036944455533140333,0.08967751502901575,0.00411970107793316,0.9967129634126931,0.9989985015893967,,AHCYL1
ENSG00000141510,8.187716604220379,-0.00036380090180628726,0.10398533336739671,-0.0034985789824890094,0.9972085435397205,0.9989985015893967,,TP53
ENSG00000168003,26.558739063003678,-0.0002232565945956795,0.07221944940137384,-0.0030913638423755753,0.997533452446951,0.9989985015893967,,SLC3A2
ENSG00000138085,41.85438805407351,0.0001349505480928238,0.050291921101572344,0.00268334446441746,0.9978590034498421,0.9989985015893967,,ATRAID
ENSG00000197601,11.441083345060987,0.00027629996513955257,0.10549403777490672,0.0026191050315952026,0.9979102589213394,0.9989985015893967,,FAR1
ENSG00000114405,10.77600312250314,-0.0002574176962423699,0.11042570075156864,-0.0023311393497198445,0.9981400215883645,0.9989985015893967,,CEP15
ENSG00000125952,18.6738048536726,-0.00015357216747370763,0.06649494101011036,-0.002309531599559693,0.9981572620321996,0.9989985015893967,,MAX
ENSG00000111361,10.076984769514327,-0.0001883770958983658,0.08728755396849557,-0.0021581209156846825,0.9982780699776737,0.9989985015893967,,EIF2B1
ENSG00000093010,28.320998597160052,7.577486864776918e-05,0.06429279364893173,0.0011785903885517073,0.9990596211431735,0.9995401693014916,,COMT
ENSG00000257727,20.997244178201534,3.120432196360752e-05,0.06137493510892173,0.0005084212620058889,0.9995943385421383,0.9996017769062167,,CNPY2
ENSG00000110801,19.29315154234737,4.1018676826557574e-05,0.08218550881811915,0.0004990986539650691,0.9996017769062167,0.9996017769062167,,PSMD9
